InvoiceNo,JournalNo,OrderID,InvoiceDate,Store,Salesperson,Payment,SKU,Category,Product,Brand,Qty,UnitPrice,Discount,NetRevenue,VATRate,VATOutput,InvoiceTotal,UnitCost,TotalCost,GrossProfit,MarginPct,AR_Debit,Revenue_Credit,VATOutput_Credit,COGS_Debit,Inventory_Credit,AR_Account,Revenue_Account,VAT_Account,COGS_Account,Inventory_Account
INV20260600001,JV20260600001,SO20260600001,2026-06-26,HN-CG,NV021,Thẻ,RC-DBD450,Nồi cơm,Cuckoo 1.8L,Senko,1,629895,0.07,585802,0.08,46864,632666,367000,367000,218802,0.3735,632666,585802,46864,367000,367000,131-Phải thu khách hàng,511-Doanh thu bán hàng,3331-Thuế GTGT đầu ra,632-Giá vốn hàng bán,156-Hàng hóa
INV20260600002,JV20260600002,SO20260600002,2026-06-02,HCM-Q1,NV006,Trả góp,RF-4D9AFB,Tủ lạnh,Aqua 250L,Aqua,2,18842403,0.06,35423717,0.08,2833897,38257614,14724000,29448000,5975717,0.1687,38257614,35423717,2833897,29448000,29448000,131-Phải thu khách hàng,511-Doanh thu bán hàng,3331-Thuế GTGT đầu ra,632-Giá vốn hàng bán,156-Hàng hóa
INV20260600003,JV20260600003,SO20260600003,2026-06-26,HCM-Q1,NV021,Chuyển khoản,RF-1BAC8F,Tủ lạnh,Panasonic 300L,Electrolux,3,18251329,0.05,52016287,0.08,4161302,56177589,13580000,40740000,11276287,0.2168,56177589,52016287,4161302,40740000,40740000,131-Phải thu khách hàng,511-Doanh thu bán hàng,3331-Thuế GTGT đầu ra,632-Giá vốn hàng bán,156-Hàng hóa
INV20260600004,JV20260600004,SO20260600004,2026-06-09,HN-CG,NV018,Tiền mặt,RF-F96CEA,Tủ lạnh,LG 420L,Sharp,2,20541051,0.1,36973891,0.08,2957911,39931802,16140000,32280000,4693891,0.127,39931802,36973891,2957911,32280000,32280000,131-Phải thu khách hàng,511-Doanh thu bán hàng,3331-Thuế GTGT đầu ra,632-Giá vốn hàng bán,156-Hàng hóa
INV20260600005,JV20260600005,SO20260600005,2026-06-24,HN-HBT,NV015,Tiền mặt,AC-48B1DF,Máy lạnh,Panasonic 1.5HP,Senko,3,13851007,0.03,40306430,0.08,3224514,43530944,11331000,33993000,6313430,0.1566,43530944,40306430,3224514,33993000,33993000,131-Phải thu khách hàng,511-Doanh thu bán hàng,3331-Thuế GTGT đầu ra,632-Giá vốn hàng bán,156-Hàng hóa
INV20260600006,JV20260600006,SO20260600006,2026-06-22,CT-NK,NV015,Thẻ,VC-51D140,Máy hút bụi,Xiaomi G10,Casper,3,9534458,0.11,25457002,0.08,2036560,27493562,6924000,20772000,4685002,0.184,27493562,25457002,2036560,20772000,20772000,131-Phải thu khách hàng,511-Doanh thu bán hàng,3331-Thuế GTGT đầu ra,632-Giá vốn hàng bán,156-Hàng hóa
INV20260600007,JV20260600007,SO20260600007,2026-06-08,HCM-Q7,NV008,Thẻ,FN-63D039,Quạt,Asia,Mitsubishi,2,1713734,0.08,3153270,0.08,252261,3405531,951000,1902000,1251270,0.3968,3405531,3153270,252261,1902000,1902000,131-Phải thu khách hàng,511-Doanh thu bán hàng,3331-Thuế GTGT đầu ra,632-Giá vốn hàng bán,156-Hàng hóa
INV20260600008,JV20260600008,SO20260600008,2026-06-29,HN-HBT,NV030,Chuyển khoản,VC-049BC9,Máy hút bụi,Xiaomi G10,Mitsubishi,3,3813516,0.09,10410898,0.08,832871,11243769,2577000,7731000,2679898,0.2574,11243769,10410898,832871,7731000,7731000,131-Phải thu khách hàng,511-Doanh thu bán hàng,3331-Thuế GTGT đầu ra,632-Giá vốn hàng bán,156-Hàng hóa
INV20260600009,JV20260600009,SO20260600009,2026-06-24,HCM-TB,NV002,Trả góp,TV-E37EE9,TV,"Samsung 55"" 4K",Casper,1,20226894,0.11,18001935,0.08,1440154,19442089,17763000,17763000,238935,0.0133,19442089,18001935,1440154,17763000,17763000,131-Phải thu khách hàng,511-Doanh thu bán hàng,3331-Thuế GTGT đầu ra,632-Giá vốn hàng bán,156-Hàng hóa
INV20260600010,JV20260600010,SO20260600010,2026-06-09,HN-HBT,NV010,Chuyển khoản,FN-441B27,Quạt,Senko,Samsung,2,690908,0.17,1146907,0.08,91752,1238659,446000,892000,254907,0.2223,1238659,1146907,91752,892000,892000,131-Phải thu khách hàng,511-Doanh thu bán hàng,3331-Thuế GTGT đầu ra,632-Giá vốn hàng bán,156-Hàng hóa
INV20260600011,JV20260600011,SO20260600011,2026-06-03,DN-HC,NV021,Tiền mặt,TV-7BABFF,TV,"Sony 65""",Aqua,3,34744908,0.08,95895946,0.08,7671675,103567621,30016000,90048000,5847946,0.061,103567621,95895946,7671675,90048000,90048000,131-Phải thu khách hàng,511-Doanh thu bán hàng,3331-Thuế GTGT đầu ra,632-Giá vốn hàng bán,156-Hàng hóa
INV20260600012,JV20260600012,SO20260600012,2026-06-07,HCM-TB,NV016,Ví điện tử,AC-EA5153,Máy lạnh,Casper 1HP,Sunhouse,2,13696643,0.18,22462494,0.08,1796999,24259493,10406000,20812000,1650494,0.0735,24259493,22462494,1796999,20812000,20812000,131-Phải thu khách hàng,511-Doanh thu bán hàng,3331-Thuế GTGT đầu ra,632-Giá vốn hàng bán,156-Hàng hóa
INV20260600013,JV20260600013,SO20260600013,2026-06-11,HCM-Q1,NV010,Chuyển khoản,BL-271795,Máy xay,Panasonic Blender,Sony,1,1597568,0.03,1549640,0.08,123971,1673611,1134000,1134000,415640,0.2682,1673611,1549640,123971,1134000,1134000,131-Phải thu khách hàng,511-Doanh thu bán hàng,3331-Thuế GTGT đầu ra,632-Giá vốn hàng bán,156-Hàng hóa
INV20260600014,JV20260600014,SO20260600014,2026-06-27,HCM-Q7,NV005,Chuyển khoản,RF-A4EB7F,Tủ lạnh,Aqua 250L,Asia,1,22242622,0.12,19573507,0.08,1565880,21139387,17846000,17846000,1727507,0.0883,21139387,19573507,1565880,17846000,17846000,131-Phải thu khách hàng,511-Doanh thu bán hàng,3331-Thuế GTGT đầu ra,632-Giá vốn hàng bán,156-Hàng hóa
INV20260600015,JV20260600015,SO20260600015,2026-06-16,BD-TDM,NV022,Tiền mặt,TV-751610,TV,"TCL 50""",Daikin,2,11437167,0.14,19671927,0.08,1573754,21245681,9498000,18996000,675927,0.0344,21245681,19671927,1573754,18996000,18996000,131-Phải thu khách hàng,511-Doanh thu bán hàng,3331-Thuế GTGT đầu ra,632-Giá vốn hàng bán,156-Hàng hóa
INV20260600016,JV20260600016,SO20260600016,2026-06-01,HN-CG,NV009,Thẻ,RC-F33CDE,Nồi cơm,Panasonic 1.8L,Senko,3,2634707,0.16,6639461,0.08,531156,7170617,1681000,5043000,1596461,0.2405,7170617,6639461,531156,5043000,5043000,131-Phải thu khách hàng,511-Doanh thu bán hàng,3331-Thuế GTGT đầu ra,632-Giá vốn hàng bán,156-Hàng hóa
INV20260600017,JV20260600017,SO20260600017,2026-06-14,HN-HBT,NV001,Ví điện tử,RF-309876,Tủ lạnh,Aqua 250L,LG,3,19980633,0.07,55745966,0.08,4459677,60205643,14935000,44805000,10940966,0.1963,60205643,55745966,4459677,44805000,44805000,131-Phải thu khách hàng,511-Doanh thu bán hàng,3331-Thuế GTGT đầu ra,632-Giá vốn hàng bán,156-Hàng hóa
INV20260600018,JV20260600018,SO20260600018,2026-06-26,HN-CG,NV008,Ví điện tử,WM-255403,Máy giặt,LG 9kg,Daikin,3,17507768,0.01,51998070,0.08,4159845,56157915,14432000,43296000,8702070,0.1674,56157915,51998070,4159845,43296000,43296000,131-Phải thu khách hàng,511-Doanh thu bán hàng,3331-Thuế GTGT đầu ra,632-Giá vốn hàng bán,156-Hàng hóa
INV20260600019,JV20260600019,SO20260600019,2026-06-17,DN-HC,NV014,Trả góp,VC-110A19,Máy hút bụi,Philips FC,Philips,3,11657576,0.17,29027364,0.08,2322189,31349553,7961000,23883000,5144364,0.1772,31349553,29027364,2322189,23883000,23883000,131-Phải thu khách hàng,511-Doanh thu bán hàng,3331-Thuế GTGT đầu ra,632-Giá vốn hàng bán,156-Hàng hóa
INV20260600020,JV20260600020,SO20260600020,2026-06-26,HN-CG,NV007,Thẻ,AC-F6180D,Máy lạnh,Panasonic 1.5HP,Electrolux,2,9357231,0.17,15533003,0.08,1242640,16775643,7443000,14886000,647003,0.0417,16775643,15533003,1242640,14886000,14886000,131-Phải thu khách hàng,511-Doanh thu bán hàng,3331-Thuế GTGT đầu ra,632-Giá vốn hàng bán,156-Hàng hóa
INV20260600021,JV20260600021,SO20260600021,2026-06-26,CT-NK,NV011,Ví điện tử,BL-7EF713,Máy xay,Sunhouse Blender,Sharp,3,2283012,0.1,6164132,0.08,493130,6657262,1515000,4545000,1619132,0.2627,6657262,6164132,493130,4545000,4545000,131-Phải thu khách hàng,511-Doanh thu bán hàng,3331-Thuế GTGT đầu ra,632-Giá vốn hàng bán,156-Hàng hóa
INV20260600022,JV20260600022,SO20260600022,2026-06-02,HCM-Q1,NV005,Tiền mặt,TV-7D99ED,TV,"Sony 65""",Philips,1,20618107,0.16,17319209,0.08,1385536,18704745,16973000,16973000,346209,0.02,18704745,17319209,1385536,16973000,16973000,131-Phải thu khách hàng,511-Doanh thu bán hàng,3331-Thuế GTGT đầu ra,632-Giá vốn hàng bán,156-Hàng hóa
INV20260600023,JV20260600023,SO20260600023,2026-06-15,HCM-Q7,NV005,Chuyển khoản,FN-C25C4D,Quạt,Senko,Asia,1,954733,0.05,906996,0.08,72559,979555,538000,538000,368996,0.4068,979555,906996,72559,538000,538000,131-Phải thu khách hàng,511-Doanh thu bán hàng,3331-Thuế GTGT đầu ra,632-Giá vốn hàng bán,156-Hàng hóa
INV20260600024,JV20260600024,SO20260600024,2026-06-15,HCM-Q7,NV021,Chuyển khoản,FN-C79946,Quạt,Senko,Daikin,1,781090,0.09,710791,0.08,56863,767654,519000,519000,191791,0.2698,767654,710791,56863,519000,519000,131-Phải thu khách hàng,511-Doanh thu bán hàng,3331-Thuế GTGT đầu ra,632-Giá vốn hàng bán,156-Hàng hóa
INV20260600025,JV20260600025,SO20260600025,2026-06-15,HN-CG,NV003,Chuyển khoản,MW-9E4FC6,Lò vi sóng,Sharp 20L,Electrolux,3,2001616,0.13,5224217,0.08,417937,5642154,1456000,4368000,856217,0.1639,5642154,5224217,417937,4368000,4368000,131-Phải thu khách hàng,511-Doanh thu bán hàng,3331-Thuế GTGT đầu ra,632-Giá vốn hàng bán,156-Hàng hóa
INV20260600026,JV20260600026,SO20260600026,2026-06-29,DN-HC,NV017,Tiền mặt,RF-847D79,Tủ lạnh,Samsung Inverter 350L,Panasonic,2,16504870,0.07,30699058,0.08,2455924,33154982,13443000,26886000,3813058,0.1242,33154982,30699058,2455924,26886000,26886000,131-Phải thu khách hàng,511-Doanh thu bán hàng,3331-Thuế GTGT đầu ra,632-Giá vốn hàng bán,156-Hàng hóa
INV20260600027,JV20260600027,SO20260600027,2026-06-29,HCM-Q1,NV018,Tiền mặt,RC-007FFA,Nồi cơm,Sharp 1.8L,Cuckoo,2,3388681,0.13,5896304,0.08,471704,6368008,2477000,4954000,942304,0.1598,6368008,5896304,471704,4954000,4954000,131-Phải thu khách hàng,511-Doanh thu bán hàng,3331-Thuế GTGT đầu ra,632-Giá vốn hàng bán,156-Hàng hóa
INV20260600028,JV20260600028,SO20260600028,2026-06-07,HN-CG,NV004,Tiền mặt,RF-C82751,Tủ lạnh,Samsung Inverter 350L,Sharp,2,15100175,0.2,24160280,0.08,1932822,26093102,11497000,22994000,1166280,0.0483,26093102,24160280,1932822,22994000,22994000,131-Phải thu khách hàng,511-Doanh thu bán hàng,3331-Thuế GTGT đầu ra,632-Giá vốn hàng bán,156-Hàng hóa
INV20260600029,JV20260600029,SO20260600029,2026-06-25,BD-TDM,NV024,Thẻ,TV-3C8911,TV,LG OLED 48,Sharp,3,27200680,0.1,73441836,0.08,5875346,79317182,23008000,69024000,4417836,0.0602,79317182,73441836,5875346,69024000,69024000,131-Phải thu khách hàng,511-Doanh thu bán hàng,3331-Thuế GTGT đầu ra,632-Giá vốn hàng bán,156-Hàng hóa
INV20260600030,JV20260600030,SO20260600030,2026-06-14,CT-NK,NV017,Chuyển khoản,MW-75B2CD,Lò vi sóng,Panasonic 25L,Samsung,3,5597133,0.04,16119743,0.08,1289579,17409322,4312000,12936000,3183743,0.1975,17409322,16119743,1289579,12936000,12936000,131-Phải thu khách hàng,511-Doanh thu bán hàng,3331-Thuế GTGT đầu ra,632-Giá vốn hàng bán,156-Hàng hóa
INV20260600031,JV20260600031,SO20260600031,2026-06-26,HCM-Q1,NV028,Ví điện tử,KT-80B935,Ấm siêu tốc,Kangaroo,LG,1,945504,0.17,784768,0.08,62781,847549,492000,492000,292768,0.3731,847549,784768,62781,492000,492000,131-Phải thu khách hàng,511-Doanh thu bán hàng,3331-Thuế GTGT đầu ra,632-Giá vốn hàng bán,156-Hàng hóa
INV20260600032,JV20260600032,SO20260600032,2026-06-24,DN-HC,NV001,Chuyển khoản,VC-D86280,Máy hút bụi,Philips FC,Mitsubishi,3,2071467,0.12,5468672,0.08,437493,5906165,1521000,4563000,905672,0.1656,5906165,5468672,437493,4563000,4563000,131-Phải thu khách hàng,511-Doanh thu bán hàng,3331-Thuế GTGT đầu ra,632-Giá vốn hàng bán,156-Hàng hóa
INV20260600033,JV20260600033,SO20260600033,2026-06-27,BD-TDM,NV013,Tiền mặt,BL-27A8DA,Máy xay,Philips Blender,Sharp,2,946623,0.15,1609259,0.08,128740,1737999,660000,1320000,289259,0.1797,1737999,1609259,128740,1320000,1320000,131-Phải thu khách hàng,511-Doanh thu bán hàng,3331-Thuế GTGT đầu ra,632-Giá vốn hàng bán,156-Hàng hóa
INV20260600034,JV20260600034,SO20260600034,2026-06-19,HN-CG,NV021,Tiền mặt,BL-6730F4,Máy xay,Panasonic Blender,Sharp,1,1928890,0.16,1620267,0.08,129621,1749888,1243000,1243000,377267,0.2328,1749888,1620267,129621,1243000,1243000,131-Phải thu khách hàng,511-Doanh thu bán hàng,3331-Thuế GTGT đầu ra,632-Giá vốn hàng bán,156-Hàng hóa
INV20260600035,JV20260600035,SO20260600035,2026-06-29,BD-TDM,NV027,Thẻ,RF-D9A75C,Tủ lạnh,Samsung Inverter 350L,Sony,2,22970995,0.11,40888371,0.08,3271069,44159440,18483000,36966000,3922371,0.0959,44159440,40888371,3271069,36966000,36966000,131-Phải thu khách hàng,511-Doanh thu bán hàng,3331-Thuế GTGT đầu ra,632-Giá vốn hàng bán,156-Hàng hóa
INV20260600036,JV20260600036,SO20260600036,2026-06-04,DN-HC,NV018,Thẻ,KT-4207FB,Ấm siêu tốc,Sunhouse,Asia,2,761423,0.04,1461932,0.08,116954,1578886,443000,886000,575932,0.394,1578886,1461932,116954,886000,886000,131-Phải thu khách hàng,511-Doanh thu bán hàng,3331-Thuế GTGT đầu ra,632-Giá vốn hàng bán,156-Hàng hóa
INV20260600037,JV20260600037,SO20260600037,2026-06-09,HCM-Q7,NV008,Ví điện tử,VC-F24900,Máy hút bụi,Xiaomi G10,Sunhouse,2,10157681,0.11,18080672,0.08,1446453,19527125,7088000,14176000,3904672,0.216,19527125,18080672,1446453,14176000,14176000,131-Phải thu khách hàng,511-Doanh thu bán hàng,3331-Thuế GTGT đầu ra,632-Giá vốn hàng bán,156-Hàng hóa
INV20260600038,JV20260600038,SO20260600038,2026-06-15,HCM-Q1,NV017,Chuyển khoản,RC-D5DEB5,Nồi cơm,Panasonic 1.8L,Cuckoo,3,3362490,0.06,9482221,0.08,758577,10240798,2280000,6840000,2642221,0.2787,10240798,9482221,758577,6840000,6840000,131-Phải thu khách hàng,511-Doanh thu bán hàng,3331-Thuế GTGT đầu ra,632-Giá vốn hàng bán,156-Hàng hóa
INV20260600039,JV20260600039,SO20260600039,2026-06-06,CT-NK,NV005,Tiền mặt,WM-AF1676,Máy giặt,Toshiba 9kg,Sunhouse,3,7157338,0.0,21472014,0.08,1717761,23189775,5819000,17457000,4015014,0.187,23189775,21472014,1717761,17457000,17457000,131-Phải thu khách hàng,511-Doanh thu bán hàng,3331-Thuế GTGT đầu ra,632-Giá vốn hàng bán,156-Hàng hóa
INV20260600040,JV20260600040,SO20260600040,2026-06-23,DN-HC,NV012,Tiền mặt,KT-F760AD,Ấm siêu tốc,Philips,LG,3,262341,0.1,708320,0.08,56665,764985,187000,561000,147320,0.208,764985,708320,56665,561000,561000,131-Phải thu khách hàng,511-Doanh thu bán hàng,3331-Thuế GTGT đầu ra,632-Giá vốn hàng bán,156-Hàng hóa
INV20260600041,JV20260600041,SO20260600041,2026-06-18,HCM-Q1,NV001,Chuyển khoản,KT-E61198,Ấm siêu tốc,Philips,Daikin,1,285426,0.08,262591,0.08,21007,283598,196000,196000,66591,0.2536,283598,262591,21007,196000,196000,131-Phải thu khách hàng,511-Doanh thu bán hàng,3331-Thuế GTGT đầu ra,632-Giá vốn hàng bán,156-Hàng hóa
INV20260600042,JV20260600042,SO20260600042,2026-06-06,HCM-Q1,NV028,Trả góp,VC-D86280,Máy hút bụi,Philips FC,Mitsubishi,1,7594697,0.15,6455492,0.08,516439,6971931,5242000,5242000,1213492,0.188,6971931,6455492,516439,5242000,5242000,131-Phải thu khách hàng,511-Doanh thu bán hàng,3331-Thuế GTGT đầu ra,632-Giá vốn hàng bán,156-Hàng hóa
INV20260600043,JV20260600043,SO20260600043,2026-06-21,HCM-TB,NV025,Thẻ,AC-CBBDDE,Máy lạnh,Panasonic 1.5HP,Sharp,2,14562401,0.1,26212321,0.08,2096985,28309306,10590000,21180000,5032321,0.192,28309306,26212321,2096985,21180000,21180000,131-Phải thu khách hàng,511-Doanh thu bán hàng,3331-Thuế GTGT đầu ra,632-Giá vốn hàng bán,156-Hàng hóa
INV20260600044,JV20260600044,SO20260600044,2026-06-02,HCM-Q1,NV024,Thẻ,KT-2ABC39,Ấm siêu tốc,Kangaroo,Mitsubishi,3,601657,0.03,1750821,0.08,140065,1890886,343000,1029000,721821,0.4123,1890886,1750821,140065,1029000,1029000,131-Phải thu khách hàng,511-Doanh thu bán hàng,3331-Thuế GTGT đầu ra,632-Giá vốn hàng bán,156-Hàng hóa
INV20260600045,JV20260600045,SO20260600045,2026-06-16,HN-HBT,NV024,Tiền mặt,MW-A83E5A,Lò vi sóng,Electrolux 23L,Sunhouse,1,4455232,0.07,4143365,0.08,331469,4474834,3458000,3458000,685365,0.1654,4474834,4143365,331469,3458000,3458000,131-Phải thu khách hàng,511-Doanh thu bán hàng,3331-Thuế GTGT đầu ra,632-Giá vốn hàng bán,156-Hàng hóa
INV20260600046,JV20260600046,SO20260600046,2026-06-02,DN-HC,NV018,Chuyển khoản,FN-AEDFD9,Quạt,Panasonic,Sony,3,2141043,0.18,5266965,0.08,421357,5688322,1223000,3669000,1597965,0.3034,5688322,5266965,421357,3669000,3669000,131-Phải thu khách hàng,511-Doanh thu bán hàng,3331-Thuế GTGT đầu ra,632-Giá vốn hàng bán,156-Hàng hóa
INV20260600047,JV20260600047,SO20260600047,2026-06-12,HN-HBT,NV016,Ví điện tử,RC-30A967,Nồi cơm,Sharp 1.8L,Mitsubishi,1,3712926,0.08,3415891,0.08,273271,3689162,2429000,2429000,986891,0.2889,3689162,3415891,273271,2429000,2429000,131-Phải thu khách hàng,511-Doanh thu bán hàng,3331-Thuế GTGT đầu ra,632-Giá vốn hàng bán,156-Hàng hóa
INV20260600048,JV20260600048,SO20260600048,2026-06-17,CT-NK,NV009,Thẻ,KT-EFA122,Ấm siêu tốc,Sunhouse,Daikin,1,1001177,0.14,861012,0.08,68880,929892,637000,637000,224012,0.2602,929892,861012,68880,637000,637000,131-Phải thu khách hàng,511-Doanh thu bán hàng,3331-Thuế GTGT đầu ra,632-Giá vốn hàng bán,156-Hàng hóa
INV20260600049,JV20260600049,SO20260600049,2026-06-04,HN-HBT,NV021,Ví điện tử,VC-DD459E,Máy hút bụi,Dyson V8,Asia,3,1861595,0.19,4523675,0.08,361894,4885569,1236000,3708000,815675,0.1803,4885569,4523675,361894,3708000,3708000,131-Phải thu khách hàng,511-Doanh thu bán hàng,3331-Thuế GTGT đầu ra,632-Giá vốn hàng bán,156-Hàng hóa
INV20260600050,JV20260600050,SO20260600050,2026-06-09,HN-CG,NV017,Thẻ,RC-6CF84A,Nồi cơm,Cuckoo 1.8L,Daikin,3,1964457,0.1,5304033,0.08,424322,5728355,1462000,4386000,918033,0.1731,5728355,5304033,424322,4386000,4386000,131-Phải thu khách hàng,511-Doanh thu bán hàng,3331-Thuế GTGT đầu ra,632-Giá vốn hàng bán,156-Hàng hóa
INV20260600051,JV20260600051,SO20260600051,2026-06-11,HN-HBT,NV029,Trả góp,BL-B69FDD,Máy xay,Sunhouse Blender,Mitsubishi,1,2663716,0.18,2184247,0.08,174739,2358986,1595000,1595000,589247,0.2698,2358986,2184247,174739,1595000,1595000,131-Phải thu khách hàng,511-Doanh thu bán hàng,3331-Thuế GTGT đầu ra,632-Giá vốn hàng bán,156-Hàng hóa
INV20260600052,JV20260600052,SO20260600052,2026-06-22,HN-HBT,NV001,Ví điện tử,FN-A2F97E,Quạt,Senko,Xiaomi,3,2489983,0.04,7171151,0.08,573692,7744843,1548000,4644000,2527151,0.3524,7744843,7171151,573692,4644000,4644000,131-Phải thu khách hàng,511-Doanh thu bán hàng,3331-Thuế GTGT đầu ra,632-Giá vốn hàng bán,156-Hàng hóa
INV20260600053,JV20260600053,SO20260600053,2026-06-29,BD-TDM,NV016,Thẻ,MW-640EAD,Lò vi sóng,Sharp 20L,LG,2,5839691,0.12,10277856,0.08,822228,11100084,3942000,7884000,2393856,0.2329,11100084,10277856,822228,7884000,7884000,131-Phải thu khách hàng,511-Doanh thu bán hàng,3331-Thuế GTGT đầu ra,632-Giá vốn hàng bán,156-Hàng hóa
INV20260600054,JV20260600054,SO20260600054,2026-06-10,HCM-Q7,NV030,Trả góp,RC-C7DE50,Nồi cơm,Cuckoo 1.8L,Cuckoo,1,1116191,0.09,1015733,0.08,81258,1096991,701000,701000,314733,0.3099,1096991,1015733,81258,701000,701000,131-Phải thu khách hàng,511-Doanh thu bán hàng,3331-Thuế GTGT đầu ra,632-Giá vốn hàng bán,156-Hàng hóa
INV20260600055,JV20260600055,SO20260600055,2026-06-06,BD-TDM,NV018,Trả góp,TV-7839D5,TV,"TCL 50""",Xiaomi,3,27251740,0.05,77667459,0.08,6213396,83880855,21023000,63069000,14598459,0.188,83880855,77667459,6213396,63069000,63069000,131-Phải thu khách hàng,511-Doanh thu bán hàng,3331-Thuế GTGT đầu ra,632-Giá vốn hàng bán,156-Hàng hóa
INV20260600056,JV20260600056,SO20260600056,2026-06-10,HN-CG,NV012,Thẻ,TV-92EE57,TV,LG OLED 48,LG,3,32253950,0.09,88053283,0.08,7044262,95097545,28172000,84516000,3537283,0.0402,95097545,88053283,7044262,84516000,84516000,131-Phải thu khách hàng,511-Doanh thu bán hàng,3331-Thuế GTGT đầu ra,632-Giá vốn hàng bán,156-Hàng hóa
INV20260600057,JV20260600057,SO20260600057,2026-06-18,CT-NK,NV024,Trả góp,TV-EB02E5,TV,"Sony 65""",Mitsubishi,1,27414657,0.19,22205872,0.08,1776469,23982341,21249000,21249000,956872,0.0431,23982341,22205872,1776469,21249000,21249000,131-Phải thu khách hàng,511-Doanh thu bán hàng,3331-Thuế GTGT đầu ra,632-Giá vốn hàng bán,156-Hàng hóa
INV20260600058,JV20260600058,SO20260600058,2026-06-18,HN-HBT,NV002,Ví điện tử,MW-E17A69,Lò vi sóng,Electrolux 23L,Xiaomi,2,5587490,0.16,9386983,0.08,750958,10137941,4106000,8212000,1174983,0.1252,10137941,9386983,750958,8212000,8212000,131-Phải thu khách hàng,511-Doanh thu bán hàng,3331-Thuế GTGT đầu ra,632-Giá vốn hàng bán,156-Hàng hóa
INV20260600059,JV20260600059,SO20260600059,2026-06-13,HCM-Q7,NV010,Ví điện tử,RC-E6B79E,Nồi cơm,Cuckoo 1.8L,Samsung,1,3406434,0.12,2997661,0.08,239812,3237473,2370000,2370000,627661,0.2094,3237473,2997661,239812,2370000,2370000,131-Phải thu khách hàng,511-Doanh thu bán hàng,3331-Thuế GTGT đầu ra,632-Giá vốn hàng bán,156-Hàng hóa
INV20260600060,JV20260600060,SO20260600060,2026-06-06,HN-CG,NV007,Tiền mặt,MW-640EAD,Lò vi sóng,Sharp 20L,LG,2,3744083,0.04,7188639,0.08,575091,7763730,2450000,4900000,2288639,0.3184,7763730,7188639,575091,4900000,4900000,131-Phải thu khách hàng,511-Doanh thu bán hàng,3331-Thuế GTGT đầu ra,632-Giá vốn hàng bán,156-Hàng hóa
INV20260600061,JV20260600061,SO20260600061,2026-06-13,BD-TDM,NV005,Thẻ,TV-3C8911,TV,LG OLED 48,Sharp,1,25911264,0.2,20729011,0.08,1658320,22387331,20156000,20156000,573011,0.0276,22387331,20729011,1658320,20156000,20156000,131-Phải thu khách hàng,511-Doanh thu bán hàng,3331-Thuế GTGT đầu ra,632-Giá vốn hàng bán,156-Hàng hóa
INV20260600062,JV20260600062,SO20260600062,2026-06-12,BD-TDM,NV009,Ví điện tử,RC-56CDC9,Nồi cơm,Sharp 1.8L,Sharp,3,602430,0.16,1518123,0.08,121449,1639572,359000,1077000,441123,0.2906,1639572,1518123,121449,1077000,1077000,131-Phải thu khách hàng,511-Doanh thu bán hàng,3331-Thuế GTGT đầu ra,632-Giá vốn hàng bán,156-Hàng hóa
INV20260600063,JV20260600063,SO20260600063,2026-06-22,CT-NK,NV013,Chuyển khoản,TV-3277C5,TV,"TCL 50""",Cuckoo,1,9661139,0.13,8405190,0.08,672415,9077605,8484000,8484000,-78810,-0.0094,9077605,8405190,672415,8484000,8484000,131-Phải thu khách hàng,511-Doanh thu bán hàng,3331-Thuế GTGT đầu ra,632-Giá vốn hàng bán,156-Hàng hóa
INV20260600064,JV20260600064,SO20260600064,2026-06-20,HN-HBT,NV012,Thẻ,BL-7EF713,Máy xay,Sunhouse Blender,Sharp,1,2543753,0.19,2060439,0.08,164835,2225274,1421000,1421000,639439,0.3103,2225274,2060439,164835,1421000,1421000,131-Phải thu khách hàng,511-Doanh thu bán hàng,3331-Thuế GTGT đầu ra,632-Giá vốn hàng bán,156-Hàng hóa
INV20260600065,JV20260600065,SO20260600065,2026-06-19,BD-TDM,NV009,Thẻ,VC-A4DECF,Máy hút bụi,Dyson V8,Mitsubishi,3,10785826,0.06,30416029,0.08,2433282,32849311,7420000,22260000,8156029,0.2681,32849311,30416029,2433282,22260000,22260000,131-Phải thu khách hàng,511-Doanh thu bán hàng,3331-Thuế GTGT đầu ra,632-Giá vốn hàng bán,156-Hàng hóa
INV20260600066,JV20260600066,SO20260600066,2026-06-30,CT-NK,NV004,Chuyển khoản,MW-AE2881,Lò vi sóng,Panasonic 25L,Panasonic,2,3483689,0.07,6479661,0.08,518372,6998033,2469000,4938000,1541661,0.2379,6998033,6479661,518372,4938000,4938000,131-Phải thu khách hàng,511-Doanh thu bán hàng,3331-Thuế GTGT đầu ra,632-Giá vốn hàng bán,156-Hàng hóa
INV20260600067,JV20260600067,SO20260600067,2026-06-03,HN-CG,NV004,Chuyển khoản,RC-6CF84A,Nồi cơm,Cuckoo 1.8L,Daikin,3,3362820,0.05,9584037,0.08,766722,10350759,2431000,7293000,2291037,0.239,10350759,9584037,766722,7293000,7293000,131-Phải thu khách hàng,511-Doanh thu bán hàng,3331-Thuế GTGT đầu ra,632-Giá vốn hàng bán,156-Hàng hóa
INV20260600068,JV20260600068,SO20260600068,2026-06-18,CT-NK,NV001,Thẻ,KT-697052,Ấm siêu tốc,Sunhouse,Samsung,1,840265,0.2,672212,0.08,53776,725988,503000,503000,169212,0.2517,725988,672212,53776,503000,503000,131-Phải thu khách hàng,511-Doanh thu bán hàng,3331-Thuế GTGT đầu ra,632-Giá vốn hàng bán,156-Hàng hóa
INV20260600069,JV20260600069,SO20260600069,2026-06-15,DN-HC,NV005,Thẻ,TV-A73348,TV,LG OLED 48,Toshiba,3,19458695,0.01,57792324,0.08,4623385,62415709,16047000,48141000,9651324,0.167,62415709,57792324,4623385,48141000,48141000,131-Phải thu khách hàng,511-Doanh thu bán hàng,3331-Thuế GTGT đầu ra,632-Giá vốn hàng bán,156-Hàng hóa
INV20260600070,JV20260600070,SO20260600070,2026-06-27,HCM-Q7,NV021,Thẻ,AC-D7C5BD,Máy lạnh,Daikin 1HP,Daikin,1,12094538,0.07,11247920,0.08,899833,12147753,8751000,8751000,2496920,0.222,12147753,11247920,899833,8751000,8751000,131-Phải thu khách hàng,511-Doanh thu bán hàng,3331-Thuế GTGT đầu ra,632-Giá vốn hàng bán,156-Hàng hóa
INV20260600071,JV20260600071,SO20260600071,2026-06-05,HCM-TB,NV015,Chuyển khoản,MW-FB2461,Lò vi sóng,Electrolux 23L,Senko,2,2267927,0.08,4172985,0.08,333838,4506823,1602000,3204000,968985,0.2322,4506823,4172985,333838,3204000,3204000,131-Phải thu khách hàng,511-Doanh thu bán hàng,3331-Thuế GTGT đầu ra,632-Giá vốn hàng bán,156-Hàng hóa
INV20260600072,JV20260600072,SO20260600072,2026-06-07,HCM-Q1,NV025,Chuyển khoản,KT-9BE99C,Ấm siêu tốc,Philips,Panasonic,2,1350440,0.18,2214721,0.08,177177,2391898,751000,1502000,712721,0.3218,2391898,2214721,177177,1502000,1502000,131-Phải thu khách hàng,511-Doanh thu bán hàng,3331-Thuế GTGT đầu ra,632-Giá vốn hàng bán,156-Hàng hóa
INV20260600073,JV20260600073,SO20260600073,2026-06-07,HCM-TB,NV009,Tiền mặt,BL-958487,Máy xay,Philips Blender,Toshiba,3,1423644,0.11,3801129,0.08,304090,4105219,817000,2451000,1350129,0.3552,4105219,3801129,304090,2451000,2451000,131-Phải thu khách hàng,511-Doanh thu bán hàng,3331-Thuế GTGT đầu ra,632-Giá vốn hàng bán,156-Hàng hóa
INV20260600074,JV20260600074,SO20260600074,2026-06-03,DN-HC,NV028,Tiền mặt,RF-F64CD4,Tủ lạnh,Samsung Inverter 350L,Casper,1,12802568,0.18,10498105,0.08,839848,11337953,9479000,9479000,1019105,0.0971,11337953,10498105,839848,9479000,9479000,131-Phải thu khách hàng,511-Doanh thu bán hàng,3331-Thuế GTGT đầu ra,632-Giá vốn hàng bán,156-Hàng hóa
INV20260600075,JV20260600075,SO20260600075,2026-06-06,HCM-Q7,NV016,Trả góp,RF-7A08B1,Tủ lạnh,Samsung Inverter 350L,Xiaomi,1,24067203,0.14,20697794,0.08,1655823,22353617,19664000,19664000,1033794,0.0499,22353617,20697794,1655823,19664000,19664000,131-Phải thu khách hàng,511-Doanh thu bán hàng,3331-Thuế GTGT đầu ra,632-Giá vốn hàng bán,156-Hàng hóa
INV20260600076,JV20260600076,SO20260600076,2026-06-15,HCM-Q7,NV016,Trả góp,KT-54AD13,Ấm siêu tốc,Philips,Samsung,2,1229507,0.14,2114752,0.08,169180,2283932,682000,1364000,750752,0.355,2283932,2114752,169180,1364000,1364000,131-Phải thu khách hàng,511-Doanh thu bán hàng,3331-Thuế GTGT đầu ra,632-Giá vốn hàng bán,156-Hàng hóa
INV20260600077,JV20260600077,SO20260600077,2026-06-14,BD-TDM,NV002,Chuyển khoản,VC-51D140,Máy hút bụi,Xiaomi G10,Casper,3,6314199,0.06,17806041,0.08,1424483,19230524,4247000,12741000,5065041,0.2845,19230524,17806041,1424483,12741000,12741000,131-Phải thu khách hàng,511-Doanh thu bán hàng,3331-Thuế GTGT đầu ra,632-Giá vốn hàng bán,156-Hàng hóa
INV20260600078,JV20260600078,SO20260600078,2026-06-21,HN-HBT,NV018,Ví điện tử,WM-AA0941,Máy giặt,Panasonic 8.5kg,Aqua,3,14683361,0.17,36561568,0.08,2924925,39486493,11082000,33246000,3315568,0.0907,39486493,36561568,2924925,33246000,33246000,131-Phải thu khách hàng,511-Doanh thu bán hàng,3331-Thuế GTGT đầu ra,632-Giá vốn hàng bán,156-Hàng hóa
INV20260600079,JV20260600079,SO20260600079,2026-06-10,CT-NK,NV003,Ví điện tử,AC-50CBA5,Máy lạnh,Daikin 1HP,Aqua,1,21837183,0.18,17906490,0.08,1432519,19339009,15471000,15471000,2435490,0.136,19339009,17906490,1432519,15471000,15471000,131-Phải thu khách hàng,511-Doanh thu bán hàng,3331-Thuế GTGT đầu ra,632-Giá vốn hàng bán,156-Hàng hóa
INV20260600080,JV20260600080,SO20260600080,2026-06-18,HCM-Q1,NV007,Thẻ,MW-2666B6,Lò vi sóng,Panasonic 25L,Mitsubishi,2,5318138,0.01,10529913,0.08,842393,11372306,3392000,6784000,3745913,0.3557,11372306,10529913,842393,6784000,6784000,131-Phải thu khách hàng,511-Doanh thu bán hàng,3331-Thuế GTGT đầu ra,632-Giá vốn hàng bán,156-Hàng hóa
INV20260600081,JV20260600081,SO20260600081,2026-06-10,CT-NK,NV013,Chuyển khoản,FN-05A833,Quạt,Asia,Aqua,2,930543,0.14,1600533,0.08,128042,1728575,670000,1340000,260533,0.1628,1728575,1600533,128042,1340000,1340000,131-Phải thu khách hàng,511-Doanh thu bán hàng,3331-Thuế GTGT đầu ra,632-Giá vốn hàng bán,156-Hàng hóa
INV20260600082,JV20260600082,SO20260600082,2026-06-02,HN-HBT,NV019,Tiền mặt,FN-02E143,Quạt,Senko,Sony,1,1688669,0.09,1536688,0.08,122935,1659623,993000,993000,543688,0.3538,1659623,1536688,122935,993000,993000,131-Phải thu khách hàng,511-Doanh thu bán hàng,3331-Thuế GTGT đầu ra,632-Giá vốn hàng bán,156-Hàng hóa
INV20260600083,JV20260600083,SO20260600083,2026-06-08,HCM-TB,NV004,Tiền mặt,WM-4E5FAA,Máy giặt,Toshiba 9kg,Sharp,1,9026163,0.06,8484593,0.08,678767,9163360,7046000,7046000,1438593,0.1696,9163360,8484593,678767,7046000,7046000,131-Phải thu khách hàng,511-Doanh thu bán hàng,3331-Thuế GTGT đầu ra,632-Giá vốn hàng bán,156-Hàng hóa
INV20260600084,JV20260600084,SO20260600084,2026-06-15,HCM-TB,NV027,Chuyển khoản,MW-8EA0CB,Lò vi sóng,Panasonic 25L,LG,2,4653844,0.07,8656149,0.08,692491,9348640,3387000,6774000,1882149,0.2174,9348640,8656149,692491,6774000,6774000,131-Phải thu khách hàng,511-Doanh thu bán hàng,3331-Thuế GTGT đầu ra,632-Giá vốn hàng bán,156-Hàng hóa
INV20260600085,JV20260600085,SO20260600085,2026-06-20,DN-HC,NV002,Ví điện tử,RC-19766E,Nồi cơm,Panasonic 1.8L,Sunhouse,3,512320,0.16,1291046,0.08,103283,1394329,308000,924000,367046,0.2843,1394329,1291046,103283,924000,924000,131-Phải thu khách hàng,511-Doanh thu bán hàng,3331-Thuế GTGT đầu ra,632-Giá vốn hàng bán,156-Hàng hóa
INV20260600086,JV20260600086,SO20260600086,2026-06-15,HN-CG,NV010,Tiền mặt,KT-37BC3F,Ấm siêu tốc,Sunhouse,Panasonic,1,794272,0.1,714844,0.08,57187,772031,518000,518000,196844,0.2754,772031,714844,57187,518000,518000,131-Phải thu khách hàng,511-Doanh thu bán hàng,3331-Thuế GTGT đầu ra,632-Giá vốn hàng bán,156-Hàng hóa
INV20260600087,JV20260600087,SO20260600087,2026-06-15,CT-NK,NV008,Thẻ,KT-C76795,Ấm siêu tốc,Philips,Aqua,3,467194,0.06,1317487,0.08,105398,1422885,301000,903000,414487,0.3146,1422885,1317487,105398,903000,903000,131-Phải thu khách hàng,511-Doanh thu bán hàng,3331-Thuế GTGT đầu ra,632-Giá vốn hàng bán,156-Hàng hóa
INV20260600088,JV20260600088,SO20260600088,2026-06-04,DN-HC,NV027,Thẻ,RF-AE1055,Tủ lạnh,Panasonic 300L,Mitsubishi,3,19130269,0.08,52799542,0.08,4223963,57023505,14338000,43014000,9785542,0.1853,57023505,52799542,4223963,43014000,43014000,131-Phải thu khách hàng,511-Doanh thu bán hàng,3331-Thuế GTGT đầu ra,632-Giá vốn hàng bán,156-Hàng hóa
INV20260600089,JV20260600089,SO20260600089,2026-06-27,DN-HC,NV006,Ví điện tử,RC-189134,Nồi cơm,Sunhouse 1.2L,Samsung,3,828167,0.08,2285740,0.08,182859,2468599,546000,1638000,647740,0.2834,2468599,2285740,182859,1638000,1638000,131-Phải thu khách hàng,511-Doanh thu bán hàng,3331-Thuế GTGT đầu ra,632-Giá vốn hàng bán,156-Hàng hóa
INV20260600090,JV20260600090,SO20260600090,2026-06-21,HN-HBT,NV023,Ví điện tử,AC-9EB347,Máy lạnh,Panasonic 1.5HP,Xiaomi,2,18899210,0.05,35908499,0.08,2872679,38781178,13487000,26974000,8934499,0.2488,38781178,35908499,2872679,26974000,26974000,131-Phải thu khách hàng,511-Doanh thu bán hàng,3331-Thuế GTGT đầu ra,632-Giá vốn hàng bán,156-Hàng hóa
INV20260600091,JV20260600091,SO20260600091,2026-06-08,DN-HC,NV024,Thẻ,RF-794862,Tủ lạnh,Samsung Inverter 350L,Aqua,1,5280212,0.0,5280212,0.08,422416,5702628,4205000,4205000,1075212,0.2036,5702628,5280212,422416,4205000,4205000,131-Phải thu khách hàng,511-Doanh thu bán hàng,3331-Thuế GTGT đầu ra,632-Giá vốn hàng bán,156-Hàng hóa
INV20260600092,JV20260600092,SO20260600092,2026-06-11,HN-CG,NV007,Thẻ,FN-441B27,Quạt,Senko,Samsung,1,350475,0.13,304913,0.08,24393,329306,214000,214000,90913,0.2982,329306,304913,24393,214000,214000,131-Phải thu khách hàng,511-Doanh thu bán hàng,3331-Thuế GTGT đầu ra,632-Giá vốn hàng bán,156-Hàng hóa
INV20260600093,JV20260600093,SO20260600093,2026-06-18,BD-TDM,NV028,Trả góp,AC-8D2169,Máy lạnh,Panasonic 1.5HP,Sunhouse,1,21028096,0.03,20397253,0.08,1631780,22029033,17441000,17441000,2956253,0.1449,22029033,20397253,1631780,17441000,17441000,131-Phải thu khách hàng,511-Doanh thu bán hàng,3331-Thuế GTGT đầu ra,632-Giá vốn hàng bán,156-Hàng hóa
INV20260600094,JV20260600094,SO20260600094,2026-06-26,CT-NK,NV025,Tiền mặt,BL-E08C31,Máy xay,Panasonic Blender,Philips,1,1178240,0.03,1142892,0.08,91431,1234323,659000,659000,483892,0.4234,1234323,1142892,91431,659000,659000,131-Phải thu khách hàng,511-Doanh thu bán hàng,3331-Thuế GTGT đầu ra,632-Giá vốn hàng bán,156-Hàng hóa
INV20260600095,JV20260600095,SO20260600095,2026-06-25,HCM-Q1,NV024,Trả góp,BL-BE1E34,Máy xay,Panasonic Blender,Senko,1,2783875,0.1,2505487,0.08,200438,2705925,1986000,1986000,519487,0.2073,2705925,2505487,200438,1986000,1986000,131-Phải thu khách hàng,511-Doanh thu bán hàng,3331-Thuế GTGT đầu ra,632-Giá vốn hàng bán,156-Hàng hóa
INV20260600096,JV20260600096,SO20260600096,2026-06-07,HCM-TB,NV028,Tiền mặt,VC-E19461,Máy hút bụi,Dyson V8,Panasonic,1,3231181,0.05,3069621,0.08,245569,3315190,2111000,2111000,958621,0.3123,3315190,3069621,245569,2111000,2111000,131-Phải thu khách hàng,511-Doanh thu bán hàng,3331-Thuế GTGT đầu ra,632-Giá vốn hàng bán,156-Hàng hóa
INV20260600097,JV20260600097,SO20260600097,2026-06-20,HCM-TB,NV005,Chuyển khoản,FN-FF4EE8,Quạt,Panasonic,Sunhouse,3,2039646,0.02,5996559,0.08,479724,6476283,1265000,3795000,2201559,0.3671,6476283,5996559,479724,3795000,3795000,131-Phải thu khách hàng,511-Doanh thu bán hàng,3331-Thuế GTGT đầu ra,632-Giá vốn hàng bán,156-Hàng hóa
INV20260600098,JV20260600098,SO20260600098,2026-06-07,HCM-Q7,NV013,Ví điện tử,KT-F760AD,Ấm siêu tốc,Philips,LG,3,1281329,0.09,3498028,0.08,279842,3777870,702000,2106000,1392028,0.3979,3777870,3498028,279842,2106000,2106000,131-Phải thu khách hàng,511-Doanh thu bán hàng,3331-Thuế GTGT đầu ra,632-Giá vốn hàng bán,156-Hàng hóa
INV20260600099,JV20260600099,SO20260600099,2026-06-12,BD-TDM,NV019,Thẻ,WM-9170CB,Máy giặt,LG 9kg,LG,2,13676876,0.03,26533139,0.08,2122651,28655790,10382000,20764000,5769139,0.2174,28655790,26533139,2122651,20764000,20764000,131-Phải thu khách hàng,511-Doanh thu bán hàng,3331-Thuế GTGT đầu ra,632-Giá vốn hàng bán,156-Hàng hóa
INV20260600100,JV20260600100,SO20260600100,2026-06-21,HCM-TB,NV009,Tiền mặt,KT-4D110F,Ấm siêu tốc,Kangaroo,Toshiba,2,762610,0.0,1525220,0.08,122017,1647237,424000,848000,677220,0.444,1647237,1525220,122017,848000,848000,131-Phải thu khách hàng,511-Doanh thu bán hàng,3331-Thuế GTGT đầu ra,632-Giá vốn hàng bán,156-Hàng hóa
INV20260600101,JV20260600101,SO20260600101,2026-06-25,BD-TDM,NV027,Trả góp,WM-5ED0A1,Máy giặt,Samsung 10kg,Cuckoo,1,5424165,0.11,4827506,0.08,386200,5213706,4370000,4370000,457506,0.0948,5213706,4827506,386200,4370000,4370000,131-Phải thu khách hàng,511-Doanh thu bán hàng,3331-Thuế GTGT đầu ra,632-Giá vốn hàng bán,156-Hàng hóa
INV20260600102,JV20260600102,SO20260600102,2026-06-17,CT-NK,NV023,Trả góp,RF-742B7E,Tủ lạnh,Samsung Inverter 350L,Asia,3,9551473,0.11,25502432,0.08,2040194,27542626,7227000,21681000,3821432,0.1498,27542626,25502432,2040194,21681000,21681000,131-Phải thu khách hàng,511-Doanh thu bán hàng,3331-Thuế GTGT đầu ra,632-Giá vốn hàng bán,156-Hàng hóa
INV20260600103,JV20260600103,SO20260600103,2026-06-06,HCM-Q7,NV025,Ví điện tử,MW-FB2461,Lò vi sóng,Electrolux 23L,Senko,2,3965460,0.11,7058518,0.08,564681,7623199,2564000,5128000,1930518,0.2735,7623199,7058518,564681,5128000,5128000,131-Phải thu khách hàng,511-Doanh thu bán hàng,3331-Thuế GTGT đầu ra,632-Giá vốn hàng bán,156-Hàng hóa
INV20260600104,JV20260600104,SO20260600104,2026-06-23,HCM-Q1,NV013,Trả góp,KT-881318,Ấm siêu tốc,Sunhouse,Sony,2,643356,0.2,1029369,0.08,82349,1111718,416000,832000,197369,0.1917,1111718,1029369,82349,832000,832000,131-Phải thu khách hàng,511-Doanh thu bán hàng,3331-Thuế GTGT đầu ra,632-Giá vốn hàng bán,156-Hàng hóa
INV20260600105,JV20260600105,SO20260600105,2026-06-14,BD-TDM,NV011,Ví điện tử,MW-42D56C,Lò vi sóng,Electrolux 23L,Sony,1,5251168,0.06,4936097,0.08,394887,5330984,3512000,3512000,1424097,0.2885,5330984,4936097,394887,3512000,3512000,131-Phải thu khách hàng,511-Doanh thu bán hàng,3331-Thuế GTGT đầu ra,632-Giá vốn hàng bán,156-Hàng hóa
INV20260600106,JV20260600106,SO20260600106,2026-06-14,HN-CG,NV027,Ví điện tử,RC-E6B79E,Nồi cơm,Cuckoo 1.8L,Samsung,2,936438,0.18,1535758,0.08,122860,1658618,707000,1414000,121758,0.0793,1658618,1535758,122860,1414000,1414000,131-Phải thu khách hàng,511-Doanh thu bán hàng,3331-Thuế GTGT đầu ra,632-Giá vốn hàng bán,156-Hàng hóa
INV20260600107,JV20260600107,SO20260600107,2026-06-29,HCM-Q1,NV015,Ví điện tử,AC-DF5234,Máy lạnh,Daikin 1HP,Asia,1,16067793,0.02,15746437,0.08,1259714,17006151,11267000,11267000,4479437,0.2845,17006151,15746437,1259714,11267000,11267000,131-Phải thu khách hàng,511-Doanh thu bán hàng,3331-Thuế GTGT đầu ra,632-Giá vốn hàng bán,156-Hàng hóa
INV20260600108,JV20260600108,SO20260600108,2026-06-23,HCM-TB,NV019,Ví điện tử,MW-A50B9A,Lò vi sóng,Electrolux 23L,Toshiba,2,2646516,0.12,4657868,0.08,372629,5030497,1660000,3320000,1337868,0.2872,5030497,4657868,372629,3320000,3320000,131-Phải thu khách hàng,511-Doanh thu bán hàng,3331-Thuế GTGT đầu ra,632-Giá vốn hàng bán,156-Hàng hóa
INV20260600109,JV20260600109,SO20260600109,2026-06-19,HN-HBT,NV007,Tiền mặt,MW-7ABF96,Lò vi sóng,Electrolux 23L,Panasonic,2,3138360,0.02,6151185,0.08,492094,6643279,2210000,4420000,1731185,0.2814,6643279,6151185,492094,4420000,4420000,131-Phải thu khách hàng,511-Doanh thu bán hàng,3331-Thuế GTGT đầu ra,632-Giá vốn hàng bán,156-Hàng hóa
INV20260600110,JV20260600110,SO20260600110,2026-06-13,HCM-TB,NV013,Thẻ,WM-E46895,Máy giặt,Toshiba 9kg,Electrolux,3,14009353,0.13,36564411,0.08,2925152,39489563,10810000,32430000,4134411,0.1131,39489563,36564411,2925152,32430000,32430000,131-Phải thu khách hàng,511-Doanh thu bán hàng,3331-Thuế GTGT đầu ra,632-Giá vốn hàng bán,156-Hàng hóa
INV20260600111,JV20260600111,SO20260600111,2026-06-23,DN-HC,NV013,Thẻ,MW-75B2CD,Lò vi sóng,Panasonic 25L,Samsung,1,2964092,0.2,2371273,0.08,189701,2560974,2178000,2178000,193273,0.0815,2560974,2371273,189701,2178000,2178000,131-Phải thu khách hàng,511-Doanh thu bán hàng,3331-Thuế GTGT đầu ra,632-Giá vốn hàng bán,156-Hàng hóa
INV20260600112,JV20260600112,SO20260600112,2026-06-14,HCM-Q1,NV006,Thẻ,RC-443576,Nồi cơm,Sharp 1.8L,Asia,1,3024285,0.2,2419428,0.08,193554,2612982,2206000,2206000,213428,0.0882,2612982,2419428,193554,2206000,2206000,131-Phải thu khách hàng,511-Doanh thu bán hàng,3331-Thuế GTGT đầu ra,632-Giá vốn hàng bán,156-Hàng hóa
INV20260600113,JV20260600113,SO20260600113,2026-06-06,HCM-Q7,NV001,Thẻ,VC-96423F,Máy hút bụi,Dyson V8,Xiaomi,2,11336464,0.03,21992740,0.08,1759419,23752159,7542000,15084000,6908740,0.3141,23752159,21992740,1759419,15084000,15084000,131-Phải thu khách hàng,511-Doanh thu bán hàng,3331-Thuế GTGT đầu ra,632-Giá vốn hàng bán,156-Hàng hóa
INV20260600114,JV20260600114,SO20260600114,2026-06-21,BD-TDM,NV006,Trả góp,FN-FD271D,Quạt,Senko,Mitsubishi,3,2219409,0.07,6192151,0.08,495372,6687523,1476000,4428000,1764151,0.2849,6687523,6192151,495372,4428000,4428000,131-Phải thu khách hàng,511-Doanh thu bán hàng,3331-Thuế GTGT đầu ra,632-Giá vốn hàng bán,156-Hàng hóa
INV20260600115,JV20260600115,SO20260600115,2026-06-03,HCM-TB,NV004,Chuyển khoản,BL-95987D,Máy xay,Philips Blender,Asia,3,2493653,0.19,6059576,0.08,484766,6544342,1646000,4938000,1121576,0.1851,6544342,6059576,484766,4938000,4938000,131-Phải thu khách hàng,511-Doanh thu bán hàng,3331-Thuế GTGT đầu ra,632-Giá vốn hàng bán,156-Hàng hóa
INV20260600116,JV20260600116,SO20260600116,2026-06-01,BD-TDM,NV005,Chuyển khoản,RC-F33CDE,Nồi cơm,Panasonic 1.8L,Senko,3,2834327,0.04,8162861,0.08,653028,8815889,1755000,5265000,2897861,0.355,8815889,8162861,653028,5265000,5265000,131-Phải thu khách hàng,511-Doanh thu bán hàng,3331-Thuế GTGT đầu ra,632-Giá vốn hàng bán,156-Hàng hóa
INV20260600117,JV20260600117,SO20260600117,2026-06-26,HN-CG,NV007,Ví điện tử,RF-A7BDBE,Tủ lạnh,Aqua 250L,Toshiba,2,8294028,0.11,14763369,0.08,1181069,15944438,6443000,12886000,1877369,0.1272,15944438,14763369,1181069,12886000,12886000,131-Phải thu khách hàng,511-Doanh thu bán hàng,3331-Thuế GTGT đầu ra,632-Giá vốn hàng bán,156-Hàng hóa
INV20260600118,JV20260600118,SO20260600118,2026-06-23,HN-HBT,NV002,Ví điện tử,WM-A2670F,Máy giặt,Toshiba 9kg,LG,1,8772698,0.09,7983155,0.08,638652,8621807,6625000,6625000,1358155,0.1701,8621807,7983155,638652,6625000,6625000,131-Phải thu khách hàng,511-Doanh thu bán hàng,3331-Thuế GTGT đầu ra,632-Giá vốn hàng bán,156-Hàng hóa
INV20260600119,JV20260600119,SO20260600119,2026-06-30,HCM-Q1,NV014,Tiền mặt,FN-896DEA,Quạt,Asia,Senko,2,2332769,0.01,4618882,0.08,369510,4988392,1697000,3394000,1224882,0.2652,4988392,4618882,369510,3394000,3394000,131-Phải thu khách hàng,511-Doanh thu bán hàng,3331-Thuế GTGT đầu ra,632-Giá vốn hàng bán,156-Hàng hóa
INV20260600120,JV20260600120,SO20260600120,2026-06-07,HCM-TB,NV023,Trả góp,RF-191AF7,Tủ lạnh,Panasonic 300L,Toshiba,1,23123026,0.05,21966874,0.08,1757349,23724223,18768000,18768000,3198874,0.1456,23724223,21966874,1757349,18768000,18768000,131-Phải thu khách hàng,511-Doanh thu bán hàng,3331-Thuế GTGT đầu ra,632-Giá vốn hàng bán,156-Hàng hóa
INV20260600121,JV20260600121,SO20260600121,2026-06-20,DN-HC,NV007,Ví điện tử,BL-01E9C7,Máy xay,Panasonic Blender,Samsung,2,1615297,0.17,2681393,0.08,214511,2895904,1075000,2150000,531393,0.1982,2895904,2681393,214511,2150000,2150000,131-Phải thu khách hàng,511-Doanh thu bán hàng,3331-Thuế GTGT đầu ra,632-Giá vốn hàng bán,156-Hàng hóa
INV20260600122,JV20260600122,SO20260600122,2026-06-11,HCM-Q7,NV022,Thẻ,RC-A61405,Nồi cơm,Sunhouse 1.2L,Senko,3,3885877,0.13,10142138,0.08,811371,10953509,2838000,8514000,1628138,0.1605,10953509,10142138,811371,8514000,8514000,131-Phải thu khách hàng,511-Doanh thu bán hàng,3331-Thuế GTGT đầu ra,632-Giá vốn hàng bán,156-Hàng hóa
INV20260600123,JV20260600123,SO20260600123,2026-06-05,BD-TDM,NV029,Ví điện tử,BL-BCB9B9,Máy xay,Panasonic Blender,Sunhouse,3,2571178,0.04,7404992,0.08,592399,7997391,1826000,5478000,1926992,0.2602,7997391,7404992,592399,5478000,5478000,131-Phải thu khách hàng,511-Doanh thu bán hàng,3331-Thuế GTGT đầu ra,632-Giá vốn hàng bán,156-Hàng hóa
INV20260600124,JV20260600124,SO20260600124,2026-06-19,HCM-TB,NV020,Tiền mặt,VC-7AF11E,Máy hút bụi,Philips FC,Panasonic,2,4601088,0.11,8189936,0.08,655194,8845130,3367000,6734000,1455936,0.1778,8845130,8189936,655194,6734000,6734000,131-Phải thu khách hàng,511-Doanh thu bán hàng,3331-Thuế GTGT đầu ra,632-Giá vốn hàng bán,156-Hàng hóa
INV20260600125,JV20260600125,SO20260600125,2026-06-14,HCM-TB,NV009,Chuyển khoản,TV-ED601B,TV,"TCL 50""",Panasonic,1,18815935,0.04,18063297,0.08,1445063,19508360,14712000,14712000,3351297,0.1855,19508360,18063297,1445063,14712000,14712000,131-Phải thu khách hàng,511-Doanh thu bán hàng,3331-Thuế GTGT đầu ra,632-Giá vốn hàng bán,156-Hàng hóa
INV20260600126,JV20260600126,SO20260600126,2026-06-13,BD-TDM,NV018,Trả góp,TV-BE7A4B,TV,"TCL 50""",Sunhouse,3,13391863,0.11,35756274,0.08,2860501,38616775,11001000,33003000,2753274,0.077,38616775,35756274,2860501,33003000,33003000,131-Phải thu khách hàng,511-Doanh thu bán hàng,3331-Thuế GTGT đầu ra,632-Giá vốn hàng bán,156-Hàng hóa
INV20260600127,JV20260600127,SO20260600127,2026-06-22,DN-HC,NV017,Ví điện tử,KT-3F3135,Ấm siêu tốc,Sunhouse,Sharp,1,1048467,0.1,943620,0.08,75489,1019109,697000,697000,246620,0.2614,1019109,943620,75489,697000,697000,131-Phải thu khách hàng,511-Doanh thu bán hàng,3331-Thuế GTGT đầu ra,632-Giá vốn hàng bán,156-Hàng hóa
INV20260600128,JV20260600128,SO20260600128,2026-06-25,HCM-Q1,NV021,Thẻ,TV-7D99ED,TV,"Sony 65""",Philips,1,31845851,0.16,26750514,0.08,2140041,28890555,26568000,26568000,182514,0.0068,28890555,26750514,2140041,26568000,26568000,131-Phải thu khách hàng,511-Doanh thu bán hàng,3331-Thuế GTGT đầu ra,632-Giá vốn hàng bán,156-Hàng hóa
INV20260600129,JV20260600129,SO20260600129,2026-06-04,HCM-TB,NV018,Thẻ,FN-5366D0,Quạt,Senko,Senko,1,1709159,0.06,1606609,0.08,128528,1735137,964000,964000,642609,0.4,1735137,1606609,128528,964000,964000,131-Phải thu khách hàng,511-Doanh thu bán hàng,3331-Thuế GTGT đầu ra,632-Giá vốn hàng bán,156-Hàng hóa
INV20260600130,JV20260600130,SO20260600130,2026-06-03,BD-TDM,NV027,Tiền mặt,RF-D3E578,Tủ lạnh,LG 420L,Xiaomi,1,23431214,0.18,19213595,0.08,1537087,20750682,20013000,20013000,-799405,-0.0416,20750682,19213595,1537087,20013000,20013000,131-Phải thu khách hàng,511-Doanh thu bán hàng,3331-Thuế GTGT đầu ra,632-Giá vốn hàng bán,156-Hàng hóa
INV20260600131,JV20260600131,SO20260600131,2026-06-24,HN-HBT,NV021,Ví điện tử,KT-930F94,Ấm siêu tốc,Philips,Sony,3,1491820,0.14,3848895,0.08,307911,4156806,849000,2547000,1301895,0.3383,4156806,3848895,307911,2547000,2547000,131-Phải thu khách hàng,511-Doanh thu bán hàng,3331-Thuế GTGT đầu ra,632-Giá vốn hàng bán,156-Hàng hóa
INV20260600132,JV20260600132,SO20260600132,2026-06-14,BD-TDM,NV001,Tiền mặt,MW-21A949,Lò vi sóng,Panasonic 25L,Cuckoo,3,2870592,0.14,7406127,0.08,592490,7998617,1796000,5388000,2018127,0.2725,7998617,7406127,592490,5388000,5388000,131-Phải thu khách hàng,511-Doanh thu bán hàng,3331-Thuế GTGT đầu ra,632-Giá vốn hàng bán,156-Hàng hóa
INV20260600133,JV20260600133,SO20260600133,2026-06-05,BD-TDM,NV018,Thẻ,WM-54F949,Máy giặt,Toshiba 9kg,Xiaomi,1,10058889,0.11,8952411,0.08,716192,9668603,8046000,8046000,906411,0.1012,9668603,8952411,716192,8046000,8046000,131-Phải thu khách hàng,511-Doanh thu bán hàng,3331-Thuế GTGT đầu ra,632-Giá vốn hàng bán,156-Hàng hóa
INV20260600134,JV20260600134,SO20260600134,2026-06-05,CT-NK,NV013,Trả góp,VC-BEE8C8,Máy hút bụi,Xiaomi G10,Asia,2,6599351,0.17,10954922,0.08,876393,11831315,4179000,8358000,2596922,0.2371,11831315,10954922,876393,8358000,8358000,131-Phải thu khách hàng,511-Doanh thu bán hàng,3331-Thuế GTGT đầu ra,632-Giá vốn hàng bán,156-Hàng hóa
INV20260600135,JV20260600135,SO20260600135,2026-06-01,BD-TDM,NV018,Chuyển khoản,AC-818A33,Máy lạnh,Casper 1HP,Electrolux,1,21919121,0.19,17754488,0.08,1420359,19174847,17609000,17609000,145488,0.0082,19174847,17754488,1420359,17609000,17609000,131-Phải thu khách hàng,511-Doanh thu bán hàng,3331-Thuế GTGT đầu ra,632-Giá vốn hàng bán,156-Hàng hóa
INV20260600136,JV20260600136,SO20260600136,2026-06-27,CT-NK,NV013,Ví điện tử,RF-42BDE8,Tủ lạnh,LG 420L,Senko,2,6876594,0.02,13478124,0.08,1078249,14556373,5104000,10208000,3270124,0.2426,14556373,13478124,1078249,10208000,10208000,131-Phải thu khách hàng,511-Doanh thu bán hàng,3331-Thuế GTGT đầu ra,632-Giá vốn hàng bán,156-Hàng hóa
INV20260600137,JV20260600137,SO20260600137,2026-06-19,DN-HC,NV005,Tiền mặt,AC-029767,Máy lạnh,Daikin 1HP,Sunhouse,1,21449407,0.11,19089972,0.08,1527197,20617169,15869000,15869000,3220972,0.1687,20617169,19089972,1527197,15869000,15869000,131-Phải thu khách hàng,511-Doanh thu bán hàng,3331-Thuế GTGT đầu ra,632-Giá vốn hàng bán,156-Hàng hóa
INV20260600138,JV20260600138,SO20260600138,2026-06-15,HCM-Q7,NV029,Chuyển khoản,TV-9BDABC,TV,"Sony 65""",Electrolux,1,9247339,0.17,7675291,0.08,614023,8289314,7368000,7368000,307291,0.04,8289314,7675291,614023,7368000,7368000,131-Phải thu khách hàng,511-Doanh thu bán hàng,3331-Thuế GTGT đầu ra,632-Giá vốn hàng bán,156-Hàng hóa
INV20260600139,JV20260600139,SO20260600139,2026-06-02,CT-NK,NV026,Trả góp,FN-47B1B0,Quạt,Senko,Toshiba,3,2473269,0.08,6826222,0.08,546097,7372319,1826000,5478000,1348222,0.1975,7372319,6826222,546097,5478000,5478000,131-Phải thu khách hàng,511-Doanh thu bán hàng,3331-Thuế GTGT đầu ra,632-Giá vốn hàng bán,156-Hàng hóa
INV20260600140,JV20260600140,SO20260600140,2026-06-18,HCM-TB,NV024,Ví điện tử,VC-B711CC,Máy hút bụi,Xiaomi G10,Panasonic,3,11409808,0.19,27725833,0.08,2218066,29943899,7887000,23661000,4064833,0.1466,29943899,27725833,2218066,23661000,23661000,131-Phải thu khách hàng,511-Doanh thu bán hàng,3331-Thuế GTGT đầu ra,632-Giá vốn hàng bán,156-Hàng hóa
INV20260600141,JV20260600141,SO20260600141,2026-06-29,BD-TDM,NV006,Thẻ,KT-BD9201,Ấm siêu tốc,Kangaroo,Aqua,1,467776,0.17,388254,0.08,31060,419314,320000,320000,68254,0.1758,419314,388254,31060,320000,320000,131-Phải thu khách hàng,511-Doanh thu bán hàng,3331-Thuế GTGT đầu ra,632-Giá vốn hàng bán,156-Hàng hóa
INV20260600142,JV20260600142,SO20260600142,2026-06-26,HN-CG,NV010,Chuyển khoản,TV-1B61A7,TV,LG OLED 48,Samsung,2,32169848,0.04,61766108,0.08,4941288,66707396,26207000,52414000,9352108,0.1514,66707396,61766108,4941288,52414000,52414000,131-Phải thu khách hàng,511-Doanh thu bán hàng,3331-Thuế GTGT đầu ra,632-Giá vốn hàng bán,156-Hàng hóa
INV20260600143,JV20260600143,SO20260600143,2026-06-08,HN-HBT,NV024,Tiền mặt,RC-DFEBAA,Nồi cơm,Sharp 1.8L,LG,2,1347594,0.18,2210054,0.08,176804,2386858,943000,1886000,324054,0.1466,2386858,2210054,176804,1886000,1886000,131-Phải thu khách hàng,511-Doanh thu bán hàng,3331-Thuế GTGT đầu ra,632-Giá vốn hàng bán,156-Hàng hóa
INV20260600144,JV20260600144,SO20260600144,2026-06-04,HN-HBT,NV016,Trả góp,AC-029767,Máy lạnh,Daikin 1HP,Sunhouse,1,6500393,0.11,5785349,0.08,462827,6248176,5250000,5250000,535349,0.0925,6248176,5785349,462827,5250000,5250000,131-Phải thu khách hàng,511-Doanh thu bán hàng,3331-Thuế GTGT đầu ra,632-Giá vốn hàng bán,156-Hàng hóa
INV20260600145,JV20260600145,SO20260600145,2026-06-10,HN-CG,NV019,Tiền mặt,FN-464655,Quạt,Panasonic,Toshiba,1,2087164,0.06,1961934,0.08,156954,2118888,1363000,1363000,598934,0.3053,2118888,1961934,156954,1363000,1363000,131-Phải thu khách hàng,511-Doanh thu bán hàng,3331-Thuế GTGT đầu ra,632-Giá vốn hàng bán,156-Hàng hóa
INV20260600146,JV20260600146,SO20260600146,2026-06-13,HCM-Q7,NV015,Thẻ,FN-230559,Quạt,Asia,Sharp,3,980892,0.1,2648408,0.08,211872,2860280,624000,1872000,776408,0.2932,2860280,2648408,211872,1872000,1872000,131-Phải thu khách hàng,511-Doanh thu bán hàng,3331-Thuế GTGT đầu ra,632-Giá vốn hàng bán,156-Hàng hóa
INV20260600147,JV20260600147,SO20260600147,2026-06-28,BD-TDM,NV013,Ví điện tử,RF-8AEC72,Tủ lạnh,Samsung Inverter 350L,Daikin,3,24016212,0.06,67725717,0.08,5418057,73143774,18727000,56181000,11544717,0.1705,73143774,67725717,5418057,56181000,56181000,131-Phải thu khách hàng,511-Doanh thu bán hàng,3331-Thuế GTGT đầu ra,632-Giá vốn hàng bán,156-Hàng hóa
INV20260600148,JV20260600148,SO20260600148,2026-06-08,BD-TDM,NV004,Tiền mặt,KT-A1FEF1,Ấm siêu tốc,Sunhouse,Xiaomi,3,1159593,0.0,3478779,0.08,278302,3757081,717000,2151000,1327779,0.3817,3757081,3478779,278302,2151000,2151000,131-Phải thu khách hàng,511-Doanh thu bán hàng,3331-Thuế GTGT đầu ra,632-Giá vốn hàng bán,156-Hàng hóa
INV20260600149,JV20260600149,SO20260600149,2026-06-01,CT-NK,NV026,Ví điện tử,VC-CF166B,Máy hút bụi,Philips FC,Senko,3,7101949,0.15,18109969,0.08,1448797,19558766,5123000,15369000,2740969,0.1514,19558766,18109969,1448797,15369000,15369000,131-Phải thu khách hàng,511-Doanh thu bán hàng,3331-Thuế GTGT đầu ra,632-Giá vốn hàng bán,156-Hàng hóa
INV20260600150,JV20260600150,SO20260600150,2026-06-08,DN-HC,NV006,Chuyển khoản,VC-A4DECF,Máy hút bụi,Dyson V8,Mitsubishi,3,7952012,0.11,21231872,0.08,1698549,22930421,5309000,15927000,5304872,0.2499,22930421,21231872,1698549,15927000,15927000,131-Phải thu khách hàng,511-Doanh thu bán hàng,3331-Thuế GTGT đầu ra,632-Giá vốn hàng bán,156-Hàng hóa
INV20260600151,JV20260600151,SO20260600151,2026-06-22,DN-HC,NV030,Ví điện tử,MW-F8E59D,Lò vi sóng,Sharp 20L,Sharp,1,2639875,0.01,2613476,0.08,209078,2822554,1763000,1763000,850476,0.3254,2822554,2613476,209078,1763000,1763000,131-Phải thu khách hàng,511-Doanh thu bán hàng,3331-Thuế GTGT đầu ra,632-Giá vốn hàng bán,156-Hàng hóa
INV20260600152,JV20260600152,SO20260600152,2026-06-02,HCM-TB,NV018,Thẻ,MW-1E7D48,Lò vi sóng,Sharp 20L,Xiaomi,3,4512328,0.15,11506436,0.08,920514,12426950,3087000,9261000,2245436,0.1951,12426950,11506436,920514,9261000,9261000,131-Phải thu khách hàng,511-Doanh thu bán hàng,3331-Thuế GTGT đầu ra,632-Giá vốn hàng bán,156-Hàng hóa
INV20260600153,JV20260600153,SO20260600153,2026-06-08,HCM-Q7,NV002,Ví điện tử,KT-DE6FC8,Ấm siêu tốc,Kangaroo,Sharp,3,486790,0.03,1416558,0.08,113324,1529882,291000,873000,543558,0.3837,1529882,1416558,113324,873000,873000,131-Phải thu khách hàng,511-Doanh thu bán hàng,3331-Thuế GTGT đầu ra,632-Giá vốn hàng bán,156-Hàng hóa
INV20260600154,JV20260600154,SO20260600154,2026-06-06,BD-TDM,NV028,Tiền mặt,VC-51D140,Máy hút bụi,Xiaomi G10,Casper,1,2010939,0.09,1829954,0.08,146396,1976350,1428000,1428000,401954,0.2197,1976350,1829954,146396,1428000,1428000,131-Phải thu khách hàng,511-Doanh thu bán hàng,3331-Thuế GTGT đầu ra,632-Giá vốn hàng bán,156-Hàng hóa
INV20260600155,JV20260600155,SO20260600155,2026-06-04,CT-NK,NV014,Chuyển khoản,BL-267545,Máy xay,Panasonic Blender,Cuckoo,1,2138294,0.13,1860315,0.08,148825,2009140,1503000,1503000,357315,0.1921,2009140,1860315,148825,1503000,1503000,131-Phải thu khách hàng,511-Doanh thu bán hàng,3331-Thuế GTGT đầu ra,632-Giá vốn hàng bán,156-Hàng hóa
INV20260600156,JV20260600156,SO20260600156,2026-06-12,HCM-TB,NV028,Tiền mặt,FN-FC4665,Quạt,Asia,Electrolux,2,1028132,0.03,1994576,0.08,159566,2154142,719000,1438000,556576,0.279,2154142,1994576,159566,1438000,1438000,131-Phải thu khách hàng,511-Doanh thu bán hàng,3331-Thuế GTGT đầu ra,632-Giá vốn hàng bán,156-Hàng hóa
INV20260600157,JV20260600157,SO20260600157,2026-06-02,HCM-Q7,NV006,Thẻ,KT-2ABC39,Ấm siêu tốc,Kangaroo,Mitsubishi,2,1085607,0.14,1867244,0.08,149379,2016623,685000,1370000,497244,0.2663,2016623,1867244,149379,1370000,1370000,131-Phải thu khách hàng,511-Doanh thu bán hàng,3331-Thuế GTGT đầu ra,632-Giá vốn hàng bán,156-Hàng hóa
INV20260600158,JV20260600158,SO20260600158,2026-06-10,HCM-Q1,NV007,Ví điện tử,RF-F96CEA,Tủ lạnh,LG 420L,Sharp,3,11286587,0.07,31489577,0.08,2519166,34008743,9645000,28935000,2554577,0.0811,34008743,31489577,2519166,28935000,28935000,131-Phải thu khách hàng,511-Doanh thu bán hàng,3331-Thuế GTGT đầu ra,632-Giá vốn hàng bán,156-Hàng hóa
INV20260600159,JV20260600159,SO20260600159,2026-06-09,CT-NK,NV024,Tiền mặt,RF-BFD1C6,Tủ lạnh,Aqua 250L,Electrolux,3,9823672,0.07,27408044,0.08,2192643,29600687,7925000,23775000,3633044,0.1326,29600687,27408044,2192643,23775000,23775000,131-Phải thu khách hàng,511-Doanh thu bán hàng,3331-Thuế GTGT đầu ra,632-Giá vốn hàng bán,156-Hàng hóa
INV20260600160,JV20260600160,SO20260600160,2026-06-15,DN-HC,NV027,Trả góp,MW-F2FBBA,Lò vi sóng,Panasonic 25L,Sunhouse,3,1552060,0.18,3818067,0.08,305445,4123512,1074000,3222000,596067,0.1561,4123512,3818067,305445,3222000,3222000,131-Phải thu khách hàng,511-Doanh thu bán hàng,3331-Thuế GTGT đầu ra,632-Giá vốn hàng bán,156-Hàng hóa
INV20260600161,JV20260600161,SO20260600161,2026-06-24,HN-HBT,NV024,Tiền mặt,MW-7ABF96,Lò vi sóng,Electrolux 23L,Panasonic,3,4335949,0.04,12487533,0.08,999002,13486535,3364000,10092000,2395533,0.1918,13486535,12487533,999002,10092000,10092000,131-Phải thu khách hàng,511-Doanh thu bán hàng,3331-Thuế GTGT đầu ra,632-Giá vốn hàng bán,156-Hàng hóa
INV20260600162,JV20260600162,SO20260600162,2026-06-15,BD-TDM,NV006,Chuyển khoản,KT-930F94,Ấm siêu tốc,Philips,Sony,1,917447,0.01,908272,0.08,72661,980933,576000,576000,332272,0.3658,980933,908272,72661,576000,576000,131-Phải thu khách hàng,511-Doanh thu bán hàng,3331-Thuế GTGT đầu ra,632-Giá vốn hàng bán,156-Hàng hóa
INV20260600163,JV20260600163,SO20260600163,2026-06-02,CT-NK,NV003,Trả góp,KT-C02AC0,Ấm siêu tốc,Kangaroo,Asia,1,1454853,0.15,1236625,0.08,98930,1335555,985000,985000,251625,0.2035,1335555,1236625,98930,985000,985000,131-Phải thu khách hàng,511-Doanh thu bán hàng,3331-Thuế GTGT đầu ra,632-Giá vốn hàng bán,156-Hàng hóa
INV20260600164,JV20260600164,SO20260600164,2026-06-27,HN-CG,NV025,Ví điện tử,BL-08E06D,Máy xay,Philips Blender,Casper,3,993369,0.03,2890703,0.08,231256,3121959,612000,1836000,1054703,0.3649,3121959,2890703,231256,1836000,1836000,131-Phải thu khách hàng,511-Doanh thu bán hàng,3331-Thuế GTGT đầu ra,632-Giá vốn hàng bán,156-Hàng hóa
INV20260600165,JV20260600165,SO20260600165,2026-06-08,HCM-TB,NV027,Chuyển khoản,RC-5F9026,Nồi cơm,Cuckoo 1.8L,Electrolux,1,832797,0.12,732861,0.08,58628,791489,485000,485000,247861,0.3382,791489,732861,58628,485000,485000,131-Phải thu khách hàng,511-Doanh thu bán hàng,3331-Thuế GTGT đầu ra,632-Giá vốn hàng bán,156-Hàng hóa
INV20260600166,JV20260600166,SO20260600166,2026-06-24,CT-NK,NV005,Chuyển khoản,TV-888A32,TV,"TCL 50""",Mitsubishi,1,22585399,0.08,20778567,0.08,1662285,22440852,18743000,18743000,2035567,0.098,22440852,20778567,1662285,18743000,18743000,131-Phải thu khách hàng,511-Doanh thu bán hàng,3331-Thuế GTGT đầu ra,632-Giá vốn hàng bán,156-Hàng hóa
INV20260600167,JV20260600167,SO20260600167,2026-06-22,DN-HC,NV002,Tiền mặt,VC-FDD792,Máy hút bụi,Philips FC,Casper,2,2377866,0.02,4660617,0.08,372849,5033466,1501000,3002000,1658617,0.3559,5033466,4660617,372849,3002000,3002000,131-Phải thu khách hàng,511-Doanh thu bán hàng,3331-Thuế GTGT đầu ra,632-Giá vốn hàng bán,156-Hàng hóa
INV20260600168,JV20260600168,SO20260600168,2026-06-15,CT-NK,NV004,Chuyển khoản,AC-4CE3DD,Máy lạnh,Panasonic 1.5HP,Samsung,2,9000499,0.05,17100948,0.08,1368075,18469023,6647000,13294000,3806948,0.2226,18469023,17100948,1368075,13294000,13294000,131-Phải thu khách hàng,511-Doanh thu bán hàng,3331-Thuế GTGT đầu ra,632-Giá vốn hàng bán,156-Hàng hóa
INV20260600169,JV20260600169,SO20260600169,2026-06-21,BD-TDM,NV027,Chuyển khoản,AC-4AA281,Máy lạnh,Casper 1HP,Samsung,1,8043252,0.18,6595466,0.08,527637,7123103,6251000,6251000,344466,0.0522,7123103,6595466,527637,6251000,6251000,131-Phải thu khách hàng,511-Doanh thu bán hàng,3331-Thuế GTGT đầu ra,632-Giá vốn hàng bán,156-Hàng hóa
INV20260600170,JV20260600170,SO20260600170,2026-06-11,CT-NK,NV014,Ví điện tử,RC-607743,Nồi cơm,Cuckoo 1.8L,LG,2,500273,0.05,950518,0.08,76041,1026559,341000,682000,268518,0.2825,1026559,950518,76041,682000,682000,131-Phải thu khách hàng,511-Doanh thu bán hàng,3331-Thuế GTGT đầu ra,632-Giá vốn hàng bán,156-Hàng hóa
INV20260600171,JV20260600171,SO20260600171,2026-06-11,CT-NK,NV001,Trả góp,RC-3C975D,Nồi cơm,Panasonic 1.8L,Samsung,3,1559557,0.06,4397950,0.08,351836,4749786,949000,2847000,1550950,0.3527,4749786,4397950,351836,2847000,2847000,131-Phải thu khách hàng,511-Doanh thu bán hàng,3331-Thuế GTGT đầu ra,632-Giá vốn hàng bán,156-Hàng hóa
INV20260600172,JV20260600172,SO20260600172,2026-06-18,CT-NK,NV017,Ví điện tử,BL-B69FDD,Máy xay,Sunhouse Blender,Mitsubishi,1,1556776,0.03,1510072,0.08,120805,1630877,902000,902000,608072,0.4027,1630877,1510072,120805,902000,902000,131-Phải thu khách hàng,511-Doanh thu bán hàng,3331-Thuế GTGT đầu ra,632-Giá vốn hàng bán,156-Hàng hóa
INV20260600173,JV20260600173,SO20260600173,2026-06-22,HCM-Q1,NV014,Ví điện tử,WM-4EAB5C,Máy giặt,Samsung 10kg,LG,3,5743586,0.03,16713835,0.08,1337106,18050941,4699000,14097000,2616835,0.1566,18050941,16713835,1337106,14097000,14097000,131-Phải thu khách hàng,511-Doanh thu bán hàng,3331-Thuế GTGT đầu ra,632-Giá vốn hàng bán,156-Hàng hóa
INV20260600174,JV20260600174,SO20260600174,2026-06-23,DN-HC,NV003,Thẻ,TV-74BDA3,TV,LG OLED 48,Sunhouse,2,20326340,0.17,33741724,0.08,2699337,36441061,15495000,30990000,2751724,0.0816,36441061,33741724,2699337,30990000,30990000,131-Phải thu khách hàng,511-Doanh thu bán hàng,3331-Thuế GTGT đầu ra,632-Giá vốn hàng bán,156-Hàng hóa
INV20260600175,JV20260600175,SO20260600175,2026-06-07,HCM-Q1,NV011,Ví điện tử,MW-C368CC,Lò vi sóng,Sharp 20L,Sunhouse,1,5359575,0.1,4823617,0.08,385889,5209506,3594000,3594000,1229617,0.2549,5209506,4823617,385889,3594000,3594000,131-Phải thu khách hàng,511-Doanh thu bán hàng,3331-Thuế GTGT đầu ra,632-Giá vốn hàng bán,156-Hàng hóa
INV20260600176,JV20260600176,SO20260600176,2026-06-14,HN-HBT,NV016,Ví điện tử,AC-C1535B,Máy lạnh,Panasonic 1.5HP,Asia,1,12467697,0.2,9974157,0.08,797932,10772089,10391000,10391000,-416843,-0.0418,10772089,9974157,797932,10391000,10391000,131-Phải thu khách hàng,511-Doanh thu bán hàng,3331-Thuế GTGT đầu ra,632-Giá vốn hàng bán,156-Hàng hóa
INV20260600177,JV20260600177,SO20260600177,2026-06-12,BD-TDM,NV020,Trả góp,BL-9D0A0A,Máy xay,Sunhouse Blender,Cuckoo,3,2070185,0.05,5900027,0.08,472002,6372029,1434000,4302000,1598027,0.2709,6372029,5900027,472002,4302000,4302000,131-Phải thu khách hàng,511-Doanh thu bán hàng,3331-Thuế GTGT đầu ra,632-Giá vốn hàng bán,156-Hàng hóa
INV20260600178,JV20260600178,SO20260600178,2026-06-04,HCM-Q1,NV001,Tiền mặt,BL-6730F4,Máy xay,Panasonic Blender,Sharp,2,1479109,0.13,2573649,0.08,205891,2779540,1020000,2040000,533649,0.2074,2779540,2573649,205891,2040000,2040000,131-Phải thu khách hàng,511-Doanh thu bán hàng,3331-Thuế GTGT đầu ra,632-Giá vốn hàng bán,156-Hàng hóa
INV20260600179,JV20260600179,SO20260600179,2026-06-16,HCM-Q7,NV019,Chuyển khoản,MW-D62048,Lò vi sóng,Panasonic 25L,Xiaomi,3,1453991,0.04,4187494,0.08,334999,4522493,1108000,3324000,863494,0.2062,4522493,4187494,334999,3324000,3324000,131-Phải thu khách hàng,511-Doanh thu bán hàng,3331-Thuế GTGT đầu ra,632-Giá vốn hàng bán,156-Hàng hóa
INV20260600180,JV20260600180,SO20260600180,2026-06-25,HN-HBT,NV015,Ví điện tử,TV-EB02E5,TV,"Sony 65""",Mitsubishi,2,21405969,0.1,38530744,0.08,3082459,41613203,17186000,34372000,4158744,0.1079,41613203,38530744,3082459,34372000,34372000,131-Phải thu khách hàng,511-Doanh thu bán hàng,3331-Thuế GTGT đầu ra,632-Giá vốn hàng bán,156-Hàng hóa
INV20260600181,JV20260600181,SO20260600181,2026-06-12,DN-HC,NV007,Trả góp,FN-E10178,Quạt,Panasonic,Xiaomi,1,1825730,0.01,1807472,0.08,144597,1952069,1344000,1344000,463472,0.2564,1952069,1807472,144597,1344000,1344000,131-Phải thu khách hàng,511-Doanh thu bán hàng,3331-Thuế GTGT đầu ra,632-Giá vốn hàng bán,156-Hàng hóa
INV20260600182,JV20260600182,SO20260600182,2026-06-01,CT-NK,NV001,Ví điện tử,RC-DFEBAA,Nồi cơm,Sharp 1.8L,LG,3,3699505,0.07,10321618,0.08,825729,11147347,2640000,7920000,2401618,0.2327,11147347,10321618,825729,7920000,7920000,131-Phải thu khách hàng,511-Doanh thu bán hàng,3331-Thuế GTGT đầu ra,632-Giá vốn hàng bán,156-Hàng hóa
INV20260600183,JV20260600183,SO20260600183,2026-06-06,HCM-Q7,NV007,Chuyển khoản,BL-AED849,Máy xay,Panasonic Blender,Electrolux,1,1183208,0.13,1029390,0.08,82351,1111741,763000,763000,266390,0.2588,1111741,1029390,82351,763000,763000,131-Phải thu khách hàng,511-Doanh thu bán hàng,3331-Thuế GTGT đầu ra,632-Giá vốn hàng bán,156-Hàng hóa
INV20260600184,JV20260600184,SO20260600184,2026-06-11,BD-TDM,NV008,Chuyển khoản,MW-FB2461,Lò vi sóng,Electrolux 23L,Senko,3,4038343,0.14,10418924,0.08,833513,11252437,2781000,8343000,2075924,0.1992,11252437,10418924,833513,8343000,8343000,131-Phải thu khách hàng,511-Doanh thu bán hàng,3331-Thuế GTGT đầu ra,632-Giá vốn hàng bán,156-Hàng hóa
INV20260600185,JV20260600185,SO20260600185,2026-06-15,HCM-Q7,NV001,Chuyển khoản,KT-881318,Ấm siêu tốc,Sunhouse,Sony,1,923487,0.02,905017,0.08,72401,977418,518000,518000,387017,0.4276,977418,905017,72401,518000,518000,131-Phải thu khách hàng,511-Doanh thu bán hàng,3331-Thuế GTGT đầu ra,632-Giá vốn hàng bán,156-Hàng hóa
INV20260600186,JV20260600186,SO20260600186,2026-06-05,HN-HBT,NV008,Trả góp,VC-CF166B,Máy hút bụi,Philips FC,Senko,2,10662996,0.14,18340353,0.08,1467228,19807581,7540000,15080000,3260353,0.1778,19807581,18340353,1467228,15080000,15080000,131-Phải thu khách hàng,511-Doanh thu bán hàng,3331-Thuế GTGT đầu ra,632-Giá vốn hàng bán,156-Hàng hóa
INV20260600187,JV20260600187,SO20260600187,2026-06-07,HN-CG,NV024,Thẻ,WM-9F9723,Máy giặt,LG 9kg,Mitsubishi,2,17835517,0.01,35314323,0.08,2825145,38139468,14553000,29106000,6208323,0.1758,38139468,35314323,2825145,29106000,29106000,131-Phải thu khách hàng,511-Doanh thu bán hàng,3331-Thuế GTGT đầu ra,632-Giá vốn hàng bán,156-Hàng hóa
INV20260600188,JV20260600188,SO20260600188,2026-06-24,HCM-Q1,NV024,Chuyển khoản,RF-CAB84B,Tủ lạnh,Samsung Inverter 350L,Senko,3,7924313,0.15,20206998,0.08,1616559,21823557,5980000,17940000,2266998,0.1122,21823557,20206998,1616559,17940000,17940000,131-Phải thu khách hàng,511-Doanh thu bán hàng,3331-Thuế GTGT đầu ra,632-Giá vốn hàng bán,156-Hàng hóa
INV20260600189,JV20260600189,SO20260600189,2026-06-25,HCM-TB,NV010,Chuyển khoản,MW-03CA06,Lò vi sóng,Electrolux 23L,Aqua,3,2271157,0.03,6609066,0.08,528725,7137791,1563000,4689000,1920066,0.2905,7137791,6609066,528725,4689000,4689000,131-Phải thu khách hàng,511-Doanh thu bán hàng,3331-Thuế GTGT đầu ra,632-Giá vốn hàng bán,156-Hàng hóa
INV20260600190,JV20260600190,SO20260600190,2026-06-20,CT-NK,NV029,Trả góp,VC-FA3352,Máy hút bụi,Dyson V8,Aqua,3,7413492,0.02,21795666,0.08,1743653,23539319,4938000,14814000,6981666,0.3203,23539319,21795666,1743653,14814000,14814000,131-Phải thu khách hàng,511-Doanh thu bán hàng,3331-Thuế GTGT đầu ra,632-Giá vốn hàng bán,156-Hàng hóa
INV20260600191,JV20260600191,SO20260600191,2026-06-12,CT-NK,NV016,Ví điện tử,WM-1ED27C,Máy giặt,Panasonic 8.5kg,Cuckoo,1,7302907,0.03,7083819,0.08,566705,7650524,5382000,5382000,1701819,0.2402,7650524,7083819,566705,5382000,5382000,131-Phải thu khách hàng,511-Doanh thu bán hàng,3331-Thuế GTGT đầu ra,632-Giá vốn hàng bán,156-Hàng hóa
INV20260600192,JV20260600192,SO20260600192,2026-06-06,BD-TDM,NV009,Ví điện tử,RF-20BB5C,Tủ lạnh,Panasonic 300L,Sharp,1,15777913,0.06,14831238,0.08,1186499,16017737,12251000,12251000,2580238,0.174,16017737,14831238,1186499,12251000,12251000,131-Phải thu khách hàng,511-Doanh thu bán hàng,3331-Thuế GTGT đầu ra,632-Giá vốn hàng bán,156-Hàng hóa
INV20260600193,JV20260600193,SO20260600193,2026-06-29,HCM-TB,NV011,Tiền mặt,AC-BBBEF9,Máy lạnh,Casper 1HP,Sharp,1,12783019,0.2,10226415,0.08,818113,11044528,10580000,10580000,-353585,-0.0346,11044528,10226415,818113,10580000,10580000,131-Phải thu khách hàng,511-Doanh thu bán hàng,3331-Thuế GTGT đầu ra,632-Giá vốn hàng bán,156-Hàng hóa
INV20260600194,JV20260600194,SO20260600194,2026-06-02,HCM-TB,NV028,Ví điện tử,RC-C8DD6A,Nồi cơm,Panasonic 1.8L,LG,1,597135,0.18,489650,0.08,39172,528822,413000,413000,76650,0.1565,528822,489650,39172,413000,413000,131-Phải thu khách hàng,511-Doanh thu bán hàng,3331-Thuế GTGT đầu ra,632-Giá vốn hàng bán,156-Hàng hóa
INV20260600195,JV20260600195,SO20260600195,2026-06-16,CT-NK,NV030,Tiền mặt,MW-3E4330,Lò vi sóng,Sharp 20L,Samsung,2,1357530,0.06,2552156,0.08,204172,2756328,1018000,2036000,516156,0.2022,2756328,2552156,204172,2036000,2036000,131-Phải thu khách hàng,511-Doanh thu bán hàng,3331-Thuế GTGT đầu ra,632-Giá vốn hàng bán,156-Hàng hóa
INV20260600196,JV20260600196,SO20260600196,2026-06-10,HN-CG,NV015,Tiền mặt,RF-4D9AFB,Tủ lạnh,Aqua 250L,Aqua,1,18042819,0.09,16418965,0.08,1313517,17732482,14562000,14562000,1856965,0.1131,17732482,16418965,1313517,14562000,14562000,131-Phải thu khách hàng,511-Doanh thu bán hàng,3331-Thuế GTGT đầu ra,632-Giá vốn hàng bán,156-Hàng hóa
INV20260600197,JV20260600197,SO20260600197,2026-06-24,CT-NK,NV017,Trả góp,VC-FDD792,Máy hút bụi,Philips FC,Casper,2,2143531,0.07,3986967,0.08,318957,4305924,1621000,3242000,744967,0.1869,4305924,3986967,318957,3242000,3242000,131-Phải thu khách hàng,511-Doanh thu bán hàng,3331-Thuế GTGT đầu ra,632-Giá vốn hàng bán,156-Hàng hóa
INV20260600198,JV20260600198,SO20260600198,2026-06-17,CT-NK,NV019,Trả góp,MW-8E4E78,Lò vi sóng,Panasonic 25L,Casper,2,1793796,0.07,3336460,0.08,266916,3603376,1194000,2388000,948460,0.2843,3603376,3336460,266916,2388000,2388000,131-Phải thu khách hàng,511-Doanh thu bán hàng,3331-Thuế GTGT đầu ra,632-Giá vốn hàng bán,156-Hàng hóa
INV20260600199,JV20260600199,SO20260600199,2026-06-29,BD-TDM,NV006,Chuyển khoản,WM-758BD9,Máy giặt,Panasonic 8.5kg,Xiaomi,3,7347181,0.17,18294480,0.08,1463558,19758038,5528000,16584000,1710480,0.0935,19758038,18294480,1463558,16584000,16584000,131-Phải thu khách hàng,511-Doanh thu bán hàng,3331-Thuế GTGT đầu ra,632-Giá vốn hàng bán,156-Hàng hóa
INV20260600200,JV20260600200,SO20260600200,2026-06-28,HN-CG,NV020,Trả góp,RC-CA9512,Nồi cơm,Sharp 1.8L,Philips,1,983858,0.1,885472,0.08,70837,956309,685000,685000,200472,0.2264,956309,885472,70837,685000,685000,131-Phải thu khách hàng,511-Doanh thu bán hàng,3331-Thuế GTGT đầu ra,632-Giá vốn hàng bán,156-Hàng hóa
INV20260600201,JV20260600201,SO20260600201,2026-06-29,CT-NK,NV012,Chuyển khoản,RF-4D4BA4,Tủ lạnh,Aqua 250L,Philips,2,12566170,0.14,21613812,0.08,1729104,23342916,9345000,18690000,2923812,0.1353,23342916,21613812,1729104,18690000,18690000,131-Phải thu khách hàng,511-Doanh thu bán hàng,3331-Thuế GTGT đầu ra,632-Giá vốn hàng bán,156-Hàng hóa
INV20260600202,JV20260600202,SO20260600202,2026-06-04,HCM-Q1,NV005,Ví điện tử,AC-0877C5,Máy lạnh,Daikin 1HP,Sony,2,13160549,0.06,24741832,0.08,1979346,26721178,10347000,20694000,4047832,0.1636,26721178,24741832,1979346,20694000,20694000,131-Phải thu khách hàng,511-Doanh thu bán hàng,3331-Thuế GTGT đầu ra,632-Giá vốn hàng bán,156-Hàng hóa
INV20260600203,JV20260600203,SO20260600203,2026-06-03,HCM-TB,NV017,Ví điện tử,FN-47B1B0,Quạt,Senko,Toshiba,3,1014445,0.16,2556401,0.08,204512,2760913,582000,1746000,810401,0.317,2760913,2556401,204512,1746000,1746000,131-Phải thu khách hàng,511-Doanh thu bán hàng,3331-Thuế GTGT đầu ra,632-Giá vốn hàng bán,156-Hàng hóa
INV20260600204,JV20260600204,SO20260600204,2026-06-03,HN-HBT,NV026,Ví điện tử,TV-7839D5,TV,"TCL 50""",Xiaomi,2,7844728,0.17,13022248,0.08,1041779,14064027,6101000,12202000,820248,0.063,14064027,13022248,1041779,12202000,12202000,131-Phải thu khách hàng,511-Doanh thu bán hàng,3331-Thuế GTGT đầu ra,632-Giá vốn hàng bán,156-Hàng hóa
INV20260600205,JV20260600205,SO20260600205,2026-06-05,CT-NK,NV002,Chuyển khoản,AC-029767,Máy lạnh,Daikin 1HP,Sunhouse,1,16713213,0.14,14373363,0.08,1149869,15523232,11849000,11849000,2524363,0.1756,15523232,14373363,1149869,11849000,11849000,131-Phải thu khách hàng,511-Doanh thu bán hàng,3331-Thuế GTGT đầu ra,632-Giá vốn hàng bán,156-Hàng hóa
INV20260600206,JV20260600206,SO20260600206,2026-06-14,BD-TDM,NV006,Trả góp,MW-D3DB9C,Lò vi sóng,Sharp 20L,Aqua,1,5468882,0.16,4593860,0.08,367508,4961368,3477000,3477000,1116860,0.2431,4961368,4593860,367508,3477000,3477000,131-Phải thu khách hàng,511-Doanh thu bán hàng,3331-Thuế GTGT đầu ra,632-Giá vốn hàng bán,156-Hàng hóa
INV20260600207,JV20260600207,SO20260600207,2026-06-25,HN-CG,NV024,Trả góp,TV-41AACD,TV,"Samsung 55"" 4K",Daikin,3,32969767,0.2,79127440,0.08,6330195,85457635,28268000,84804000,-5676560,-0.0717,85457635,79127440,6330195,84804000,84804000,131-Phải thu khách hàng,511-Doanh thu bán hàng,3331-Thuế GTGT đầu ra,632-Giá vốn hàng bán,156-Hàng hóa
INV20260600208,JV20260600208,SO20260600208,2026-06-19,HN-CG,NV008,Thẻ,WM-6CA151,Máy giặt,LG 9kg,Philips,2,5372047,0.18,8810157,0.08,704812,9514969,3962000,7924000,886157,0.1006,9514969,8810157,704812,7924000,7924000,131-Phải thu khách hàng,511-Doanh thu bán hàng,3331-Thuế GTGT đầu ra,632-Giá vốn hàng bán,156-Hàng hóa
INV20260600209,JV20260600209,SO20260600209,2026-06-10,HCM-TB,NV003,Trả góp,WM-B2AB72,Máy giặt,Toshiba 9kg,Casper,3,11440188,0.17,28486068,0.08,2278885,30764953,9120000,27360000,1126068,0.0395,30764953,28486068,2278885,27360000,27360000,131-Phải thu khách hàng,511-Doanh thu bán hàng,3331-Thuế GTGT đầu ra,632-Giá vốn hàng bán,156-Hàng hóa
INV20260600210,JV20260600210,SO20260600210,2026-06-21,HN-HBT,NV022,Tiền mặt,RC-4F65B1,Nồi cơm,Sunhouse 1.2L,Casper,2,626273,0.03,1214969,0.08,97197,1312166,379000,758000,456969,0.3761,1312166,1214969,97197,758000,758000,131-Phải thu khách hàng,511-Doanh thu bán hàng,3331-Thuế GTGT đầu ra,632-Giá vốn hàng bán,156-Hàng hóa
INV20260600211,JV20260600211,SO20260600211,2026-06-04,CT-NK,NV016,Thẻ,KT-619E7F,Ấm siêu tốc,Sunhouse,Cuckoo,3,519774,0.14,1341016,0.08,107281,1448297,302000,906000,435016,0.3244,1448297,1341016,107281,906000,906000,131-Phải thu khách hàng,511-Doanh thu bán hàng,3331-Thuế GTGT đầu ra,632-Giá vốn hàng bán,156-Hàng hóa
INV20260600212,JV20260600212,SO20260600212,2026-06-28,BD-TDM,NV010,Trả góp,RC-6CF84A,Nồi cơm,Cuckoo 1.8L,Daikin,2,2601467,0.09,4734669,0.08,378773,5113442,1546000,3092000,1642669,0.3469,5113442,4734669,378773,3092000,3092000,131-Phải thu khách hàng,511-Doanh thu bán hàng,3331-Thuế GTGT đầu ra,632-Giá vốn hàng bán,156-Hàng hóa
INV20260600213,JV20260600213,SO20260600213,2026-06-17,DN-HC,NV016,Chuyển khoản,KT-DB0B2F,Ấm siêu tốc,Sunhouse,Mitsubishi,1,760117,0.19,615694,0.08,49255,664949,420000,420000,195694,0.3178,664949,615694,49255,420000,420000,131-Phải thu khách hàng,511-Doanh thu bán hàng,3331-Thuế GTGT đầu ra,632-Giá vốn hàng bán,156-Hàng hóa
INV20260600214,JV20260600214,SO20260600214,2026-06-17,HN-CG,NV001,Trả góp,BL-A57566,Máy xay,Panasonic Blender,Aqua,1,1198670,0.15,1018869,0.08,81509,1100378,695000,695000,323869,0.3179,1100378,1018869,81509,695000,695000,131-Phải thu khách hàng,511-Doanh thu bán hàng,3331-Thuế GTGT đầu ra,632-Giá vốn hàng bán,156-Hàng hóa
INV20260600215,JV20260600215,SO20260600215,2026-06-07,HCM-Q7,NV003,Thẻ,KT-4D110F,Ấm siêu tốc,Kangaroo,Toshiba,3,1141211,0.19,2773142,0.08,221851,2994993,601000,1803000,970142,0.3498,2994993,2773142,221851,1803000,1803000,131-Phải thu khách hàng,511-Doanh thu bán hàng,3331-Thuế GTGT đầu ra,632-Giá vốn hàng bán,156-Hàng hóa
INV20260600216,JV20260600216,SO20260600216,2026-06-13,BD-TDM,NV018,Trả góp,TV-249EF8,TV,"Samsung 55"" 4K",Samsung,2,16936436,0.09,30824313,0.08,2465945,33290258,13141000,26282000,4542313,0.1474,33290258,30824313,2465945,26282000,26282000,131-Phải thu khách hàng,511-Doanh thu bán hàng,3331-Thuế GTGT đầu ra,632-Giá vốn hàng bán,156-Hàng hóa
INV20260600217,JV20260600217,SO20260600217,2026-06-30,BD-TDM,NV008,Chuyển khoản,AC-9162CC,Máy lạnh,Mitsubishi 1.5HP,Philips,3,10764573,0.16,27126723,0.08,2170137,29296860,8359000,25077000,2049723,0.0756,29296860,27126723,2170137,25077000,25077000,131-Phải thu khách hàng,511-Doanh thu bán hàng,3331-Thuế GTGT đầu ra,632-Giá vốn hàng bán,156-Hàng hóa
INV20260600218,JV20260600218,SO20260600218,2026-06-02,HCM-TB,NV012,Ví điện tử,TV-8A011F,TV,LG OLED 48,Philips,1,14877011,0.04,14281930,0.08,1142554,15424484,11667000,11667000,2614930,0.1831,15424484,14281930,1142554,11667000,11667000,131-Phải thu khách hàng,511-Doanh thu bán hàng,3331-Thuế GTGT đầu ra,632-Giá vốn hàng bán,156-Hàng hóa
INV20260600219,JV20260600219,SO20260600219,2026-06-23,HCM-TB,NV015,Chuyển khoản,VC-DAE72D,Máy hút bụi,Dyson V8,Sharp,2,5925493,0.11,10547377,0.08,843790,11391167,3853000,7706000,2841377,0.2694,11391167,10547377,843790,7706000,7706000,131-Phải thu khách hàng,511-Doanh thu bán hàng,3331-Thuế GTGT đầu ra,632-Giá vốn hàng bán,156-Hàng hóa
INV20260600220,JV20260600220,SO20260600220,2026-06-11,HCM-Q1,NV007,Ví điện tử,RF-0C269E,Tủ lạnh,Panasonic 300L,Philips,3,11765452,0.19,28590048,0.08,2287203,30877251,9980000,29940000,-1349952,-0.0472,30877251,28590048,2287203,29940000,29940000,131-Phải thu khách hàng,511-Doanh thu bán hàng,3331-Thuế GTGT đầu ra,632-Giá vốn hàng bán,156-Hàng hóa
INV20260600221,JV20260600221,SO20260600221,2026-06-13,HCM-Q7,NV013,Ví điện tử,RC-C7DE50,Nồi cơm,Cuckoo 1.8L,Cuckoo,2,688537,0.1,1239366,0.08,99149,1338515,513000,1026000,213366,0.1722,1338515,1239366,99149,1026000,1026000,131-Phải thu khách hàng,511-Doanh thu bán hàng,3331-Thuế GTGT đầu ra,632-Giá vốn hàng bán,156-Hàng hóa
INV20260600222,JV20260600222,SO20260600222,2026-06-02,HN-CG,NV004,Tiền mặt,AC-4E849A,Máy lạnh,Daikin 1HP,Philips,1,21283011,0.15,18090559,0.08,1447244,19537803,15808000,15808000,2282559,0.1262,19537803,18090559,1447244,15808000,15808000,131-Phải thu khách hàng,511-Doanh thu bán hàng,3331-Thuế GTGT đầu ra,632-Giá vốn hàng bán,156-Hàng hóa
INV20260600223,JV20260600223,SO20260600223,2026-06-16,HN-CG,NV005,Thẻ,BL-7EF713,Máy xay,Sunhouse Blender,Sharp,3,2688349,0.07,7500493,0.08,600039,8100532,1756000,5268000,2232493,0.2976,8100532,7500493,600039,5268000,5268000,131-Phải thu khách hàng,511-Doanh thu bán hàng,3331-Thuế GTGT đầu ra,632-Giá vốn hàng bán,156-Hàng hóa
INV20260600224,JV20260600224,SO20260600224,2026-06-18,HN-CG,NV028,Trả góp,VC-6858E9,Máy hút bụi,Xiaomi G10,Sharp,2,7502273,0.15,12753864,0.08,1020309,13774173,4686000,9372000,3381864,0.2652,13774173,12753864,1020309,9372000,9372000,131-Phải thu khách hàng,511-Doanh thu bán hàng,3331-Thuế GTGT đầu ra,632-Giá vốn hàng bán,156-Hàng hóa
INV20260600225,JV20260600225,SO20260600225,2026-06-10,DN-HC,NV002,Ví điện tử,AC-D15C8F,Máy lạnh,Daikin 1HP,Xiaomi,2,18385581,0.04,35300315,0.08,2824025,38124340,14982000,29964000,5336315,0.1512,38124340,35300315,2824025,29964000,29964000,131-Phải thu khách hàng,511-Doanh thu bán hàng,3331-Thuế GTGT đầu ra,632-Giá vốn hàng bán,156-Hàng hóa
INV20260600226,JV20260600226,SO20260600226,2026-06-16,HCM-Q1,NV003,Tiền mặt,VC-AA028D,Máy hút bụi,Xiaomi G10,Daikin,3,1952624,0.13,5096348,0.08,407707,5504055,1219000,3657000,1439348,0.2824,5504055,5096348,407707,3657000,3657000,131-Phải thu khách hàng,511-Doanh thu bán hàng,3331-Thuế GTGT đầu ra,632-Giá vốn hàng bán,156-Hàng hóa
INV20260600227,JV20260600227,SO20260600227,2026-06-12,HCM-Q1,NV021,Thẻ,RC-007FFA,Nồi cơm,Sharp 1.8L,Cuckoo,1,1085429,0.17,900906,0.08,72072,972978,698000,698000,202906,0.2252,972978,900906,72072,698000,698000,131-Phải thu khách hàng,511-Doanh thu bán hàng,3331-Thuế GTGT đầu ra,632-Giá vốn hàng bán,156-Hàng hóa
INV20260600228,JV20260600228,SO20260600228,2026-06-03,HN-CG,NV019,Thẻ,RF-BFD1C6,Tủ lạnh,Aqua 250L,Electrolux,2,18001178,0.07,33482191,0.08,2678575,36160766,14022000,28044000,5438191,0.1624,36160766,33482191,2678575,28044000,28044000,131-Phải thu khách hàng,511-Doanh thu bán hàng,3331-Thuế GTGT đầu ra,632-Giá vốn hàng bán,156-Hàng hóa
INV20260600229,JV20260600229,SO20260600229,2026-06-11,HCM-Q1,NV023,Trả góp,RF-A94B66,Tủ lạnh,Panasonic 300L,Xiaomi,3,11791797,0.16,29715328,0.08,2377226,32092554,9187000,27561000,2154328,0.0725,32092554,29715328,2377226,27561000,27561000,131-Phải thu khách hàng,511-Doanh thu bán hàng,3331-Thuế GTGT đầu ra,632-Giá vốn hàng bán,156-Hàng hóa
INV20260600230,JV20260600230,SO20260600230,2026-06-02,CT-NK,NV022,Ví điện tử,RF-281021,Tủ lạnh,Samsung Inverter 350L,Cuckoo,3,20853812,0.16,52551606,0.08,4204128,56755734,15837000,47511000,5040606,0.0959,56755734,52551606,4204128,47511000,47511000,131-Phải thu khách hàng,511-Doanh thu bán hàng,3331-Thuế GTGT đầu ra,632-Giá vốn hàng bán,156-Hàng hóa
INV20260600231,JV20260600231,SO20260600231,2026-06-19,HCM-Q1,NV004,Tiền mặt,RC-30A967,Nồi cơm,Sharp 1.8L,Mitsubishi,1,3140192,0.11,2794770,0.08,223581,3018351,2035000,2035000,759770,0.2719,3018351,2794770,223581,2035000,2035000,131-Phải thu khách hàng,511-Doanh thu bán hàng,3331-Thuế GTGT đầu ra,632-Giá vốn hàng bán,156-Hàng hóa
INV20260600232,JV20260600232,SO20260600232,2026-06-06,HCM-Q7,NV018,Ví điện tử,AC-F32BBC,Máy lạnh,Mitsubishi 1.5HP,Mitsubishi,1,10744604,0.07,9992481,0.08,799398,10791879,8701000,8701000,1291481,0.1292,10791879,9992481,799398,8701000,8701000,131-Phải thu khách hàng,511-Doanh thu bán hàng,3331-Thuế GTGT đầu ra,632-Giá vốn hàng bán,156-Hàng hóa
INV20260600233,JV20260600233,SO20260600233,2026-06-20,HCM-Q1,NV016,Trả góp,WM-016674,Máy giặt,Samsung 10kg,Sunhouse,2,4749198,0.0,9498396,0.08,759871,10258267,3888000,7776000,1722396,0.1813,10258267,9498396,759871,7776000,7776000,131-Phải thu khách hàng,511-Doanh thu bán hàng,3331-Thuế GTGT đầu ra,632-Giá vốn hàng bán,156-Hàng hóa
INV20260600234,JV20260600234,SO20260600234,2026-06-11,HCM-Q7,NV020,Chuyển khoản,AC-1FFCA0,Máy lạnh,Mitsubishi 1.5HP,Asia,3,11617488,0.14,29973119,0.08,2397849,32370968,8321000,24963000,5010119,0.1672,32370968,29973119,2397849,24963000,24963000,131-Phải thu khách hàng,511-Doanh thu bán hàng,3331-Thuế GTGT đầu ra,632-Giá vốn hàng bán,156-Hàng hóa
INV20260600235,JV20260600235,SO20260600235,2026-06-30,HCM-TB,NV014,Thẻ,AC-249FC9,Máy lạnh,Daikin 1HP,Panasonic,2,10423619,0.15,17720152,0.08,1417612,19137764,7719000,15438000,2282152,0.1288,19137764,17720152,1417612,15438000,15438000,131-Phải thu khách hàng,511-Doanh thu bán hàng,3331-Thuế GTGT đầu ra,632-Giá vốn hàng bán,156-Hàng hóa
INV20260600236,JV20260600236,SO20260600236,2026-06-26,DN-HC,NV021,Tiền mặt,KT-9065A4,Ấm siêu tốc,Philips,Mitsubishi,1,1273331,0.01,1260597,0.08,100847,1361444,841000,841000,419597,0.3329,1361444,1260597,100847,841000,841000,131-Phải thu khách hàng,511-Doanh thu bán hàng,3331-Thuế GTGT đầu ra,632-Giá vốn hàng bán,156-Hàng hóa
INV20260600237,JV20260600237,SO20260600237,2026-06-11,HCM-Q1,NV024,Trả góp,VC-BEE8C8,Máy hút bụi,Xiaomi G10,Asia,2,3420554,0.01,6772696,0.08,541815,7314511,2451000,4902000,1870696,0.2762,7314511,6772696,541815,4902000,4902000,131-Phải thu khách hàng,511-Doanh thu bán hàng,3331-Thuế GTGT đầu ra,632-Giá vốn hàng bán,156-Hàng hóa
INV20260600238,JV20260600238,SO20260600238,2026-06-15,CT-NK,NV004,Chuyển khoản,AC-9162CC,Máy lạnh,Mitsubishi 1.5HP,Philips,3,16737637,0.03,48706523,0.08,3896521,52603044,13340000,40020000,8686523,0.1783,52603044,48706523,3896521,40020000,40020000,131-Phải thu khách hàng,511-Doanh thu bán hàng,3331-Thuế GTGT đầu ra,632-Giá vốn hàng bán,156-Hàng hóa
INV20260600239,JV20260600239,SO20260600239,2026-06-28,DN-HC,NV017,Ví điện tử,MW-8EFC71,Lò vi sóng,Electrolux 23L,Cuckoo,2,2288152,0.11,4072910,0.08,325832,4398742,1682000,3364000,708910,0.1741,4398742,4072910,325832,3364000,3364000,131-Phải thu khách hàng,511-Doanh thu bán hàng,3331-Thuế GTGT đầu ra,632-Giá vốn hàng bán,156-Hàng hóa
INV20260600240,JV20260600240,SO20260600240,2026-06-13,HN-HBT,NV009,Chuyển khoản,AC-9A4340,Máy lạnh,Panasonic 1.5HP,Daikin,2,18277701,0.09,33265415,0.08,2661233,35926648,13188000,26376000,6889415,0.2071,35926648,33265415,2661233,26376000,26376000,131-Phải thu khách hàng,511-Doanh thu bán hàng,3331-Thuế GTGT đầu ra,632-Giá vốn hàng bán,156-Hàng hóa
INV20260600241,JV20260600241,SO20260600241,2026-06-09,HN-CG,NV014,Trả góp,RF-742B7E,Tủ lạnh,Samsung Inverter 350L,Asia,2,15719566,0.01,31124740,0.08,2489979,33614719,12598000,25196000,5928740,0.1905,33614719,31124740,2489979,25196000,25196000,131-Phải thu khách hàng,511-Doanh thu bán hàng,3331-Thuế GTGT đầu ra,632-Giá vốn hàng bán,156-Hàng hóa
INV20260600242,JV20260600242,SO20260600242,2026-06-19,HCM-TB,NV009,Ví điện tử,VC-FA3352,Máy hút bụi,Dyson V8,Aqua,1,11434842,0.01,11320493,0.08,905639,12226132,8844000,8844000,2476493,0.2188,12226132,11320493,905639,8844000,8844000,131-Phải thu khách hàng,511-Doanh thu bán hàng,3331-Thuế GTGT đầu ra,632-Giá vốn hàng bán,156-Hàng hóa
INV20260600243,JV20260600243,SO20260600243,2026-06-06,CT-NK,NV009,Chuyển khoản,TV-91B89E,TV,"TCL 50""",Toshiba,1,29565399,0.02,28974091,0.08,2317927,31292018,24122000,24122000,4852091,0.1675,31292018,28974091,2317927,24122000,24122000,131-Phải thu khách hàng,511-Doanh thu bán hàng,3331-Thuế GTGT đầu ra,632-Giá vốn hàng bán,156-Hàng hóa
INV20260600244,JV20260600244,SO20260600244,2026-06-13,BD-TDM,NV003,Ví điện tử,KT-930F94,Ấm siêu tốc,Philips,Sony,1,849421,0.15,722007,0.08,57760,779767,564000,564000,158007,0.2188,779767,722007,57760,564000,564000,131-Phải thu khách hàng,511-Doanh thu bán hàng,3331-Thuế GTGT đầu ra,632-Giá vốn hàng bán,156-Hàng hóa
INV20260600245,JV20260600245,SO20260600245,2026-06-11,HCM-Q1,NV011,Tiền mặt,MW-278BC7,Lò vi sóng,Electrolux 23L,Mitsubishi,1,3223826,0.18,2643537,0.08,211482,2855019,2125000,2125000,518537,0.1962,2855019,2643537,211482,2125000,2125000,131-Phải thu khách hàng,511-Doanh thu bán hàng,3331-Thuế GTGT đầu ra,632-Giá vốn hàng bán,156-Hàng hóa
INV20260600246,JV20260600246,SO20260600246,2026-06-10,HCM-TB,NV027,Tiền mặt,VC-DD459E,Máy hút bụi,Dyson V8,Asia,2,2306882,0.0,4613764,0.08,369101,4982865,1410000,2820000,1793764,0.3888,4982865,4613764,369101,2820000,2820000,131-Phải thu khách hàng,511-Doanh thu bán hàng,3331-Thuế GTGT đầu ra,632-Giá vốn hàng bán,156-Hàng hóa
INV20260600247,JV20260600247,SO20260600247,2026-06-10,HN-HBT,NV028,Thẻ,VC-D86280,Máy hút bụi,Philips FC,Mitsubishi,2,9913277,0.05,18835226,0.08,1506818,20342044,6174000,12348000,6487226,0.3444,20342044,18835226,1506818,12348000,12348000,131-Phải thu khách hàng,511-Doanh thu bán hàng,3331-Thuế GTGT đầu ra,632-Giá vốn hàng bán,156-Hàng hóa
INV20260600248,JV20260600248,SO20260600248,2026-06-07,HCM-Q1,NV001,Chuyển khoản,AC-3E9D78,Máy lạnh,Mitsubishi 1.5HP,Electrolux,3,8358386,0.18,20561629,0.08,1644930,22206559,5908000,17724000,2837629,0.138,22206559,20561629,1644930,17724000,17724000,131-Phải thu khách hàng,511-Doanh thu bán hàng,3331-Thuế GTGT đầu ra,632-Giá vốn hàng bán,156-Hàng hóa
INV20260600249,JV20260600249,SO20260600249,2026-06-17,HCM-Q7,NV007,Thẻ,AC-9068F8,Máy lạnh,Panasonic 1.5HP,Cuckoo,2,9858709,0.17,16365456,0.08,1309236,17674692,6943000,13886000,2479456,0.1515,17674692,16365456,1309236,13886000,13886000,131-Phải thu khách hàng,511-Doanh thu bán hàng,3331-Thuế GTGT đầu ra,632-Giá vốn hàng bán,156-Hàng hóa
INV20260600250,JV20260600250,SO20260600250,2026-06-07,CT-NK,NV003,Thẻ,FN-3C43A6,Quạt,Asia,Philips,3,655573,0.13,1711045,0.08,136883,1847928,390000,1170000,541045,0.3162,1847928,1711045,136883,1170000,1170000,131-Phải thu khách hàng,511-Doanh thu bán hàng,3331-Thuế GTGT đầu ra,632-Giá vốn hàng bán,156-Hàng hóa
INV20260600251,JV20260600251,SO20260600251,2026-06-20,HN-CG,NV006,Trả góp,FN-B2666C,Quạt,Panasonic,Daikin,2,1847851,0.18,3030475,0.08,242438,3272913,1030000,2060000,970475,0.3202,3272913,3030475,242438,2060000,2060000,131-Phải thu khách hàng,511-Doanh thu bán hàng,3331-Thuế GTGT đầu ra,632-Giá vốn hàng bán,156-Hàng hóa
INV20260600252,JV20260600252,SO20260600252,2026-06-15,HN-CG,NV009,Trả góp,KT-897605,Ấm siêu tốc,Sunhouse,Toshiba,1,671273,0.09,610858,0.08,48868,659726,462000,462000,148858,0.2437,659726,610858,48868,462000,462000,131-Phải thu khách hàng,511-Doanh thu bán hàng,3331-Thuế GTGT đầu ra,632-Giá vốn hàng bán,156-Hàng hóa
INV20260600253,JV20260600253,SO20260600253,2026-06-15,DN-HC,NV012,Trả góp,MW-D3DB9C,Lò vi sóng,Sharp 20L,Aqua,3,3506887,0.08,9679008,0.08,774320,10453328,2524000,7572000,2107008,0.2177,10453328,9679008,774320,7572000,7572000,131-Phải thu khách hàng,511-Doanh thu bán hàng,3331-Thuế GTGT đầu ra,632-Giá vốn hàng bán,156-Hàng hóa
INV20260600254,JV20260600254,SO20260600254,2026-06-04,DN-HC,NV011,Thẻ,RC-23C464,Nồi cơm,Sharp 1.8L,Xiaomi,1,1969061,0.18,1614630,0.08,129170,1743800,1342000,1342000,272630,0.1688,1743800,1614630,129170,1342000,1342000,131-Phải thu khách hàng,511-Doanh thu bán hàng,3331-Thuế GTGT đầu ra,632-Giá vốn hàng bán,156-Hàng hóa
INV20260600255,JV20260600255,SO20260600255,2026-06-05,HCM-Q7,NV030,Trả góp,RF-7AFE5C,Tủ lạnh,LG 420L,Electrolux,2,15156352,0.15,25765798,0.08,2061263,27827061,11627000,23254000,2511798,0.0975,27827061,25765798,2061263,23254000,23254000,131-Phải thu khách hàng,511-Doanh thu bán hàng,3331-Thuế GTGT đầu ra,632-Giá vốn hàng bán,156-Hàng hóa
INV20260600256,JV20260600256,SO20260600256,2026-06-29,HCM-Q7,NV019,Trả góp,RF-A4EB7F,Tủ lạnh,Aqua 250L,Asia,2,18182162,0.17,30182388,0.08,2414591,32596979,13987000,27974000,2208388,0.0732,32596979,30182388,2414591,27974000,27974000,131-Phải thu khách hàng,511-Doanh thu bán hàng,3331-Thuế GTGT đầu ra,632-Giá vốn hàng bán,156-Hàng hóa
INV20260600257,JV20260600257,SO20260600257,2026-06-22,DN-HC,NV014,Chuyển khoản,TV-507A1B,TV,"Samsung 55"" 4K",Sharp,1,20831407,0.17,17290067,0.08,1383205,18673272,16064000,16064000,1226067,0.0709,18673272,17290067,1383205,16064000,16064000,131-Phải thu khách hàng,511-Doanh thu bán hàng,3331-Thuế GTGT đầu ra,632-Giá vốn hàng bán,156-Hàng hóa
INV20260600258,JV20260600258,SO20260600258,2026-06-11,HCM-Q7,NV025,Chuyển khoản,TV-EB02E5,TV,"Sony 65""",Mitsubishi,1,16177708,0.1,14559937,0.08,1164794,15724731,12894000,12894000,1665937,0.1144,15724731,14559937,1164794,12894000,12894000,131-Phải thu khách hàng,511-Doanh thu bán hàng,3331-Thuế GTGT đầu ra,632-Giá vốn hàng bán,156-Hàng hóa
INV20260600259,JV20260600259,SO20260600259,2026-06-08,HN-CG,NV006,Trả góp,VC-DD459E,Máy hút bụi,Dyson V8,Asia,2,10226557,0.09,18612333,0.08,1488986,20101319,6740000,13480000,5132333,0.2757,20101319,18612333,1488986,13480000,13480000,131-Phải thu khách hàng,511-Doanh thu bán hàng,3331-Thuế GTGT đầu ra,632-Giá vốn hàng bán,156-Hàng hóa
INV20260600260,JV20260600260,SO20260600260,2026-06-07,CT-NK,NV008,Tiền mặt,RC-7604F1,Nồi cơm,Sunhouse 1.2L,Daikin,3,1927735,0.16,4857892,0.08,388631,5246523,1362000,4086000,771892,0.1589,5246523,4857892,388631,4086000,4086000,131-Phải thu khách hàng,511-Doanh thu bán hàng,3331-Thuế GTGT đầu ra,632-Giá vốn hàng bán,156-Hàng hóa
INV20260600261,JV20260600261,SO20260600261,2026-06-15,HCM-TB,NV001,Ví điện tử,BL-C9164C,Máy xay,Philips Blender,Senko,2,2052059,0.11,3652665,0.08,292213,3944878,1144000,2288000,1364665,0.3736,3944878,3652665,292213,2288000,2288000,131-Phải thu khách hàng,511-Doanh thu bán hàng,3331-Thuế GTGT đầu ra,632-Giá vốn hàng bán,156-Hàng hóa
INV20260600262,JV20260600262,SO20260600262,2026-06-22,CT-NK,NV028,Chuyển khoản,WM-D9AB8A,Máy giặt,Samsung 10kg,Mitsubishi,3,5405451,0.03,15729862,0.08,1258388,16988250,4221000,12663000,3066862,0.195,16988250,15729862,1258388,12663000,12663000,131-Phải thu khách hàng,511-Doanh thu bán hàng,3331-Thuế GTGT đầu ra,632-Giá vốn hàng bán,156-Hàng hóa
INV20260600263,JV20260600263,SO20260600263,2026-06-18,HN-CG,NV007,Chuyển khoản,WM-D9AB8A,Máy giặt,Samsung 10kg,Mitsubishi,2,5632272,0.05,10701316,0.08,856105,11557421,4247000,8494000,2207316,0.2063,11557421,10701316,856105,8494000,8494000,131-Phải thu khách hàng,511-Doanh thu bán hàng,3331-Thuế GTGT đầu ra,632-Giá vốn hàng bán,156-Hàng hóa
INV20260600264,JV20260600264,SO20260600264,2026-06-15,BD-TDM,NV011,Tiền mặt,VC-A1C900,Máy hút bụi,Philips FC,Xiaomi,1,4557762,0.07,4238718,0.08,339097,4577815,2995000,2995000,1243718,0.2934,4577815,4238718,339097,2995000,2995000,131-Phải thu khách hàng,511-Doanh thu bán hàng,3331-Thuế GTGT đầu ra,632-Giá vốn hàng bán,156-Hàng hóa
INV20260600265,JV20260600265,SO20260600265,2026-06-27,BD-TDM,NV016,Chuyển khoản,FN-5D5A92,Quạt,Asia,Casper,2,1690165,0.11,3008493,0.08,240679,3249172,1100000,2200000,808493,0.2687,3249172,3008493,240679,2200000,2200000,131-Phải thu khách hàng,511-Doanh thu bán hàng,3331-Thuế GTGT đầu ra,632-Giá vốn hàng bán,156-Hàng hóa
INV20260600266,JV20260600266,SO20260600266,2026-06-09,HCM-Q1,NV005,Thẻ,MW-D3DB9C,Lò vi sóng,Sharp 20L,Aqua,3,5824127,0.17,14502076,0.08,1160166,15662242,4287000,12861000,1641076,0.1132,15662242,14502076,1160166,12861000,12861000,131-Phải thu khách hàng,511-Doanh thu bán hàng,3331-Thuế GTGT đầu ra,632-Giá vốn hàng bán,156-Hàng hóa
INV20260600267,JV20260600267,SO20260600267,2026-06-10,DN-HC,NV010,Trả góp,RF-6FD99B,Tủ lạnh,Panasonic 300L,Casper,1,22480211,0.12,19782585,0.08,1582606,21365191,17000000,17000000,2782585,0.1407,21365191,19782585,1582606,17000000,17000000,131-Phải thu khách hàng,511-Doanh thu bán hàng,3331-Thuế GTGT đầu ra,632-Giá vốn hàng bán,156-Hàng hóa
INV20260600268,JV20260600268,SO20260600268,2026-06-10,HCM-TB,NV001,Tiền mặt,KT-C76795,Ấm siêu tốc,Philips,Aqua,1,301303,0.07,280211,0.08,22416,302627,208000,208000,72211,0.2577,302627,280211,22416,208000,208000,131-Phải thu khách hàng,511-Doanh thu bán hàng,3331-Thuế GTGT đầu ra,632-Giá vốn hàng bán,156-Hàng hóa
INV20260600269,JV20260600269,SO20260600269,2026-06-06,HN-CG,NV017,Trả góp,RC-189134,Nồi cơm,Sunhouse 1.2L,Samsung,1,2434494,0.13,2118009,0.08,169440,2287449,1490000,1490000,628009,0.2965,2287449,2118009,169440,1490000,1490000,131-Phải thu khách hàng,511-Doanh thu bán hàng,3331-Thuế GTGT đầu ra,632-Giá vốn hàng bán,156-Hàng hóa
INV20260600270,JV20260600270,SO20260600270,2026-06-15,DN-HC,NV023,Tiền mặt,FN-896DEA,Quạt,Asia,Senko,1,661177,0.16,555388,0.08,44431,599819,464000,464000,91388,0.1645,599819,555388,44431,464000,464000,131-Phải thu khách hàng,511-Doanh thu bán hàng,3331-Thuế GTGT đầu ra,632-Giá vốn hàng bán,156-Hàng hóa
INV20260600271,JV20260600271,SO20260600271,2026-06-22,CT-NK,NV003,Thẻ,KT-081E4B,Ấm siêu tốc,Kangaroo,Xiaomi,1,943770,0.03,915456,0.08,73236,988692,594000,594000,321456,0.3511,988692,915456,73236,594000,594000,131-Phải thu khách hàng,511-Doanh thu bán hàng,3331-Thuế GTGT đầu ra,632-Giá vốn hàng bán,156-Hàng hóa
INV20260600272,JV20260600272,SO20260600272,2026-06-30,HCM-Q1,NV004,Chuyển khoản,AC-AF103F,Máy lạnh,Daikin 1HP,Senko,2,18387349,0.04,35303710,0.08,2824296,38128006,14997000,29994000,5309710,0.1504,38128006,35303710,2824296,29994000,29994000,131-Phải thu khách hàng,511-Doanh thu bán hàng,3331-Thuế GTGT đầu ra,632-Giá vốn hàng bán,156-Hàng hóa
INV20260600273,JV20260600273,SO20260600273,2026-06-30,HN-CG,NV024,Chuyển khoản,RF-0F4B6D,Tủ lạnh,Panasonic 300L,Aqua,2,11195877,0.17,18585155,0.08,1486812,20071967,9339000,18678000,-92845,-0.005,20071967,18585155,1486812,18678000,18678000,131-Phải thu khách hàng,511-Doanh thu bán hàng,3331-Thuế GTGT đầu ra,632-Giá vốn hàng bán,156-Hàng hóa
INV20260600274,JV20260600274,SO20260600274,2026-06-03,HN-HBT,NV013,Tiền mặt,VC-3898BC,Máy hút bụi,Xiaomi G10,Toshiba,3,5694525,0.12,15033546,0.08,1202683,16236229,3833000,11499000,3534546,0.2351,16236229,15033546,1202683,11499000,11499000,131-Phải thu khách hàng,511-Doanh thu bán hàng,3331-Thuế GTGT đầu ra,632-Giá vốn hàng bán,156-Hàng hóa
INV20260600275,JV20260600275,SO20260600275,2026-06-04,HN-HBT,NV016,Thẻ,TV-65942A,TV,"Sony 65""",Toshiba,1,28866549,0.01,28577883,0.08,2286230,30864113,24989000,24989000,3588883,0.1256,30864113,28577883,2286230,24989000,24989000,131-Phải thu khách hàng,511-Doanh thu bán hàng,3331-Thuế GTGT đầu ra,632-Giá vốn hàng bán,156-Hàng hóa
INV20260600276,JV20260600276,SO20260600276,2026-06-19,HCM-Q7,NV024,Trả góp,FN-C79946,Quạt,Senko,Daikin,1,2219566,0.2,1775652,0.08,142052,1917704,1495000,1495000,280652,0.1581,1917704,1775652,142052,1495000,1495000,131-Phải thu khách hàng,511-Doanh thu bán hàng,3331-Thuế GTGT đầu ra,632-Giá vốn hàng bán,156-Hàng hóa
INV20260600277,JV20260600277,SO20260600277,2026-06-03,HN-CG,NV003,Thẻ,VC-6858E9,Máy hút bụi,Xiaomi G10,Sharp,2,8998453,0.09,16377184,0.08,1310174,17687358,6752000,13504000,2873184,0.1754,17687358,16377184,1310174,13504000,13504000,131-Phải thu khách hàng,511-Doanh thu bán hàng,3331-Thuế GTGT đầu ra,632-Giá vốn hàng bán,156-Hàng hóa
INV20260600278,JV20260600278,SO20260600278,2026-06-22,HCM-TB,NV020,Tiền mặt,FN-A2F97E,Quạt,Senko,Xiaomi,1,669352,0.17,555562,0.08,44444,600006,420000,420000,135562,0.244,600006,555562,44444,420000,420000,131-Phải thu khách hàng,511-Doanh thu bán hàng,3331-Thuế GTGT đầu ra,632-Giá vốn hàng bán,156-Hàng hóa
INV20260600279,JV20260600279,SO20260600279,2026-06-29,HCM-Q7,NV027,Tiền mặt,AC-9068F8,Máy lạnh,Panasonic 1.5HP,Cuckoo,1,16112357,0.02,15790109,0.08,1263208,17053317,12248000,12248000,3542109,0.2243,17053317,15790109,1263208,12248000,12248000,131-Phải thu khách hàng,511-Doanh thu bán hàng,3331-Thuế GTGT đầu ra,632-Giá vốn hàng bán,156-Hàng hóa
INV20260600280,JV20260600280,SO20260600280,2026-06-20,HCM-Q7,NV003,Tiền mặt,FN-49B147,Quạt,Panasonic,LG,3,511221,0.16,1288276,0.08,103062,1391338,283000,849000,439276,0.341,1391338,1288276,103062,849000,849000,131-Phải thu khách hàng,511-Doanh thu bán hàng,3331-Thuế GTGT đầu ra,632-Giá vốn hàng bán,156-Hàng hóa
INV20260600281,JV20260600281,SO20260600281,2026-06-11,HCM-Q7,NV010,Ví điện tử,MW-0108FD,Lò vi sóng,Sharp 20L,Senko,2,5406727,0.05,10272781,0.08,821822,11094603,3422000,6844000,3428781,0.3338,11094603,10272781,821822,6844000,6844000,131-Phải thu khách hàng,511-Doanh thu bán hàng,3331-Thuế GTGT đầu ra,632-Giá vốn hàng bán,156-Hàng hóa
INV20260600282,JV20260600282,SO20260600282,2026-06-20,HCM-TB,NV008,Trả góp,MW-640EAD,Lò vi sóng,Sharp 20L,LG,2,3389811,0.12,5966067,0.08,477285,6443352,2392000,4784000,1182067,0.1981,6443352,5966067,477285,4784000,4784000,131-Phải thu khách hàng,511-Doanh thu bán hàng,3331-Thuế GTGT đầu ra,632-Giá vốn hàng bán,156-Hàng hóa
INV20260600283,JV20260600283,SO20260600283,2026-06-10,CT-NK,NV012,Ví điện tử,BL-8A2ABB,Máy xay,Sunhouse Blender,Aqua,3,2654592,0.12,7008122,0.08,560649,7568771,1696000,5088000,1920122,0.274,7568771,7008122,560649,5088000,5088000,131-Phải thu khách hàng,511-Doanh thu bán hàng,3331-Thuế GTGT đầu ra,632-Giá vốn hàng bán,156-Hàng hóa
INV20260600284,JV20260600284,SO20260600284,2026-06-13,HN-CG,NV010,Tiền mặt,FN-A7C1D9,Quạt,Asia,LG,3,1197876,0.06,3378010,0.08,270240,3648250,792000,2376000,1002010,0.2966,3648250,3378010,270240,2376000,2376000,131-Phải thu khách hàng,511-Doanh thu bán hàng,3331-Thuế GTGT đầu ra,632-Giá vốn hàng bán,156-Hàng hóa
INV20260600285,JV20260600285,SO20260600285,2026-06-09,HN-HBT,NV023,Thẻ,BL-54E269,Máy xay,Philips Blender,Xiaomi,1,1119467,0.06,1052298,0.08,84183,1136481,726000,726000,326298,0.3101,1136481,1052298,84183,726000,726000,131-Phải thu khách hàng,511-Doanh thu bán hàng,3331-Thuế GTGT đầu ra,632-Giá vốn hàng bán,156-Hàng hóa
INV20260600286,JV20260600286,SO20260600286,2026-06-07,HCM-Q7,NV006,Thẻ,MW-9A4EF9,Lò vi sóng,Panasonic 25L,Sharp,2,3592363,0.19,5819628,0.08,465570,6285198,2706000,5412000,407628,0.07,6285198,5819628,465570,5412000,5412000,131-Phải thu khách hàng,511-Doanh thu bán hàng,3331-Thuế GTGT đầu ra,632-Giá vốn hàng bán,156-Hàng hóa
INV20260600287,JV20260600287,SO20260600287,2026-06-25,CT-NK,NV021,Trả góp,KT-4BFC34,Ấm siêu tốc,Kangaroo,Sunhouse,2,390629,0.08,718757,0.08,57500,776257,261000,522000,196757,0.2737,776257,718757,57500,522000,522000,131-Phải thu khách hàng,511-Doanh thu bán hàng,3331-Thuế GTGT đầu ra,632-Giá vốn hàng bán,156-Hàng hóa
INV20260600288,JV20260600288,SO20260600288,2026-06-20,HCM-Q7,NV019,Tiền mặt,BL-6B4572,Máy xay,Philips Blender,Cuckoo,2,1003182,0.03,1946173,0.08,155693,2101866,721000,1442000,504173,0.2591,2101866,1946173,155693,1442000,1442000,131-Phải thu khách hàng,511-Doanh thu bán hàng,3331-Thuế GTGT đầu ra,632-Giá vốn hàng bán,156-Hàng hóa
INV20260600289,JV20260600289,SO20260600289,2026-06-28,HCM-TB,NV010,Trả góp,AC-DF5234,Máy lạnh,Daikin 1HP,Asia,3,7191096,0.02,21141822,0.08,1691345,22833167,5516000,16548000,4593822,0.2173,22833167,21141822,1691345,16548000,16548000,131-Phải thu khách hàng,511-Doanh thu bán hàng,3331-Thuế GTGT đầu ra,632-Giá vốn hàng bán,156-Hàng hóa
INV20260600290,JV20260600290,SO20260600290,2026-06-10,DN-HC,NV011,Thẻ,KT-988AF8,Ấm siêu tốc,Kangaroo,Senko,1,622674,0.07,579086,0.08,46326,625412,378000,378000,201086,0.3472,625412,579086,46326,378000,378000,131-Phải thu khách hàng,511-Doanh thu bán hàng,3331-Thuế GTGT đầu ra,632-Giá vốn hàng bán,156-Hàng hóa
INV20260600291,JV20260600291,SO20260600291,2026-06-08,HCM-Q1,NV004,Chuyển khoản,BL-14DC96,Máy xay,Sunhouse Blender,Sony,1,1547167,0.13,1346035,0.08,107682,1453717,860000,860000,486035,0.3611,1453717,1346035,107682,860000,860000,131-Phải thu khách hàng,511-Doanh thu bán hàng,3331-Thuế GTGT đầu ra,632-Giá vốn hàng bán,156-Hàng hóa
INV20260600292,JV20260600292,SO20260600292,2026-06-14,HN-CG,NV022,Trả góp,RF-309876,Tủ lạnh,Aqua 250L,LG,3,16370878,0.13,42727991,0.08,3418239,46146230,13422000,40266000,2461991,0.0576,46146230,42727991,3418239,40266000,40266000,131-Phải thu khách hàng,511-Doanh thu bán hàng,3331-Thuế GTGT đầu ra,632-Giá vốn hàng bán,156-Hàng hóa
INV20260600293,JV20260600293,SO20260600293,2026-06-30,HN-HBT,NV005,Trả góp,VC-87EB59,Máy hút bụi,Dyson V8,Sony,3,6007517,0.18,14778491,0.08,1182279,15960770,4184000,12552000,2226491,0.1507,15960770,14778491,1182279,12552000,12552000,131-Phải thu khách hàng,511-Doanh thu bán hàng,3331-Thuế GTGT đầu ra,632-Giá vốn hàng bán,156-Hàng hóa
INV20260600294,JV20260600294,SO20260600294,2026-06-13,HN-HBT,NV029,Thẻ,VC-852D6B,Máy hút bụi,Philips FC,Sunhouse,2,10552852,0.05,20050418,0.08,1604033,21654451,6621000,13242000,6808418,0.3396,21654451,20050418,1604033,13242000,13242000,131-Phải thu khách hàng,511-Doanh thu bán hàng,3331-Thuế GTGT đầu ra,632-Giá vốn hàng bán,156-Hàng hóa
INV20260600295,JV20260600295,SO20260600295,2026-06-14,BD-TDM,NV025,Ví điện tử,MW-062948,Lò vi sóng,Sharp 20L,Cuckoo,3,5631083,0.19,13683531,0.08,1094682,14778213,4234000,12702000,981531,0.0717,14778213,13683531,1094682,12702000,12702000,131-Phải thu khách hàng,511-Doanh thu bán hàng,3331-Thuế GTGT đầu ra,632-Giá vốn hàng bán,156-Hàng hóa
INV20260600296,JV20260600296,SO20260600296,2026-06-09,HCM-Q7,NV029,Ví điện tử,TV-8AC34D,TV,LG OLED 48,Daikin,3,9407020,0.08,25963375,0.08,2077070,28040445,7354000,22062000,3901375,0.1503,28040445,25963375,2077070,22062000,22062000,131-Phải thu khách hàng,511-Doanh thu bán hàng,3331-Thuế GTGT đầu ra,632-Giá vốn hàng bán,156-Hàng hóa
INV20260600297,JV20260600297,SO20260600297,2026-06-30,HCM-Q1,NV002,Tiền mặt,FN-FD271D,Quạt,Senko,Mitsubishi,3,1188410,0.08,3280011,0.08,262400,3542411,779000,2337000,943011,0.2875,3542411,3280011,262400,2337000,2337000,131-Phải thu khách hàng,511-Doanh thu bán hàng,3331-Thuế GTGT đầu ra,632-Giá vốn hàng bán,156-Hàng hóa
INV20260600298,JV20260600298,SO20260600298,2026-06-01,HCM-Q7,NV002,Tiền mặt,KT-25E86C,Ấm siêu tốc,Philips,Sharp,3,251096,0.16,632761,0.08,50620,683381,169000,507000,125761,0.1987,683381,632761,50620,507000,507000,131-Phải thu khách hàng,511-Doanh thu bán hàng,3331-Thuế GTGT đầu ra,632-Giá vốn hàng bán,156-Hàng hóa
INV20260600299,JV20260600299,SO20260600299,2026-06-12,HCM-Q7,NV026,Trả góp,VC-2544A1,Máy hút bụi,Dyson V8,Cuckoo,2,4752292,0.05,9029354,0.08,722348,9751702,3098000,6196000,2833354,0.3138,9751702,9029354,722348,6196000,6196000,131-Phải thu khách hàng,511-Doanh thu bán hàng,3331-Thuế GTGT đầu ra,632-Giá vốn hàng bán,156-Hàng hóa
INV20260600300,JV20260600300,SO20260600300,2026-06-27,CT-NK,NV011,Thẻ,AC-076657,Máy lạnh,Mitsubishi 1.5HP,Xiaomi,3,20713941,0.16,52199131,0.08,4175930,56375061,15346000,46038000,6161131,0.118,56375061,52199131,4175930,46038000,46038000,131-Phải thu khách hàng,511-Doanh thu bán hàng,3331-Thuế GTGT đầu ra,632-Giá vốn hàng bán,156-Hàng hóa
INV20260600301,JV20260600301,SO20260600301,2026-06-18,HCM-TB,NV005,Thẻ,FN-63D039,Quạt,Asia,Mitsubishi,2,2100398,0.14,3612684,0.08,289014,3901698,1429000,2858000,754684,0.2089,3901698,3612684,289014,2858000,2858000,131-Phải thu khách hàng,511-Doanh thu bán hàng,3331-Thuế GTGT đầu ra,632-Giá vốn hàng bán,156-Hàng hóa
INV20260600302,JV20260600302,SO20260600302,2026-06-17,BD-TDM,NV005,Ví điện tử,RC-A4D4BD,Nồi cơm,Sunhouse 1.2L,Cuckoo,2,1920324,0.1,3456583,0.08,276526,3733109,1316000,2632000,824583,0.2386,3733109,3456583,276526,2632000,2632000,131-Phải thu khách hàng,511-Doanh thu bán hàng,3331-Thuế GTGT đầu ra,632-Giá vốn hàng bán,156-Hàng hóa
INV20260600303,JV20260600303,SO20260600303,2026-06-16,HCM-Q7,NV027,Ví điện tử,FN-1B187A,Quạt,Panasonic,Panasonic,3,1711096,0.14,4414627,0.08,353170,4767797,1206000,3618000,796627,0.1805,4767797,4414627,353170,3618000,3618000,131-Phải thu khách hàng,511-Doanh thu bán hàng,3331-Thuế GTGT đầu ra,632-Giá vốn hàng bán,156-Hàng hóa
INV20260600304,JV20260600304,SO20260600304,2026-06-05,CT-NK,NV025,Tiền mặt,MW-83094B,Lò vi sóng,Sharp 20L,Casper,1,4697207,0.14,4039598,0.08,323167,4362765,3470000,3470000,569598,0.141,4362765,4039598,323167,3470000,3470000,131-Phải thu khách hàng,511-Doanh thu bán hàng,3331-Thuế GTGT đầu ra,632-Giá vốn hàng bán,156-Hàng hóa
INV20260600305,JV20260600305,SO20260600305,2026-06-28,HCM-Q7,NV021,Ví điện tử,RC-CCF100,Nồi cơm,Sharp 1.8L,Sunhouse,3,1070159,0.13,2793114,0.08,223449,3016563,741000,2223000,570114,0.2041,3016563,2793114,223449,2223000,2223000,131-Phải thu khách hàng,511-Doanh thu bán hàng,3331-Thuế GTGT đầu ra,632-Giá vốn hàng bán,156-Hàng hóa
INV20260600306,JV20260600306,SO20260600306,2026-06-12,HN-CG,NV007,Thẻ,RC-23C464,Nồi cơm,Sharp 1.8L,Xiaomi,2,926265,0.03,1796954,0.08,143756,1940710,620000,1240000,556954,0.3099,1940710,1796954,143756,1240000,1240000,131-Phải thu khách hàng,511-Doanh thu bán hàng,3331-Thuế GTGT đầu ra,632-Giá vốn hàng bán,156-Hàng hóa
INV20260600307,JV20260600307,SO20260600307,2026-06-21,HCM-Q1,NV014,Ví điện tử,FN-47B1B0,Quạt,Senko,Toshiba,3,648213,0.02,1905746,0.08,152459,2058205,369000,1107000,798746,0.4191,2058205,1905746,152459,1107000,1107000,131-Phải thu khách hàng,511-Doanh thu bán hàng,3331-Thuế GTGT đầu ra,632-Giá vốn hàng bán,156-Hàng hóa
INV20260600308,JV20260600308,SO20260600308,2026-06-08,HCM-Q7,NV024,Chuyển khoản,MW-D3DB9C,Lò vi sóng,Sharp 20L,Aqua,3,3384112,0.04,9746242,0.08,779699,10525941,2280000,6840000,2906242,0.2982,10525941,9746242,779699,6840000,6840000,131-Phải thu khách hàng,511-Doanh thu bán hàng,3331-Thuế GTGT đầu ra,632-Giá vốn hàng bán,156-Hàng hóa
INV20260600309,JV20260600309,SO20260600309,2026-06-24,HCM-Q1,NV012,Thẻ,TV-0CE747,TV,"Sony 65""",Casper,1,7818563,0.01,7740377,0.08,619230,8359607,6224000,6224000,1516377,0.1959,8359607,7740377,619230,6224000,6224000,131-Phải thu khách hàng,511-Doanh thu bán hàng,3331-Thuế GTGT đầu ra,632-Giá vốn hàng bán,156-Hàng hóa
INV20260600310,JV20260600310,SO20260600310,2026-06-23,HCM-Q1,NV029,Tiền mặt,FN-C25C4D,Quạt,Senko,Asia,1,1081847,0.1,973662,0.08,77892,1051554,780000,780000,193662,0.1989,1051554,973662,77892,780000,780000,131-Phải thu khách hàng,511-Doanh thu bán hàng,3331-Thuế GTGT đầu ra,632-Giá vốn hàng bán,156-Hàng hóa
INV20260600311,JV20260600311,SO20260600311,2026-06-28,CT-NK,NV008,Chuyển khoản,AC-9162CC,Máy lạnh,Mitsubishi 1.5HP,Philips,2,7781024,0.03,15095186,0.08,1207614,16302800,5751000,11502000,3593186,0.238,16302800,15095186,1207614,11502000,11502000,131-Phải thu khách hàng,511-Doanh thu bán hàng,3331-Thuế GTGT đầu ra,632-Giá vốn hàng bán,156-Hàng hóa
INV20260600312,JV20260600312,SO20260600312,2026-06-26,HCM-TB,NV017,Ví điện tử,BL-C9164C,Máy xay,Philips Blender,Senko,3,2173116,0.17,5411058,0.08,432884,5843942,1264000,3792000,1619058,0.2992,5843942,5411058,432884,3792000,3792000,131-Phải thu khách hàng,511-Doanh thu bán hàng,3331-Thuế GTGT đầu ra,632-Giá vốn hàng bán,156-Hàng hóa
INV20260600313,JV20260600313,SO20260600313,2026-06-30,HCM-TB,NV003,Tiền mặt,FN-896DEA,Quạt,Asia,Senko,2,816674,0.17,1355678,0.08,108454,1464132,525000,1050000,305678,0.2255,1464132,1355678,108454,1050000,1050000,131-Phải thu khách hàng,511-Doanh thu bán hàng,3331-Thuế GTGT đầu ra,632-Giá vốn hàng bán,156-Hàng hóa
INV20260600314,JV20260600314,SO20260600314,2026-06-04,HN-HBT,NV002,Ví điện tử,MW-1E7D48,Lò vi sóng,Sharp 20L,Xiaomi,2,1321725,0.13,2299801,0.08,183984,2483785,839000,1678000,621801,0.2704,2483785,2299801,183984,1678000,1678000,131-Phải thu khách hàng,511-Doanh thu bán hàng,3331-Thuế GTGT đầu ra,632-Giá vốn hàng bán,156-Hàng hóa
INV20260600315,JV20260600315,SO20260600315,2026-06-02,HCM-Q1,NV016,Ví điện tử,MW-F8E59D,Lò vi sóng,Sharp 20L,Sharp,3,4305173,0.1,11623967,0.08,929917,12553884,2821000,8463000,3160967,0.2719,12553884,11623967,929917,8463000,8463000,131-Phải thu khách hàng,511-Doanh thu bán hàng,3331-Thuế GTGT đầu ra,632-Giá vốn hàng bán,156-Hàng hóa
INV20260600316,JV20260600316,SO20260600316,2026-06-13,HCM-Q1,NV030,Tiền mặt,VC-B711CC,Máy hút bụi,Xiaomi G10,Panasonic,2,8862108,0.07,16483520,0.08,1318681,17802201,5381000,10762000,5721520,0.3471,17802201,16483520,1318681,10762000,10762000,131-Phải thu khách hàng,511-Doanh thu bán hàng,3331-Thuế GTGT đầu ra,632-Giá vốn hàng bán,156-Hàng hóa
INV20260600317,JV20260600317,SO20260600317,2026-06-23,HCM-TB,NV019,Tiền mặt,AC-9EB347,Máy lạnh,Panasonic 1.5HP,Xiaomi,3,17557981,0.15,44772851,0.08,3581828,48354679,14730000,44190000,582851,0.013,48354679,44772851,3581828,44190000,44190000,131-Phải thu khách hàng,511-Doanh thu bán hàng,3331-Thuế GTGT đầu ra,632-Giá vốn hàng bán,156-Hàng hóa
INV20260600318,JV20260600318,SO20260600318,2026-06-18,HCM-Q1,NV008,Chuyển khoản,RC-6D8DC1,Nồi cơm,Panasonic 1.8L,Xiaomi,2,606522,0.12,1067478,0.08,85398,1152876,357000,714000,353478,0.3311,1152876,1067478,85398,714000,714000,131-Phải thu khách hàng,511-Doanh thu bán hàng,3331-Thuế GTGT đầu ra,632-Giá vốn hàng bán,156-Hàng hóa
INV20260600319,JV20260600319,SO20260600319,2026-06-28,HCM-TB,NV007,Chuyển khoản,FN-A2F97E,Quạt,Senko,Xiaomi,1,560858,0.17,465512,0.08,37240,502752,402000,402000,63512,0.1364,502752,465512,37240,402000,402000,131-Phải thu khách hàng,511-Doanh thu bán hàng,3331-Thuế GTGT đầu ra,632-Giá vốn hàng bán,156-Hàng hóa
INV20260600320,JV20260600320,SO20260600320,2026-06-06,HN-HBT,NV021,Chuyển khoản,VC-98037D,Máy hút bụi,Dyson V8,Sunhouse,2,5997495,0.05,11395240,0.08,911619,12306859,4134000,8268000,3127240,0.2744,12306859,11395240,911619,8268000,8268000,131-Phải thu khách hàng,511-Doanh thu bán hàng,3331-Thuế GTGT đầu ra,632-Giá vốn hàng bán,156-Hàng hóa
INV20260600321,JV20260600321,SO20260600321,2026-06-14,HCM-TB,NV008,Thẻ,VC-B567E6,Máy hút bụi,Philips FC,Cuckoo,1,3290634,0.11,2928664,0.08,234293,3162957,2079000,2079000,849664,0.2901,3162957,2928664,234293,2079000,2079000,131-Phải thu khách hàng,511-Doanh thu bán hàng,3331-Thuế GTGT đầu ra,632-Giá vốn hàng bán,156-Hàng hóa
INV20260600322,JV20260600322,SO20260600322,2026-06-30,BD-TDM,NV025,Thẻ,WM-F9045A,Máy giặt,LG 9kg,Casper,2,13404935,0.12,23592685,0.08,1887414,25480099,9965000,19930000,3662685,0.1552,25480099,23592685,1887414,19930000,19930000,131-Phải thu khách hàng,511-Doanh thu bán hàng,3331-Thuế GTGT đầu ra,632-Giá vốn hàng bán,156-Hàng hóa
INV20260600323,JV20260600323,SO20260600323,2026-06-28,HN-HBT,NV012,Trả góp,BL-14DC96,Máy xay,Sunhouse Blender,Sony,1,1735005,0.15,1474754,0.08,117980,1592734,1269000,1269000,205754,0.1395,1592734,1474754,117980,1269000,1269000,131-Phải thu khách hàng,511-Doanh thu bán hàng,3331-Thuế GTGT đầu ra,632-Giá vốn hàng bán,156-Hàng hóa
INV20260600324,JV20260600324,SO20260600324,2026-06-29,HN-CG,NV008,Trả góp,MW-E7A58E,Lò vi sóng,Panasonic 25L,Philips,3,5473267,0.04,15763008,0.08,1261040,17024048,3423000,10269000,5494008,0.3485,17024048,15763008,1261040,10269000,10269000,131-Phải thu khách hàng,511-Doanh thu bán hàng,3331-Thuế GTGT đầu ra,632-Giá vốn hàng bán,156-Hàng hóa
INV20260600325,JV20260600325,SO20260600325,2026-06-12,BD-TDM,NV024,Trả góp,RF-4D4BA4,Tủ lạnh,Aqua 250L,Philips,1,6262357,0.11,5573497,0.08,445879,6019376,4914000,4914000,659497,0.1183,6019376,5573497,445879,4914000,4914000,131-Phải thu khách hàng,511-Doanh thu bán hàng,3331-Thuế GTGT đầu ra,632-Giá vốn hàng bán,156-Hàng hóa
INV20260600326,JV20260600326,SO20260600326,2026-06-05,HN-HBT,NV017,Ví điện tử,MW-806B87,Lò vi sóng,Electrolux 23L,Daikin,1,5552175,0.08,5108001,0.08,408640,5516641,4052000,4052000,1056001,0.2067,5516641,5108001,408640,4052000,4052000,131-Phải thu khách hàng,511-Doanh thu bán hàng,3331-Thuế GTGT đầu ra,632-Giá vốn hàng bán,156-Hàng hóa
INV20260600327,JV20260600327,SO20260600327,2026-06-14,HCM-Q7,NV009,Thẻ,FN-166747,Quạt,Senko,LG,1,341521,0.18,280047,0.08,22403,302450,226000,226000,54047,0.193,302450,280047,22403,226000,226000,131-Phải thu khách hàng,511-Doanh thu bán hàng,3331-Thuế GTGT đầu ra,632-Giá vốn hàng bán,156-Hàng hóa
INV20260600328,JV20260600328,SO20260600328,2026-06-17,HCM-Q7,NV025,Thẻ,RF-8F66CC,Tủ lạnh,Aqua 250L,Xiaomi,2,19491309,0.04,37423313,0.08,2993865,40417178,15250000,30500000,6923313,0.185,40417178,37423313,2993865,30500000,30500000,131-Phải thu khách hàng,511-Doanh thu bán hàng,3331-Thuế GTGT đầu ra,632-Giá vốn hàng bán,156-Hàng hóa
INV20260600329,JV20260600329,SO20260600329,2026-06-29,DN-HC,NV023,Thẻ,BL-271795,Máy xay,Panasonic Blender,Sony,2,2483242,0.18,4072516,0.08,325801,4398317,1755000,3510000,562516,0.1381,4398317,4072516,325801,3510000,3510000,131-Phải thu khách hàng,511-Doanh thu bán hàng,3331-Thuế GTGT đầu ra,632-Giá vốn hàng bán,156-Hàng hóa
INV20260600330,JV20260600330,SO20260600330,2026-06-27,DN-HC,NV029,Ví điện tử,RF-FA61AD,Tủ lạnh,Panasonic 300L,Samsung,1,10443445,0.12,9190231,0.08,735218,9925449,8556000,8556000,634231,0.069,9925449,9190231,735218,8556000,8556000,131-Phải thu khách hàng,511-Doanh thu bán hàng,3331-Thuế GTGT đầu ra,632-Giá vốn hàng bán,156-Hàng hóa
INV20260600331,JV20260600331,SO20260600331,2026-06-14,HCM-Q1,NV021,Thẻ,WM-725BDB,Máy giặt,Samsung 10kg,Toshiba,3,14717569,0.14,37971328,0.08,3037706,41009034,12084000,36252000,1719328,0.0453,41009034,37971328,3037706,36252000,36252000,131-Phải thu khách hàng,511-Doanh thu bán hàng,3331-Thuế GTGT đầu ra,632-Giá vốn hàng bán,156-Hàng hóa
INV20260600332,JV20260600332,SO20260600332,2026-06-01,HCM-Q7,NV026,Ví điện tử,WM-41CB2E,Máy giặt,Panasonic 8.5kg,Toshiba,3,7973789,0.19,19376307,0.08,1550104,20926411,6292000,18876000,500307,0.0258,20926411,19376307,1550104,18876000,18876000,131-Phải thu khách hàng,511-Doanh thu bán hàng,3331-Thuế GTGT đầu ra,632-Giá vốn hàng bán,156-Hàng hóa
INV20260600333,JV20260600333,SO20260600333,2026-06-19,HCM-Q7,NV028,Ví điện tử,BL-C200AD,Máy xay,Sunhouse Blender,Daikin,3,884720,0.1,2388744,0.08,191099,2579843,544000,1632000,756744,0.3168,2579843,2388744,191099,1632000,1632000,131-Phải thu khách hàng,511-Doanh thu bán hàng,3331-Thuế GTGT đầu ra,632-Giá vốn hàng bán,156-Hàng hóa
INV20260600334,JV20260600334,SO20260600334,2026-06-24,HCM-Q1,NV022,Chuyển khoản,WM-AF1676,Máy giặt,Toshiba 9kg,Sunhouse,2,11138543,0.1,20049377,0.08,1603950,21653327,9075000,18150000,1899377,0.0947,21653327,20049377,1603950,18150000,18150000,131-Phải thu khách hàng,511-Doanh thu bán hàng,3331-Thuế GTGT đầu ra,632-Giá vốn hàng bán,156-Hàng hóa
INV20260600335,JV20260600335,SO20260600335,2026-06-08,BD-TDM,NV010,Tiền mặt,BL-2DE930,Máy xay,Sunhouse Blender,Toshiba,2,2064419,0.05,3922396,0.08,313791,4236187,1138000,2276000,1646396,0.4197,4236187,3922396,313791,2276000,2276000,131-Phải thu khách hàng,511-Doanh thu bán hàng,3331-Thuế GTGT đầu ra,632-Giá vốn hàng bán,156-Hàng hóa
INV20260600336,JV20260600336,SO20260600336,2026-06-21,DN-HC,NV008,Tiền mặt,BL-2DE930,Máy xay,Sunhouse Blender,Toshiba,1,2741070,0.07,2549195,0.08,203935,2753130,1518000,1518000,1031195,0.4045,2753130,2549195,203935,1518000,1518000,131-Phải thu khách hàng,511-Doanh thu bán hàng,3331-Thuế GTGT đầu ra,632-Giá vốn hàng bán,156-Hàng hóa
INV20260600337,JV20260600337,SO20260600337,2026-06-18,HCM-TB,NV018,Trả góp,FN-1B187A,Quạt,Panasonic,Panasonic,1,1377262,0.06,1294626,0.08,103570,1398196,826000,826000,468626,0.362,1398196,1294626,103570,826000,826000,131-Phải thu khách hàng,511-Doanh thu bán hàng,3331-Thuế GTGT đầu ra,632-Giá vốn hàng bán,156-Hàng hóa
INV20260600338,JV20260600338,SO20260600338,2026-06-07,HN-HBT,NV020,Ví điện tử,KT-2ABC39,Ấm siêu tốc,Kangaroo,Mitsubishi,1,1179462,0.11,1049721,0.08,83977,1133698,810000,810000,239721,0.2284,1133698,1049721,83977,810000,810000,131-Phải thu khách hàng,511-Doanh thu bán hàng,3331-Thuế GTGT đầu ra,632-Giá vốn hàng bán,156-Hàng hóa
INV20260600339,JV20260600339,SO20260600339,2026-06-05,HN-HBT,NV030,Tiền mặt,BL-C9164C,Máy xay,Philips Blender,Senko,2,2844543,0.07,5290849,0.08,423267,5714116,1673000,3346000,1944849,0.3676,5714116,5290849,423267,3346000,3346000,131-Phải thu khách hàng,511-Doanh thu bán hàng,3331-Thuế GTGT đầu ra,632-Giá vốn hàng bán,156-Hàng hóa
INV20260600340,JV20260600340,SO20260600340,2026-06-08,BD-TDM,NV003,Ví điện tử,KT-4BFC34,Ấm siêu tốc,Kangaroo,Sunhouse,1,314472,0.2,251577,0.08,20126,271703,186000,186000,65577,0.2607,271703,251577,20126,186000,186000,131-Phải thu khách hàng,511-Doanh thu bán hàng,3331-Thuế GTGT đầu ra,632-Giá vốn hàng bán,156-Hàng hóa
INV20260600341,JV20260600341,SO20260600341,2026-06-03,DN-HC,NV019,Chuyển khoản,RF-40AAB7,Tủ lạnh,Samsung Inverter 350L,Electrolux,2,16548495,0.01,32766020,0.08,2621281,35387301,12648000,25296000,7470020,0.228,35387301,32766020,2621281,25296000,25296000,131-Phải thu khách hàng,511-Doanh thu bán hàng,3331-Thuế GTGT đầu ra,632-Giá vốn hàng bán,156-Hàng hóa
INV20260600342,JV20260600342,SO20260600342,2026-06-11,HCM-Q7,NV025,Ví điện tử,BL-A4BCD6,Máy xay,Philips Blender,Sunhouse,2,2712467,0.16,4556944,0.08,364555,4921499,1748000,3496000,1060944,0.2328,4921499,4556944,364555,3496000,3496000,131-Phải thu khách hàng,511-Doanh thu bán hàng,3331-Thuế GTGT đầu ra,632-Giá vốn hàng bán,156-Hàng hóa
INV20260600343,JV20260600343,SO20260600343,2026-06-22,HN-HBT,NV026,Trả góp,WM-6ADDCB,Máy giặt,LG 9kg,Electrolux,1,14522133,0.12,12779477,0.08,1022358,13801835,12241000,12241000,538477,0.0421,13801835,12779477,1022358,12241000,12241000,131-Phải thu khách hàng,511-Doanh thu bán hàng,3331-Thuế GTGT đầu ra,632-Giá vốn hàng bán,156-Hàng hóa
INV20260600344,JV20260600344,SO20260600344,2026-06-18,HCM-Q1,NV009,Chuyển khoản,WM-911CBD,Máy giặt,LG 9kg,Cuckoo,1,5073573,0.12,4464744,0.08,357179,4821923,3971000,3971000,493744,0.1106,4821923,4464744,357179,3971000,3971000,131-Phải thu khách hàng,511-Doanh thu bán hàng,3331-Thuế GTGT đầu ra,632-Giá vốn hàng bán,156-Hàng hóa
INV20260600345,JV20260600345,SO20260600345,2026-06-04,HN-HBT,NV002,Ví điện tử,FN-4806DD,Quạt,Panasonic,Mitsubishi,3,791125,0.17,1969901,0.08,157592,2127493,464000,1392000,577901,0.2934,2127493,1969901,157592,1392000,1392000,131-Phải thu khách hàng,511-Doanh thu bán hàng,3331-Thuế GTGT đầu ra,632-Giá vốn hàng bán,156-Hàng hóa
INV20260600346,JV20260600346,SO20260600346,2026-06-30,HN-HBT,NV006,Trả góp,FN-230559,Quạt,Asia,Sharp,3,556512,0.14,1435800,0.08,114864,1550664,354000,1062000,373800,0.2603,1550664,1435800,114864,1062000,1062000,131-Phải thu khách hàng,511-Doanh thu bán hàng,3331-Thuế GTGT đầu ra,632-Giá vốn hàng bán,156-Hàng hóa
INV20260600347,JV20260600347,SO20260600347,2026-06-10,CT-NK,NV020,Thẻ,TV-92EE57,TV,LG OLED 48,LG,1,14206411,0.02,13922282,0.08,1113782,15036064,12008000,12008000,1914282,0.1375,15036064,13922282,1113782,12008000,12008000,131-Phải thu khách hàng,511-Doanh thu bán hàng,3331-Thuế GTGT đầu ra,632-Giá vốn hàng bán,156-Hàng hóa
INV20260600348,JV20260600348,SO20260600348,2026-06-04,HCM-TB,NV006,Ví điện tử,BL-E21F60,Máy xay,Philips Blender,Electrolux,1,2814953,0.14,2420859,0.08,193668,2614527,1756000,1756000,664859,0.2746,2614527,2420859,193668,1756000,1756000,131-Phải thu khách hàng,511-Doanh thu bán hàng,3331-Thuế GTGT đầu ra,632-Giá vốn hàng bán,156-Hàng hóa
INV20260600349,JV20260600349,SO20260600349,2026-06-25,HCM-Q1,NV005,Chuyển khoản,MW-42D56C,Lò vi sóng,Electrolux 23L,Sony,2,3077565,0.11,5478065,0.08,438245,5916310,2172000,4344000,1134065,0.207,5916310,5478065,438245,4344000,4344000,131-Phải thu khách hàng,511-Doanh thu bán hàng,3331-Thuế GTGT đầu ra,632-Giá vốn hàng bán,156-Hàng hóa
INV20260600350,JV20260600350,SO20260600350,2026-06-21,HN-HBT,NV020,Trả góp,WM-D9AB8A,Máy giặt,Samsung 10kg,Mitsubishi,2,13889735,0.0,27779470,0.08,2222357,30001827,11409000,22818000,4961470,0.1786,30001827,27779470,2222357,22818000,22818000,131-Phải thu khách hàng,511-Doanh thu bán hàng,3331-Thuế GTGT đầu ra,632-Giá vốn hàng bán,156-Hàng hóa
INV20260600351,JV20260600351,SO20260600351,2026-06-04,HN-CG,NV024,Chuyển khoản,WM-97FE8B,Máy giặt,Toshiba 9kg,Toshiba,1,4551993,0.06,4278873,0.08,342309,4621182,3634000,3634000,644873,0.1507,4621182,4278873,342309,3634000,3634000,131-Phải thu khách hàng,511-Doanh thu bán hàng,3331-Thuế GTGT đầu ra,632-Giá vốn hàng bán,156-Hàng hóa
INV20260600352,JV20260600352,SO20260600352,2026-06-25,HCM-Q1,NV023,Ví điện tử,TV-F84775,TV,"Sony 65""",Xiaomi,3,32668884,0.08,90166119,0.08,7213289,97379408,27483000,82449000,7717119,0.0856,97379408,90166119,7213289,82449000,82449000,131-Phải thu khách hàng,511-Doanh thu bán hàng,3331-Thuế GTGT đầu ra,632-Giá vốn hàng bán,156-Hàng hóa
INV20260600353,JV20260600353,SO20260600353,2026-06-24,CT-NK,NV005,Ví điện tử,RF-A0C9D4,Tủ lạnh,LG 420L,Panasonic,1,14460193,0.14,12435765,0.08,994861,13430626,10771000,10771000,1664765,0.1339,13430626,12435765,994861,10771000,10771000,131-Phải thu khách hàng,511-Doanh thu bán hàng,3331-Thuế GTGT đầu ra,632-Giá vốn hàng bán,156-Hàng hóa
INV20260600354,JV20260600354,SO20260600354,2026-06-17,HN-HBT,NV003,Chuyển khoản,MW-C368CC,Lò vi sóng,Sharp 20L,Sunhouse,1,5724154,0.09,5208980,0.08,416718,5625698,3599000,3599000,1609980,0.3091,5625698,5208980,416718,3599000,3599000,131-Phải thu khách hàng,511-Doanh thu bán hàng,3331-Thuế GTGT đầu ra,632-Giá vốn hàng bán,156-Hàng hóa
INV20260600355,JV20260600355,SO20260600355,2026-06-13,CT-NK,NV006,Chuyển khoản,KT-60A177,Ấm siêu tốc,Kangaroo,Cuckoo,3,1204462,0.19,2926842,0.08,234147,3160989,665000,1995000,931842,0.3184,3160989,2926842,234147,1995000,1995000,131-Phải thu khách hàng,511-Doanh thu bán hàng,3331-Thuế GTGT đầu ra,632-Giá vốn hàng bán,156-Hàng hóa
INV20260600356,JV20260600356,SO20260600356,2026-06-29,BD-TDM,NV017,Thẻ,FN-166747,Quạt,Senko,LG,2,2409964,0.03,4675330,0.08,374026,5049356,1486000,2972000,1703330,0.3643,5049356,4675330,374026,2972000,2972000,131-Phải thu khách hàng,511-Doanh thu bán hàng,3331-Thuế GTGT đầu ra,632-Giá vốn hàng bán,156-Hàng hóa
INV20260600357,JV20260600357,SO20260600357,2026-06-09,DN-HC,NV021,Ví điện tử,FN-AB0CC6,Quạt,Asia,Xiaomi,3,1130162,0.07,3153151,0.08,252252,3405403,830000,2490000,663151,0.2103,3405403,3153151,252252,2490000,2490000,131-Phải thu khách hàng,511-Doanh thu bán hàng,3331-Thuế GTGT đầu ra,632-Giá vốn hàng bán,156-Hàng hóa
INV20260600358,JV20260600358,SO20260600358,2026-06-05,HCM-Q1,NV010,Ví điện tử,RF-99918D,Tủ lạnh,LG 420L,Casper,2,15339885,0.15,26077804,0.08,2086224,28164028,11531000,23062000,3015804,0.1156,28164028,26077804,2086224,23062000,23062000,131-Phải thu khách hàng,511-Doanh thu bán hàng,3331-Thuế GTGT đầu ra,632-Giá vốn hàng bán,156-Hàng hóa
INV20260600359,JV20260600359,SO20260600359,2026-06-23,HN-HBT,NV024,Tiền mặt,BL-27A8DA,Máy xay,Philips Blender,Sharp,3,1307852,0.17,3256551,0.08,260524,3517075,943000,2829000,427551,0.1313,3517075,3256551,260524,2829000,2829000,131-Phải thu khách hàng,511-Doanh thu bán hàng,3331-Thuế GTGT đầu ra,632-Giá vốn hàng bán,156-Hàng hóa
INV20260600360,JV20260600360,SO20260600360,2026-06-11,HN-CG,NV014,Tiền mặt,RC-3298C0,Nồi cơm,Sunhouse 1.2L,Asia,3,1537441,0.12,4058844,0.08,324707,4383551,1053000,3159000,899844,0.2217,4383551,4058844,324707,3159000,3159000,131-Phải thu khách hàng,511-Doanh thu bán hàng,3331-Thuế GTGT đầu ra,632-Giá vốn hàng bán,156-Hàng hóa
INV20260600361,JV20260600361,SO20260600361,2026-06-19,DN-HC,NV006,Chuyển khoản,MW-278BC7,Lò vi sóng,Electrolux 23L,Mitsubishi,3,5982647,0.03,17409502,0.08,1392760,18802262,4623000,13869000,3540502,0.2034,18802262,17409502,1392760,13869000,13869000,131-Phải thu khách hàng,511-Doanh thu bán hàng,3331-Thuế GTGT đầu ra,632-Giá vốn hàng bán,156-Hàng hóa
INV20260600362,JV20260600362,SO20260600362,2026-06-15,BD-TDM,NV016,Trả góp,FN-2D5413,Quạt,Senko,Aqua,2,1609419,0.19,2607258,0.08,208580,2815838,1084000,2168000,439258,0.1685,2815838,2607258,208580,2168000,2168000,131-Phải thu khách hàng,511-Doanh thu bán hàng,3331-Thuế GTGT đầu ra,632-Giá vốn hàng bán,156-Hàng hóa
INV20260600363,JV20260600363,SO20260600363,2026-06-12,HCM-Q1,NV022,Chuyển khoản,WM-EAF44E,Máy giặt,Panasonic 8.5kg,Panasonic,1,11565653,0.13,10062118,0.08,804969,10867087,9621000,9621000,441118,0.0438,10867087,10062118,804969,9621000,9621000,131-Phải thu khách hàng,511-Doanh thu bán hàng,3331-Thuế GTGT đầu ra,632-Giá vốn hàng bán,156-Hàng hóa
INV20260600364,JV20260600364,SO20260600364,2026-06-05,HN-CG,NV001,Thẻ,RF-0980E0,Tủ lạnh,Samsung Inverter 350L,Mitsubishi,3,11161787,0.05,31811092,0.08,2544887,34355979,9398000,28194000,3617092,0.1137,34355979,31811092,2544887,28194000,28194000,131-Phải thu khách hàng,511-Doanh thu bán hàng,3331-Thuế GTGT đầu ra,632-Giá vốn hàng bán,156-Hàng hóa
INV20260600365,JV20260600365,SO20260600365,2026-06-09,HN-HBT,NV002,Tiền mặt,TV-507A1B,TV,"Samsung 55"" 4K",Sharp,2,33596425,0.09,61145493,0.08,4891639,66037132,25805000,51610000,9535493,0.1559,66037132,61145493,4891639,51610000,51610000,131-Phải thu khách hàng,511-Doanh thu bán hàng,3331-Thuế GTGT đầu ra,632-Giá vốn hàng bán,156-Hàng hóa
INV20260600366,JV20260600366,SO20260600366,2026-06-17,HCM-Q7,NV016,Thẻ,MW-640EAD,Lò vi sóng,Sharp 20L,LG,2,2239004,0.19,3627186,0.08,290174,3917360,1498000,2996000,631186,0.174,3917360,3627186,290174,2996000,2996000,131-Phải thu khách hàng,511-Doanh thu bán hàng,3331-Thuế GTGT đầu ra,632-Giá vốn hàng bán,156-Hàng hóa
INV20260600367,JV20260600367,SO20260600367,2026-06-18,HCM-TB,NV019,Ví điện tử,FN-C43CC3,Quạt,Senko,Electrolux,1,2348471,0.1,2113623,0.08,169089,2282712,1743000,1743000,370623,0.1753,2282712,2113623,169089,1743000,1743000,131-Phải thu khách hàng,511-Doanh thu bán hàng,3331-Thuế GTGT đầu ra,632-Giá vốn hàng bán,156-Hàng hóa
INV20260600368,JV20260600368,SO20260600368,2026-06-02,DN-HC,NV003,Trả góp,WM-CD87CF,Máy giặt,Toshiba 9kg,Aqua,1,7395774,0.07,6878069,0.08,550245,7428314,5566000,5566000,1312069,0.1908,7428314,6878069,550245,5566000,5566000,131-Phải thu khách hàng,511-Doanh thu bán hàng,3331-Thuế GTGT đầu ra,632-Giá vốn hàng bán,156-Hàng hóa
INV20260600369,JV20260600369,SO20260600369,2026-06-18,BD-TDM,NV030,Chuyển khoản,RF-0980E0,Tủ lạnh,Samsung Inverter 350L,Mitsubishi,3,18587954,0.16,46841644,0.08,3747331,50588975,13915000,41745000,5096644,0.1088,50588975,46841644,3747331,41745000,41745000,131-Phải thu khách hàng,511-Doanh thu bán hàng,3331-Thuế GTGT đầu ra,632-Giá vốn hàng bán,156-Hàng hóa
INV20260600370,JV20260600370,SO20260600370,2026-06-25,HCM-Q7,NV012,Chuyển khoản,MW-21A949,Lò vi sóng,Panasonic 25L,Cuckoo,2,2627093,0.03,5096560,0.08,407724,5504284,1826000,3652000,1444560,0.2834,5504284,5096560,407724,3652000,3652000,131-Phải thu khách hàng,511-Doanh thu bán hàng,3331-Thuế GTGT đầu ra,632-Giá vốn hàng bán,156-Hàng hóa
INV20260600371,JV20260600371,SO20260600371,2026-06-16,HCM-Q1,NV019,Trả góp,RC-73BA31,Nồi cơm,Cuckoo 1.8L,Toshiba,2,2020719,0.01,4001023,0.08,320081,4321104,1465000,2930000,1071023,0.2677,4321104,4001023,320081,2930000,2930000,131-Phải thu khách hàng,511-Doanh thu bán hàng,3331-Thuế GTGT đầu ra,632-Giá vốn hàng bán,156-Hàng hóa
INV20260600372,JV20260600372,SO20260600372,2026-06-20,HCM-Q7,NV022,Ví điện tử,RF-0C269E,Tủ lạnh,Panasonic 300L,Philips,2,9000404,0.04,17280775,0.08,1382462,18663237,7676000,15352000,1928775,0.1116,18663237,17280775,1382462,15352000,15352000,131-Phải thu khách hàng,511-Doanh thu bán hàng,3331-Thuế GTGT đầu ra,632-Giá vốn hàng bán,156-Hàng hóa
INV20260600373,JV20260600373,SO20260600373,2026-06-25,CT-NK,NV030,Ví điện tử,WM-15F54A,Máy giặt,LG 9kg,Sharp,2,10790166,0.03,20932922,0.08,1674633,22607555,8026000,16052000,4880922,0.2332,22607555,20932922,1674633,16052000,16052000,131-Phải thu khách hàng,511-Doanh thu bán hàng,3331-Thuế GTGT đầu ra,632-Giá vốn hàng bán,156-Hàng hóa
INV20260600374,JV20260600374,SO20260600374,2026-06-01,HN-CG,NV027,Chuyển khoản,AC-0202C4,Máy lạnh,Mitsubishi 1.5HP,Senko,2,14410497,0.17,23921425,0.08,1913714,25835139,12063000,24126000,-204575,-0.0086,25835139,23921425,1913714,24126000,24126000,131-Phải thu khách hàng,511-Doanh thu bán hàng,3331-Thuế GTGT đầu ra,632-Giá vốn hàng bán,156-Hàng hóa
INV20260600375,JV20260600375,SO20260600375,2026-06-07,CT-NK,NV007,Chuyển khoản,AC-CBBDDE,Máy lạnh,Panasonic 1.5HP,Sharp,2,8504080,0.08,15647507,0.08,1251800,16899307,7060000,14120000,1527507,0.0976,16899307,15647507,1251800,14120000,14120000,131-Phải thu khách hàng,511-Doanh thu bán hàng,3331-Thuế GTGT đầu ra,632-Giá vốn hàng bán,156-Hàng hóa
INV20260600376,JV20260600376,SO20260600376,2026-06-24,DN-HC,NV002,Tiền mặt,WM-CFD2AA,Máy giặt,Toshiba 9kg,Philips,2,7238808,0.09,13174630,0.08,1053970,14228600,5429000,10858000,2316630,0.1758,14228600,13174630,1053970,10858000,10858000,131-Phải thu khách hàng,511-Doanh thu bán hàng,3331-Thuế GTGT đầu ra,632-Giá vốn hàng bán,156-Hàng hóa
INV20260600377,JV20260600377,SO20260600377,2026-06-15,DN-HC,NV011,Chuyển khoản,RC-73BA31,Nồi cơm,Cuckoo 1.8L,Toshiba,1,1650997,0.15,1403347,0.08,112267,1515614,1037000,1037000,366347,0.2611,1515614,1403347,112267,1037000,1037000,131-Phải thu khách hàng,511-Doanh thu bán hàng,3331-Thuế GTGT đầu ra,632-Giá vốn hàng bán,156-Hàng hóa
INV20260600378,JV20260600378,SO20260600378,2026-06-07,HCM-TB,NV012,Chuyển khoản,BL-A928A4,Máy xay,Philips Blender,LG,2,1379877,0.06,2594168,0.08,207533,2801701,1001000,2002000,592168,0.2283,2801701,2594168,207533,2002000,2002000,131-Phải thu khách hàng,511-Doanh thu bán hàng,3331-Thuế GTGT đầu ra,632-Giá vốn hàng bán,156-Hàng hóa
INV20260600379,JV20260600379,SO20260600379,2026-06-10,DN-HC,NV001,Chuyển khoản,RF-4D4BA4,Tủ lạnh,Aqua 250L,Philips,1,19899748,0.1,17909773,0.08,1432781,19342554,15657000,15657000,2252773,0.1258,19342554,17909773,1432781,15657000,15657000,131-Phải thu khách hàng,511-Doanh thu bán hàng,3331-Thuế GTGT đầu ra,632-Giá vốn hàng bán,156-Hàng hóa
INV20260600380,JV20260600380,SO20260600380,2026-06-01,CT-NK,NV015,Trả góp,WM-5CD83A,Máy giặt,LG 9kg,Samsung,1,9412491,0.03,9130116,0.08,730409,9860525,7613000,7613000,1517116,0.1662,9860525,9130116,730409,7613000,7613000,131-Phải thu khách hàng,511-Doanh thu bán hàng,3331-Thuế GTGT đầu ra,632-Giá vốn hàng bán,156-Hàng hóa
INV20260600381,JV20260600381,SO20260600381,2026-06-11,HCM-TB,NV021,Thẻ,FN-7632BC,Quạt,Asia,Panasonic,2,1722316,0.11,3065722,0.08,245257,3310979,1082000,2164000,901722,0.2941,3310979,3065722,245257,2164000,2164000,131-Phải thu khách hàng,511-Doanh thu bán hàng,3331-Thuế GTGT đầu ra,632-Giá vốn hàng bán,156-Hàng hóa
INV20260600382,JV20260600382,SO20260600382,2026-06-08,HCM-TB,NV030,Chuyển khoản,TV-299EB8,TV,LG OLED 48,Electrolux,2,34424811,0.13,59899171,0.08,4791933,64691104,29171000,58342000,1557171,0.026,64691104,59899171,4791933,58342000,58342000,131-Phải thu khách hàng,511-Doanh thu bán hàng,3331-Thuế GTGT đầu ra,632-Giá vốn hàng bán,156-Hàng hóa
INV20260600383,JV20260600383,SO20260600383,2026-06-03,HN-CG,NV009,Thẻ,BL-8778AF,Máy xay,Philips Blender,Mitsubishi,2,1117970,0.12,1967627,0.08,157410,2125037,732000,1464000,503627,0.256,2125037,1967627,157410,1464000,1464000,131-Phải thu khách hàng,511-Doanh thu bán hàng,3331-Thuế GTGT đầu ra,632-Giá vốn hàng bán,156-Hàng hóa
INV20260600384,JV20260600384,SO20260600384,2026-06-23,HCM-TB,NV015,Chuyển khoản,FN-EEAA84,Quạt,Asia,Toshiba,3,1355763,0.11,3619887,0.08,289590,3909477,832000,2496000,1123887,0.3105,3909477,3619887,289590,2496000,2496000,131-Phải thu khách hàng,511-Doanh thu bán hàng,3331-Thuế GTGT đầu ra,632-Giá vốn hàng bán,156-Hàng hóa
INV20260600385,JV20260600385,SO20260600385,2026-06-13,HCM-Q7,NV012,Chuyển khoản,RC-C7DE50,Nồi cơm,Cuckoo 1.8L,Cuckoo,1,3480454,0.07,3236822,0.08,258945,3495767,2064000,2064000,1172822,0.3623,3495767,3236822,258945,2064000,2064000,131-Phải thu khách hàng,511-Doanh thu bán hàng,3331-Thuế GTGT đầu ra,632-Giá vốn hàng bán,156-Hàng hóa
INV20260600386,JV20260600386,SO20260600386,2026-06-01,HCM-Q1,NV016,Trả góp,BL-2DE930,Máy xay,Sunhouse Blender,Toshiba,1,2045811,0.09,1861688,0.08,148935,2010623,1436000,1436000,425688,0.2287,2010623,1861688,148935,1436000,1436000,131-Phải thu khách hàng,511-Doanh thu bán hàng,3331-Thuế GTGT đầu ra,632-Giá vốn hàng bán,156-Hàng hóa
INV20260600387,JV20260600387,SO20260600387,2026-06-17,HN-HBT,NV006,Ví điện tử,RC-BA76D0,Nồi cơm,Panasonic 1.8L,Daikin,2,3683107,0.19,5966633,0.08,477330,6443963,2322000,4644000,1322633,0.2217,6443963,5966633,477330,4644000,4644000,131-Phải thu khách hàng,511-Doanh thu bán hàng,3331-Thuế GTGT đầu ra,632-Giá vốn hàng bán,156-Hàng hóa
INV20260600388,JV20260600388,SO20260600388,2026-06-04,HN-CG,NV007,Ví điện tử,KT-8BE75F,Ấm siêu tốc,Kangaroo,Samsung,3,793163,0.2,1903591,0.08,152287,2055878,419000,1257000,646591,0.3397,2055878,1903591,152287,1257000,1257000,131-Phải thu khách hàng,511-Doanh thu bán hàng,3331-Thuế GTGT đầu ra,632-Giá vốn hàng bán,156-Hàng hóa
INV20260600389,JV20260600389,SO20260600389,2026-06-22,HCM-Q1,NV006,Tiền mặt,WM-3E2B9E,Máy giặt,Toshiba 9kg,Cuckoo,1,5304893,0.07,4933550,0.08,394684,5328234,4181000,4181000,752550,0.1525,5328234,4933550,394684,4181000,4181000,131-Phải thu khách hàng,511-Doanh thu bán hàng,3331-Thuế GTGT đầu ra,632-Giá vốn hàng bán,156-Hàng hóa
INV20260600390,JV20260600390,SO20260600390,2026-06-09,HN-CG,NV010,Ví điện tử,MW-33B2FE,Lò vi sóng,Electrolux 23L,Samsung,2,4521680,0.02,8862492,0.08,708999,9571491,3316000,6632000,2230492,0.2517,9571491,8862492,708999,6632000,6632000,131-Phải thu khách hàng,511-Doanh thu bán hàng,3331-Thuế GTGT đầu ra,632-Giá vốn hàng bán,156-Hàng hóa
INV20260600391,JV20260600391,SO20260600391,2026-06-14,HCM-Q7,NV010,Tiền mặt,KT-2036D6,Ấm siêu tốc,Kangaroo,Panasonic,2,347279,0.06,652884,0.08,52230,705114,193000,386000,266884,0.4088,705114,652884,52230,386000,386000,131-Phải thu khách hàng,511-Doanh thu bán hàng,3331-Thuế GTGT đầu ra,632-Giá vốn hàng bán,156-Hàng hóa
INV20260600392,JV20260600392,SO20260600392,2026-06-14,DN-HC,NV030,Tiền mặt,VC-852D6B,Máy hút bụi,Philips FC,Sunhouse,1,11518030,0.08,10596587,0.08,847726,11444313,8756000,8756000,1840587,0.1737,11444313,10596587,847726,8756000,8756000,131-Phải thu khách hàng,511-Doanh thu bán hàng,3331-Thuế GTGT đầu ra,632-Giá vốn hàng bán,156-Hàng hóa
INV20260600393,JV20260600393,SO20260600393,2026-06-10,BD-TDM,NV003,Ví điện tử,RC-F33150,Nồi cơm,Panasonic 1.8L,Casper,2,1859943,0.12,3273499,0.08,261879,3535378,1170000,2340000,933499,0.2852,3535378,3273499,261879,2340000,2340000,131-Phải thu khách hàng,511-Doanh thu bán hàng,3331-Thuế GTGT đầu ra,632-Giá vốn hàng bán,156-Hàng hóa
INV20260600394,JV20260600394,SO20260600394,2026-06-19,HCM-TB,NV006,Thẻ,FN-C25C4D,Quạt,Senko,Asia,2,632557,0.1,1138602,0.08,91088,1229690,352000,704000,434602,0.3817,1229690,1138602,91088,704000,704000,131-Phải thu khách hàng,511-Doanh thu bán hàng,3331-Thuế GTGT đầu ra,632-Giá vốn hàng bán,156-Hàng hóa
INV20260600395,JV20260600395,SO20260600395,2026-06-01,BD-TDM,NV001,Chuyển khoản,MW-B116A2,Lò vi sóng,Panasonic 25L,Senko,3,1763789,0.1,4762230,0.08,380978,5143208,1241000,3723000,1039230,0.2182,5143208,4762230,380978,3723000,3723000,131-Phải thu khách hàng,511-Doanh thu bán hàng,3331-Thuế GTGT đầu ra,632-Giá vốn hàng bán,156-Hàng hóa
INV20260600396,JV20260600396,SO20260600396,2026-06-14,HCM-Q1,NV015,Ví điện tử,AC-6D8176,Máy lạnh,Casper 1HP,Xiaomi,2,15495957,0.06,29132399,0.08,2330591,31462990,12403000,24806000,4326399,0.1485,31462990,29132399,2330591,24806000,24806000,131-Phải thu khách hàng,511-Doanh thu bán hàng,3331-Thuế GTGT đầu ra,632-Giá vốn hàng bán,156-Hàng hóa
INV20260600397,JV20260600397,SO20260600397,2026-06-27,DN-HC,NV001,Chuyển khoản,TV-ADCC29,TV,"TCL 50""",Sony,3,16610349,0.1,44847942,0.08,3587835,48435777,13069000,39207000,5640942,0.1258,48435777,44847942,3587835,39207000,39207000,131-Phải thu khách hàng,511-Doanh thu bán hàng,3331-Thuế GTGT đầu ra,632-Giá vốn hàng bán,156-Hàng hóa
INV20260600398,JV20260600398,SO20260600398,2026-06-04,HN-HBT,NV009,Thẻ,VC-09CEE7,Máy hút bụi,Dyson V8,Philips,2,3953177,0.08,7273845,0.08,581907,7855752,3026000,6052000,1221845,0.168,7855752,7273845,581907,6052000,6052000,131-Phải thu khách hàng,511-Doanh thu bán hàng,3331-Thuế GTGT đầu ra,632-Giá vốn hàng bán,156-Hàng hóa
INV20260600399,JV20260600399,SO20260600399,2026-06-02,HCM-Q7,NV016,Chuyển khoản,BL-9D0A0A,Máy xay,Sunhouse Blender,Cuckoo,2,2738010,0.14,4709377,0.08,376750,5086127,1528000,3056000,1653377,0.3511,5086127,4709377,376750,3056000,3056000,131-Phải thu khách hàng,511-Doanh thu bán hàng,3331-Thuế GTGT đầu ra,632-Giá vốn hàng bán,156-Hàng hóa
INV20260600400,JV20260600400,SO20260600400,2026-06-17,HCM-Q7,NV012,Ví điện tử,VC-D86280,Máy hút bụi,Philips FC,Mitsubishi,2,3307044,0.05,6283383,0.08,502670,6786053,2550000,5100000,1183383,0.1883,6786053,6283383,502670,5100000,5100000,131-Phải thu khách hàng,511-Doanh thu bán hàng,3331-Thuế GTGT đầu ra,632-Giá vốn hàng bán,156-Hàng hóa
INV20260600401,JV20260600401,SO20260600401,2026-06-21,HCM-TB,NV015,Trả góp,WM-694A64,Máy giặt,Toshiba 9kg,Mitsubishi,1,10359800,0.01,10256202,0.08,820496,11076698,8036000,8036000,2220202,0.2165,11076698,10256202,820496,8036000,8036000,131-Phải thu khách hàng,511-Doanh thu bán hàng,3331-Thuế GTGT đầu ra,632-Giá vốn hàng bán,156-Hàng hóa
INV20260600402,JV20260600402,SO20260600402,2026-06-10,HCM-Q7,NV030,Chuyển khoản,RC-6CF84A,Nồi cơm,Cuckoo 1.8L,Daikin,1,1373544,0.01,1359808,0.08,108784,1468592,798000,798000,561808,0.4132,1468592,1359808,108784,798000,798000,131-Phải thu khách hàng,511-Doanh thu bán hàng,3331-Thuế GTGT đầu ra,632-Giá vốn hàng bán,156-Hàng hóa
INV20260600403,JV20260600403,SO20260600403,2026-06-04,DN-HC,NV013,Chuyển khoản,TV-65B17D,TV,"Sony 65""",Samsung,2,10475452,0.08,19274831,0.08,1541986,20816817,8726000,17452000,1822831,0.0946,20816817,19274831,1541986,17452000,17452000,131-Phải thu khách hàng,511-Doanh thu bán hàng,3331-Thuế GTGT đầu ra,632-Giá vốn hàng bán,156-Hàng hóa
INV20260600404,JV20260600404,SO20260600404,2026-06-22,HN-HBT,NV010,Ví điện tử,TV-5243F8,TV,"Samsung 55"" 4K",LG,1,8069325,0.15,6858926,0.08,548714,7407640,6563000,6563000,295926,0.0431,7407640,6858926,548714,6563000,6563000,131-Phải thu khách hàng,511-Doanh thu bán hàng,3331-Thuế GTGT đầu ra,632-Giá vốn hàng bán,156-Hàng hóa
INV20260600405,JV20260600405,SO20260600405,2026-06-15,HN-CG,NV003,Thẻ,RF-082E8A,Tủ lạnh,Panasonic 300L,Senko,2,18845785,0.09,34299328,0.08,2743946,37043274,15871000,31742000,2557328,0.0746,37043274,34299328,2743946,31742000,31742000,131-Phải thu khách hàng,511-Doanh thu bán hàng,3331-Thuế GTGT đầu ra,632-Giá vốn hàng bán,156-Hàng hóa
INV20260600406,JV20260600406,SO20260600406,2026-06-13,DN-HC,NV017,Thẻ,TV-DE1879,TV,"Samsung 55"" 4K",Asia,3,15995425,0.19,38868882,0.08,3109510,41978392,12216000,36648000,2220882,0.0571,41978392,38868882,3109510,36648000,36648000,131-Phải thu khách hàng,511-Doanh thu bán hàng,3331-Thuế GTGT đầu ra,632-Giá vốn hàng bán,156-Hàng hóa
INV20260600407,JV20260600407,SO20260600407,2026-06-14,HCM-Q1,NV028,Trả góp,VC-FA3352,Máy hút bụi,Dyson V8,Aqua,1,5513260,0.09,5017066,0.08,401365,5418431,4231000,4231000,786066,0.1567,5418431,5017066,401365,4231000,4231000,131-Phải thu khách hàng,511-Doanh thu bán hàng,3331-Thuế GTGT đầu ra,632-Giá vốn hàng bán,156-Hàng hóa
INV20260600408,JV20260600408,SO20260600408,2026-06-25,DN-HC,NV024,Ví điện tử,RC-C8DD6A,Nồi cơm,Panasonic 1.8L,LG,3,3314145,0.08,9147040,0.08,731763,9878803,2135000,6405000,2742040,0.2998,9878803,9147040,731763,6405000,6405000,131-Phải thu khách hàng,511-Doanh thu bán hàng,3331-Thuế GTGT đầu ra,632-Giá vốn hàng bán,156-Hàng hóa
INV20260600409,JV20260600409,SO20260600409,2026-06-16,HCM-TB,NV008,Trả góp,TV-3A9F5F,TV,LG OLED 48,Casper,1,21280027,0.05,20216025,0.08,1617282,21833307,16585000,16585000,3631025,0.1796,21833307,20216025,1617282,16585000,16585000,131-Phải thu khách hàng,511-Doanh thu bán hàng,3331-Thuế GTGT đầu ra,632-Giá vốn hàng bán,156-Hàng hóa
INV20260600410,JV20260600410,SO20260600410,2026-06-17,DN-HC,NV030,Tiền mặt,KT-C76795,Ấm siêu tốc,Philips,Aqua,2,740153,0.18,1213850,0.08,97108,1310958,488000,976000,237850,0.1959,1310958,1213850,97108,976000,976000,131-Phải thu khách hàng,511-Doanh thu bán hàng,3331-Thuế GTGT đầu ra,632-Giá vốn hàng bán,156-Hàng hóa
INV20260600411,JV20260600411,SO20260600411,2026-06-26,BD-TDM,NV004,Trả góp,TV-65942A,TV,"Sony 65""",Toshiba,3,20719195,0.09,56563402,0.08,4525072,61088474,17811000,53433000,3130402,0.0553,61088474,56563402,4525072,53433000,53433000,131-Phải thu khách hàng,511-Doanh thu bán hàng,3331-Thuế GTGT đầu ra,632-Giá vốn hàng bán,156-Hàng hóa
INV20260600412,JV20260600412,SO20260600412,2026-06-09,HCM-TB,NV022,Thẻ,RF-F6944C,Tủ lạnh,LG 420L,Sunhouse,1,20684024,0.16,17374580,0.08,1389966,18764546,15336000,15336000,2038580,0.1173,18764546,17374580,1389966,15336000,15336000,131-Phải thu khách hàng,511-Doanh thu bán hàng,3331-Thuế GTGT đầu ra,632-Giá vốn hàng bán,156-Hàng hóa
INV20260600413,JV20260600413,SO20260600413,2026-06-17,HCM-Q1,NV015,Ví điện tử,BL-95987D,Máy xay,Philips Blender,Asia,2,2840006,0.1,5112010,0.08,408960,5520970,1587000,3174000,1938010,0.3791,5520970,5112010,408960,3174000,3174000,131-Phải thu khách hàng,511-Doanh thu bán hàng,3331-Thuế GTGT đầu ra,632-Giá vốn hàng bán,156-Hàng hóa
INV20260600414,JV20260600414,SO20260600414,2026-06-15,BD-TDM,NV010,Tiền mặt,RC-D3B39E,Nồi cơm,Sharp 1.8L,Sony,2,1976768,0.2,3162828,0.08,253026,3415854,1252000,2504000,658828,0.2083,3415854,3162828,253026,2504000,2504000,131-Phải thu khách hàng,511-Doanh thu bán hàng,3331-Thuế GTGT đầu ra,632-Giá vốn hàng bán,156-Hàng hóa
INV20260600415,JV20260600415,SO20260600415,2026-06-20,DN-HC,NV027,Thẻ,FN-A270E1,Quạt,Asia,Sony,1,2472062,0.2,1977649,0.08,158211,2135860,1475000,1475000,502649,0.2542,2135860,1977649,158211,1475000,1475000,131-Phải thu khách hàng,511-Doanh thu bán hàng,3331-Thuế GTGT đầu ra,632-Giá vốn hàng bán,156-Hàng hóa
INV20260600416,JV20260600416,SO20260600416,2026-06-23,DN-HC,NV027,Thẻ,TV-ADCC29,TV,"TCL 50""",Sony,1,14431038,0.03,13998106,0.08,1119848,15117954,12616000,12616000,1382106,0.0987,15117954,13998106,1119848,12616000,12616000,131-Phải thu khách hàng,511-Doanh thu bán hàng,3331-Thuế GTGT đầu ra,632-Giá vốn hàng bán,156-Hàng hóa
INV20260600417,JV20260600417,SO20260600417,2026-06-16,HCM-TB,NV015,Thẻ,RF-709E60,Tủ lạnh,LG 420L,LG,1,22433337,0.19,18171002,0.08,1453680,19624682,18750000,18750000,-578998,-0.0319,19624682,18171002,1453680,18750000,18750000,131-Phải thu khách hàng,511-Doanh thu bán hàng,3331-Thuế GTGT đầu ra,632-Giá vốn hàng bán,156-Hàng hóa
INV20260600418,JV20260600418,SO20260600418,2026-06-28,HN-CG,NV009,Thẻ,RF-99918D,Tủ lạnh,LG 420L,Casper,3,16359568,0.06,46133981,0.08,3690718,49824699,12498000,37494000,8639981,0.1873,49824699,46133981,3690718,37494000,37494000,131-Phải thu khách hàng,511-Doanh thu bán hàng,3331-Thuế GTGT đầu ra,632-Giá vốn hàng bán,156-Hàng hóa
INV20260600419,JV20260600419,SO20260600419,2026-06-21,HCM-Q7,NV026,Thẻ,BL-F7CCD6,Máy xay,Sunhouse Blender,Asia,3,2265203,0.08,6251960,0.08,500156,6752116,1420000,4260000,1991960,0.3186,6752116,6251960,500156,4260000,4260000,131-Phải thu khách hàng,511-Doanh thu bán hàng,3331-Thuế GTGT đầu ra,632-Giá vốn hàng bán,156-Hàng hóa
INV20260600420,JV20260600420,SO20260600420,2026-06-19,HN-CG,NV019,Trả góp,FN-AB0CC6,Quạt,Asia,Xiaomi,1,1164039,0.03,1129117,0.08,90329,1219446,797000,797000,332117,0.2941,1219446,1129117,90329,797000,797000,131-Phải thu khách hàng,511-Doanh thu bán hàng,3331-Thuế GTGT đầu ra,632-Giá vốn hàng bán,156-Hàng hóa
INV20260600421,JV20260600421,SO20260600421,2026-06-08,HCM-Q1,NV010,Ví điện tử,BL-2DE930,Máy xay,Sunhouse Blender,Toshiba,1,2436125,0.11,2168151,0.08,173452,2341603,1402000,1402000,766151,0.3534,2341603,2168151,173452,1402000,1402000,131-Phải thu khách hàng,511-Doanh thu bán hàng,3331-Thuế GTGT đầu ra,632-Giá vốn hàng bán,156-Hàng hóa
INV20260600422,JV20260600422,SO20260600422,2026-06-27,HN-HBT,NV002,Ví điện tử,RF-7A08B1,Tủ lạnh,Samsung Inverter 350L,Xiaomi,3,5108267,0.17,12719584,0.08,1017566,13737150,4383000,13149000,-429416,-0.0338,13737150,12719584,1017566,13149000,13149000,131-Phải thu khách hàng,511-Doanh thu bán hàng,3331-Thuế GTGT đầu ra,632-Giá vốn hàng bán,156-Hàng hóa
INV20260600423,JV20260600423,SO20260600423,2026-06-20,HCM-Q1,NV021,Chuyển khoản,BL-08E06D,Máy xay,Philips Blender,Casper,2,672007,0.04,1290253,0.08,103220,1393473,386000,772000,518253,0.4017,1393473,1290253,103220,772000,772000,131-Phải thu khách hàng,511-Doanh thu bán hàng,3331-Thuế GTGT đầu ra,632-Giá vốn hàng bán,156-Hàng hóa
INV20260600424,JV20260600424,SO20260600424,2026-06-08,BD-TDM,NV016,Chuyển khoản,VC-852D6B,Máy hút bụi,Philips FC,Sunhouse,1,3693665,0.2,2954932,0.08,236394,3191326,2712000,2712000,242932,0.0822,3191326,2954932,236394,2712000,2712000,131-Phải thu khách hàng,511-Doanh thu bán hàng,3331-Thuế GTGT đầu ra,632-Giá vốn hàng bán,156-Hàng hóa
INV20260600425,JV20260600425,SO20260600425,2026-06-24,HN-CG,NV014,Trả góp,RF-309876,Tủ lạnh,Aqua 250L,LG,2,18394020,0.01,36420159,0.08,2913612,39333771,15526000,31052000,5368159,0.1474,39333771,36420159,2913612,31052000,31052000,131-Phải thu khách hàng,511-Doanh thu bán hàng,3331-Thuế GTGT đầu ra,632-Giá vốn hàng bán,156-Hàng hóa
INV20260600426,JV20260600426,SO20260600426,2026-06-11,BD-TDM,NV028,Chuyển khoản,VC-3898BC,Máy hút bụi,Xiaomi G10,Toshiba,3,3493673,0.13,9118486,0.08,729478,9847964,2313000,6939000,2179486,0.239,9847964,9118486,729478,6939000,6939000,131-Phải thu khách hàng,511-Doanh thu bán hàng,3331-Thuế GTGT đầu ra,632-Giá vốn hàng bán,156-Hàng hóa
INV20260600427,JV20260600427,SO20260600427,2026-06-30,HN-CG,NV002,Tiền mặt,WM-4F93AF,Máy giặt,LG 9kg,Sunhouse,3,7163583,0.04,20631119,0.08,1650489,22281608,5518000,16554000,4077119,0.1976,22281608,20631119,1650489,16554000,16554000,131-Phải thu khách hàng,511-Doanh thu bán hàng,3331-Thuế GTGT đầu ra,632-Giá vốn hàng bán,156-Hàng hóa
INV20260600428,JV20260600428,SO20260600428,2026-06-10,DN-HC,NV016,Thẻ,FN-7632BC,Quạt,Asia,Panasonic,3,2314522,0.16,5832595,0.08,466607,6299202,1400000,4200000,1632595,0.2799,6299202,5832595,466607,4200000,4200000,131-Phải thu khách hàng,511-Doanh thu bán hàng,3331-Thuế GTGT đầu ra,632-Giá vốn hàng bán,156-Hàng hóa
INV20260600429,JV20260600429,SO20260600429,2026-06-21,DN-HC,NV022,Tiền mặt,WM-EAF44E,Máy giặt,Panasonic 8.5kg,Panasonic,2,12645353,0.19,20485471,0.08,1638837,22124308,9669000,19338000,1147471,0.056,22124308,20485471,1638837,19338000,19338000,131-Phải thu khách hàng,511-Doanh thu bán hàng,3331-Thuế GTGT đầu ra,632-Giá vốn hàng bán,156-Hàng hóa
INV20260600430,JV20260600430,SO20260600430,2026-06-25,HCM-Q7,NV008,Tiền mặt,BL-01E9C7,Máy xay,Panasonic Blender,Samsung,2,1689338,0.17,2804301,0.08,224344,3028645,1001000,2002000,802301,0.2861,3028645,2804301,224344,2002000,2002000,131-Phải thu khách hàng,511-Doanh thu bán hàng,3331-Thuế GTGT đầu ra,632-Giá vốn hàng bán,156-Hàng hóa
INV20260600431,JV20260600431,SO20260600431,2026-06-24,HCM-Q1,NV013,Thẻ,AC-BBBEF9,Máy lạnh,Casper 1HP,Sharp,1,7616518,0.02,7464187,0.08,597134,8061321,6092000,6092000,1372187,0.1838,8061321,7464187,597134,6092000,6092000,131-Phải thu khách hàng,511-Doanh thu bán hàng,3331-Thuế GTGT đầu ra,632-Giá vốn hàng bán,156-Hàng hóa
INV20260600432,JV20260600432,SO20260600432,2026-06-08,HN-CG,NV009,Tiền mặt,RF-4A3E4F,Tủ lạnh,Aqua 250L,Daikin,2,5481388,0.12,9647242,0.08,771779,10419021,4388000,8776000,871242,0.0903,10419021,9647242,771779,8776000,8776000,131-Phải thu khách hàng,511-Doanh thu bán hàng,3331-Thuế GTGT đầu ra,632-Giá vốn hàng bán,156-Hàng hóa
INV20260600433,JV20260600433,SO20260600433,2026-06-24,HCM-Q1,NV005,Ví điện tử,AC-3E9D78,Máy lạnh,Mitsubishi 1.5HP,Electrolux,2,8699788,0.07,16181605,0.08,1294528,17476133,6702000,13404000,2777605,0.1717,17476133,16181605,1294528,13404000,13404000,131-Phải thu khách hàng,511-Doanh thu bán hàng,3331-Thuế GTGT đầu ra,632-Giá vốn hàng bán,156-Hàng hóa
INV20260600434,JV20260600434,SO20260600434,2026-06-20,HCM-Q1,NV012,Chuyển khoản,KT-EFA122,Ấm siêu tốc,Sunhouse,Daikin,2,761212,0.08,1400630,0.08,112050,1512680,467000,934000,466630,0.3332,1512680,1400630,112050,934000,934000,131-Phải thu khách hàng,511-Doanh thu bán hàng,3331-Thuế GTGT đầu ra,632-Giá vốn hàng bán,156-Hàng hóa
INV20260600435,JV20260600435,SO20260600435,2026-06-23,DN-HC,NV025,Chuyển khoản,BL-3258EA,Máy xay,Panasonic Blender,Mitsubishi,2,2781979,0.19,4506805,0.08,360544,4867349,1880000,3760000,746805,0.1657,4867349,4506805,360544,3760000,3760000,131-Phải thu khách hàng,511-Doanh thu bán hàng,3331-Thuế GTGT đầu ra,632-Giá vốn hàng bán,156-Hàng hóa
INV20260600436,JV20260600436,SO20260600436,2026-06-17,HN-HBT,NV029,Chuyển khoản,VC-A4DECF,Máy hút bụi,Dyson V8,Mitsubishi,1,10501572,0.18,8611289,0.08,688903,9300192,6561000,6561000,2050289,0.2381,9300192,8611289,688903,6561000,6561000,131-Phải thu khách hàng,511-Doanh thu bán hàng,3331-Thuế GTGT đầu ra,632-Giá vốn hàng bán,156-Hàng hóa
INV20260600437,JV20260600437,SO20260600437,2026-06-05,DN-HC,NV017,Ví điện tử,TV-ADCC29,TV,"TCL 50""",Sony,3,13631652,0.15,34760712,0.08,2780856,37541568,11655000,34965000,-204288,-0.0059,37541568,34760712,2780856,34965000,34965000,131-Phải thu khách hàng,511-Doanh thu bán hàng,3331-Thuế GTGT đầu ra,632-Giá vốn hàng bán,156-Hàng hóa
INV20260600438,JV20260600438,SO20260600438,2026-06-07,HN-HBT,NV009,Tiền mặt,RF-FB4D4D,Tủ lạnh,Samsung Inverter 350L,Samsung,3,10538942,0.2,25293460,0.08,2023476,27316936,8450000,25350000,-56540,-0.0022,27316936,25293460,2023476,25350000,25350000,131-Phải thu khách hàng,511-Doanh thu bán hàng,3331-Thuế GTGT đầu ra,632-Giá vốn hàng bán,156-Hàng hóa
INV20260600439,JV20260600439,SO20260600439,2026-06-12,HCM-Q7,NV010,Tiền mặt,WM-B05DAD,Máy giặt,LG 9kg,Sony,3,12454621,0.14,32132922,0.08,2570633,34703555,10279000,30837000,1295922,0.0403,34703555,32132922,2570633,30837000,30837000,131-Phải thu khách hàng,511-Doanh thu bán hàng,3331-Thuế GTGT đầu ra,632-Giá vốn hàng bán,156-Hàng hóa
INV20260600440,JV20260600440,SO20260600440,2026-06-14,CT-NK,NV030,Tiền mặt,RC-56CDC9,Nồi cơm,Sharp 1.8L,Sharp,3,2387471,0.16,6016426,0.08,481314,6497740,1487000,4461000,1555426,0.2585,6497740,6016426,481314,4461000,4461000,131-Phải thu khách hàng,511-Doanh thu bán hàng,3331-Thuế GTGT đầu ra,632-Giá vốn hàng bán,156-Hàng hóa
INV20260600441,JV20260600441,SO20260600441,2026-06-25,HN-HBT,NV011,Trả góp,BL-8AFBB7,Máy xay,Panasonic Blender,Xiaomi,2,2214444,0.06,4163154,0.08,333052,4496206,1558000,3116000,1047154,0.2515,4496206,4163154,333052,3116000,3116000,131-Phải thu khách hàng,511-Doanh thu bán hàng,3331-Thuế GTGT đầu ra,632-Giá vốn hàng bán,156-Hàng hóa
INV20260600442,JV20260600442,SO20260600442,2026-06-18,CT-NK,NV001,Trả góp,TV-C528C6,TV,LG OLED 48,Cuckoo,3,25965860,0.01,77118604,0.08,6169488,83288092,21120000,63360000,13758604,0.1784,83288092,77118604,6169488,63360000,63360000,131-Phải thu khách hàng,511-Doanh thu bán hàng,3331-Thuế GTGT đầu ra,632-Giá vốn hàng bán,156-Hàng hóa
INV20260600443,JV20260600443,SO20260600443,2026-06-09,HCM-Q7,NV022,Ví điện tử,AC-4CE3DD,Máy lạnh,Panasonic 1.5HP,Samsung,2,12884866,0.2,20615785,0.08,1649262,22265047,9864000,19728000,887785,0.0431,22265047,20615785,1649262,19728000,19728000,131-Phải thu khách hàng,511-Doanh thu bán hàng,3331-Thuế GTGT đầu ra,632-Giá vốn hàng bán,156-Hàng hóa
INV20260600444,JV20260600444,SO20260600444,2026-06-16,BD-TDM,NV009,Ví điện tử,RF-E1EA3E,Tủ lạnh,Samsung Inverter 350L,Sunhouse,2,11637285,0.11,20714367,0.08,1657149,22371516,8975000,17950000,2764367,0.1335,22371516,20714367,1657149,17950000,17950000,131-Phải thu khách hàng,511-Doanh thu bán hàng,3331-Thuế GTGT đầu ra,632-Giá vốn hàng bán,156-Hàng hóa
INV20260600445,JV20260600445,SO20260600445,2026-06-25,HCM-TB,NV019,Trả góp,RF-6FD99B,Tủ lạnh,Panasonic 300L,Casper,3,6644622,0.2,15947092,0.08,1275767,17222859,5126000,15378000,569092,0.0357,17222859,15947092,1275767,15378000,15378000,131-Phải thu khách hàng,511-Doanh thu bán hàng,3331-Thuế GTGT đầu ra,632-Giá vốn hàng bán,156-Hàng hóa
INV20260600446,JV20260600446,SO20260600446,2026-06-26,HCM-Q1,NV003,Thẻ,VC-36242C,Máy hút bụi,Xiaomi G10,Sony,1,11015896,0.02,10795578,0.08,863646,11659224,7926000,7926000,2869578,0.2658,11659224,10795578,863646,7926000,7926000,131-Phải thu khách hàng,511-Doanh thu bán hàng,3331-Thuế GTGT đầu ra,632-Giá vốn hàng bán,156-Hàng hóa
INV20260600447,JV20260600447,SO20260600447,2026-06-28,DN-HC,NV017,Tiền mặt,BL-67F131,Máy xay,Sunhouse Blender,Panasonic,1,547729,0.05,520342,0.08,41627,561969,381000,381000,139342,0.2678,561969,520342,41627,381000,381000,131-Phải thu khách hàng,511-Doanh thu bán hàng,3331-Thuế GTGT đầu ra,632-Giá vốn hàng bán,156-Hàng hóa
INV20260600448,JV20260600448,SO20260600448,2026-06-04,HN-CG,NV020,Ví điện tử,WM-EE77C3,Máy giặt,Toshiba 9kg,Panasonic,3,16633291,0.03,48402876,0.08,3872230,52275106,13373000,40119000,8283876,0.1711,52275106,48402876,3872230,40119000,40119000,131-Phải thu khách hàng,511-Doanh thu bán hàng,3331-Thuế GTGT đầu ra,632-Giá vốn hàng bán,156-Hàng hóa
INV20260600449,JV20260600449,SO20260600449,2026-06-01,HCM-Q1,NV016,Chuyển khoản,KT-63AE81,Ấm siêu tốc,Kangaroo,Daikin,2,505149,0.12,889062,0.08,71124,960186,302000,604000,285062,0.3206,960186,889062,71124,604000,604000,131-Phải thu khách hàng,511-Doanh thu bán hàng,3331-Thuế GTGT đầu ra,632-Giá vốn hàng bán,156-Hàng hóa
INV20260600450,JV20260600450,SO20260600450,2026-06-06,HCM-TB,NV005,Thẻ,MW-21A949,Lò vi sóng,Panasonic 25L,Cuckoo,3,4627278,0.15,11799558,0.08,943964,12743522,2971000,8913000,2886558,0.2446,12743522,11799558,943964,8913000,8913000,131-Phải thu khách hàng,511-Doanh thu bán hàng,3331-Thuế GTGT đầu ra,632-Giá vốn hàng bán,156-Hàng hóa
INV20260600451,JV20260600451,SO20260600451,2026-06-24,HCM-TB,NV028,Ví điện tử,AC-E7C43D,Máy lạnh,Panasonic 1.5HP,Casper,2,15859927,0.03,30768258,0.08,2461460,33229718,11661000,23322000,7446258,0.242,33229718,30768258,2461460,23322000,23322000,131-Phải thu khách hàng,511-Doanh thu bán hàng,3331-Thuế GTGT đầu ra,632-Giá vốn hàng bán,156-Hàng hóa
INV20260600452,JV20260600452,SO20260600452,2026-06-23,HCM-Q1,NV003,Thẻ,RC-666E15,Nồi cơm,Sunhouse 1.2L,Panasonic,2,3871440,0.17,6426590,0.08,514127,6940717,2370000,4740000,1686590,0.2624,6940717,6426590,514127,4740000,4740000,131-Phải thu khách hàng,511-Doanh thu bán hàng,3331-Thuế GTGT đầu ra,632-Giá vốn hàng bán,156-Hàng hóa
INV20260600453,JV20260600453,SO20260600453,2026-06-02,HN-HBT,NV024,Tiền mặt,KT-881318,Ấm siêu tốc,Sunhouse,Sony,1,956156,0.01,946594,0.08,75727,1022321,603000,603000,343594,0.363,1022321,946594,75727,603000,603000,131-Phải thu khách hàng,511-Doanh thu bán hàng,3331-Thuế GTGT đầu ra,632-Giá vốn hàng bán,156-Hàng hóa
INV20260600454,JV20260600454,SO20260600454,2026-06-23,DN-HC,NV003,Tiền mặt,FN-6CD351,Quạt,Panasonic,Aqua,2,1003685,0.13,1746411,0.08,139712,1886123,636000,1272000,474411,0.2716,1886123,1746411,139712,1272000,1272000,131-Phải thu khách hàng,511-Doanh thu bán hàng,3331-Thuế GTGT đầu ra,632-Giá vốn hàng bán,156-Hàng hóa
INV20260600455,JV20260600455,SO20260600455,2026-06-13,HN-HBT,NV011,Ví điện tử,TV-8A011F,TV,LG OLED 48,Philips,3,29224516,0.12,77152722,0.08,6172217,83324939,24354000,73062000,4090722,0.053,83324939,77152722,6172217,73062000,73062000,131-Phải thu khách hàng,511-Doanh thu bán hàng,3331-Thuế GTGT đầu ra,632-Giá vốn hàng bán,156-Hàng hóa
INV20260600456,JV20260600456,SO20260600456,2026-06-04,HCM-Q7,NV025,Chuyển khoản,KT-988AF8,Ấm siêu tốc,Kangaroo,Senko,3,831510,0.13,2170241,0.08,173619,2343860,591000,1773000,397241,0.183,2343860,2170241,173619,1773000,1773000,131-Phải thu khách hàng,511-Doanh thu bán hàng,3331-Thuế GTGT đầu ra,632-Giá vốn hàng bán,156-Hàng hóa
INV20260600457,JV20260600457,SO20260600457,2026-06-27,HN-HBT,NV007,Ví điện tử,MW-21A949,Lò vi sóng,Panasonic 25L,Cuckoo,1,3900006,0.09,3549005,0.08,283920,3832925,2716000,2716000,833005,0.2347,3832925,3549005,283920,2716000,2716000,131-Phải thu khách hàng,511-Doanh thu bán hàng,3331-Thuế GTGT đầu ra,632-Giá vốn hàng bán,156-Hàng hóa
INV20260600458,JV20260600458,SO20260600458,2026-06-06,HCM-Q1,NV004,Chuyển khoản,RC-53400C,Nồi cơm,Panasonic 1.8L,Aqua,1,826893,0.08,760741,0.08,60859,821600,559000,559000,201741,0.2652,821600,760741,60859,559000,559000,131-Phải thu khách hàng,511-Doanh thu bán hàng,3331-Thuế GTGT đầu ra,632-Giá vốn hàng bán,156-Hàng hóa
INV20260600459,JV20260600459,SO20260600459,2026-06-27,HCM-Q7,NV024,Tiền mặt,KT-2ABC39,Ấm siêu tốc,Kangaroo,Mitsubishi,3,1302684,0.03,3790810,0.08,303264,4094074,894000,2682000,1108810,0.2925,4094074,3790810,303264,2682000,2682000,131-Phải thu khách hàng,511-Doanh thu bán hàng,3331-Thuế GTGT đầu ra,632-Giá vốn hàng bán,156-Hàng hóa
INV20260600460,JV20260600460,SO20260600460,2026-06-10,DN-HC,NV010,Ví điện tử,WM-C8CAA6,Máy giặt,Toshiba 9kg,Daikin,3,13352043,0.18,32846025,0.08,2627682,35473707,10113000,30339000,2507025,0.0763,35473707,32846025,2627682,30339000,30339000,131-Phải thu khách hàng,511-Doanh thu bán hàng,3331-Thuế GTGT đầu ra,632-Giá vốn hàng bán,156-Hàng hóa
INV20260600461,JV20260600461,SO20260600461,2026-06-07,HN-HBT,NV005,Chuyển khoản,TV-299EB8,TV,LG OLED 48,Electrolux,2,17428988,0.18,28583540,0.08,2286683,30870223,14911000,29822000,-1238460,-0.0433,30870223,28583540,2286683,29822000,29822000,131-Phải thu khách hàng,511-Doanh thu bán hàng,3331-Thuế GTGT đầu ra,632-Giá vốn hàng bán,156-Hàng hóa
INV20260600462,JV20260600462,SO20260600462,2026-06-09,HCM-Q7,NV003,Thẻ,VC-4F893C,Máy hút bụi,Dyson V8,Daikin,1,9627470,0.13,8375898,0.08,670071,9045969,6494000,6494000,1881898,0.2247,9045969,8375898,670071,6494000,6494000,131-Phải thu khách hàng,511-Doanh thu bán hàng,3331-Thuế GTGT đầu ra,632-Giá vốn hàng bán,156-Hàng hóa
INV20260600463,JV20260600463,SO20260600463,2026-06-26,HCM-Q7,NV009,Tiền mặt,BL-21A1FA,Máy xay,Sunhouse Blender,Electrolux,1,1044628,0.04,1002842,0.08,80227,1083069,681000,681000,321842,0.3209,1083069,1002842,80227,681000,681000,131-Phải thu khách hàng,511-Doanh thu bán hàng,3331-Thuế GTGT đầu ra,632-Giá vốn hàng bán,156-Hàng hóa
INV20260600464,JV20260600464,SO20260600464,2026-06-09,HN-CG,NV023,Thẻ,VC-110A19,Máy hút bụi,Philips FC,Philips,3,5753310,0.08,15879135,0.08,1270330,17149465,3543000,10629000,5250135,0.3306,17149465,15879135,1270330,10629000,10629000,131-Phải thu khách hàng,511-Doanh thu bán hàng,3331-Thuế GTGT đầu ra,632-Giá vốn hàng bán,156-Hàng hóa
INV20260600465,JV20260600465,SO20260600465,2026-06-15,CT-NK,NV004,Thẻ,WM-1ED27C,Máy giặt,Panasonic 8.5kg,Cuckoo,2,9338851,0.04,17930593,0.08,1434447,19365040,7418000,14836000,3094593,0.1726,19365040,17930593,1434447,14836000,14836000,131-Phải thu khách hàng,511-Doanh thu bán hàng,3331-Thuế GTGT đầu ra,632-Giá vốn hàng bán,156-Hàng hóa
INV20260600466,JV20260600466,SO20260600466,2026-06-27,HCM-TB,NV016,Thẻ,VC-DE537A,Máy hút bụi,Dyson V8,Electrolux,3,3388338,0.12,8945212,0.08,715616,9660828,2155000,6465000,2480212,0.2773,9660828,8945212,715616,6465000,6465000,131-Phải thu khách hàng,511-Doanh thu bán hàng,3331-Thuế GTGT đầu ra,632-Giá vốn hàng bán,156-Hàng hóa
INV20260600467,JV20260600467,SO20260600467,2026-06-19,CT-NK,NV018,Tiền mặt,BL-C9164C,Máy xay,Philips Blender,Senko,3,2537143,0.18,6241371,0.08,499309,6740680,1751000,5253000,988371,0.1584,6740680,6241371,499309,5253000,5253000,131-Phải thu khách hàng,511-Doanh thu bán hàng,3331-Thuế GTGT đầu ra,632-Giá vốn hàng bán,156-Hàng hóa
INV20260600468,JV20260600468,SO20260600468,2026-06-18,BD-TDM,NV017,Tiền mặt,VC-A60FBD,Máy hút bụi,Philips FC,Asia,1,8906317,0.06,8371937,0.08,669754,9041691,6264000,6264000,2107937,0.2518,9041691,8371937,669754,6264000,6264000,131-Phải thu khách hàng,511-Doanh thu bán hàng,3331-Thuế GTGT đầu ra,632-Giá vốn hàng bán,156-Hàng hóa
INV20260600469,JV20260600469,SO20260600469,2026-06-12,BD-TDM,NV011,Ví điện tử,RC-120EAC,Nồi cơm,Sunhouse 1.2L,Sharp,1,1252779,0.1,1127501,0.08,90200,1217701,871000,871000,256501,0.2275,1217701,1127501,90200,871000,871000,131-Phải thu khách hàng,511-Doanh thu bán hàng,3331-Thuế GTGT đầu ra,632-Giá vốn hàng bán,156-Hàng hóa
INV20260600470,JV20260600470,SO20260600470,2026-06-10,DN-HC,NV020,Trả góp,RF-D9A75C,Tủ lạnh,Samsung Inverter 350L,Sony,3,15067431,0.13,39325994,0.08,3146079,42472073,12604000,37812000,1513994,0.0385,42472073,39325994,3146079,37812000,37812000,131-Phải thu khách hàng,511-Doanh thu bán hàng,3331-Thuế GTGT đầu ra,632-Giá vốn hàng bán,156-Hàng hóa
INV20260600471,JV20260600471,SO20260600471,2026-06-08,HN-HBT,NV013,Thẻ,BL-01E9C7,Máy xay,Panasonic Blender,Samsung,2,737235,0.04,1415491,0.08,113239,1528730,509000,1018000,397491,0.2808,1528730,1415491,113239,1018000,1018000,131-Phải thu khách hàng,511-Doanh thu bán hàng,3331-Thuế GTGT đầu ra,632-Giá vốn hàng bán,156-Hàng hóa
INV20260600472,JV20260600472,SO20260600472,2026-06-16,HN-CG,NV002,Ví điện tử,WM-4E5FAA,Máy giặt,Toshiba 9kg,Sharp,1,13776748,0.07,12812375,0.08,1024990,13837365,10821000,10821000,1991375,0.1554,13837365,12812375,1024990,10821000,10821000,131-Phải thu khách hàng,511-Doanh thu bán hàng,3331-Thuế GTGT đầu ra,632-Giá vốn hàng bán,156-Hàng hóa
INV20260600473,JV20260600473,SO20260600473,2026-06-08,CT-NK,NV010,Ví điện tử,KT-BD9201,Ấm siêu tốc,Kangaroo,Aqua,2,1116529,0.17,1853438,0.08,148275,2001713,729000,1458000,395438,0.2134,2001713,1853438,148275,1458000,1458000,131-Phải thu khách hàng,511-Doanh thu bán hàng,3331-Thuế GTGT đầu ra,632-Giá vốn hàng bán,156-Hàng hóa
INV20260600474,JV20260600474,SO20260600474,2026-06-18,CT-NK,NV020,Trả góp,BL-271795,Máy xay,Panasonic Blender,Sony,2,1559666,0.18,2557852,0.08,204628,2762480,872000,1744000,813852,0.3182,2762480,2557852,204628,1744000,1744000,131-Phải thu khách hàng,511-Doanh thu bán hàng,3331-Thuế GTGT đầu ra,632-Giá vốn hàng bán,156-Hàng hóa
INV20260600475,JV20260600475,SO20260600475,2026-06-16,BD-TDM,NV029,Trả góp,WM-F9045A,Máy giặt,LG 9kg,Casper,3,15818157,0.12,41759934,0.08,3340794,45100728,13194000,39582000,2177934,0.0522,45100728,41759934,3340794,39582000,39582000,131-Phải thu khách hàng,511-Doanh thu bán hàng,3331-Thuế GTGT đầu ra,632-Giá vốn hàng bán,156-Hàng hóa
INV20260600476,JV20260600476,SO20260600476,2026-06-21,CT-NK,NV012,Ví điện tử,BL-6730F4,Máy xay,Panasonic Blender,Sharp,1,2154829,0.01,2133280,0.08,170662,2303942,1275000,1275000,858280,0.4023,2303942,2133280,170662,1275000,1275000,131-Phải thu khách hàng,511-Doanh thu bán hàng,3331-Thuế GTGT đầu ra,632-Giá vốn hàng bán,156-Hàng hóa
INV20260600477,JV20260600477,SO20260600477,2026-06-15,BD-TDM,NV019,Thẻ,FN-0333B4,Quạt,Asia,Daikin,2,2013913,0.07,3745878,0.08,299670,4045548,1373000,2746000,999878,0.2669,4045548,3745878,299670,2746000,2746000,131-Phải thu khách hàng,511-Doanh thu bán hàng,3331-Thuế GTGT đầu ra,632-Giá vốn hàng bán,156-Hàng hóa
INV20260600478,JV20260600478,SO20260600478,2026-06-07,CT-NK,NV002,Chuyển khoản,TV-3F699A,TV,LG OLED 48,Aqua,1,32280243,0.2,25824194,0.08,2065935,27890129,26945000,26945000,-1120806,-0.0434,27890129,25824194,2065935,26945000,26945000,131-Phải thu khách hàng,511-Doanh thu bán hàng,3331-Thuế GTGT đầu ra,632-Giá vốn hàng bán,156-Hàng hóa
INV20260600479,JV20260600479,SO20260600479,2026-06-24,HCM-Q7,NV013,Chuyển khoản,FN-464655,Quạt,Panasonic,Toshiba,3,909600,0.04,2619648,0.08,209571,2829219,512000,1536000,1083648,0.4137,2829219,2619648,209571,1536000,1536000,131-Phải thu khách hàng,511-Doanh thu bán hàng,3331-Thuế GTGT đầu ra,632-Giá vốn hàng bán,156-Hàng hóa
INV20260600480,JV20260600480,SO20260600480,2026-06-11,BD-TDM,NV006,Tiền mặt,WM-C38973,Máy giặt,Samsung 10kg,Aqua,1,5516314,0.16,4633703,0.08,370696,5004399,4425000,4425000,208703,0.045,5004399,4633703,370696,4425000,4425000,131-Phải thu khách hàng,511-Doanh thu bán hàng,3331-Thuế GTGT đầu ra,632-Giá vốn hàng bán,156-Hàng hóa
INV20260600481,JV20260600481,SO20260600481,2026-06-30,DN-HC,NV023,Tiền mặt,BL-E1AB41,Máy xay,Sunhouse Blender,Casper,2,453388,0.1,816098,0.08,65287,881385,283000,566000,250098,0.3065,881385,816098,65287,566000,566000,131-Phải thu khách hàng,511-Doanh thu bán hàng,3331-Thuế GTGT đầu ra,632-Giá vốn hàng bán,156-Hàng hóa
INV20260600482,JV20260600482,SO20260600482,2026-06-10,BD-TDM,NV018,Chuyển khoản,RC-588B19,Nồi cơm,Sunhouse 1.2L,Electrolux,3,3306423,0.08,9125727,0.08,730058,9855785,1973000,5919000,3206727,0.3514,9855785,9125727,730058,5919000,5919000,131-Phải thu khách hàng,511-Doanh thu bán hàng,3331-Thuế GTGT đầu ra,632-Giá vốn hàng bán,156-Hàng hóa
INV20260600483,JV20260600483,SO20260600483,2026-06-26,HN-HBT,NV009,Ví điện tử,KT-3F3135,Ấm siêu tốc,Sunhouse,Sharp,2,960718,0.13,1671649,0.08,133731,1805380,632000,1264000,407649,0.2439,1805380,1671649,133731,1264000,1264000,131-Phải thu khách hàng,511-Doanh thu bán hàng,3331-Thuế GTGT đầu ra,632-Giá vốn hàng bán,156-Hàng hóa
INV20260600484,JV20260600484,SO20260600484,2026-06-09,HCM-Q7,NV023,Trả góp,FN-3C43A6,Quạt,Asia,Philips,3,2329295,0.19,5660186,0.08,452814,6113000,1617000,4851000,809186,0.143,6113000,5660186,452814,4851000,4851000,131-Phải thu khách hàng,511-Doanh thu bán hàng,3331-Thuế GTGT đầu ra,632-Giá vốn hàng bán,156-Hàng hóa
INV20260600485,JV20260600485,SO20260600485,2026-06-04,CT-NK,NV014,Trả góp,RC-189134,Nồi cơm,Sunhouse 1.2L,Samsung,1,1566976,0.15,1331929,0.08,106554,1438483,1005000,1005000,326929,0.2455,1438483,1331929,106554,1005000,1005000,131-Phải thu khách hàng,511-Doanh thu bán hàng,3331-Thuế GTGT đầu ra,632-Giá vốn hàng bán,156-Hàng hóa
INV20260600486,JV20260600486,SO20260600486,2026-06-24,DN-HC,NV006,Chuyển khoản,TV-92EE57,TV,LG OLED 48,LG,1,31273147,0.03,30334952,0.08,2426796,32761748,25321000,25321000,5013952,0.1653,32761748,30334952,2426796,25321000,25321000,131-Phải thu khách hàng,511-Doanh thu bán hàng,3331-Thuế GTGT đầu ra,632-Giá vốn hàng bán,156-Hàng hóa
INV20260600487,JV20260600487,SO20260600487,2026-06-20,HCM-Q1,NV003,Ví điện tử,WM-9170CB,Máy giặt,LG 9kg,LG,1,8358371,0.07,7773285,0.08,621862,8395147,7103000,7103000,670285,0.0862,8395147,7773285,621862,7103000,7103000,131-Phải thu khách hàng,511-Doanh thu bán hàng,3331-Thuế GTGT đầu ra,632-Giá vốn hàng bán,156-Hàng hóa
INV20260600488,JV20260600488,SO20260600488,2026-06-25,CT-NK,NV008,Trả góp,VC-D4F050,Máy hút bụi,Xiaomi G10,Samsung,3,11086877,0.14,28604142,0.08,2288331,30892473,6684000,20052000,8552142,0.299,30892473,28604142,2288331,20052000,20052000,131-Phải thu khách hàng,511-Doanh thu bán hàng,3331-Thuế GTGT đầu ra,632-Giá vốn hàng bán,156-Hàng hóa
INV20260600489,JV20260600489,SO20260600489,2026-06-20,CT-NK,NV007,Tiền mặt,FN-FF4EE8,Quạt,Panasonic,Sunhouse,1,1283767,0.15,1091201,0.08,87296,1178497,780000,780000,311201,0.2852,1178497,1091201,87296,780000,780000,131-Phải thu khách hàng,511-Doanh thu bán hàng,3331-Thuế GTGT đầu ra,632-Giá vốn hàng bán,156-Hàng hóa
INV20260600490,JV20260600490,SO20260600490,2026-06-01,HN-HBT,NV006,Thẻ,KT-9BE99C,Ấm siêu tốc,Philips,Panasonic,2,415879,0.02,815122,0.08,65209,880331,239000,478000,337122,0.4136,880331,815122,65209,478000,478000,131-Phải thu khách hàng,511-Doanh thu bán hàng,3331-Thuế GTGT đầu ra,632-Giá vốn hàng bán,156-Hàng hóa
INV20260600491,JV20260600491,SO20260600491,2026-06-23,HCM-TB,NV006,Ví điện tử,TV-43365F,TV,"Samsung 55"" 4K",Cuckoo,3,31427610,0.02,92397173,0.08,7391773,99788946,25149000,75447000,16950173,0.1834,99788946,92397173,7391773,75447000,75447000,131-Phải thu khách hàng,511-Doanh thu bán hàng,3331-Thuế GTGT đầu ra,632-Giá vốn hàng bán,156-Hàng hóa
INV20260600492,JV20260600492,SO20260600492,2026-06-11,HCM-Q7,NV017,Ví điện tử,FN-04019E,Quạt,Senko,Philips,1,960133,0.1,864119,0.08,69129,933248,619000,619000,245119,0.2837,933248,864119,69129,619000,619000,131-Phải thu khách hàng,511-Doanh thu bán hàng,3331-Thuế GTGT đầu ra,632-Giá vốn hàng bán,156-Hàng hóa
INV20260600493,JV20260600493,SO20260600493,2026-06-18,DN-HC,NV027,Trả góp,WM-AD6A90,Máy giặt,Panasonic 8.5kg,Electrolux,1,15115402,0.19,12243475,0.08,979478,13222953,12483000,12483000,-239525,-0.0196,13222953,12243475,979478,12483000,12483000,131-Phải thu khách hàng,511-Doanh thu bán hàng,3331-Thuế GTGT đầu ra,632-Giá vốn hàng bán,156-Hàng hóa
INV20260600494,JV20260600494,SO20260600494,2026-06-18,HCM-Q1,NV006,Tiền mặt,KT-DE6FC8,Ấm siêu tốc,Kangaroo,Sharp,1,1160110,0.02,1136907,0.08,90952,1227859,605000,605000,531907,0.4679,1227859,1136907,90952,605000,605000,131-Phải thu khách hàng,511-Doanh thu bán hàng,3331-Thuế GTGT đầu ra,632-Giá vốn hàng bán,156-Hàng hóa
INV20260600495,JV20260600495,SO20260600495,2026-06-18,HCM-TB,NV013,Chuyển khoản,AC-B90290,Máy lạnh,Panasonic 1.5HP,Mitsubishi,3,21619085,0.16,54480094,0.08,4358407,58838501,15205000,45615000,8865094,0.1627,58838501,54480094,4358407,45615000,45615000,131-Phải thu khách hàng,511-Doanh thu bán hàng,3331-Thuế GTGT đầu ra,632-Giá vốn hàng bán,156-Hàng hóa
INV20260600496,JV20260600496,SO20260600496,2026-06-21,HCM-TB,NV027,Trả góp,BL-6B4572,Máy xay,Philips Blender,Cuckoo,2,2322612,0.02,4552319,0.08,364185,4916504,1710000,3420000,1132319,0.2487,4916504,4552319,364185,3420000,3420000,131-Phải thu khách hàng,511-Doanh thu bán hàng,3331-Thuế GTGT đầu ra,632-Giá vốn hàng bán,156-Hàng hóa
INV20260600497,JV20260600497,SO20260600497,2026-06-04,HN-CG,NV009,Thẻ,KT-80B935,Ấm siêu tốc,Kangaroo,LG,2,432189,0.17,717433,0.08,57394,774827,291000,582000,135433,0.1888,774827,717433,57394,582000,582000,131-Phải thu khách hàng,511-Doanh thu bán hàng,3331-Thuế GTGT đầu ra,632-Giá vốn hàng bán,156-Hàng hóa
INV20260600498,JV20260600498,SO20260600498,2026-06-16,BD-TDM,NV026,Ví điện tử,BL-21A1FA,Máy xay,Sunhouse Blender,Electrolux,3,659312,0.04,1898818,0.08,151905,2050723,440000,1320000,578818,0.3048,2050723,1898818,151905,1320000,1320000,131-Phải thu khách hàng,511-Doanh thu bán hàng,3331-Thuế GTGT đầu ra,632-Giá vốn hàng bán,156-Hàng hóa
INV20260600499,JV20260600499,SO20260600499,2026-06-21,DN-HC,NV012,Trả góp,RC-F33150,Nồi cơm,Panasonic 1.8L,Casper,3,1234368,0.19,2999514,0.08,239961,3239475,832000,2496000,503514,0.1679,3239475,2999514,239961,2496000,2496000,131-Phải thu khách hàng,511-Doanh thu bán hàng,3331-Thuế GTGT đầu ra,632-Giá vốn hàng bán,156-Hàng hóa
INV20260600500,JV20260600500,SO20260600500,2026-06-03,HCM-TB,NV025,Ví điện tử,TV-74BDA3,TV,LG OLED 48,Sunhouse,2,32597934,0.03,63239991,0.08,5059199,68299190,25505000,51010000,12229991,0.1934,68299190,63239991,5059199,51010000,51010000,131-Phải thu khách hàng,511-Doanh thu bán hàng,3331-Thuế GTGT đầu ra,632-Giá vốn hàng bán,156-Hàng hóa
INV20260600501,JV20260600501,SO20260600501,2026-06-21,HN-CG,NV003,Ví điện tử,RF-AE1055,Tủ lạnh,Panasonic 300L,Mitsubishi,1,8932994,0.09,8129024,0.08,650321,8779345,7243000,7243000,886024,0.109,8779345,8129024,650321,7243000,7243000,131-Phải thu khách hàng,511-Doanh thu bán hàng,3331-Thuế GTGT đầu ra,632-Giá vốn hàng bán,156-Hàng hóa
INV20260600502,JV20260600502,SO20260600502,2026-06-07,HCM-Q1,NV015,Trả góp,MW-2666B6,Lò vi sóng,Panasonic 25L,Mitsubishi,3,2528453,0.08,6978530,0.08,558282,7536812,1703000,5109000,1869530,0.2679,7536812,6978530,558282,5109000,5109000,131-Phải thu khách hàng,511-Doanh thu bán hàng,3331-Thuế GTGT đầu ra,632-Giá vốn hàng bán,156-Hàng hóa
INV20260600503,JV20260600503,SO20260600503,2026-06-11,HN-HBT,NV005,Thẻ,VC-A1C900,Máy hút bụi,Philips FC,Xiaomi,3,9473346,0.04,27283236,0.08,2182658,29465894,7435000,22305000,4978236,0.1825,29465894,27283236,2182658,22305000,22305000,131-Phải thu khách hàng,511-Doanh thu bán hàng,3331-Thuế GTGT đầu ra,632-Giá vốn hàng bán,156-Hàng hóa
INV20260600504,JV20260600504,SO20260600504,2026-06-16,HN-HBT,NV008,Tiền mặt,WM-B368C2,Máy giặt,Samsung 10kg,Casper,1,11185696,0.04,10738268,0.08,859061,11597329,8939000,8939000,1799268,0.1676,11597329,10738268,859061,8939000,8939000,131-Phải thu khách hàng,511-Doanh thu bán hàng,3331-Thuế GTGT đầu ra,632-Giá vốn hàng bán,156-Hàng hóa
INV20260600505,JV20260600505,SO20260600505,2026-06-01,DN-HC,NV002,Chuyển khoản,RF-8AEC72,Tủ lạnh,Samsung Inverter 350L,Daikin,1,16408782,0.12,14439728,0.08,1155178,15594906,12236000,12236000,2203728,0.1526,15594906,14439728,1155178,12236000,12236000,131-Phải thu khách hàng,511-Doanh thu bán hàng,3331-Thuế GTGT đầu ra,632-Giá vốn hàng bán,156-Hàng hóa
INV20260600506,JV20260600506,SO20260600506,2026-06-22,HN-HBT,NV030,Trả góp,KT-4207FB,Ấm siêu tốc,Sunhouse,Asia,3,281047,0.04,809415,0.08,64753,874168,151000,453000,356415,0.4403,874168,809415,64753,453000,453000,131-Phải thu khách hàng,511-Doanh thu bán hàng,3331-Thuế GTGT đầu ra,632-Giá vốn hàng bán,156-Hàng hóa
INV20260600507,JV20260600507,SO20260600507,2026-06-15,HCM-Q1,NV006,Tiền mặt,MW-807E15,Lò vi sóng,Panasonic 25L,Asia,3,4816565,0.04,13871707,0.08,1109736,14981443,3162000,9486000,4385707,0.3162,14981443,13871707,1109736,9486000,9486000,131-Phải thu khách hàng,511-Doanh thu bán hàng,3331-Thuế GTGT đầu ra,632-Giá vốn hàng bán,156-Hàng hóa
INV20260600508,JV20260600508,SO20260600508,2026-06-15,HN-CG,NV002,Chuyển khoản,AC-B03170,Máy lạnh,Casper 1HP,Casper,3,18339449,0.06,51717246,0.08,4137379,55854625,15011000,45033000,6684246,0.1292,55854625,51717246,4137379,45033000,45033000,131-Phải thu khách hàng,511-Doanh thu bán hàng,3331-Thuế GTGT đầu ra,632-Giá vốn hàng bán,156-Hàng hóa
INV20260600509,JV20260600509,SO20260600509,2026-06-20,DN-HC,NV010,Trả góp,AC-A3A658,Máy lạnh,Panasonic 1.5HP,Aqua,3,9357550,0.03,27230470,0.08,2178437,29408907,7278000,21834000,5396470,0.1982,29408907,27230470,2178437,21834000,21834000,131-Phải thu khách hàng,511-Doanh thu bán hàng,3331-Thuế GTGT đầu ra,632-Giá vốn hàng bán,156-Hàng hóa
INV20260600510,JV20260600510,SO20260600510,2026-06-18,HCM-Q1,NV015,Trả góp,FN-6CD351,Quạt,Panasonic,Aqua,3,1001630,0.02,2944792,0.08,235583,3180375,700000,2100000,844792,0.2869,3180375,2944792,235583,2100000,2100000,131-Phải thu khách hàng,511-Doanh thu bán hàng,3331-Thuế GTGT đầu ra,632-Giá vốn hàng bán,156-Hàng hóa
INV20260600511,JV20260600511,SO20260600511,2026-06-02,HCM-Q7,NV025,Trả góp,VC-9224B5,Máy hút bụi,Philips FC,Samsung,1,10346103,0.02,10139180,0.08,811134,10950314,7716000,7716000,2423180,0.239,10950314,10139180,811134,7716000,7716000,131-Phải thu khách hàng,511-Doanh thu bán hàng,3331-Thuế GTGT đầu ra,632-Giá vốn hàng bán,156-Hàng hóa
INV20260600512,JV20260600512,SO20260600512,2026-06-15,HCM-TB,NV007,Thẻ,TV-EB02E5,TV,"Sony 65""",Mitsubishi,2,29701058,0.06,55837989,0.08,4467039,60305028,25820000,51640000,4197989,0.0752,60305028,55837989,4467039,51640000,51640000,131-Phải thu khách hàng,511-Doanh thu bán hàng,3331-Thuế GTGT đầu ra,632-Giá vốn hàng bán,156-Hàng hóa
INV20260600513,JV20260600513,SO20260600513,2026-06-08,HN-HBT,NV007,Tiền mặt,TV-DD0514,TV,"Samsung 55"" 4K",Mitsubishi,2,26643475,0.08,49023994,0.08,3921919,52945913,20829000,41658000,7365994,0.1503,52945913,49023994,3921919,41658000,41658000,131-Phải thu khách hàng,511-Doanh thu bán hàng,3331-Thuế GTGT đầu ra,632-Giá vốn hàng bán,156-Hàng hóa
INV20260600514,JV20260600514,SO20260600514,2026-06-23,HCM-Q1,NV001,Thẻ,RF-E5D449,Tủ lạnh,Aqua 250L,Cuckoo,1,14867697,0.13,12934896,0.08,1034791,13969687,11976000,11976000,958896,0.0741,13969687,12934896,1034791,11976000,11976000,131-Phải thu khách hàng,511-Doanh thu bán hàng,3331-Thuế GTGT đầu ra,632-Giá vốn hàng bán,156-Hàng hóa
INV20260600515,JV20260600515,SO20260600515,2026-06-24,HCM-Q7,NV003,Tiền mặt,RC-BFF843,Nồi cơm,Cuckoo 1.8L,Xiaomi,1,2413879,0.18,1979380,0.08,158350,2137730,1655000,1655000,324380,0.1639,2137730,1979380,158350,1655000,1655000,131-Phải thu khách hàng,511-Doanh thu bán hàng,3331-Thuế GTGT đầu ra,632-Giá vốn hàng bán,156-Hàng hóa
INV20260600516,JV20260600516,SO20260600516,2026-06-02,BD-TDM,NV001,Ví điện tử,VC-96423F,Máy hút bụi,Dyson V8,Xiaomi,1,3883837,0.09,3534291,0.08,282743,3817034,2943000,2943000,591291,0.1673,3817034,3534291,282743,2943000,2943000,131-Phải thu khách hàng,511-Doanh thu bán hàng,3331-Thuế GTGT đầu ra,632-Giá vốn hàng bán,156-Hàng hóa
INV20260600517,JV20260600517,SO20260600517,2026-06-21,HCM-Q7,NV016,Chuyển khoản,VC-A60FBD,Máy hút bụi,Philips FC,Asia,1,7174797,0.16,6026829,0.08,482146,6508975,5508000,5508000,518829,0.0861,6508975,6026829,482146,5508000,5508000,131-Phải thu khách hàng,511-Doanh thu bán hàng,3331-Thuế GTGT đầu ra,632-Giá vốn hàng bán,156-Hàng hóa
INV20260600518,JV20260600518,SO20260600518,2026-06-15,HCM-Q7,NV007,Ví điện tử,AC-0877C5,Máy lạnh,Daikin 1HP,Sony,2,21350593,0.05,40566126,0.08,3245290,43811416,15715000,31430000,9136126,0.2252,43811416,40566126,3245290,31430000,31430000,131-Phải thu khách hàng,511-Doanh thu bán hàng,3331-Thuế GTGT đầu ra,632-Giá vốn hàng bán,156-Hàng hóa
INV20260600519,JV20260600519,SO20260600519,2026-06-29,CT-NK,NV011,Trả góp,RF-B94164,Tủ lạnh,LG 420L,Aqua,3,18966274,0.05,54053880,0.08,4324310,58378190,16070000,48210000,5843880,0.1081,58378190,54053880,4324310,48210000,48210000,131-Phải thu khách hàng,511-Doanh thu bán hàng,3331-Thuế GTGT đầu ra,632-Giá vốn hàng bán,156-Hàng hóa
INV20260600520,JV20260600520,SO20260600520,2026-06-26,BD-TDM,NV007,Chuyển khoản,BL-958487,Máy xay,Philips Blender,Toshiba,3,735643,0.11,1964166,0.08,157133,2121299,427000,1281000,683166,0.3478,2121299,1964166,157133,1281000,1281000,131-Phải thu khách hàng,511-Doanh thu bán hàng,3331-Thuế GTGT đầu ra,632-Giá vốn hàng bán,156-Hàng hóa
INV20260600521,JV20260600521,SO20260600521,2026-06-10,HCM-TB,NV028,Chuyển khoản,RF-1BAC8F,Tủ lạnh,Panasonic 300L,Electrolux,1,21884245,0.06,20571190,0.08,1645695,22216885,16862000,16862000,3709190,0.1803,22216885,20571190,1645695,16862000,16862000,131-Phải thu khách hàng,511-Doanh thu bán hàng,3331-Thuế GTGT đầu ra,632-Giá vốn hàng bán,156-Hàng hóa
INV20260600522,JV20260600522,SO20260600522,2026-06-04,HN-CG,NV009,Tiền mặt,VC-A4DECF,Máy hút bụi,Dyson V8,Mitsubishi,2,1849542,0.2,2959267,0.08,236741,3196008,1428000,2856000,103267,0.0349,3196008,2959267,236741,2856000,2856000,131-Phải thu khách hàng,511-Doanh thu bán hàng,3331-Thuế GTGT đầu ra,632-Giá vốn hàng bán,156-Hàng hóa
INV20260600523,JV20260600523,SO20260600523,2026-06-03,HCM-TB,NV025,Thẻ,VC-EF7A18,Máy hút bụi,Xiaomi G10,Aqua,1,7463065,0.03,7239173,0.08,579133,7818306,5864000,5864000,1375173,0.19,7818306,7239173,579133,5864000,5864000,131-Phải thu khách hàng,511-Doanh thu bán hàng,3331-Thuế GTGT đầu ra,632-Giá vốn hàng bán,156-Hàng hóa
INV20260600524,JV20260600524,SO20260600524,2026-06-27,HCM-Q1,NV002,Chuyển khoản,RC-443576,Nồi cơm,Sharp 1.8L,Asia,1,1901267,0.18,1559038,0.08,124723,1683761,1392000,1392000,167038,0.1071,1683761,1559038,124723,1392000,1392000,131-Phải thu khách hàng,511-Doanh thu bán hàng,3331-Thuế GTGT đầu ra,632-Giá vốn hàng bán,156-Hàng hóa
INV20260600525,JV20260600525,SO20260600525,2026-06-29,HCM-Q7,NV024,Thẻ,TV-E37EE9,TV,"Samsung 55"" 4K",Casper,3,29737656,0.07,82968060,0.08,6637444,89605504,26132000,78396000,4572060,0.0551,89605504,82968060,6637444,78396000,78396000,131-Phải thu khách hàng,511-Doanh thu bán hàng,3331-Thuế GTGT đầu ra,632-Giá vốn hàng bán,156-Hàng hóa
INV20260600526,JV20260600526,SO20260600526,2026-06-05,DN-HC,NV010,Ví điện tử,FN-E6A9CC,Quạt,Panasonic,Asia,3,644815,0.0,1934445,0.08,154755,2089200,450000,1350000,584445,0.3021,2089200,1934445,154755,1350000,1350000,131-Phải thu khách hàng,511-Doanh thu bán hàng,3331-Thuế GTGT đầu ra,632-Giá vốn hàng bán,156-Hàng hóa
INV20260600527,JV20260600527,SO20260600527,2026-06-30,HCM-Q1,NV026,Tiền mặt,MW-3E4330,Lò vi sóng,Sharp 20L,Samsung,1,1624968,0.01,1608718,0.08,128697,1737415,1189000,1189000,419718,0.2609,1737415,1608718,128697,1189000,1189000,131-Phải thu khách hàng,511-Doanh thu bán hàng,3331-Thuế GTGT đầu ra,632-Giá vốn hàng bán,156-Hàng hóa
INV20260600528,JV20260600528,SO20260600528,2026-06-30,DN-HC,NV014,Trả góp,VC-DAE72D,Máy hút bụi,Dyson V8,Sharp,1,10831510,0.05,10289934,0.08,823194,11113128,6684000,6684000,3605934,0.3504,11113128,10289934,823194,6684000,6684000,131-Phải thu khách hàng,511-Doanh thu bán hàng,3331-Thuế GTGT đầu ra,632-Giá vốn hàng bán,156-Hàng hóa
INV20260600529,JV20260600529,SO20260600529,2026-06-05,HCM-TB,NV016,Tiền mặt,MW-5F52F7,Lò vi sóng,Sharp 20L,Toshiba,1,5956538,0.13,5182188,0.08,414575,5596763,4460000,4460000,722188,0.1394,5596763,5182188,414575,4460000,4460000,131-Phải thu khách hàng,511-Doanh thu bán hàng,3331-Thuế GTGT đầu ra,632-Giá vốn hàng bán,156-Hàng hóa
INV20260600530,JV20260600530,SO20260600530,2026-06-24,CT-NK,NV017,Thẻ,VC-90E8C9,Máy hút bụi,Xiaomi G10,Electrolux,1,6404444,0.11,5699955,0.08,455996,6155951,4582000,4582000,1117955,0.1961,6155951,5699955,455996,4582000,4582000,131-Phải thu khách hàng,511-Doanh thu bán hàng,3331-Thuế GTGT đầu ra,632-Giá vốn hàng bán,156-Hàng hóa
INV20260600531,JV20260600531,SO20260600531,2026-06-23,HCM-Q1,NV004,Thẻ,AC-1FFCA0,Máy lạnh,Mitsubishi 1.5HP,Asia,3,18925463,0.02,55640861,0.08,4451268,60092129,13376000,40128000,15512861,0.2788,60092129,55640861,4451268,40128000,40128000,131-Phải thu khách hàng,511-Doanh thu bán hàng,3331-Thuế GTGT đầu ra,632-Giá vốn hàng bán,156-Hàng hóa
INV20260600532,JV20260600532,SO20260600532,2026-06-24,BD-TDM,NV015,Thẻ,BL-8AFBB7,Máy xay,Panasonic Blender,Xiaomi,2,2359655,0.1,4247379,0.08,339790,4587169,1517000,3034000,1213379,0.2857,4587169,4247379,339790,3034000,3034000,131-Phải thu khách hàng,511-Doanh thu bán hàng,3331-Thuế GTGT đầu ra,632-Giá vốn hàng bán,156-Hàng hóa
INV20260600533,JV20260600533,SO20260600533,2026-06-23,DN-HC,NV022,Trả góp,RF-38030B,Tủ lạnh,Panasonic 300L,Daikin,2,14504028,0.16,24366767,0.08,1949341,26316108,11902000,23804000,562767,0.0231,26316108,24366767,1949341,23804000,23804000,131-Phải thu khách hàng,511-Doanh thu bán hàng,3331-Thuế GTGT đầu ra,632-Giá vốn hàng bán,156-Hàng hóa
INV20260600534,JV20260600534,SO20260600534,2026-06-23,BD-TDM,NV009,Thẻ,BL-F15989,Máy xay,Philips Blender,Samsung,2,1271691,0.07,2365345,0.08,189227,2554572,744000,1488000,877345,0.3709,2554572,2365345,189227,1488000,1488000,131-Phải thu khách hàng,511-Doanh thu bán hàng,3331-Thuế GTGT đầu ra,632-Giá vốn hàng bán,156-Hàng hóa
INV20260600535,JV20260600535,SO20260600535,2026-06-04,HCM-Q7,NV002,Trả góp,FN-464655,Quạt,Panasonic,Toshiba,3,651578,0.18,1602881,0.08,128230,1731111,397000,1191000,411881,0.257,1731111,1602881,128230,1191000,1191000,131-Phải thu khách hàng,511-Doanh thu bán hàng,3331-Thuế GTGT đầu ra,632-Giá vốn hàng bán,156-Hàng hóa
INV20260600536,JV20260600536,SO20260600536,2026-06-19,DN-HC,NV016,Thẻ,RC-E521C4,Nồi cơm,Sharp 1.8L,Electrolux,1,1808466,0.14,1555280,0.08,124422,1679702,1238000,1238000,317280,0.204,1679702,1555280,124422,1238000,1238000,131-Phải thu khách hàng,511-Doanh thu bán hàng,3331-Thuế GTGT đầu ra,632-Giá vốn hàng bán,156-Hàng hóa
INV20260600537,JV20260600537,SO20260600537,2026-06-13,HN-HBT,NV013,Thẻ,MW-640EAD,Lò vi sóng,Sharp 20L,LG,1,5882382,0.08,5411791,0.08,432943,5844734,3702000,3702000,1709791,0.3159,5844734,5411791,432943,3702000,3702000,131-Phải thu khách hàng,511-Doanh thu bán hàng,3331-Thuế GTGT đầu ra,632-Giá vốn hàng bán,156-Hàng hóa
INV20260600538,JV20260600538,SO20260600538,2026-06-06,DN-HC,NV019,Trả góp,MW-9E4FC6,Lò vi sóng,Sharp 20L,Electrolux,2,3730349,0.01,7386091,0.08,590887,7976978,2663000,5326000,2060091,0.2789,7976978,7386091,590887,5326000,5326000,131-Phải thu khách hàng,511-Doanh thu bán hàng,3331-Thuế GTGT đầu ra,632-Giá vốn hàng bán,156-Hàng hóa
INV20260600539,JV20260600539,SO20260600539,2026-06-29,HCM-Q7,NV028,Ví điện tử,KT-912978,Ấm siêu tốc,Sunhouse,Philips,1,595140,0.12,523723,0.08,41897,565620,326000,326000,197723,0.3775,565620,523723,41897,326000,326000,131-Phải thu khách hàng,511-Doanh thu bán hàng,3331-Thuế GTGT đầu ra,632-Giá vốn hàng bán,156-Hàng hóa
INV20260600540,JV20260600540,SO20260600540,2026-06-09,HN-CG,NV013,Thẻ,RF-4D4BA4,Tủ lạnh,Aqua 250L,Philips,1,23935049,0.05,22738296,0.08,1819063,24557359,18018000,18018000,4720296,0.2076,24557359,22738296,1819063,18018000,18018000,131-Phải thu khách hàng,511-Doanh thu bán hàng,3331-Thuế GTGT đầu ra,632-Giá vốn hàng bán,156-Hàng hóa
INV20260600541,JV20260600541,SO20260600541,2026-06-15,BD-TDM,NV008,Thẻ,KT-9065A4,Ấm siêu tốc,Philips,Mitsubishi,3,1290948,0.1,3485559,0.08,278844,3764403,823000,2469000,1016559,0.2916,3764403,3485559,278844,2469000,2469000,131-Phải thu khách hàng,511-Doanh thu bán hàng,3331-Thuế GTGT đầu ra,632-Giá vốn hàng bán,156-Hàng hóa
INV20260600542,JV20260600542,SO20260600542,2026-06-06,HN-CG,NV018,Thẻ,KT-897605,Ấm siêu tốc,Sunhouse,Toshiba,3,992396,0.08,2739012,0.08,219120,2958132,705000,2115000,624012,0.2278,2958132,2739012,219120,2115000,2115000,131-Phải thu khách hàng,511-Doanh thu bán hàng,3331-Thuế GTGT đầu ra,632-Giá vốn hàng bán,156-Hàng hóa
INV20260600543,JV20260600543,SO20260600543,2026-06-22,HCM-Q7,NV007,Trả góp,TV-7BABFF,TV,"Sony 65""",Aqua,3,13752710,0.1,37132317,0.08,2970585,40102902,11892000,35676000,1456317,0.0392,40102902,37132317,2970585,35676000,35676000,131-Phải thu khách hàng,511-Doanh thu bán hàng,3331-Thuế GTGT đầu ra,632-Giá vốn hàng bán,156-Hàng hóa
INV20260600544,JV20260600544,SO20260600544,2026-06-05,HCM-TB,NV007,Ví điện tử,RF-D3E578,Tủ lạnh,LG 420L,Xiaomi,2,16200983,0.19,26245592,0.08,2099647,28345239,13652000,27304000,-1058408,-0.0403,28345239,26245592,2099647,27304000,27304000,131-Phải thu khách hàng,511-Doanh thu bán hàng,3331-Thuế GTGT đầu ra,632-Giá vốn hàng bán,156-Hàng hóa
INV20260600545,JV20260600545,SO20260600545,2026-06-07,DN-HC,NV030,Ví điện tử,AC-1FFCA0,Máy lạnh,Mitsubishi 1.5HP,Asia,3,16680638,0.09,45538141,0.08,3643051,49181192,13766000,41298000,4240141,0.0931,49181192,45538141,3643051,41298000,41298000,131-Phải thu khách hàng,511-Doanh thu bán hàng,3331-Thuế GTGT đầu ra,632-Giá vốn hàng bán,156-Hàng hóa
INV20260600546,JV20260600546,SO20260600546,2026-06-22,DN-HC,NV028,Ví điện tử,VC-DAE72D,Máy hút bụi,Dyson V8,Sharp,1,7555010,0.08,6950609,0.08,556048,7506657,5865000,5865000,1085609,0.1562,7506657,6950609,556048,5865000,5865000,131-Phải thu khách hàng,511-Doanh thu bán hàng,3331-Thuế GTGT đầu ra,632-Giá vốn hàng bán,156-Hàng hóa
INV20260600547,JV20260600547,SO20260600547,2026-06-30,DN-HC,NV002,Tiền mặt,BL-BCB9B9,Máy xay,Panasonic Blender,Sunhouse,2,2647415,0.08,4871243,0.08,389699,5260942,1554000,3108000,1763243,0.362,5260942,4871243,389699,3108000,3108000,131-Phải thu khách hàng,511-Doanh thu bán hàng,3331-Thuế GTGT đầu ra,632-Giá vốn hàng bán,156-Hàng hóa
INV20260600548,JV20260600548,SO20260600548,2026-06-25,HCM-TB,NV011,Trả góp,BL-AED849,Máy xay,Panasonic Blender,Electrolux,1,2148092,0.14,1847359,0.08,147788,1995147,1546000,1546000,301359,0.1631,1995147,1847359,147788,1546000,1546000,131-Phải thu khách hàng,511-Doanh thu bán hàng,3331-Thuế GTGT đầu ra,632-Giá vốn hàng bán,156-Hàng hóa
INV20260600549,JV20260600549,SO20260600549,2026-06-20,HCM-Q1,NV004,Thẻ,RC-1B752E,Nồi cơm,Panasonic 1.8L,Toshiba,2,3938968,0.01,7799156,0.08,623932,8423088,2717000,5434000,2365156,0.3033,8423088,7799156,623932,5434000,5434000,131-Phải thu khách hàng,511-Doanh thu bán hàng,3331-Thuế GTGT đầu ra,632-Giá vốn hàng bán,156-Hàng hóa
INV20260600550,JV20260600550,SO20260600550,2026-06-13,CT-NK,NV010,Tiền mặt,RF-E1EA3E,Tủ lạnh,Samsung Inverter 350L,Sunhouse,1,18139910,0.12,15963120,0.08,1277049,17240169,13704000,13704000,2259120,0.1415,17240169,15963120,1277049,13704000,13704000,131-Phải thu khách hàng,511-Doanh thu bán hàng,3331-Thuế GTGT đầu ra,632-Giá vốn hàng bán,156-Hàng hóa
INV20260600551,JV20260600551,SO20260600551,2026-06-21,HN-CG,NV016,Trả góp,VC-FDD792,Máy hút bụi,Philips FC,Casper,1,4849644,0.19,3928211,0.08,314256,4242467,3760000,3760000,168211,0.0428,4242467,3928211,314256,3760000,3760000,131-Phải thu khách hàng,511-Doanh thu bán hàng,3331-Thuế GTGT đầu ra,632-Giá vốn hàng bán,156-Hàng hóa
INV20260600552,JV20260600552,SO20260600552,2026-06-01,HN-CG,NV013,Trả góp,TV-E47777,TV,LG OLED 48,Asia,2,26036388,0.0,52072776,0.08,4165822,56238598,22345000,44690000,7382776,0.1418,56238598,52072776,4165822,44690000,44690000,131-Phải thu khách hàng,511-Doanh thu bán hàng,3331-Thuế GTGT đầu ra,632-Giá vốn hàng bán,156-Hàng hóa
INV20260600553,JV20260600553,SO20260600553,2026-06-30,CT-NK,NV003,Thẻ,BL-6B4572,Máy xay,Philips Blender,Cuckoo,1,1826119,0.01,1807857,0.08,144628,1952485,1226000,1226000,581857,0.3218,1952485,1807857,144628,1226000,1226000,131-Phải thu khách hàng,511-Doanh thu bán hàng,3331-Thuế GTGT đầu ra,632-Giá vốn hàng bán,156-Hàng hóa
INV20260600554,JV20260600554,SO20260600554,2026-06-30,DN-HC,NV029,Trả góp,AC-4CE3DD,Máy lạnh,Panasonic 1.5HP,Samsung,3,15165307,0.19,36851696,0.08,2948135,39799831,12704000,38112000,-1260304,-0.0342,39799831,36851696,2948135,38112000,38112000,131-Phải thu khách hàng,511-Doanh thu bán hàng,3331-Thuế GTGT đầu ra,632-Giá vốn hàng bán,156-Hàng hóa
INV20260600555,JV20260600555,SO20260600555,2026-06-07,HN-HBT,NV009,Thẻ,MW-FB2461,Lò vi sóng,Electrolux 23L,Senko,3,5046935,0.15,12869684,0.08,1029574,13899258,3261000,9783000,3086684,0.2398,13899258,12869684,1029574,9783000,9783000,131-Phải thu khách hàng,511-Doanh thu bán hàng,3331-Thuế GTGT đầu ra,632-Giá vốn hàng bán,156-Hàng hóa
INV20260600556,JV20260600556,SO20260600556,2026-06-15,HCM-Q1,NV026,Trả góp,VC-DAE72D,Máy hút bụi,Dyson V8,Sharp,1,5750804,0.01,5693295,0.08,455463,6148758,3966000,3966000,1727295,0.3034,6148758,5693295,455463,3966000,3966000,131-Phải thu khách hàng,511-Doanh thu bán hàng,3331-Thuế GTGT đầu ra,632-Giá vốn hàng bán,156-Hàng hóa
INV20260600557,JV20260600557,SO20260600557,2026-06-20,HN-CG,NV030,Trả góp,BL-E21F60,Máy xay,Philips Blender,Electrolux,3,2714980,0.16,6841749,0.08,547339,7389088,1933000,5799000,1042749,0.1524,7389088,6841749,547339,5799000,5799000,131-Phải thu khách hàng,511-Doanh thu bán hàng,3331-Thuế GTGT đầu ra,632-Giá vốn hàng bán,156-Hàng hóa
INV20260600558,JV20260600558,SO20260600558,2026-06-15,HN-CG,NV022,Ví điện tử,RC-7580B4,Nồi cơm,Panasonic 1.8L,Panasonic,1,1469922,0.12,1293531,0.08,103482,1397013,1003000,1003000,290531,0.2246,1397013,1293531,103482,1003000,1003000,131-Phải thu khách hàng,511-Doanh thu bán hàng,3331-Thuế GTGT đầu ra,632-Giá vốn hàng bán,156-Hàng hóa
INV20260600559,JV20260600559,SO20260600559,2026-06-17,HN-HBT,NV013,Trả góp,AC-EB66B0,Máy lạnh,Casper 1HP,Asia,1,10400789,0.12,9152694,0.08,732215,9884909,7934000,7934000,1218694,0.1332,9884909,9152694,732215,7934000,7934000,131-Phải thu khách hàng,511-Doanh thu bán hàng,3331-Thuế GTGT đầu ra,632-Giá vốn hàng bán,156-Hàng hóa
INV20260600560,JV20260600560,SO20260600560,2026-06-09,DN-HC,NV026,Tiền mặt,TV-6DF2DA,TV,"TCL 50""",Electrolux,2,30753064,0.06,57815760,0.08,4625260,62441020,24119000,48238000,9577760,0.1657,62441020,57815760,4625260,48238000,48238000,131-Phải thu khách hàng,511-Doanh thu bán hàng,3331-Thuế GTGT đầu ra,632-Giá vốn hàng bán,156-Hàng hóa
INV20260600561,JV20260600561,SO20260600561,2026-06-26,BD-TDM,NV024,Chuyển khoản,RF-4A3E4F,Tủ lạnh,Aqua 250L,Daikin,2,7941709,0.13,13818573,0.08,1105485,14924058,6358000,12716000,1102573,0.0798,14924058,13818573,1105485,12716000,12716000,131-Phải thu khách hàng,511-Doanh thu bán hàng,3331-Thuế GTGT đầu ra,632-Giá vốn hàng bán,156-Hàng hóa
INV20260600562,JV20260600562,SO20260600562,2026-06-15,DN-HC,NV012,Thẻ,RC-93DC24,Nồi cơm,Cuckoo 1.8L,Mitsubishi,3,703745,0.16,1773437,0.08,141874,1915311,500000,1500000,273437,0.1542,1915311,1773437,141874,1500000,1500000,131-Phải thu khách hàng,511-Doanh thu bán hàng,3331-Thuế GTGT đầu ra,632-Giá vốn hàng bán,156-Hàng hóa
INV20260600563,JV20260600563,SO20260600563,2026-06-18,HN-CG,NV011,Chuyển khoản,RF-794862,Tủ lạnh,Samsung Inverter 350L,Aqua,2,15242049,0.19,24692119,0.08,1975369,26667488,13008000,26016000,-1323881,-0.0536,26667488,24692119,1975369,26016000,26016000,131-Phải thu khách hàng,511-Doanh thu bán hàng,3331-Thuế GTGT đầu ra,632-Giá vốn hàng bán,156-Hàng hóa
INV20260600564,JV20260600564,SO20260600564,2026-06-23,HCM-TB,NV011,Trả góp,TV-693149,TV,"Samsung 55"" 4K",Aqua,1,26932544,0.18,22084686,0.08,1766774,23851460,23133000,23133000,-1048314,-0.0475,23851460,22084686,1766774,23133000,23133000,131-Phải thu khách hàng,511-Doanh thu bán hàng,3331-Thuế GTGT đầu ra,632-Giá vốn hàng bán,156-Hàng hóa
INV20260600565,JV20260600565,SO20260600565,2026-06-25,DN-HC,NV014,Trả góp,BL-C9164C,Máy xay,Philips Blender,Senko,2,771564,0.06,1450540,0.08,116043,1566583,507000,1014000,436540,0.3009,1566583,1450540,116043,1014000,1014000,131-Phải thu khách hàng,511-Doanh thu bán hàng,3331-Thuế GTGT đầu ra,632-Giá vốn hàng bán,156-Hàng hóa
INV20260600566,JV20260600566,SO20260600566,2026-06-29,HCM-Q1,NV016,Ví điện tử,TV-299EB8,TV,LG OLED 48,Electrolux,1,24655714,0.07,22929814,0.08,1834385,24764199,20173000,20173000,2756814,0.1202,24764199,22929814,1834385,20173000,20173000,131-Phải thu khách hàng,511-Doanh thu bán hàng,3331-Thuế GTGT đầu ra,632-Giá vốn hàng bán,156-Hàng hóa
INV20260600567,JV20260600567,SO20260600567,2026-06-18,BD-TDM,NV027,Tiền mặt,WM-B2AB72,Máy giặt,Toshiba 9kg,Casper,2,9930925,0.06,18670139,0.08,1493611,20163750,7959000,15918000,2752139,0.1474,20163750,18670139,1493611,15918000,15918000,131-Phải thu khách hàng,511-Doanh thu bán hàng,3331-Thuế GTGT đầu ra,632-Giá vốn hàng bán,156-Hàng hóa
INV20260600568,JV20260600568,SO20260600568,2026-06-22,BD-TDM,NV014,Trả góp,MW-E148C6,Lò vi sóng,Electrolux 23L,Casper,1,3205682,0.08,2949227,0.08,235938,3185165,2151000,2151000,798227,0.2707,3185165,2949227,235938,2151000,2151000,131-Phải thu khách hàng,511-Doanh thu bán hàng,3331-Thuế GTGT đầu ra,632-Giá vốn hàng bán,156-Hàng hóa
INV20260600569,JV20260600569,SO20260600569,2026-06-27,HCM-Q7,NV008,Chuyển khoản,RF-A0C9D4,Tủ lạnh,LG 420L,Panasonic,3,20838328,0.18,51262286,0.08,4100982,55363268,16345000,49035000,2227286,0.0434,55363268,51262286,4100982,49035000,49035000,131-Phải thu khách hàng,511-Doanh thu bán hàng,3331-Thuế GTGT đầu ra,632-Giá vốn hàng bán,156-Hàng hóa
INV20260600570,JV20260600570,SO20260600570,2026-06-27,BD-TDM,NV014,Thẻ,FN-441B27,Quạt,Senko,Samsung,3,686902,0.06,1937063,0.08,154965,2092028,403000,1209000,728063,0.3759,2092028,1937063,154965,1209000,1209000,131-Phải thu khách hàng,511-Doanh thu bán hàng,3331-Thuế GTGT đầu ra,632-Giá vốn hàng bán,156-Hàng hóa
INV20260600571,JV20260600571,SO20260600571,2026-06-10,HCM-Q7,NV026,Ví điện tử,WM-B4B226,Máy giặt,Samsung 10kg,Electrolux,1,4847312,0.05,4604946,0.08,368395,4973341,3993000,3993000,611946,0.1329,4973341,4604946,368395,3993000,3993000,131-Phải thu khách hàng,511-Doanh thu bán hàng,3331-Thuế GTGT đầu ra,632-Giá vốn hàng bán,156-Hàng hóa
INV20260600572,JV20260600572,SO20260600572,2026-06-04,HN-HBT,NV008,Thẻ,RC-CA9512,Nồi cơm,Sharp 1.8L,Philips,3,1631351,0.0,4894053,0.08,391524,5285577,1063000,3189000,1705053,0.3484,5285577,4894053,391524,3189000,3189000,131-Phải thu khách hàng,511-Doanh thu bán hàng,3331-Thuế GTGT đầu ra,632-Giá vốn hàng bán,156-Hàng hóa
INV20260600573,JV20260600573,SO20260600573,2026-06-06,DN-HC,NV002,Trả góp,BL-CB9EBE,Máy xay,Philips Blender,Philips,2,2365717,0.03,4589490,0.08,367159,4956649,1520000,3040000,1549490,0.3376,4956649,4589490,367159,3040000,3040000,131-Phải thu khách hàng,511-Doanh thu bán hàng,3331-Thuế GTGT đầu ra,632-Giá vốn hàng bán,156-Hàng hóa
INV20260600574,JV20260600574,SO20260600574,2026-06-21,HCM-TB,NV022,Thẻ,MW-D098CC,Lò vi sóng,Sharp 20L,Mitsubishi,3,2151861,0.06,6068248,0.08,485459,6553707,1518000,4554000,1514248,0.2495,6553707,6068248,485459,4554000,4554000,131-Phải thu khách hàng,511-Doanh thu bán hàng,3331-Thuế GTGT đầu ra,632-Giá vốn hàng bán,156-Hàng hóa
INV20260600575,JV20260600575,SO20260600575,2026-06-24,HN-HBT,NV012,Trả góp,MW-62BD16,Lò vi sóng,Electrolux 23L,Philips,3,3616112,0.01,10739852,0.08,859188,11599040,2778000,8334000,2405852,0.224,11599040,10739852,859188,8334000,8334000,131-Phải thu khách hàng,511-Doanh thu bán hàng,3331-Thuế GTGT đầu ra,632-Giá vốn hàng bán,156-Hàng hóa
INV20260600576,JV20260600576,SO20260600576,2026-06-30,HCM-Q1,NV008,Trả góp,FN-464655,Quạt,Panasonic,Toshiba,3,1890379,0.03,5501002,0.08,440080,5941082,1269000,3807000,1694002,0.3079,5941082,5501002,440080,3807000,3807000,131-Phải thu khách hàng,511-Doanh thu bán hàng,3331-Thuế GTGT đầu ra,632-Giá vốn hàng bán,156-Hàng hóa
INV20260600577,JV20260600577,SO20260600577,2026-06-20,HN-HBT,NV027,Chuyển khoản,AC-8636EE,Máy lạnh,Casper 1HP,Sony,3,20530904,0.17,51121950,0.08,4089756,55211706,16826000,50478000,643950,0.0126,55211706,51121950,4089756,50478000,50478000,131-Phải thu khách hàng,511-Doanh thu bán hàng,3331-Thuế GTGT đầu ra,632-Giá vốn hàng bán,156-Hàng hóa
INV20260600578,JV20260600578,SO20260600578,2026-06-27,HCM-Q1,NV016,Ví điện tử,BL-A0575F,Máy xay,Sunhouse Blender,Sunhouse,1,1712965,0.09,1558798,0.08,124703,1683501,1192000,1192000,366798,0.2353,1683501,1558798,124703,1192000,1192000,131-Phải thu khách hàng,511-Doanh thu bán hàng,3331-Thuế GTGT đầu ra,632-Giá vốn hàng bán,156-Hàng hóa
INV20260600579,JV20260600579,SO20260600579,2026-06-13,BD-TDM,NV021,Tiền mặt,AC-9D4B2B,Máy lạnh,Mitsubishi 1.5HP,Sony,3,21316866,0.07,59474056,0.08,4757924,64231980,17286000,51858000,7616056,0.1281,64231980,59474056,4757924,51858000,51858000,131-Phải thu khách hàng,511-Doanh thu bán hàng,3331-Thuế GTGT đầu ra,632-Giá vốn hàng bán,156-Hàng hóa
INV20260600580,JV20260600580,SO20260600580,2026-06-21,HCM-Q7,NV005,Tiền mặt,RF-37AAE4,Tủ lạnh,LG 420L,Philips,2,12578995,0.19,20377971,0.08,1630237,22008208,9993000,19986000,391971,0.0192,22008208,20377971,1630237,19986000,19986000,131-Phải thu khách hàng,511-Doanh thu bán hàng,3331-Thuế GTGT đầu ra,632-Giá vốn hàng bán,156-Hàng hóa
INV20260600581,JV20260600581,SO20260600581,2026-06-30,DN-HC,NV019,Trả góp,TV-2A62F7,TV,"TCL 50""",Casper,2,11683158,0.08,21497010,0.08,1719760,23216770,9394000,18788000,2709010,0.126,23216770,21497010,1719760,18788000,18788000,131-Phải thu khách hàng,511-Doanh thu bán hàng,3331-Thuế GTGT đầu ra,632-Giá vốn hàng bán,156-Hàng hóa
INV20260600582,JV20260600582,SO20260600582,2026-06-12,HCM-TB,NV030,Trả góp,RF-A94B66,Tủ lạnh,Panasonic 300L,Xiaomi,3,18054935,0.12,47665028,0.08,3813202,51478230,13963000,41889000,5776028,0.1212,51478230,47665028,3813202,41889000,41889000,131-Phải thu khách hàng,511-Doanh thu bán hàng,3331-Thuế GTGT đầu ra,632-Giá vốn hàng bán,156-Hàng hóa
INV20260600583,JV20260600583,SO20260600583,2026-06-07,DN-HC,NV011,Ví điện tử,BL-A57566,Máy xay,Panasonic Blender,Aqua,3,2514316,0.01,7467518,0.08,597401,8064919,1526000,4578000,2889518,0.3869,8064919,7467518,597401,4578000,4578000,131-Phải thu khách hàng,511-Doanh thu bán hàng,3331-Thuế GTGT đầu ra,632-Giá vốn hàng bán,156-Hàng hóa
INV20260600584,JV20260600584,SO20260600584,2026-06-14,HN-HBT,NV013,Thẻ,AC-E4FCBF,Máy lạnh,Daikin 1HP,Sharp,3,6640036,0.2,15936086,0.08,1274886,17210972,5230000,15690000,246086,0.0154,17210972,15936086,1274886,15690000,15690000,131-Phải thu khách hàng,511-Doanh thu bán hàng,3331-Thuế GTGT đầu ra,632-Giá vốn hàng bán,156-Hàng hóa
INV20260600585,JV20260600585,SO20260600585,2026-06-29,BD-TDM,NV017,Ví điện tử,TV-65942A,TV,"Sony 65""",Toshiba,1,30542068,0.14,26266178,0.08,2101294,28367472,25138000,25138000,1128178,0.043,28367472,26266178,2101294,25138000,25138000,131-Phải thu khách hàng,511-Doanh thu bán hàng,3331-Thuế GTGT đầu ra,632-Giá vốn hàng bán,156-Hàng hóa
INV20260600586,JV20260600586,SO20260600586,2026-06-09,DN-HC,NV029,Trả góp,RF-40AAB7,Tủ lạnh,Samsung Inverter 350L,Electrolux,1,11885251,0.0,11885251,0.08,950820,12836071,9288000,9288000,2597251,0.2185,12836071,11885251,950820,9288000,9288000,131-Phải thu khách hàng,511-Doanh thu bán hàng,3331-Thuế GTGT đầu ra,632-Giá vốn hàng bán,156-Hàng hóa
INV20260600587,JV20260600587,SO20260600587,2026-06-20,HCM-Q1,NV009,Chuyển khoản,BL-CB9EBE,Máy xay,Philips Blender,Philips,3,1695932,0.02,4986040,0.08,398883,5384923,1150000,3450000,1536040,0.3081,5384923,4986040,398883,3450000,3450000,131-Phải thu khách hàng,511-Doanh thu bán hàng,3331-Thuế GTGT đầu ra,632-Giá vốn hàng bán,156-Hàng hóa
INV20260600588,JV20260600588,SO20260600588,2026-06-03,HN-CG,NV029,Ví điện tử,RC-93DC24,Nồi cơm,Cuckoo 1.8L,Mitsubishi,3,3784113,0.14,9763011,0.08,781040,10544051,2541000,7623000,2140011,0.2192,10544051,9763011,781040,7623000,7623000,131-Phải thu khách hàng,511-Doanh thu bán hàng,3331-Thuế GTGT đầu ra,632-Giá vốn hàng bán,156-Hàng hóa
INV20260600589,JV20260600589,SO20260600589,2026-06-23,DN-HC,NV006,Trả góp,RF-F6944C,Tủ lạnh,LG 420L,Sunhouse,2,6152692,0.15,10459576,0.08,836766,11296342,4781000,9562000,897576,0.0858,11296342,10459576,836766,9562000,9562000,131-Phải thu khách hàng,511-Doanh thu bán hàng,3331-Thuế GTGT đầu ra,632-Giá vốn hàng bán,156-Hàng hóa
INV20260600590,JV20260600590,SO20260600590,2026-06-03,HN-CG,NV025,Ví điện tử,TV-3A3210,TV,LG OLED 48,Xiaomi,1,21580019,0.03,20932618,0.08,1674609,22607227,17804000,17804000,3128618,0.1495,22607227,20932618,1674609,17804000,17804000,131-Phải thu khách hàng,511-Doanh thu bán hàng,3331-Thuế GTGT đầu ra,632-Giá vốn hàng bán,156-Hàng hóa
INV20260600591,JV20260600591,SO20260600591,2026-06-13,BD-TDM,NV028,Thẻ,KT-881318,Ấm siêu tốc,Sunhouse,Sony,3,1397381,0.08,3856771,0.08,308541,4165312,966000,2898000,958771,0.2486,4165312,3856771,308541,2898000,2898000,131-Phải thu khách hàng,511-Doanh thu bán hàng,3331-Thuế GTGT đầu ra,632-Giá vốn hàng bán,156-Hàng hóa
INV20260600592,JV20260600592,SO20260600592,2026-06-12,DN-HC,NV014,Tiền mặt,TV-693149,TV,"Samsung 55"" 4K",Aqua,3,31850086,0.13,83128724,0.08,6650297,89779021,25609000,76827000,6301724,0.0758,89779021,83128724,6650297,76827000,76827000,131-Phải thu khách hàng,511-Doanh thu bán hàng,3331-Thuế GTGT đầu ra,632-Giá vốn hàng bán,156-Hàng hóa
INV20260600593,JV20260600593,SO20260600593,2026-06-03,BD-TDM,NV012,Chuyển khoản,WM-694A64,Máy giặt,Toshiba 9kg,Mitsubishi,1,15283084,0.07,14213268,0.08,1137061,15350329,12025000,12025000,2188268,0.154,15350329,14213268,1137061,12025000,12025000,131-Phải thu khách hàng,511-Doanh thu bán hàng,3331-Thuế GTGT đầu ra,632-Giá vốn hàng bán,156-Hàng hóa
INV20260600594,JV20260600594,SO20260600594,2026-06-05,HN-HBT,NV008,Trả góp,RF-42BDE8,Tủ lạnh,LG 420L,Senko,2,19840530,0.07,36903385,0.08,2952270,39855655,16509000,33018000,3885385,0.1053,39855655,36903385,2952270,33018000,33018000,131-Phải thu khách hàng,511-Doanh thu bán hàng,3331-Thuế GTGT đầu ra,632-Giá vốn hàng bán,156-Hàng hóa
INV20260600595,JV20260600595,SO20260600595,2026-06-22,DN-HC,NV010,Ví điện tử,RC-7AB9A8,Nồi cơm,Panasonic 1.8L,Electrolux,2,3954489,0.09,7197169,0.08,575773,7772942,2769000,5538000,1659169,0.2305,7772942,7197169,575773,5538000,5538000,131-Phải thu khách hàng,511-Doanh thu bán hàng,3331-Thuế GTGT đầu ra,632-Giá vốn hàng bán,156-Hàng hóa
INV20260600596,JV20260600596,SO20260600596,2026-06-18,DN-HC,NV003,Tiền mặt,TV-0432E5,TV,"Sony 65""",Panasonic,2,27857786,0.06,52372637,0.08,4189810,56562447,21918000,43836000,8536637,0.163,56562447,52372637,4189810,43836000,43836000,131-Phải thu khách hàng,511-Doanh thu bán hàng,3331-Thuế GTGT đầu ra,632-Giá vốn hàng bán,156-Hàng hóa
INV20260600597,JV20260600597,SO20260600597,2026-06-25,CT-NK,NV028,Trả góp,KT-4F7F55,Ấm siêu tốc,Sunhouse,Electrolux,1,287703,0.09,261809,0.08,20944,282753,175000,175000,86809,0.3316,282753,261809,20944,175000,175000,131-Phải thu khách hàng,511-Doanh thu bán hàng,3331-Thuế GTGT đầu ra,632-Giá vốn hàng bán,156-Hàng hóa
INV20260600598,JV20260600598,SO20260600598,2026-06-03,HN-CG,NV002,Tiền mặt,WM-97FE8B,Máy giặt,Toshiba 9kg,Toshiba,1,10773542,0.1,9696187,0.08,775694,10471881,8357000,8357000,1339187,0.1381,10471881,9696187,775694,8357000,8357000,131-Phải thu khách hàng,511-Doanh thu bán hàng,3331-Thuế GTGT đầu ra,632-Giá vốn hàng bán,156-Hàng hóa
INV20260600599,JV20260600599,SO20260600599,2026-06-06,HN-HBT,NV007,Thẻ,VC-A4DECF,Máy hút bụi,Dyson V8,Mitsubishi,1,8010590,0.05,7610060,0.08,608804,8218864,5858000,5858000,1752060,0.2302,8218864,7610060,608804,5858000,5858000,131-Phải thu khách hàng,511-Doanh thu bán hàng,3331-Thuế GTGT đầu ra,632-Giá vốn hàng bán,156-Hàng hóa
INV20260600600,JV20260600600,SO20260600600,2026-06-23,HCM-Q1,NV014,Trả góp,KT-081E4B,Ấm siêu tốc,Kangaroo,Xiaomi,2,790025,0.14,1358843,0.08,108707,1467550,427000,854000,504843,0.3715,1467550,1358843,108707,854000,854000,131-Phải thu khách hàng,511-Doanh thu bán hàng,3331-Thuế GTGT đầu ra,632-Giá vốn hàng bán,156-Hàng hóa
INV20260600601,JV20260600601,SO20260600601,2026-06-28,HN-CG,NV002,Thẻ,TV-0432E5,TV,"Sony 65""",Panasonic,1,22247731,0.06,20912867,0.08,1673029,22585896,18133000,18133000,2779867,0.1329,22585896,20912867,1673029,18133000,18133000,131-Phải thu khách hàng,511-Doanh thu bán hàng,3331-Thuế GTGT đầu ra,632-Giá vốn hàng bán,156-Hàng hóa
INV20260600602,JV20260600602,SO20260600602,2026-06-30,HCM-TB,NV001,Trả góp,VC-8A6FDF,Máy hút bụi,Dyson V8,Samsung,3,5854058,0.04,16859687,0.08,1348774,18208461,3541000,10623000,6236687,0.3699,18208461,16859687,1348774,10623000,10623000,131-Phải thu khách hàng,511-Doanh thu bán hàng,3331-Thuế GTGT đầu ra,632-Giá vốn hàng bán,156-Hàng hóa
INV20260600603,JV20260600603,SO20260600603,2026-06-06,BD-TDM,NV006,Tiền mặt,RC-811085,Nồi cơm,Sunhouse 1.2L,Toshiba,2,1341837,0.2,2146939,0.08,171755,2318694,904000,1808000,338939,0.1579,2318694,2146939,171755,1808000,1808000,131-Phải thu khách hàng,511-Doanh thu bán hàng,3331-Thuế GTGT đầu ra,632-Giá vốn hàng bán,156-Hàng hóa
INV20260600604,JV20260600604,SO20260600604,2026-06-02,HCM-Q7,NV013,Thẻ,RF-709E60,Tủ lạnh,LG 420L,LG,2,21898412,0.2,35037459,0.08,2802996,37840455,18050000,36100000,-1062541,-0.0303,37840455,35037459,2802996,36100000,36100000,131-Phải thu khách hàng,511-Doanh thu bán hàng,3331-Thuế GTGT đầu ra,632-Giá vốn hàng bán,156-Hàng hóa
INV20260600605,JV20260600605,SO20260600605,2026-06-18,DN-HC,NV011,Thẻ,TV-3F699A,TV,LG OLED 48,Aqua,2,29835533,0.14,51317116,0.08,4105369,55422485,23291000,46582000,4735116,0.0923,55422485,51317116,4105369,46582000,46582000,131-Phải thu khách hàng,511-Doanh thu bán hàng,3331-Thuế GTGT đầu ra,632-Giá vốn hàng bán,156-Hàng hóa
INV20260600606,JV20260600606,SO20260600606,2026-06-14,CT-NK,NV015,Ví điện tử,MW-2896A4,Lò vi sóng,Sharp 20L,Panasonic,3,2192520,0.13,5722477,0.08,457798,6180275,1383000,4149000,1573477,0.275,6180275,5722477,457798,4149000,4149000,131-Phải thu khách hàng,511-Doanh thu bán hàng,3331-Thuế GTGT đầu ra,632-Giá vốn hàng bán,156-Hàng hóa
INV20260600607,JV20260600607,SO20260600607,2026-06-07,CT-NK,NV013,Chuyển khoản,VC-FA3352,Máy hút bụi,Dyson V8,Aqua,2,8581877,0.17,14245915,0.08,1139673,15385588,6531000,13062000,1183915,0.0831,15385588,14245915,1139673,13062000,13062000,131-Phải thu khách hàng,511-Doanh thu bán hàng,3331-Thuế GTGT đầu ra,632-Giá vốn hàng bán,156-Hàng hóa
INV20260600608,JV20260600608,SO20260600608,2026-06-11,BD-TDM,NV005,Tiền mặt,AC-249FC9,Máy lạnh,Daikin 1HP,Panasonic,1,21369481,0.17,17736669,0.08,1418933,19155602,15213000,15213000,2523669,0.1423,19155602,17736669,1418933,15213000,15213000,131-Phải thu khách hàng,511-Doanh thu bán hàng,3331-Thuế GTGT đầu ra,632-Giá vốn hàng bán,156-Hàng hóa
INV20260600609,JV20260600609,SO20260600609,2026-06-10,CT-NK,NV007,Ví điện tử,AC-8636EE,Máy lạnh,Casper 1HP,Sony,2,7909100,0.09,14394562,0.08,1151564,15546126,5671000,11342000,3052562,0.2121,15546126,14394562,1151564,11342000,11342000,131-Phải thu khách hàng,511-Doanh thu bán hàng,3331-Thuế GTGT đầu ra,632-Giá vốn hàng bán,156-Hàng hóa
INV20260600610,JV20260600610,SO20260600610,2026-06-27,DN-HC,NV016,Thẻ,FN-A4A668,Quạt,Asia,Cuckoo,3,763099,0.1,2060367,0.08,164829,2225196,524000,1572000,488367,0.237,2225196,2060367,164829,1572000,1572000,131-Phải thu khách hàng,511-Doanh thu bán hàng,3331-Thuế GTGT đầu ra,632-Giá vốn hàng bán,156-Hàng hóa
INV20260600611,JV20260600611,SO20260600611,2026-06-26,DN-HC,NV018,Tiền mặt,VC-D89B2B,Máy hút bụi,Xiaomi G10,LG,3,11843124,0.12,31265847,0.08,2501267,33767114,9134000,27402000,3863847,0.1236,33767114,31265847,2501267,27402000,27402000,131-Phải thu khách hàng,511-Doanh thu bán hàng,3331-Thuế GTGT đầu ra,632-Giá vốn hàng bán,156-Hàng hóa
INV20260600612,JV20260600612,SO20260600612,2026-06-06,HN-CG,NV026,Trả góp,RF-555CFD,Tủ lạnh,LG 420L,Cuckoo,3,5478611,0.2,13148666,0.08,1051893,14200559,4320000,12960000,188666,0.0143,14200559,13148666,1051893,12960000,12960000,131-Phải thu khách hàng,511-Doanh thu bán hàng,3331-Thuế GTGT đầu ra,632-Giá vốn hàng bán,156-Hàng hóa
INV20260600613,JV20260600613,SO20260600613,2026-06-27,HCM-TB,NV023,Trả góp,TV-6CC437,TV,"TCL 50""",Samsung,3,17336098,0.14,44727132,0.08,3578170,48305302,14651000,43953000,774132,0.0173,48305302,44727132,3578170,43953000,43953000,131-Phải thu khách hàng,511-Doanh thu bán hàng,3331-Thuế GTGT đầu ra,632-Giá vốn hàng bán,156-Hàng hóa
INV20260600614,JV20260600614,SO20260600614,2026-06-03,CT-NK,NV030,Chuyển khoản,BL-A57566,Máy xay,Panasonic Blender,Aqua,1,2529250,0.07,2352202,0.08,188176,2540378,1490000,1490000,862202,0.3666,2540378,2352202,188176,1490000,1490000,131-Phải thu khách hàng,511-Doanh thu bán hàng,3331-Thuế GTGT đầu ra,632-Giá vốn hàng bán,156-Hàng hóa
INV20260600615,JV20260600615,SO20260600615,2026-06-04,HCM-Q1,NV009,Chuyển khoản,AC-310514,Máy lạnh,Daikin 1HP,Cuckoo,1,15367353,0.09,13984291,0.08,1118743,15103034,12850000,12850000,1134291,0.0811,15103034,13984291,1118743,12850000,12850000,131-Phải thu khách hàng,511-Doanh thu bán hàng,3331-Thuế GTGT đầu ra,632-Giá vốn hàng bán,156-Hàng hóa
INV20260600616,JV20260600616,SO20260600616,2026-06-01,DN-HC,NV028,Thẻ,WM-57BF8B,Máy giặt,LG 9kg,Panasonic,1,7623529,0.13,6632470,0.08,530597,7163067,5671000,5671000,961470,0.145,7163067,6632470,530597,5671000,5671000,131-Phải thu khách hàng,511-Doanh thu bán hàng,3331-Thuế GTGT đầu ra,632-Giá vốn hàng bán,156-Hàng hóa
INV20260600617,JV20260600617,SO20260600617,2026-06-10,HN-HBT,NV026,Tiền mặt,KT-54AD13,Ấm siêu tốc,Philips,Samsung,2,905215,0.12,1593178,0.08,127454,1720632,627000,1254000,339178,0.2129,1720632,1593178,127454,1254000,1254000,131-Phải thu khách hàng,511-Doanh thu bán hàng,3331-Thuế GTGT đầu ra,632-Giá vốn hàng bán,156-Hàng hóa
INV20260600618,JV20260600618,SO20260600618,2026-06-01,BD-TDM,NV020,Thẻ,AC-029767,Máy lạnh,Daikin 1HP,Sunhouse,3,9331471,0.09,25474915,0.08,2037993,27512908,7625000,22875000,2599915,0.1021,27512908,25474915,2037993,22875000,22875000,131-Phải thu khách hàng,511-Doanh thu bán hàng,3331-Thuế GTGT đầu ra,632-Giá vốn hàng bán,156-Hàng hóa
INV20260600619,JV20260600619,SO20260600619,2026-06-21,DN-HC,NV015,Tiền mặt,WM-758BD9,Máy giặt,Panasonic 8.5kg,Xiaomi,3,17751439,0.17,44201083,0.08,3536086,47737169,14226000,42678000,1523083,0.0345,47737169,44201083,3536086,42678000,42678000,131-Phải thu khách hàng,511-Doanh thu bán hàng,3331-Thuế GTGT đầu ra,632-Giá vốn hàng bán,156-Hàng hóa
INV20260600620,JV20260600620,SO20260600620,2026-06-10,HN-HBT,NV009,Ví điện tử,MW-640EAD,Lò vi sóng,Sharp 20L,LG,1,2818530,0.08,2593047,0.08,207443,2800490,2022000,2022000,571047,0.2202,2800490,2593047,207443,2022000,2022000,131-Phải thu khách hàng,511-Doanh thu bán hàng,3331-Thuế GTGT đầu ra,632-Giá vốn hàng bán,156-Hàng hóa
INV20260600621,JV20260600621,SO20260600621,2026-06-23,HCM-Q7,NV002,Ví điện tử,BL-2DE930,Máy xay,Sunhouse Blender,Toshiba,3,2272451,0.03,6612832,0.08,529026,7141858,1309000,3927000,2685832,0.4062,7141858,6612832,529026,3927000,3927000,131-Phải thu khách hàng,511-Doanh thu bán hàng,3331-Thuế GTGT đầu ra,632-Giá vốn hàng bán,156-Hàng hóa
INV20260600622,JV20260600622,SO20260600622,2026-06-03,HN-CG,NV016,Trả góp,VC-DAE72D,Máy hút bụi,Dyson V8,Sharp,3,9584457,0.17,23865297,0.08,1909223,25774520,5847000,17541000,6324297,0.265,25774520,23865297,1909223,17541000,17541000,131-Phải thu khách hàng,511-Doanh thu bán hàng,3331-Thuế GTGT đầu ra,632-Giá vốn hàng bán,156-Hàng hóa
INV20260600623,JV20260600623,SO20260600623,2026-06-01,HCM-Q7,NV021,Thẻ,RF-6FD99B,Tủ lạnh,Panasonic 300L,Casper,1,7799958,0.06,7331960,0.08,586556,7918516,5932000,5932000,1399960,0.1909,7918516,7331960,586556,5932000,5932000,131-Phải thu khách hàng,511-Doanh thu bán hàng,3331-Thuế GTGT đầu ra,632-Giá vốn hàng bán,156-Hàng hóa
INV20260600624,JV20260600624,SO20260600624,2026-06-05,DN-HC,NV008,Ví điện tử,KT-E61198,Ấm siêu tốc,Philips,Daikin,3,458850,0.09,1252660,0.08,100212,1352872,301000,903000,349660,0.2791,1352872,1252660,100212,903000,903000,131-Phải thu khách hàng,511-Doanh thu bán hàng,3331-Thuế GTGT đầu ra,632-Giá vốn hàng bán,156-Hàng hóa
INV20260600625,JV20260600625,SO20260600625,2026-06-17,HN-CG,NV026,Chuyển khoản,VC-F24900,Máy hút bụi,Xiaomi G10,Sunhouse,2,3696795,0.19,5988807,0.08,479104,6467911,2258000,4516000,1472807,0.2459,6467911,5988807,479104,4516000,4516000,131-Phải thu khách hàng,511-Doanh thu bán hàng,3331-Thuế GTGT đầu ra,632-Giá vốn hàng bán,156-Hàng hóa
INV20260600626,JV20260600626,SO20260600626,2026-06-27,HN-CG,NV023,Ví điện tử,TV-0432E5,TV,"Sony 65""",Panasonic,2,29899184,0.05,56808449,0.08,4544675,61353124,26308000,52616000,4192449,0.0738,61353124,56808449,4544675,52616000,52616000,131-Phải thu khách hàng,511-Doanh thu bán hàng,3331-Thuế GTGT đầu ra,632-Giá vốn hàng bán,156-Hàng hóa
INV20260600627,JV20260600627,SO20260600627,2026-06-26,HCM-Q7,NV015,Thẻ,RF-309876,Tủ lạnh,Aqua 250L,LG,3,24264380,0.08,66969688,0.08,5357575,72327263,20068000,60204000,6765688,0.101,72327263,66969688,5357575,60204000,60204000,131-Phải thu khách hàng,511-Doanh thu bán hàng,3331-Thuế GTGT đầu ra,632-Giá vốn hàng bán,156-Hàng hóa
INV20260600628,JV20260600628,SO20260600628,2026-06-11,HCM-Q1,NV003,Tiền mặt,AC-818A33,Máy lạnh,Casper 1HP,Electrolux,3,13810980,0.06,38946963,0.08,3115757,42062720,10467000,31401000,7545963,0.1937,42062720,38946963,3115757,31401000,31401000,131-Phải thu khách hàng,511-Doanh thu bán hàng,3331-Thuế GTGT đầu ra,632-Giá vốn hàng bán,156-Hàng hóa
INV20260600629,JV20260600629,SO20260600629,2026-06-16,HN-CG,NV028,Thẻ,RF-BA6E3E,Tủ lạnh,Aqua 250L,Mitsubishi,1,7508026,0.07,6982464,0.08,558597,7541061,5878000,5878000,1104464,0.1582,7541061,6982464,558597,5878000,5878000,131-Phải thu khách hàng,511-Doanh thu bán hàng,3331-Thuế GTGT đầu ra,632-Giá vốn hàng bán,156-Hàng hóa
INV20260600630,JV20260600630,SO20260600630,2026-06-01,HN-CG,NV009,Thẻ,AC-8636EE,Máy lạnh,Casper 1HP,Sony,3,11184172,0.15,28519638,0.08,2281571,30801209,9318000,27954000,565638,0.0198,30801209,28519638,2281571,27954000,27954000,131-Phải thu khách hàng,511-Doanh thu bán hàng,3331-Thuế GTGT đầu ra,632-Giá vốn hàng bán,156-Hàng hóa
INV20260600631,JV20260600631,SO20260600631,2026-06-01,HCM-Q1,NV008,Tiền mặt,KT-A1FEF1,Ấm siêu tốc,Sunhouse,Xiaomi,2,1092748,0.11,1945091,0.08,155607,2100698,743000,1486000,459091,0.236,2100698,1945091,155607,1486000,1486000,131-Phải thu khách hàng,511-Doanh thu bán hàng,3331-Thuế GTGT đầu ra,632-Giá vốn hàng bán,156-Hàng hóa
INV20260600632,JV20260600632,SO20260600632,2026-06-28,BD-TDM,NV013,Tiền mặt,WM-758BD9,Máy giặt,Panasonic 8.5kg,Xiaomi,1,11754241,0.03,11401613,0.08,912129,12313742,9652000,9652000,1749613,0.1535,12313742,11401613,912129,9652000,9652000,131-Phải thu khách hàng,511-Doanh thu bán hàng,3331-Thuế GTGT đầu ra,632-Giá vốn hàng bán,156-Hàng hóa
INV20260600633,JV20260600633,SO20260600633,2026-06-12,HN-CG,NV026,Ví điện tử,FN-63D039,Quạt,Asia,Mitsubishi,1,2097927,0.04,2014009,0.08,161120,2175129,1531000,1531000,483009,0.2398,2175129,2014009,161120,1531000,1531000,131-Phải thu khách hàng,511-Doanh thu bán hàng,3331-Thuế GTGT đầu ra,632-Giá vốn hàng bán,156-Hàng hóa
INV20260600634,JV20260600634,SO20260600634,2026-06-07,HCM-Q1,NV007,Thẻ,VC-D86280,Máy hút bụi,Philips FC,Mitsubishi,3,3906936,0.14,10079894,0.08,806391,10886285,2453000,7359000,2720894,0.2699,10886285,10079894,806391,7359000,7359000,131-Phải thu khách hàng,511-Doanh thu bán hàng,3331-Thuế GTGT đầu ra,632-Giá vốn hàng bán,156-Hàng hóa
INV20260600635,JV20260600635,SO20260600635,2026-06-17,CT-NK,NV009,Chuyển khoản,WM-CFD2AA,Máy giặt,Toshiba 9kg,Philips,1,11952781,0.07,11116086,0.08,889286,12005372,8905000,8905000,2211086,0.1989,12005372,11116086,889286,8905000,8905000,131-Phải thu khách hàng,511-Doanh thu bán hàng,3331-Thuế GTGT đầu ra,632-Giá vốn hàng bán,156-Hàng hóa
INV20260600636,JV20260600636,SO20260600636,2026-06-29,HCM-Q7,NV004,Chuyển khoản,FN-230559,Quạt,Asia,Sharp,2,681438,0.15,1158444,0.08,92675,1251119,419000,838000,320444,0.2766,1251119,1158444,92675,838000,838000,131-Phải thu khách hàng,511-Doanh thu bán hàng,3331-Thuế GTGT đầu ra,632-Giá vốn hàng bán,156-Hàng hóa
INV20260600637,JV20260600637,SO20260600637,2026-06-13,HN-HBT,NV004,Trả góp,MW-2091D9,Lò vi sóng,Electrolux 23L,Sharp,3,5100501,0.07,14230397,0.08,1138431,15368828,3492000,10476000,3754397,0.2638,15368828,14230397,1138431,10476000,10476000,131-Phải thu khách hàng,511-Doanh thu bán hàng,3331-Thuế GTGT đầu ra,632-Giá vốn hàng bán,156-Hàng hóa
INV20260600638,JV20260600638,SO20260600638,2026-06-04,HN-HBT,NV024,Chuyển khoản,RF-847D79,Tủ lạnh,Samsung Inverter 350L,Panasonic,2,20981040,0.19,33989284,0.08,2719142,36708426,17662000,35324000,-1334716,-0.0393,36708426,33989284,2719142,35324000,35324000,131-Phải thu khách hàng,511-Doanh thu bán hàng,3331-Thuế GTGT đầu ra,632-Giá vốn hàng bán,156-Hàng hóa
INV20260600639,JV20260600639,SO20260600639,2026-06-02,DN-HC,NV025,Chuyển khoản,WM-C8CAA6,Máy giặt,Toshiba 9kg,Daikin,2,11054935,0.12,19456685,0.08,1556534,21013219,9237000,18474000,982685,0.0505,21013219,19456685,1556534,18474000,18474000,131-Phải thu khách hàng,511-Doanh thu bán hàng,3331-Thuế GTGT đầu ra,632-Giá vốn hàng bán,156-Hàng hóa
INV20260600640,JV20260600640,SO20260600640,2026-06-28,HCM-Q1,NV028,Tiền mặt,RC-DA441E,Nồi cơm,Cuckoo 1.8L,Asia,3,1683365,0.05,4797590,0.08,383807,5181397,1016000,3048000,1749590,0.3647,5181397,4797590,383807,3048000,3048000,131-Phải thu khách hàng,511-Doanh thu bán hàng,3331-Thuế GTGT đầu ra,632-Giá vốn hàng bán,156-Hàng hóa
INV20260600641,JV20260600641,SO20260600641,2026-06-13,BD-TDM,NV021,Thẻ,VC-BEE8C8,Máy hút bụi,Xiaomi G10,Asia,1,6214703,0.0,6214703,0.08,497176,6711879,4049000,4049000,2165703,0.3485,6711879,6214703,497176,4049000,4049000,131-Phải thu khách hàng,511-Doanh thu bán hàng,3331-Thuế GTGT đầu ra,632-Giá vốn hàng bán,156-Hàng hóa
INV20260600642,JV20260600642,SO20260600642,2026-06-24,CT-NK,NV018,Trả góp,KT-5424BB,Ấm siêu tốc,Philips,Electrolux,3,567933,0.04,1635647,0.08,130851,1766498,375000,1125000,510647,0.3122,1766498,1635647,130851,1125000,1125000,131-Phải thu khách hàng,511-Doanh thu bán hàng,3331-Thuế GTGT đầu ra,632-Giá vốn hàng bán,156-Hàng hóa
INV20260600643,JV20260600643,SO20260600643,2026-06-18,HCM-Q1,NV024,Tiền mặt,RC-BFF843,Nồi cơm,Cuckoo 1.8L,Xiaomi,1,815684,0.17,677017,0.08,54161,731178,563000,563000,114017,0.1684,731178,677017,54161,563000,563000,131-Phải thu khách hàng,511-Doanh thu bán hàng,3331-Thuế GTGT đầu ra,632-Giá vốn hàng bán,156-Hàng hóa
INV20260600644,JV20260600644,SO20260600644,2026-06-03,HCM-Q1,NV003,Trả góp,RC-E6B79E,Nồi cơm,Cuckoo 1.8L,Samsung,2,3913136,0.09,7121907,0.08,569752,7691659,2924000,5848000,1273907,0.1789,7691659,7121907,569752,5848000,5848000,131-Phải thu khách hàng,511-Doanh thu bán hàng,3331-Thuế GTGT đầu ra,632-Giá vốn hàng bán,156-Hàng hóa
INV20260600645,JV20260600645,SO20260600645,2026-06-01,HCM-Q7,NV027,Tiền mặt,AC-84F331,Máy lạnh,Mitsubishi 1.5HP,Daikin,2,20385645,0.07,37917299,0.08,3033383,40950682,15201000,30402000,7515299,0.1982,40950682,37917299,3033383,30402000,30402000,131-Phải thu khách hàng,511-Doanh thu bán hàng,3331-Thuế GTGT đầu ra,632-Giá vốn hàng bán,156-Hàng hóa
INV20260600646,JV20260600646,SO20260600646,2026-06-15,HCM-Q1,NV005,Chuyển khoản,KT-4D110F,Ấm siêu tốc,Kangaroo,Toshiba,3,342454,0.04,986267,0.08,78901,1065168,202000,606000,380267,0.3856,1065168,986267,78901,606000,606000,131-Phải thu khách hàng,511-Doanh thu bán hàng,3331-Thuế GTGT đầu ra,632-Giá vốn hàng bán,156-Hàng hóa
INV20260600647,JV20260600647,SO20260600647,2026-06-06,HCM-Q1,NV027,Trả góp,MW-9A4EF9,Lò vi sóng,Panasonic 25L,Sharp,3,2802730,0.08,7735534,0.08,618842,8354376,2020000,6060000,1675534,0.2166,8354376,7735534,618842,6060000,6060000,131-Phải thu khách hàng,511-Doanh thu bán hàng,3331-Thuế GTGT đầu ra,632-Giá vốn hàng bán,156-Hàng hóa
INV20260600648,JV20260600648,SO20260600648,2026-06-11,HCM-TB,NV017,Trả góp,BL-DF2EF5,Máy xay,Sunhouse Blender,LG,2,1677711,0.02,3288313,0.08,263065,3551378,953000,1906000,1382313,0.4204,3551378,3288313,263065,1906000,1906000,131-Phải thu khách hàng,511-Doanh thu bán hàng,3331-Thuế GTGT đầu ra,632-Giá vốn hàng bán,156-Hàng hóa
INV20260600649,JV20260600649,SO20260600649,2026-06-19,HCM-TB,NV009,Tiền mặt,MW-D62048,Lò vi sóng,Panasonic 25L,Xiaomi,3,3221281,0.12,8504181,0.08,680334,9184515,1998000,5994000,2510181,0.2952,9184515,8504181,680334,5994000,5994000,131-Phải thu khách hàng,511-Doanh thu bán hàng,3331-Thuế GTGT đầu ra,632-Giá vốn hàng bán,156-Hàng hóa
INV20260600650,JV20260600650,SO20260600650,2026-06-14,CT-NK,NV020,Tiền mặt,RC-443576,Nồi cơm,Sharp 1.8L,Asia,1,3433398,0.18,2815386,0.08,225230,3040616,2457000,2457000,358386,0.1273,3040616,2815386,225230,2457000,2457000,131-Phải thu khách hàng,511-Doanh thu bán hàng,3331-Thuế GTGT đầu ra,632-Giá vốn hàng bán,156-Hàng hóa
INV20260600651,JV20260600651,SO20260600651,2026-06-06,HCM-Q7,NV010,Ví điện tử,TV-BD30D1,TV,"TCL 50""",Asia,1,31402561,0.02,30774509,0.08,2461960,33236469,26351000,26351000,4423509,0.1437,33236469,30774509,2461960,26351000,26351000,131-Phải thu khách hàng,511-Doanh thu bán hàng,3331-Thuế GTGT đầu ra,632-Giá vốn hàng bán,156-Hàng hóa
INV20260600652,JV20260600652,SO20260600652,2026-06-30,CT-NK,NV005,Chuyển khoản,FN-E6A9CC,Quạt,Panasonic,Asia,3,715316,0.13,1866974,0.08,149357,2016331,471000,1413000,453974,0.2432,2016331,1866974,149357,1413000,1413000,131-Phải thu khách hàng,511-Doanh thu bán hàng,3331-Thuế GTGT đầu ra,632-Giá vốn hàng bán,156-Hàng hóa
INV20260600653,JV20260600653,SO20260600653,2026-06-05,BD-TDM,NV012,Tiền mặt,RC-F33CDE,Nồi cơm,Panasonic 1.8L,Senko,1,3597741,0.03,3489808,0.08,279184,3768992,2381000,2381000,1108808,0.3177,3768992,3489808,279184,2381000,2381000,131-Phải thu khách hàng,511-Doanh thu bán hàng,3331-Thuế GTGT đầu ra,632-Giá vốn hàng bán,156-Hàng hóa
INV20260600654,JV20260600654,SO20260600654,2026-06-04,HCM-Q7,NV022,Trả góp,AC-CDA7DE,Máy lạnh,Daikin 1HP,Electrolux,3,9180841,0.02,26991672,0.08,2159333,29151005,6571000,19713000,7278672,0.2697,29151005,26991672,2159333,19713000,19713000,131-Phải thu khách hàng,511-Doanh thu bán hàng,3331-Thuế GTGT đầu ra,632-Giá vốn hàng bán,156-Hàng hóa
INV20260600655,JV20260600655,SO20260600655,2026-06-29,HCM-Q7,NV017,Chuyển khoản,TV-24D9E9,TV,"Samsung 55"" 4K",Panasonic,2,32757687,0.08,60274144,0.08,4821931,65096075,26747000,53494000,6780144,0.1125,65096075,60274144,4821931,53494000,53494000,131-Phải thu khách hàng,511-Doanh thu bán hàng,3331-Thuế GTGT đầu ra,632-Giá vốn hàng bán,156-Hàng hóa
INV20260600656,JV20260600656,SO20260600656,2026-06-25,HCM-TB,NV011,Ví điện tử,WM-565F25,Máy giặt,Samsung 10kg,Daikin,2,6148981,0.05,11683063,0.08,934645,12617708,5097000,10194000,1489063,0.1275,12617708,11683063,934645,10194000,10194000,131-Phải thu khách hàng,511-Doanh thu bán hàng,3331-Thuế GTGT đầu ra,632-Giá vốn hàng bán,156-Hàng hóa
INV20260600657,JV20260600657,SO20260600657,2026-06-16,CT-NK,NV006,Thẻ,FN-077AB7,Quạt,Panasonic,Samsung,1,1474623,0.07,1371399,0.08,109711,1481110,1038000,1038000,333399,0.2431,1481110,1371399,109711,1038000,1038000,131-Phải thu khách hàng,511-Doanh thu bán hàng,3331-Thuế GTGT đầu ra,632-Giá vốn hàng bán,156-Hàng hóa
INV20260600658,JV20260600658,SO20260600658,2026-06-11,BD-TDM,NV014,Thẻ,AC-E7C43D,Máy lạnh,Panasonic 1.5HP,Casper,3,20089271,0.17,50022284,0.08,4001782,54024066,14412000,43236000,6786284,0.1357,54024066,50022284,4001782,43236000,43236000,131-Phải thu khách hàng,511-Doanh thu bán hàng,3331-Thuế GTGT đầu ra,632-Giá vốn hàng bán,156-Hàng hóa
INV20260600659,JV20260600659,SO20260600659,2026-06-05,HN-HBT,NV006,Thẻ,VC-2544A1,Máy hút bụi,Dyson V8,Cuckoo,1,10756924,0.11,9573662,0.08,765892,10339554,7092000,7092000,2481662,0.2592,10339554,9573662,765892,7092000,7092000,131-Phải thu khách hàng,511-Doanh thu bán hàng,3331-Thuế GTGT đầu ra,632-Giá vốn hàng bán,156-Hàng hóa
INV20260600660,JV20260600660,SO20260600660,2026-06-25,DN-HC,NV008,Trả góp,KT-E61198,Ấm siêu tốc,Philips,Daikin,2,417341,0.19,676092,0.08,54087,730179,254000,508000,168092,0.2486,730179,676092,54087,508000,508000,131-Phải thu khách hàng,511-Doanh thu bán hàng,3331-Thuế GTGT đầu ra,632-Giá vốn hàng bán,156-Hàng hóa
INV20260600661,JV20260600661,SO20260600661,2026-06-24,CT-NK,NV021,Ví điện tử,MW-21A949,Lò vi sóng,Panasonic 25L,Cuckoo,1,4919608,0.19,3984882,0.08,318790,4303672,3647000,3647000,337882,0.0848,4303672,3984882,318790,3647000,3647000,131-Phải thu khách hàng,511-Doanh thu bán hàng,3331-Thuế GTGT đầu ra,632-Giá vốn hàng bán,156-Hàng hóa
INV20260600662,JV20260600662,SO20260600662,2026-06-11,HCM-Q1,NV009,Tiền mặt,RC-53400C,Nồi cơm,Panasonic 1.8L,Aqua,1,2271793,0.18,1862870,0.08,149029,2011899,1635000,1635000,227870,0.1223,2011899,1862870,149029,1635000,1635000,131-Phải thu khách hàng,511-Doanh thu bán hàng,3331-Thuế GTGT đầu ra,632-Giá vốn hàng bán,156-Hàng hóa
INV20260600663,JV20260600663,SO20260600663,2026-06-10,HN-HBT,NV015,Chuyển khoản,MW-8E4E78,Lò vi sóng,Panasonic 25L,Casper,1,2752838,0.1,2477554,0.08,198204,2675758,1725000,1725000,752554,0.3037,2675758,2477554,198204,1725000,1725000,131-Phải thu khách hàng,511-Doanh thu bán hàng,3331-Thuế GTGT đầu ra,632-Giá vốn hàng bán,156-Hàng hóa
INV20260600664,JV20260600664,SO20260600664,2026-06-08,HCM-Q7,NV018,Tiền mặt,RC-CA9512,Nồi cơm,Sharp 1.8L,Philips,3,3513964,0.01,10436473,0.08,834917,11271390,2073000,6219000,4217473,0.4041,11271390,10436473,834917,6219000,6219000,131-Phải thu khách hàng,511-Doanh thu bán hàng,3331-Thuế GTGT đầu ra,632-Giá vốn hàng bán,156-Hàng hóa
INV20260600665,JV20260600665,SO20260600665,2026-06-21,DN-HC,NV028,Tiền mặt,TV-41AACD,TV,"Samsung 55"" 4K",Daikin,1,18944333,0.13,16481569,0.08,1318525,17800094,15272000,15272000,1209569,0.0734,17800094,16481569,1318525,15272000,15272000,131-Phải thu khách hàng,511-Doanh thu bán hàng,3331-Thuế GTGT đầu ra,632-Giá vốn hàng bán,156-Hàng hóa
INV20260600666,JV20260600666,SO20260600666,2026-06-21,HCM-Q7,NV006,Chuyển khoản,VC-D86280,Máy hút bụi,Philips FC,Mitsubishi,1,11488772,0.17,9535680,0.08,762854,10298534,7596000,7596000,1939680,0.2034,10298534,9535680,762854,7596000,7596000,131-Phải thu khách hàng,511-Doanh thu bán hàng,3331-Thuế GTGT đầu ra,632-Giá vốn hàng bán,156-Hàng hóa
INV20260600667,JV20260600667,SO20260600667,2026-06-01,BD-TDM,NV010,Ví điện tử,RC-BCC6AD,Nồi cơm,Panasonic 1.8L,Sharp,3,2557837,0.13,6675954,0.08,534076,7210030,1688000,5064000,1611954,0.2415,7210030,6675954,534076,5064000,5064000,131-Phải thu khách hàng,511-Doanh thu bán hàng,3331-Thuế GTGT đầu ra,632-Giá vốn hàng bán,156-Hàng hóa
INV20260600668,JV20260600668,SO20260600668,2026-06-26,HN-HBT,NV007,Ví điện tử,FN-C43CC3,Quạt,Senko,Electrolux,2,1395450,0.09,2539719,0.08,203177,2742896,809000,1618000,921719,0.3629,2742896,2539719,203177,1618000,1618000,131-Phải thu khách hàng,511-Doanh thu bán hàng,3331-Thuế GTGT đầu ra,632-Giá vốn hàng bán,156-Hàng hóa
INV20260600669,JV20260600669,SO20260600669,2026-06-23,HN-CG,NV004,Tiền mặt,VC-852D6B,Máy hút bụi,Philips FC,Sunhouse,1,7270953,0.01,7198243,0.08,575859,7774102,4375000,4375000,2823243,0.3922,7774102,7198243,575859,4375000,4375000,131-Phải thu khách hàng,511-Doanh thu bán hàng,3331-Thuế GTGT đầu ra,632-Giá vốn hàng bán,156-Hàng hóa
INV20260600670,JV20260600670,SO20260600670,2026-06-04,HN-HBT,NV004,Thẻ,BL-267545,Máy xay,Panasonic Blender,Cuckoo,2,2286864,0.14,3933406,0.08,314672,4248078,1501000,3002000,931406,0.2368,4248078,3933406,314672,3002000,3002000,131-Phải thu khách hàng,511-Doanh thu bán hàng,3331-Thuế GTGT đầu ra,632-Giá vốn hàng bán,156-Hàng hóa
INV20260600671,JV20260600671,SO20260600671,2026-06-06,HCM-Q7,NV029,Tiền mặt,MW-062948,Lò vi sóng,Sharp 20L,Cuckoo,2,4962144,0.17,8237159,0.08,658972,8896131,3386000,6772000,1465159,0.1779,8896131,8237159,658972,6772000,6772000,131-Phải thu khách hàng,511-Doanh thu bán hàng,3331-Thuế GTGT đầu ra,632-Giá vốn hàng bán,156-Hàng hóa
INV20260600672,JV20260600672,SO20260600672,2026-06-03,HCM-Q1,NV004,Ví điện tử,BL-F15989,Máy xay,Philips Blender,Samsung,2,2885232,0.17,4789485,0.08,383158,5172643,1802000,3604000,1185485,0.2475,5172643,4789485,383158,3604000,3604000,131-Phải thu khách hàng,511-Doanh thu bán hàng,3331-Thuế GTGT đầu ra,632-Giá vốn hàng bán,156-Hàng hóa
INV20260600673,JV20260600673,SO20260600673,2026-06-29,HCM-Q1,NV019,Trả góp,VC-7AF11E,Máy hút bụi,Philips FC,Panasonic,3,5574168,0.02,16388053,0.08,1311044,17699097,3593000,10779000,5609053,0.3423,17699097,16388053,1311044,10779000,10779000,131-Phải thu khách hàng,511-Doanh thu bán hàng,3331-Thuế GTGT đầu ra,632-Giá vốn hàng bán,156-Hàng hóa
INV20260600674,JV20260600674,SO20260600674,2026-06-20,HCM-Q1,NV003,Thẻ,RF-3465A9,Tủ lạnh,Aqua 250L,Samsung,2,19766828,0.05,37556973,0.08,3004557,40561530,15983000,31966000,5590973,0.1489,40561530,37556973,3004557,31966000,31966000,131-Phải thu khách hàng,511-Doanh thu bán hàng,3331-Thuế GTGT đầu ra,632-Giá vốn hàng bán,156-Hàng hóa
INV20260600675,JV20260600675,SO20260600675,2026-06-05,HCM-TB,NV006,Ví điện tử,BL-A0575F,Máy xay,Sunhouse Blender,Sunhouse,1,806632,0.11,717902,0.08,57432,775334,473000,473000,244902,0.3411,775334,717902,57432,473000,473000,131-Phải thu khách hàng,511-Doanh thu bán hàng,3331-Thuế GTGT đầu ra,632-Giá vốn hàng bán,156-Hàng hóa
INV20260600676,JV20260600676,SO20260600676,2026-06-14,CT-NK,NV008,Thẻ,MW-2896A4,Lò vi sóng,Sharp 20L,Panasonic,1,5756019,0.14,4950176,0.08,396014,5346190,3656000,3656000,1294176,0.2614,5346190,4950176,396014,3656000,3656000,131-Phải thu khách hàng,511-Doanh thu bán hàng,3331-Thuế GTGT đầu ra,632-Giá vốn hàng bán,156-Hàng hóa
INV20260600677,JV20260600677,SO20260600677,2026-06-23,CT-NK,NV026,Chuyển khoản,VC-4F893C,Máy hút bụi,Dyson V8,Daikin,1,3101357,0.04,2977302,0.08,238184,3215486,1865000,1865000,1112302,0.3736,3215486,2977302,238184,1865000,1865000,131-Phải thu khách hàng,511-Doanh thu bán hàng,3331-Thuế GTGT đầu ra,632-Giá vốn hàng bán,156-Hàng hóa
INV20260600678,JV20260600678,SO20260600678,2026-06-03,BD-TDM,NV023,Thẻ,WM-0EC5E7,Máy giặt,Toshiba 9kg,Sony,1,12999864,0.14,11179883,0.08,894390,12074273,9947000,9947000,1232883,0.1103,12074273,11179883,894390,9947000,9947000,131-Phải thu khách hàng,511-Doanh thu bán hàng,3331-Thuế GTGT đầu ra,632-Giá vốn hàng bán,156-Hàng hóa
INV20260600679,JV20260600679,SO20260600679,2026-06-06,DN-HC,NV027,Chuyển khoản,WM-758BD9,Máy giặt,Panasonic 8.5kg,Xiaomi,3,8995313,0.16,22668188,0.08,1813455,24481643,6686000,20058000,2610188,0.1151,24481643,22668188,1813455,20058000,20058000,131-Phải thu khách hàng,511-Doanh thu bán hàng,3331-Thuế GTGT đầu ra,632-Giá vốn hàng bán,156-Hàng hóa
INV20260600680,JV20260600680,SO20260600680,2026-06-11,CT-NK,NV015,Chuyển khoản,KT-25E86C,Ấm siêu tốc,Philips,Sharp,2,597199,0.06,1122734,0.08,89818,1212552,327000,654000,468734,0.4175,1212552,1122734,89818,654000,654000,131-Phải thu khách hàng,511-Doanh thu bán hàng,3331-Thuế GTGT đầu ra,632-Giá vốn hàng bán,156-Hàng hóa
INV20260600681,JV20260600681,SO20260600681,2026-06-22,CT-NK,NV008,Tiền mặt,WM-B66625,Máy giặt,Panasonic 8.5kg,Sony,1,9135763,0.07,8496259,0.08,679700,9175959,7607000,7607000,889259,0.1047,9175959,8496259,679700,7607000,7607000,131-Phải thu khách hàng,511-Doanh thu bán hàng,3331-Thuế GTGT đầu ra,632-Giá vốn hàng bán,156-Hàng hóa
INV20260600682,JV20260600682,SO20260600682,2026-06-25,HN-CG,NV014,Thẻ,KT-2ABC39,Ấm siêu tốc,Kangaroo,Mitsubishi,2,558146,0.0,1116292,0.08,89303,1205595,329000,658000,458292,0.4105,1205595,1116292,89303,658000,658000,131-Phải thu khách hàng,511-Doanh thu bán hàng,3331-Thuế GTGT đầu ra,632-Giá vốn hàng bán,156-Hàng hóa
INV20260600683,JV20260600683,SO20260600683,2026-06-05,HN-CG,NV013,Trả góp,BL-6730F4,Máy xay,Panasonic Blender,Sharp,3,2667564,0.17,6642234,0.08,531378,7173612,1834000,5502000,1140234,0.1717,7173612,6642234,531378,5502000,5502000,131-Phải thu khách hàng,511-Doanh thu bán hàng,3331-Thuế GTGT đầu ra,632-Giá vốn hàng bán,156-Hàng hóa
INV20260600684,JV20260600684,SO20260600684,2026-06-09,HCM-Q7,NV030,Trả góp,MW-7ABF96,Lò vi sóng,Electrolux 23L,Panasonic,1,5532685,0.04,5311377,0.08,424910,5736287,3604000,3604000,1707377,0.3215,5736287,5311377,424910,3604000,3604000,131-Phải thu khách hàng,511-Doanh thu bán hàng,3331-Thuế GTGT đầu ra,632-Giá vốn hàng bán,156-Hàng hóa
INV20260600685,JV20260600685,SO20260600685,2026-06-08,BD-TDM,NV018,Trả góp,FN-1B187A,Quạt,Panasonic,Panasonic,1,1913967,0.12,1684290,0.08,134743,1819033,1246000,1246000,438290,0.2602,1819033,1684290,134743,1246000,1246000,131-Phải thu khách hàng,511-Doanh thu bán hàng,3331-Thuế GTGT đầu ra,632-Giá vốn hàng bán,156-Hàng hóa
INV20260600686,JV20260600686,SO20260600686,2026-06-18,HN-CG,NV028,Ví điện tử,RF-D3E578,Tủ lạnh,LG 420L,Xiaomi,1,20751509,0.16,17431267,0.08,1394501,18825768,17642000,17642000,-210733,-0.0121,18825768,17431267,1394501,17642000,17642000,131-Phải thu khách hàng,511-Doanh thu bán hàng,3331-Thuế GTGT đầu ra,632-Giá vốn hàng bán,156-Hàng hóa
INV20260600687,JV20260600687,SO20260600687,2026-06-11,HCM-TB,NV030,Thẻ,WM-0D19E6,Máy giặt,Toshiba 9kg,Samsung,2,12764907,0.05,24253323,0.08,1940265,26193588,10404000,20808000,3445323,0.1421,26193588,24253323,1940265,20808000,20808000,131-Phải thu khách hàng,511-Doanh thu bán hàng,3331-Thuế GTGT đầu ra,632-Giá vốn hàng bán,156-Hàng hóa
INV20260600688,JV20260600688,SO20260600688,2026-06-30,DN-HC,NV004,Tiền mặt,TV-6DF2DA,TV,"TCL 50""",Electrolux,1,31353064,0.11,27904226,0.08,2232338,30136564,24413000,24413000,3491226,0.1251,30136564,27904226,2232338,24413000,24413000,131-Phải thu khách hàng,511-Doanh thu bán hàng,3331-Thuế GTGT đầu ra,632-Giá vốn hàng bán,156-Hàng hóa
INV20260600689,JV20260600689,SO20260600689,2026-06-05,HN-CG,NV029,Tiền mặt,TV-367380,TV,"Sony 65""",Sharp,3,32382480,0.14,83546798,0.08,6683743,90230541,27066000,81198000,2348798,0.0281,90230541,83546798,6683743,81198000,81198000,131-Phải thu khách hàng,511-Doanh thu bán hàng,3331-Thuế GTGT đầu ra,632-Giá vốn hàng bán,156-Hàng hóa
INV20260600690,JV20260600690,SO20260600690,2026-06-23,DN-HC,NV007,Chuyển khoản,AC-CDA7DE,Máy lạnh,Daikin 1HP,Electrolux,3,18185999,0.19,44191977,0.08,3535358,47727335,13901000,41703000,2488977,0.0563,47727335,44191977,3535358,41703000,41703000,131-Phải thu khách hàng,511-Doanh thu bán hàng,3331-Thuế GTGT đầu ra,632-Giá vốn hàng bán,156-Hàng hóa
INV20260600691,JV20260600691,SO20260600691,2026-06-07,HCM-TB,NV028,Ví điện tử,BL-14DC96,Máy xay,Sunhouse Blender,Sony,1,2182764,0.05,2073625,0.08,165890,2239515,1277000,1277000,796625,0.3842,2239515,2073625,165890,1277000,1277000,131-Phải thu khách hàng,511-Doanh thu bán hàng,3331-Thuế GTGT đầu ra,632-Giá vốn hàng bán,156-Hàng hóa
INV20260600692,JV20260600692,SO20260600692,2026-06-13,HN-HBT,NV011,Ví điện tử,BL-63B96E,Máy xay,Panasonic Blender,Panasonic,3,2386479,0.19,5799143,0.08,463931,6263074,1761000,5283000,516143,0.089,6263074,5799143,463931,5283000,5283000,131-Phải thu khách hàng,511-Doanh thu bán hàng,3331-Thuế GTGT đầu ra,632-Giá vốn hàng bán,156-Hàng hóa
INV20260600693,JV20260600693,SO20260600693,2026-06-30,HCM-Q1,NV013,Thẻ,TV-3F699A,TV,LG OLED 48,Aqua,3,15951681,0.06,44983740,0.08,3598699,48582439,13382000,40146000,4837740,0.1075,48582439,44983740,3598699,40146000,40146000,131-Phải thu khách hàng,511-Doanh thu bán hàng,3331-Thuế GTGT đầu ra,632-Giá vốn hàng bán,156-Hàng hóa
INV20260600694,JV20260600694,SO20260600694,2026-06-09,DN-HC,NV013,Chuyển khoản,MW-B116A2,Lò vi sóng,Panasonic 25L,Senko,2,5195549,0.14,8936344,0.08,714907,9651251,3505000,7010000,1926344,0.2156,9651251,8936344,714907,7010000,7010000,131-Phải thu khách hàng,511-Doanh thu bán hàng,3331-Thuế GTGT đầu ra,632-Giá vốn hàng bán,156-Hàng hóa
INV20260600695,JV20260600695,SO20260600695,2026-06-25,HCM-TB,NV019,Thẻ,RC-16E175,Nồi cơm,Cuckoo 1.8L,Panasonic,2,785161,0.01,1554618,0.08,124369,1678987,511000,1022000,532618,0.3426,1678987,1554618,124369,1022000,1022000,131-Phải thu khách hàng,511-Doanh thu bán hàng,3331-Thuế GTGT đầu ra,632-Giá vốn hàng bán,156-Hàng hóa
INV20260600696,JV20260600696,SO20260600696,2026-06-30,DN-HC,NV010,Trả góp,RC-BCC6AD,Nồi cơm,Panasonic 1.8L,Sharp,3,920271,0.08,2539947,0.08,203195,2743142,546000,1638000,901947,0.3551,2743142,2539947,203195,1638000,1638000,131-Phải thu khách hàng,511-Doanh thu bán hàng,3331-Thuế GTGT đầu ra,632-Giá vốn hàng bán,156-Hàng hóa
INV20260600697,JV20260600697,SO20260600697,2026-06-15,HN-HBT,NV003,Thẻ,RC-443576,Nồi cơm,Sharp 1.8L,Asia,2,2607642,0.19,4224380,0.08,337950,4562330,1525000,3050000,1174380,0.278,4562330,4224380,337950,3050000,3050000,131-Phải thu khách hàng,511-Doanh thu bán hàng,3331-Thuế GTGT đầu ra,632-Giá vốn hàng bán,156-Hàng hóa
INV20260600698,JV20260600698,SO20260600698,2026-06-10,CT-NK,NV011,Tiền mặt,VC-DE537A,Máy hút bụi,Dyson V8,Electrolux,3,2113587,0.18,5199424,0.08,415953,5615377,1603000,4809000,390424,0.0751,5615377,5199424,415953,4809000,4809000,131-Phải thu khách hàng,511-Doanh thu bán hàng,3331-Thuế GTGT đầu ra,632-Giá vốn hàng bán,156-Hàng hóa
INV20260600699,JV20260600699,SO20260600699,2026-06-23,HN-CG,NV004,Chuyển khoản,RC-5D6078,Nồi cơm,Cuckoo 1.8L,Sunhouse,2,2942177,0.09,5354762,0.08,428380,5783142,1978000,3956000,1398762,0.2612,5783142,5354762,428380,3956000,3956000,131-Phải thu khách hàng,511-Doanh thu bán hàng,3331-Thuế GTGT đầu ra,632-Giá vốn hàng bán,156-Hàng hóa
INV20260600700,JV20260600700,SO20260600700,2026-06-19,HN-HBT,NV010,Ví điện tử,MW-E7A58E,Lò vi sóng,Panasonic 25L,Philips,1,4855374,0.01,4806820,0.08,384545,5191365,3780000,3780000,1026820,0.2136,5191365,4806820,384545,3780000,3780000,131-Phải thu khách hàng,511-Doanh thu bán hàng,3331-Thuế GTGT đầu ra,632-Giá vốn hàng bán,156-Hàng hóa
INV20260600701,JV20260600701,SO20260600701,2026-06-16,HCM-Q1,NV017,Trả góp,FN-04019E,Quạt,Senko,Philips,1,802263,0.15,681923,0.08,54553,736476,525000,525000,156923,0.2301,736476,681923,54553,525000,525000,131-Phải thu khách hàng,511-Doanh thu bán hàng,3331-Thuế GTGT đầu ra,632-Giá vốn hàng bán,156-Hàng hóa
INV20260600702,JV20260600702,SO20260600702,2026-06-16,HCM-TB,NV011,Chuyển khoản,AC-4EC148,Máy lạnh,Mitsubishi 1.5HP,Toshiba,2,13873428,0.0,27746856,0.08,2219748,29966604,10978000,21956000,5790856,0.2087,29966604,27746856,2219748,21956000,21956000,131-Phải thu khách hàng,511-Doanh thu bán hàng,3331-Thuế GTGT đầu ra,632-Giá vốn hàng bán,156-Hàng hóa
INV20260600703,JV20260600703,SO20260600703,2026-06-16,DN-HC,NV015,Chuyển khoản,RC-DFEBAA,Nồi cơm,Sharp 1.8L,LG,3,1500369,0.01,4456095,0.08,356487,4812582,969000,2907000,1549095,0.3476,4812582,4456095,356487,2907000,2907000,131-Phải thu khách hàng,511-Doanh thu bán hàng,3331-Thuế GTGT đầu ra,632-Giá vốn hàng bán,156-Hàng hóa
INV20260600704,JV20260600704,SO20260600704,2026-06-21,BD-TDM,NV003,Tiền mặt,RC-DBD450,Nồi cơm,Cuckoo 1.8L,Senko,1,2586703,0.19,2095229,0.08,167618,2262847,1678000,1678000,417229,0.1991,2262847,2095229,167618,1678000,1678000,131-Phải thu khách hàng,511-Doanh thu bán hàng,3331-Thuế GTGT đầu ra,632-Giá vốn hàng bán,156-Hàng hóa
INV20260600705,JV20260600705,SO20260600705,2026-06-19,HCM-Q7,NV001,Trả góp,FN-896DEA,Quạt,Asia,Senko,2,1024933,0.13,1783383,0.08,142670,1926053,611000,1222000,561383,0.3148,1926053,1783383,142670,1222000,1222000,131-Phải thu khách hàng,511-Doanh thu bán hàng,3331-Thuế GTGT đầu ra,632-Giá vốn hàng bán,156-Hàng hóa
INV20260600706,JV20260600706,SO20260600706,2026-06-29,HCM-TB,NV027,Chuyển khoản,MW-4F3182,Lò vi sóng,Panasonic 25L,Daikin,1,1292017,0.16,1085294,0.08,86823,1172117,809000,809000,276294,0.2546,1172117,1085294,86823,809000,809000,131-Phải thu khách hàng,511-Doanh thu bán hàng,3331-Thuế GTGT đầu ra,632-Giá vốn hàng bán,156-Hàng hóa
INV20260600707,JV20260600707,SO20260600707,2026-06-14,DN-HC,NV003,Chuyển khoản,RC-D51252,Nồi cơm,Sharp 1.8L,Daikin,3,3863035,0.15,9850739,0.08,788059,10638798,2576000,7728000,2122739,0.2155,10638798,9850739,788059,7728000,7728000,131-Phải thu khách hàng,511-Doanh thu bán hàng,3331-Thuế GTGT đầu ra,632-Giá vốn hàng bán,156-Hàng hóa
INV20260600708,JV20260600708,SO20260600708,2026-06-26,HCM-Q1,NV029,Thẻ,AC-029767,Máy lạnh,Daikin 1HP,Sunhouse,3,15173793,0.14,39148385,0.08,3131870,42280255,11362000,34086000,5062385,0.1293,42280255,39148385,3131870,34086000,34086000,131-Phải thu khách hàng,511-Doanh thu bán hàng,3331-Thuế GTGT đầu ra,632-Giá vốn hàng bán,156-Hàng hóa
INV20260600709,JV20260600709,SO20260600709,2026-06-02,HCM-Q7,NV014,Thẻ,MW-73FD95,Lò vi sóng,Sharp 20L,Asia,1,3351778,0.12,2949564,0.08,235965,3185529,2308000,2308000,641564,0.2175,3185529,2949564,235965,2308000,2308000,131-Phải thu khách hàng,511-Doanh thu bán hàng,3331-Thuế GTGT đầu ra,632-Giá vốn hàng bán,156-Hàng hóa
INV20260600710,JV20260600710,SO20260600710,2026-06-11,HCM-Q7,NV003,Tiền mặt,WM-B2AB72,Máy giặt,Toshiba 9kg,Casper,2,15094613,0.11,26868411,0.08,2149472,29017883,12427000,24854000,2014411,0.075,29017883,26868411,2149472,24854000,24854000,131-Phải thu khách hàng,511-Doanh thu bán hàng,3331-Thuế GTGT đầu ra,632-Giá vốn hàng bán,156-Hàng hóa
INV20260600711,JV20260600711,SO20260600711,2026-06-16,HN-CG,NV004,Ví điện tử,RF-BF179F,Tủ lạnh,Aqua 250L,Sunhouse,2,22251968,0.13,38718424,0.08,3097473,41815897,17724000,35448000,3270424,0.0845,41815897,38718424,3097473,35448000,35448000,131-Phải thu khách hàng,511-Doanh thu bán hàng,3331-Thuế GTGT đầu ra,632-Giá vốn hàng bán,156-Hàng hóa
INV20260600712,JV20260600712,SO20260600712,2026-06-18,HCM-Q1,NV026,Chuyển khoản,RC-7B93E8,Nồi cơm,Cuckoo 1.8L,Sharp,1,1381554,0.1,1243398,0.08,99471,1342869,818000,818000,425398,0.3421,1342869,1243398,99471,818000,818000,131-Phải thu khách hàng,511-Doanh thu bán hàng,3331-Thuế GTGT đầu ra,632-Giá vốn hàng bán,156-Hàng hóa
INV20260600713,JV20260600713,SO20260600713,2026-06-01,CT-NK,NV021,Thẻ,KT-930F94,Ấm siêu tốc,Philips,Sony,2,324882,0.16,545801,0.08,43664,589465,220000,440000,105801,0.1938,589465,545801,43664,440000,440000,131-Phải thu khách hàng,511-Doanh thu bán hàng,3331-Thuế GTGT đầu ra,632-Giá vốn hàng bán,156-Hàng hóa
INV20260600714,JV20260600714,SO20260600714,2026-06-06,HCM-Q1,NV002,Chuyển khoản,MW-33B2FE,Lò vi sóng,Electrolux 23L,Samsung,3,3460872,0.06,9759659,0.08,780772,10540431,2312000,6936000,2823659,0.2893,10540431,9759659,780772,6936000,6936000,131-Phải thu khách hàng,511-Doanh thu bán hàng,3331-Thuế GTGT đầu ra,632-Giá vốn hàng bán,156-Hàng hóa
INV20260600715,JV20260600715,SO20260600715,2026-06-02,HN-HBT,NV008,Trả góp,VC-110A19,Máy hút bụi,Philips FC,Philips,1,5286977,0.06,4969758,0.08,397580,5367338,3879000,3879000,1090758,0.2195,5367338,4969758,397580,3879000,3879000,131-Phải thu khách hàng,511-Doanh thu bán hàng,3331-Thuế GTGT đầu ra,632-Giá vốn hàng bán,156-Hàng hóa
INV20260600716,JV20260600716,SO20260600716,2026-06-13,HCM-Q7,NV009,Chuyển khoản,AC-84F331,Máy lạnh,Mitsubishi 1.5HP,Daikin,3,19322411,0.03,56228216,0.08,4498257,60726473,14162000,42486000,13742216,0.2444,60726473,56228216,4498257,42486000,42486000,131-Phải thu khách hàng,511-Doanh thu bán hàng,3331-Thuế GTGT đầu ra,632-Giá vốn hàng bán,156-Hàng hóa
INV20260600717,JV20260600717,SO20260600717,2026-06-27,HCM-Q7,NV016,Thẻ,RC-53400C,Nồi cơm,Panasonic 1.8L,Aqua,1,2322963,0.18,1904829,0.08,152386,2057215,1485000,1485000,419829,0.2204,2057215,1904829,152386,1485000,1485000,131-Phải thu khách hàng,511-Doanh thu bán hàng,3331-Thuế GTGT đầu ra,632-Giá vốn hàng bán,156-Hàng hóa
INV20260600718,JV20260600718,SO20260600718,2026-06-26,HN-CG,NV003,Tiền mặt,VC-4BDADC,Máy hút bụi,Philips FC,Electrolux,2,9066990,0.18,14869863,0.08,1189589,16059452,6689000,13378000,1491863,0.1003,16059452,14869863,1189589,13378000,13378000,131-Phải thu khách hàng,511-Doanh thu bán hàng,3331-Thuế GTGT đầu ra,632-Giá vốn hàng bán,156-Hàng hóa
INV20260600719,JV20260600719,SO20260600719,2026-06-12,HN-HBT,NV017,Chuyển khoản,BL-848064,Máy xay,Sunhouse Blender,Xiaomi,1,2819074,0.15,2396212,0.08,191696,2587908,2024000,2024000,372212,0.1553,2587908,2396212,191696,2024000,2024000,131-Phải thu khách hàng,511-Doanh thu bán hàng,3331-Thuế GTGT đầu ra,632-Giá vốn hàng bán,156-Hàng hóa
INV20260600720,JV20260600720,SO20260600720,2026-06-18,HCM-Q1,NV019,Thẻ,VC-354E06,Máy hút bụi,Dyson V8,Senko,2,3386695,0.19,5486445,0.08,438915,5925360,2652000,5304000,182445,0.0333,5925360,5486445,438915,5304000,5304000,131-Phải thu khách hàng,511-Doanh thu bán hàng,3331-Thuế GTGT đầu ra,632-Giá vốn hàng bán,156-Hàng hóa
INV20260600721,JV20260600721,SO20260600721,2026-06-19,CT-NK,NV014,Tiền mặt,WM-345051,Máy giặt,LG 9kg,Senko,2,5259279,0.09,9571887,0.08,765750,10337637,4369000,8738000,833887,0.0871,10337637,9571887,765750,8738000,8738000,131-Phải thu khách hàng,511-Doanh thu bán hàng,3331-Thuế GTGT đầu ra,632-Giá vốn hàng bán,156-Hàng hóa
INV20260600722,JV20260600722,SO20260600722,2026-06-21,DN-HC,NV006,Tiền mặt,MW-278BC7,Lò vi sóng,Electrolux 23L,Mitsubishi,1,1755816,0.17,1457327,0.08,116586,1573913,1338000,1338000,119327,0.0819,1573913,1457327,116586,1338000,1338000,131-Phải thu khách hàng,511-Doanh thu bán hàng,3331-Thuế GTGT đầu ra,632-Giá vốn hàng bán,156-Hàng hóa
INV20260600723,JV20260600723,SO20260600723,2026-06-04,HCM-Q1,NV011,Trả góp,WM-AD6A90,Máy giặt,Panasonic 8.5kg,Electrolux,1,15497801,0.05,14722910,0.08,1177832,15900742,12490000,12490000,2232910,0.1517,15900742,14722910,1177832,12490000,12490000,131-Phải thu khách hàng,511-Doanh thu bán hàng,3331-Thuế GTGT đầu ra,632-Giá vốn hàng bán,156-Hàng hóa
INV20260600724,JV20260600724,SO20260600724,2026-06-03,BD-TDM,NV011,Tiền mặt,AC-9D4B2B,Máy lạnh,Mitsubishi 1.5HP,Sony,3,20519430,0.2,49246632,0.08,3939730,53186362,15010000,45030000,4216632,0.0856,53186362,49246632,3939730,45030000,45030000,131-Phải thu khách hàng,511-Doanh thu bán hàng,3331-Thuế GTGT đầu ra,632-Giá vốn hàng bán,156-Hàng hóa
INV20260600725,JV20260600725,SO20260600725,2026-06-05,HN-HBT,NV012,Trả góp,WM-4F93AF,Máy giặt,LG 9kg,Sunhouse,3,17367679,0.07,48455824,0.08,3876465,52332289,13275000,39825000,8630824,0.1781,52332289,48455824,3876465,39825000,39825000,131-Phải thu khách hàng,511-Doanh thu bán hàng,3331-Thuế GTGT đầu ra,632-Giá vốn hàng bán,156-Hàng hóa
INV20260600726,JV20260600726,SO20260600726,2026-06-27,HN-HBT,NV012,Tiền mặt,TV-3277C5,TV,"TCL 50""",Cuckoo,2,31941871,0.12,56217692,0.08,4497415,60715107,26894000,53788000,2429692,0.0432,60715107,56217692,4497415,53788000,53788000,131-Phải thu khách hàng,511-Doanh thu bán hàng,3331-Thuế GTGT đầu ra,632-Giá vốn hàng bán,156-Hàng hóa
INV20260600727,JV20260600727,SO20260600727,2026-06-10,HCM-Q7,NV018,Tiền mặt,RF-7AFE5C,Tủ lạnh,LG 420L,Electrolux,2,20988570,0.14,36100340,0.08,2888027,38988367,16356000,32712000,3388340,0.0939,38988367,36100340,2888027,32712000,32712000,131-Phải thu khách hàng,511-Doanh thu bán hàng,3331-Thuế GTGT đầu ra,632-Giá vốn hàng bán,156-Hàng hóa
INV20260600728,JV20260600728,SO20260600728,2026-06-05,DN-HC,NV019,Ví điện tử,TV-65942A,TV,"Sony 65""",Toshiba,1,10541543,0.03,10225296,0.08,818023,11043319,8954000,8954000,1271296,0.1243,11043319,10225296,818023,8954000,8954000,131-Phải thu khách hàng,511-Doanh thu bán hàng,3331-Thuế GTGT đầu ra,632-Giá vốn hàng bán,156-Hàng hóa
INV20260600729,JV20260600729,SO20260600729,2026-06-30,CT-NK,NV015,Ví điện tử,RF-742B7E,Tủ lạnh,Samsung Inverter 350L,Asia,2,16155471,0.03,31341613,0.08,2507329,33848942,12223000,24446000,6895613,0.22,33848942,31341613,2507329,24446000,24446000,131-Phải thu khách hàng,511-Doanh thu bán hàng,3331-Thuế GTGT đầu ra,632-Giá vốn hàng bán,156-Hàng hóa
INV20260600730,JV20260600730,SO20260600730,2026-06-03,HN-HBT,NV018,Chuyển khoản,FN-7632BC,Quạt,Asia,Panasonic,1,1125193,0.01,1113941,0.08,89115,1203056,621000,621000,492941,0.4425,1203056,1113941,89115,621000,621000,131-Phải thu khách hàng,511-Doanh thu bán hàng,3331-Thuế GTGT đầu ra,632-Giá vốn hàng bán,156-Hàng hóa
INV20260600731,JV20260600731,SO20260600731,2026-06-23,CT-NK,NV023,Ví điện tử,VC-A4DECF,Máy hút bụi,Dyson V8,Mitsubishi,3,2461883,0.03,7164079,0.08,573126,7737205,1857000,5571000,1593079,0.2224,7737205,7164079,573126,5571000,5571000,131-Phải thu khách hàng,511-Doanh thu bán hàng,3331-Thuế GTGT đầu ra,632-Giá vốn hàng bán,156-Hàng hóa
INV20260600732,JV20260600732,SO20260600732,2026-06-27,HCM-Q1,NV013,Chuyển khoản,AC-076657,Máy lạnh,Mitsubishi 1.5HP,Xiaomi,1,10952115,0.16,9199776,0.08,735982,9935758,7727000,7727000,1472776,0.1601,9935758,9199776,735982,7727000,7727000,131-Phải thu khách hàng,511-Doanh thu bán hàng,3331-Thuế GTGT đầu ra,632-Giá vốn hàng bán,156-Hàng hóa
INV20260600733,JV20260600733,SO20260600733,2026-06-05,CT-NK,NV004,Tiền mặt,RC-7604F1,Nồi cơm,Sunhouse 1.2L,Daikin,1,3280118,0.18,2689696,0.08,215175,2904871,2413000,2413000,276696,0.1029,2904871,2689696,215175,2413000,2413000,131-Phải thu khách hàng,511-Doanh thu bán hàng,3331-Thuế GTGT đầu ra,632-Giá vốn hàng bán,156-Hàng hóa
INV20260600734,JV20260600734,SO20260600734,2026-06-27,CT-NK,NV012,Chuyển khoản,AC-3E9D78,Máy lạnh,Mitsubishi 1.5HP,Electrolux,2,14739084,0.17,24466879,0.08,1957350,26424229,10828000,21656000,2810879,0.1149,26424229,24466879,1957350,21656000,21656000,131-Phải thu khách hàng,511-Doanh thu bán hàng,3331-Thuế GTGT đầu ra,632-Giá vốn hàng bán,156-Hàng hóa
INV20260600735,JV20260600735,SO20260600735,2026-06-08,HN-CG,NV014,Chuyển khoản,AC-CBBDDE,Máy lạnh,Panasonic 1.5HP,Sharp,2,10395029,0.1,18711052,0.08,1496884,20207936,7565000,15130000,3581052,0.1914,20207936,18711052,1496884,15130000,15130000,131-Phải thu khách hàng,511-Doanh thu bán hàng,3331-Thuế GTGT đầu ra,632-Giá vốn hàng bán,156-Hàng hóa
INV20260600736,JV20260600736,SO20260600736,2026-06-30,HCM-Q1,NV011,Trả góp,KT-697052,Ấm siêu tốc,Sunhouse,Samsung,2,279715,0.08,514675,0.08,41174,555849,189000,378000,136675,0.2656,555849,514675,41174,378000,378000,131-Phải thu khách hàng,511-Doanh thu bán hàng,3331-Thuế GTGT đầu ra,632-Giá vốn hàng bán,156-Hàng hóa
INV20260600737,JV20260600737,SO20260600737,2026-06-18,HN-HBT,NV001,Thẻ,BL-08E06D,Máy xay,Philips Blender,Casper,3,1606730,0.13,4193565,0.08,335485,4529050,887000,2661000,1532565,0.3655,4529050,4193565,335485,2661000,2661000,131-Phải thu khách hàng,511-Doanh thu bán hàng,3331-Thuế GTGT đầu ra,632-Giá vốn hàng bán,156-Hàng hóa
INV20260600738,JV20260600738,SO20260600738,2026-06-06,DN-HC,NV012,Thẻ,BL-2439D2,Máy xay,Philips Blender,Sony,1,2527165,0.18,2072275,0.08,165782,2238057,1656000,1656000,416275,0.2009,2238057,2072275,165782,1656000,1656000,131-Phải thu khách hàng,511-Doanh thu bán hàng,3331-Thuế GTGT đầu ra,632-Giá vốn hàng bán,156-Hàng hóa
INV20260600739,JV20260600739,SO20260600739,2026-06-07,HCM-Q1,NV026,Tiền mặt,TV-249EF8,TV,"Samsung 55"" 4K",Samsung,1,19562967,0.0,19562967,0.08,1565037,21128004,16817000,16817000,2745967,0.1404,21128004,19562967,1565037,16817000,16817000,131-Phải thu khách hàng,511-Doanh thu bán hàng,3331-Thuế GTGT đầu ra,632-Giá vốn hàng bán,156-Hàng hóa
INV20260600740,JV20260600740,SO20260600740,2026-06-04,HCM-Q7,NV005,Tiền mặt,TV-92EE57,TV,LG OLED 48,LG,3,10812023,0.06,30489904,0.08,2439192,32929096,9447000,28341000,2148904,0.0705,32929096,30489904,2439192,28341000,28341000,131-Phải thu khách hàng,511-Doanh thu bán hàng,3331-Thuế GTGT đầu ra,632-Giá vốn hàng bán,156-Hàng hóa
INV20260600741,JV20260600741,SO20260600741,2026-06-18,HN-CG,NV023,Tiền mặt,AC-F05394,Máy lạnh,Casper 1HP,Cuckoo,2,13726969,0.05,26081241,0.08,2086499,28167740,10899000,21798000,4283241,0.1642,28167740,26081241,2086499,21798000,21798000,131-Phải thu khách hàng,511-Doanh thu bán hàng,3331-Thuế GTGT đầu ra,632-Giá vốn hàng bán,156-Hàng hóa
INV20260600742,JV20260600742,SO20260600742,2026-06-09,HN-CG,NV027,Ví điện tử,AC-462093,Máy lạnh,Casper 1HP,Daikin,1,14993546,0.14,12894449,0.08,1031555,13926004,11119000,11119000,1775449,0.1377,13926004,12894449,1031555,11119000,11119000,131-Phải thu khách hàng,511-Doanh thu bán hàng,3331-Thuế GTGT đầu ra,632-Giá vốn hàng bán,156-Hàng hóa
INV20260600743,JV20260600743,SO20260600743,2026-06-23,BD-TDM,NV026,Ví điện tử,AC-9D4B2B,Máy lạnh,Mitsubishi 1.5HP,Sony,3,20864670,0.08,57586489,0.08,4606919,62193408,15244000,45732000,11854489,0.2059,62193408,57586489,4606919,45732000,45732000,131-Phải thu khách hàng,511-Doanh thu bán hàng,3331-Thuế GTGT đầu ra,632-Giá vốn hàng bán,156-Hàng hóa
INV20260600744,JV20260600744,SO20260600744,2026-06-16,HN-HBT,NV023,Thẻ,RC-443576,Nồi cơm,Sharp 1.8L,Asia,1,1788283,0.01,1770400,0.08,141632,1912032,1234000,1234000,536400,0.303,1912032,1770400,141632,1234000,1234000,131-Phải thu khách hàng,511-Doanh thu bán hàng,3331-Thuế GTGT đầu ra,632-Giá vốn hàng bán,156-Hàng hóa
INV20260600745,JV20260600745,SO20260600745,2026-06-11,CT-NK,NV030,Ví điện tử,VC-BEE8C8,Máy hút bụi,Xiaomi G10,Asia,3,2900408,0.15,7396040,0.08,591683,7987723,2191000,6573000,823040,0.1113,7987723,7396040,591683,6573000,6573000,131-Phải thu khách hàng,511-Doanh thu bán hàng,3331-Thuế GTGT đầu ra,632-Giá vốn hàng bán,156-Hàng hóa
INV20260600746,JV20260600746,SO20260600746,2026-06-10,HN-CG,NV016,Tiền mặt,TV-AAC019,TV,"Sony 65""",Sunhouse,1,8801237,0.04,8449187,0.08,675934,9125121,6762000,6762000,1687187,0.1997,9125121,8449187,675934,6762000,6762000,131-Phải thu khách hàng,511-Doanh thu bán hàng,3331-Thuế GTGT đầu ra,632-Giá vốn hàng bán,156-Hàng hóa
INV20260600747,JV20260600747,SO20260600747,2026-06-14,HCM-TB,NV014,Ví điện tử,RF-309876,Tủ lạnh,Aqua 250L,LG,2,21178376,0.14,36426806,0.08,2914144,39340950,17627000,35254000,1172806,0.0322,39340950,36426806,2914144,35254000,35254000,131-Phải thu khách hàng,511-Doanh thu bán hàng,3331-Thuế GTGT đầu ra,632-Giá vốn hàng bán,156-Hàng hóa
INV20260600748,JV20260600748,SO20260600748,2026-06-10,HCM-Q7,NV027,Ví điện tử,MW-E7A58E,Lò vi sóng,Panasonic 25L,Philips,2,2229325,0.01,4414063,0.08,353125,4767188,1400000,2800000,1614063,0.3657,4767188,4414063,353125,2800000,2800000,131-Phải thu khách hàng,511-Doanh thu bán hàng,3331-Thuế GTGT đầu ra,632-Giá vốn hàng bán,156-Hàng hóa
INV20260600749,JV20260600749,SO20260600749,2026-06-06,HCM-Q1,NV015,Thẻ,FN-422F6A,Quạt,Senko,Sharp,1,1161856,0.05,1103763,0.08,88301,1192064,700000,700000,403763,0.3658,1192064,1103763,88301,700000,700000,131-Phải thu khách hàng,511-Doanh thu bán hàng,3331-Thuế GTGT đầu ra,632-Giá vốn hàng bán,156-Hàng hóa
INV20260600750,JV20260600750,SO20260600750,2026-06-13,HCM-TB,NV008,Ví điện tử,MW-F2FBBA,Lò vi sóng,Panasonic 25L,Sunhouse,3,5729297,0.13,14953465,0.08,1196277,16149742,3614000,10842000,4111465,0.275,16149742,14953465,1196277,10842000,10842000,131-Phải thu khách hàng,511-Doanh thu bán hàng,3331-Thuế GTGT đầu ra,632-Giá vốn hàng bán,156-Hàng hóa
INV20260600751,JV20260600751,SO20260600751,2026-06-04,DN-HC,NV014,Trả góp,VC-2D4AC5,Máy hút bụi,Philips FC,Toshiba,1,10781523,0.11,9595555,0.08,767644,10363199,7794000,7794000,1801555,0.1877,10363199,9595555,767644,7794000,7794000,131-Phải thu khách hàng,511-Doanh thu bán hàng,3331-Thuế GTGT đầu ra,632-Giá vốn hàng bán,156-Hàng hóa
INV20260600752,JV20260600752,SO20260600752,2026-06-08,HCM-TB,NV011,Thẻ,MW-03CA06,Lò vi sóng,Electrolux 23L,Aqua,1,2177600,0.0,2177600,0.08,174208,2351808,1650000,1650000,527600,0.2423,2351808,2177600,174208,1650000,1650000,131-Phải thu khách hàng,511-Doanh thu bán hàng,3331-Thuế GTGT đầu ra,632-Giá vốn hàng bán,156-Hàng hóa
INV20260600753,JV20260600753,SO20260600753,2026-06-22,CT-NK,NV008,Chuyển khoản,BL-14DC96,Máy xay,Sunhouse Blender,Sony,2,1418231,0.1,2552815,0.08,204225,2757040,858000,1716000,836815,0.3278,2757040,2552815,204225,1716000,1716000,131-Phải thu khách hàng,511-Doanh thu bán hàng,3331-Thuế GTGT đầu ra,632-Giá vốn hàng bán,156-Hàng hóa
INV20260600754,JV20260600754,SO20260600754,2026-06-11,HCM-TB,NV017,Tiền mặt,RC-4E5AAE,Nồi cơm,Panasonic 1.8L,Sony,2,1421211,0.15,2416058,0.08,193284,2609342,949000,1898000,518058,0.2144,2609342,2416058,193284,1898000,1898000,131-Phải thu khách hàng,511-Doanh thu bán hàng,3331-Thuế GTGT đầu ra,632-Giá vốn hàng bán,156-Hàng hóa
INV20260600755,JV20260600755,SO20260600755,2026-06-21,HN-HBT,NV002,Ví điện tử,VC-852D6B,Máy hút bụi,Philips FC,Sunhouse,3,11137534,0.12,29403089,0.08,2352247,31755336,7425000,22275000,7128089,0.2424,31755336,29403089,2352247,22275000,22275000,131-Phải thu khách hàng,511-Doanh thu bán hàng,3331-Thuế GTGT đầu ra,632-Giá vốn hàng bán,156-Hàng hóa
INV20260600756,JV20260600756,SO20260600756,2026-06-24,DN-HC,NV012,Ví điện tử,WM-911CBD,Máy giặt,LG 9kg,Cuckoo,3,4702309,0.0,14106927,0.08,1128554,15235481,3769000,11307000,2799927,0.1985,15235481,14106927,1128554,11307000,11307000,131-Phải thu khách hàng,511-Doanh thu bán hàng,3331-Thuế GTGT đầu ra,632-Giá vốn hàng bán,156-Hàng hóa
INV20260600757,JV20260600757,SO20260600757,2026-06-24,HCM-TB,NV003,Ví điện tử,VC-F4F02F,Máy hút bụi,Xiaomi G10,Senko,3,6554934,0.17,16321785,0.08,1305742,17627527,4798000,14394000,1927785,0.1181,17627527,16321785,1305742,14394000,14394000,131-Phải thu khách hàng,511-Doanh thu bán hàng,3331-Thuế GTGT đầu ra,632-Giá vốn hàng bán,156-Hàng hóa
INV20260600758,JV20260600758,SO20260600758,2026-06-11,HN-CG,NV003,Ví điện tử,BL-E21F60,Máy xay,Philips Blender,Electrolux,2,2921610,0.14,5025169,0.08,402013,5427182,1885000,3770000,1255169,0.2498,5427182,5025169,402013,3770000,3770000,131-Phải thu khách hàng,511-Doanh thu bán hàng,3331-Thuế GTGT đầu ra,632-Giá vốn hàng bán,156-Hàng hóa
INV20260600759,JV20260600759,SO20260600759,2026-06-30,BD-TDM,NV010,Tiền mặt,BL-14DC96,Máy xay,Sunhouse Blender,Sony,3,1205999,0.09,3292377,0.08,263390,3555767,724000,2172000,1120377,0.3403,3555767,3292377,263390,2172000,2172000,131-Phải thu khách hàng,511-Doanh thu bán hàng,3331-Thuế GTGT đầu ra,632-Giá vốn hàng bán,156-Hàng hóa
INV20260600760,JV20260600760,SO20260600760,2026-06-12,BD-TDM,NV004,Tiền mặt,FN-310542,Quạt,Senko,Casper,1,1536079,0.08,1413192,0.08,113055,1526247,904000,904000,509192,0.3603,1526247,1413192,113055,904000,904000,131-Phải thu khách hàng,511-Doanh thu bán hàng,3331-Thuế GTGT đầu ra,632-Giá vốn hàng bán,156-Hàng hóa
INV20260600761,JV20260600761,SO20260600761,2026-06-15,BD-TDM,NV012,Chuyển khoản,RF-8F66CC,Tủ lạnh,Aqua 250L,Xiaomi,3,9880302,0.01,29344496,0.08,2347559,31692055,8493000,25479000,3865496,0.1317,31692055,29344496,2347559,25479000,25479000,131-Phải thu khách hàng,511-Doanh thu bán hàng,3331-Thuế GTGT đầu ra,632-Giá vốn hàng bán,156-Hàng hóa
INV20260600762,JV20260600762,SO20260600762,2026-06-19,HN-CG,NV010,Chuyển khoản,WM-F9045A,Máy giặt,LG 9kg,Casper,3,9634462,0.06,27169182,0.08,2173534,29342716,8072000,24216000,2953182,0.1087,29342716,27169182,2173534,24216000,24216000,131-Phải thu khách hàng,511-Doanh thu bán hàng,3331-Thuế GTGT đầu ra,632-Giá vốn hàng bán,156-Hàng hóa
INV20260600763,JV20260600763,SO20260600763,2026-06-06,HN-CG,NV009,Tiền mặt,RF-742B7E,Tủ lạnh,Samsung Inverter 350L,Asia,2,23992134,0.18,39347099,0.08,3147767,42494866,20345000,40690000,-1342901,-0.0341,42494866,39347099,3147767,40690000,40690000,131-Phải thu khách hàng,511-Doanh thu bán hàng,3331-Thuế GTGT đầu ra,632-Giá vốn hàng bán,156-Hàng hóa
INV20260600764,JV20260600764,SO20260600764,2026-06-09,BD-TDM,NV007,Thẻ,FN-5D5A92,Quạt,Asia,Casper,2,1176475,0.2,1882360,0.08,150588,2032948,730000,1460000,422360,0.2244,2032948,1882360,150588,1460000,1460000,131-Phải thu khách hàng,511-Doanh thu bán hàng,3331-Thuế GTGT đầu ra,632-Giá vốn hàng bán,156-Hàng hóa
INV20260600765,JV20260600765,SO20260600765,2026-06-22,BD-TDM,NV022,Tiền mặt,RC-13DEBA,Nồi cơm,Panasonic 1.8L,Mitsubishi,3,1872781,0.18,4607041,0.08,368563,4975604,1137000,3411000,1196041,0.2596,4975604,4607041,368563,3411000,3411000,131-Phải thu khách hàng,511-Doanh thu bán hàng,3331-Thuế GTGT đầu ra,632-Giá vốn hàng bán,156-Hàng hóa
INV20260600766,JV20260600766,SO20260600766,2026-06-10,DN-HC,NV020,Trả góp,MW-807E15,Lò vi sóng,Panasonic 25L,Asia,1,4720953,0.1,4248857,0.08,339908,4588765,3198000,3198000,1050857,0.2473,4588765,4248857,339908,3198000,3198000,131-Phải thu khách hàng,511-Doanh thu bán hàng,3331-Thuế GTGT đầu ra,632-Giá vốn hàng bán,156-Hàng hóa
INV20260600767,JV20260600767,SO20260600767,2026-06-16,HCM-Q1,NV008,Ví điện tử,WM-B4B226,Máy giặt,Samsung 10kg,Electrolux,1,13337649,0.06,12537390,0.08,1002991,13540381,10180000,10180000,2357390,0.188,13540381,12537390,1002991,10180000,10180000,131-Phải thu khách hàng,511-Doanh thu bán hàng,3331-Thuế GTGT đầu ra,632-Giá vốn hàng bán,156-Hàng hóa
INV20260600768,JV20260600768,SO20260600768,2026-06-21,HN-HBT,NV027,Thẻ,VC-90DAA9,Máy hút bụi,Dyson V8,Casper,2,7600239,0.02,14896468,0.08,1191717,16088185,5307000,10614000,4282468,0.2875,16088185,14896468,1191717,10614000,10614000,131-Phải thu khách hàng,511-Doanh thu bán hàng,3331-Thuế GTGT đầu ra,632-Giá vốn hàng bán,156-Hàng hóa
INV20260600769,JV20260600769,SO20260600769,2026-06-04,BD-TDM,NV029,Tiền mặt,TV-3A9F5F,TV,LG OLED 48,Casper,3,33833606,0.11,90335728,0.08,7226858,97562586,29179000,87537000,2798728,0.031,97562586,90335728,7226858,87537000,87537000,131-Phải thu khách hàng,511-Doanh thu bán hàng,3331-Thuế GTGT đầu ra,632-Giá vốn hàng bán,156-Hàng hóa
INV20260600770,JV20260600770,SO20260600770,2026-06-26,HN-CG,NV015,Ví điện tử,FN-AEDFD9,Quạt,Panasonic,Sony,2,1483632,0.1,2670537,0.08,213642,2884179,822000,1644000,1026537,0.3844,2884179,2670537,213642,1644000,1644000,131-Phải thu khách hàng,511-Doanh thu bán hàng,3331-Thuế GTGT đầu ra,632-Giá vốn hàng bán,156-Hàng hóa
INV20260600771,JV20260600771,SO20260600771,2026-06-08,HN-HBT,NV019,Thẻ,RC-7AB9A8,Nồi cơm,Panasonic 1.8L,Electrolux,1,3272167,0.15,2781341,0.08,222507,3003848,2390000,2390000,391341,0.1407,3003848,2781341,222507,2390000,2390000,131-Phải thu khách hàng,511-Doanh thu bán hàng,3331-Thuế GTGT đầu ra,632-Giá vốn hàng bán,156-Hàng hóa
INV20260600772,JV20260600772,SO20260600772,2026-06-01,HCM-Q7,NV006,Chuyển khoản,AC-F47F82,Máy lạnh,Panasonic 1.5HP,LG,1,11034978,0.03,10703928,0.08,856314,11560242,9180000,9180000,1523928,0.1424,11560242,10703928,856314,9180000,9180000,131-Phải thu khách hàng,511-Doanh thu bán hàng,3331-Thuế GTGT đầu ra,632-Giá vốn hàng bán,156-Hàng hóa
INV20260600773,JV20260600773,SO20260600773,2026-06-30,HCM-Q7,NV010,Tiền mặt,AC-D7C5BD,Máy lạnh,Daikin 1HP,Daikin,3,15617782,0.06,44042145,0.08,3523371,47565516,12080000,36240000,7802145,0.1772,47565516,44042145,3523371,36240000,36240000,131-Phải thu khách hàng,511-Doanh thu bán hàng,3331-Thuế GTGT đầu ra,632-Giá vốn hàng bán,156-Hàng hóa
INV20260600774,JV20260600774,SO20260600774,2026-06-30,HN-HBT,NV002,Trả góp,RC-120EAC,Nồi cơm,Sunhouse 1.2L,Sharp,1,1954052,0.11,1739106,0.08,139128,1878234,1240000,1240000,499106,0.287,1878234,1739106,139128,1240000,1240000,131-Phải thu khách hàng,511-Doanh thu bán hàng,3331-Thuế GTGT đầu ra,632-Giá vốn hàng bán,156-Hàng hóa
INV20260600775,JV20260600775,SO20260600775,2026-06-21,BD-TDM,NV028,Ví điện tử,FN-05A833,Quạt,Asia,Aqua,2,715666,0.01,1417018,0.08,113361,1530379,499000,998000,419018,0.2957,1530379,1417018,113361,998000,998000,131-Phải thu khách hàng,511-Doanh thu bán hàng,3331-Thuế GTGT đầu ra,632-Giá vốn hàng bán,156-Hàng hóa
INV20260600776,JV20260600776,SO20260600776,2026-06-24,HN-CG,NV015,Ví điện tử,AC-190181,Máy lạnh,Mitsubishi 1.5HP,Sharp,3,19163446,0.12,50591497,0.08,4047319,54638816,14977000,44931000,5660497,0.1119,54638816,50591497,4047319,44931000,44931000,131-Phải thu khách hàng,511-Doanh thu bán hàng,3331-Thuế GTGT đầu ra,632-Giá vốn hàng bán,156-Hàng hóa
INV20260600777,JV20260600777,SO20260600777,2026-06-06,HCM-TB,NV007,Chuyển khoản,RF-20BB5C,Tủ lạnh,Panasonic 300L,Sharp,2,9663522,0.05,18360691,0.08,1468855,19829546,7334000,14668000,3692691,0.2011,19829546,18360691,1468855,14668000,14668000,131-Phải thu khách hàng,511-Doanh thu bán hàng,3331-Thuế GTGT đầu ra,632-Giá vốn hàng bán,156-Hàng hóa
INV20260600778,JV20260600778,SO20260600778,2026-06-30,DN-HC,NV001,Trả góp,WM-911CBD,Máy giặt,LG 9kg,Cuckoo,1,10854154,0.16,9117489,0.08,729399,9846888,9074000,9074000,43489,0.0048,9846888,9117489,729399,9074000,9074000,131-Phải thu khách hàng,511-Doanh thu bán hàng,3331-Thuế GTGT đầu ra,632-Giá vốn hàng bán,156-Hàng hóa
INV20260600779,JV20260600779,SO20260600779,2026-06-27,BD-TDM,NV025,Ví điện tử,KT-A1D1DD,Ấm siêu tốc,Sunhouse,Senko,1,1146759,0.15,974745,0.08,77979,1052724,771000,771000,203745,0.209,1052724,974745,77979,771000,771000,131-Phải thu khách hàng,511-Doanh thu bán hàng,3331-Thuế GTGT đầu ra,632-Giá vốn hàng bán,156-Hàng hóa
INV20260600780,JV20260600780,SO20260600780,2026-06-16,HN-HBT,NV030,Tiền mặt,VC-110A19,Máy hút bụi,Philips FC,Philips,1,7406784,0.1,6666105,0.08,533288,7199393,5260000,5260000,1406105,0.2109,7199393,6666105,533288,5260000,5260000,131-Phải thu khách hàng,511-Doanh thu bán hàng,3331-Thuế GTGT đầu ra,632-Giá vốn hàng bán,156-Hàng hóa
INV20260600781,JV20260600781,SO20260600781,2026-06-14,HCM-TB,NV006,Trả góp,BL-86D7E5,Máy xay,Philips Blender,Aqua,1,850135,0.04,816129,0.08,65290,881419,481000,481000,335129,0.4106,881419,816129,65290,481000,481000,131-Phải thu khách hàng,511-Doanh thu bán hàng,3331-Thuế GTGT đầu ra,632-Giá vốn hàng bán,156-Hàng hóa
INV20260600782,JV20260600782,SO20260600782,2026-06-23,HN-HBT,NV001,Thẻ,AC-8636EE,Máy lạnh,Casper 1HP,Sony,1,7459180,0.18,6116527,0.08,489322,6605849,5607000,5607000,509527,0.0833,6605849,6116527,489322,5607000,5607000,131-Phải thu khách hàng,511-Doanh thu bán hàng,3331-Thuế GTGT đầu ra,632-Giá vốn hàng bán,156-Hàng hóa
INV20260600783,JV20260600783,SO20260600783,2026-06-10,HCM-TB,NV009,Thẻ,FN-230559,Quạt,Asia,Sharp,2,663942,0.0,1327884,0.08,106230,1434114,452000,904000,423884,0.3192,1434114,1327884,106230,904000,904000,131-Phải thu khách hàng,511-Doanh thu bán hàng,3331-Thuế GTGT đầu ra,632-Giá vốn hàng bán,156-Hàng hóa
INV20260600784,JV20260600784,SO20260600784,2026-06-19,BD-TDM,NV010,Ví điện tử,KT-4F7F55,Ấm siêu tốc,Sunhouse,Electrolux,1,1326524,0.0,1326524,0.08,106121,1432645,933000,933000,393524,0.2967,1432645,1326524,106121,933000,933000,131-Phải thu khách hàng,511-Doanh thu bán hàng,3331-Thuế GTGT đầu ra,632-Giá vốn hàng bán,156-Hàng hóa
INV20260600785,JV20260600785,SO20260600785,2026-06-06,HCM-TB,NV018,Tiền mặt,AC-A7840C,Máy lạnh,Mitsubishi 1.5HP,Panasonic,1,19895876,0.2,15916700,0.08,1273336,17190036,14008000,14008000,1908700,0.1199,17190036,15916700,1273336,14008000,14008000,131-Phải thu khách hàng,511-Doanh thu bán hàng,3331-Thuế GTGT đầu ra,632-Giá vốn hàng bán,156-Hàng hóa
INV20260600786,JV20260600786,SO20260600786,2026-06-07,HN-HBT,NV002,Chuyển khoản,TV-3A3210,TV,LG OLED 48,Xiaomi,1,31535027,0.11,28066174,0.08,2245293,30311467,24867000,24867000,3199174,0.114,30311467,28066174,2245293,24867000,24867000,131-Phải thu khách hàng,511-Doanh thu bán hàng,3331-Thuế GTGT đầu ra,632-Giá vốn hàng bán,156-Hàng hóa
INV20260600787,JV20260600787,SO20260600787,2026-06-09,HN-CG,NV009,Ví điện tử,BL-E21F60,Máy xay,Philips Blender,Electrolux,1,1283189,0.17,1065046,0.08,85203,1150249,825000,825000,240046,0.2254,1150249,1065046,85203,825000,825000,131-Phải thu khách hàng,511-Doanh thu bán hàng,3331-Thuế GTGT đầu ra,632-Giá vốn hàng bán,156-Hàng hóa
INV20260600788,JV20260600788,SO20260600788,2026-06-23,HCM-Q7,NV026,Thẻ,MW-9A4EF9,Lò vi sóng,Panasonic 25L,Sharp,1,3918324,0.01,3879140,0.08,310331,4189471,2582000,2582000,1297140,0.3344,4189471,3879140,310331,2582000,2582000,131-Phải thu khách hàng,511-Doanh thu bán hàng,3331-Thuế GTGT đầu ra,632-Giá vốn hàng bán,156-Hàng hóa
INV20260600789,JV20260600789,SO20260600789,2026-06-16,HCM-Q7,NV015,Tiền mặt,BL-AB2BDE,Máy xay,Sunhouse Blender,Senko,3,2502740,0.14,6457069,0.08,516565,6973634,1551000,4653000,1804069,0.2794,6973634,6457069,516565,4653000,4653000,131-Phải thu khách hàng,511-Doanh thu bán hàng,3331-Thuế GTGT đầu ra,632-Giá vốn hàng bán,156-Hàng hóa
INV20260600790,JV20260600790,SO20260600790,2026-06-06,HN-CG,NV018,Trả góp,TV-BD30D1,TV,"TCL 50""",Asia,2,21194803,0.18,34759476,0.08,2780758,37540234,17852000,35704000,-944524,-0.0272,37540234,34759476,2780758,35704000,35704000,131-Phải thu khách hàng,511-Doanh thu bán hàng,3331-Thuế GTGT đầu ra,632-Giá vốn hàng bán,156-Hàng hóa
INV20260600791,JV20260600791,SO20260600791,2026-06-05,HN-HBT,NV019,Trả góp,KT-697052,Ấm siêu tốc,Sunhouse,Samsung,3,1368962,0.16,3449784,0.08,275982,3725766,786000,2358000,1091784,0.3165,3725766,3449784,275982,2358000,2358000,131-Phải thu khách hàng,511-Doanh thu bán hàng,3331-Thuế GTGT đầu ra,632-Giá vốn hàng bán,156-Hàng hóa
INV20260600792,JV20260600792,SO20260600792,2026-06-14,HN-CG,NV024,Chuyển khoản,VC-A1C900,Máy hút bụi,Philips FC,Xiaomi,2,11992628,0.02,23505550,0.08,1880444,25385994,8759000,17518000,5987550,0.2547,25385994,23505550,1880444,17518000,17518000,131-Phải thu khách hàng,511-Doanh thu bán hàng,3331-Thuế GTGT đầu ra,632-Giá vốn hàng bán,156-Hàng hóa
INV20260600793,JV20260600793,SO20260600793,2026-06-17,DN-HC,NV001,Thẻ,RF-6FD99B,Tủ lạnh,Panasonic 300L,Casper,1,5467513,0.15,4647386,0.08,371790,5019176,4628000,4628000,19386,0.0042,5019176,4647386,371790,4628000,4628000,131-Phải thu khách hàng,511-Doanh thu bán hàng,3331-Thuế GTGT đầu ra,632-Giá vốn hàng bán,156-Hàng hóa
INV20260600794,JV20260600794,SO20260600794,2026-06-16,HN-CG,NV021,Chuyển khoản,BL-E1AB41,Máy xay,Sunhouse Blender,Casper,1,2051762,0.11,1826068,0.08,146085,1972153,1184000,1184000,642068,0.3516,1972153,1826068,146085,1184000,1184000,131-Phải thu khách hàng,511-Doanh thu bán hàng,3331-Thuế GTGT đầu ra,632-Giá vốn hàng bán,156-Hàng hóa
INV20260600795,JV20260600795,SO20260600795,2026-06-17,HCM-Q1,NV024,Chuyển khoản,RF-8A361D,Tủ lạnh,Aqua 250L,Sharp,3,11955462,0.12,31562419,0.08,2524993,34087412,9056000,27168000,4394419,0.1392,34087412,31562419,2524993,27168000,27168000,131-Phải thu khách hàng,511-Doanh thu bán hàng,3331-Thuế GTGT đầu ra,632-Giá vốn hàng bán,156-Hàng hóa
INV20260600796,JV20260600796,SO20260600796,2026-06-15,HN-HBT,NV007,Thẻ,FN-5AA0F8,Quạt,Senko,Cuckoo,3,1054910,0.12,2784962,0.08,222796,3007758,670000,2010000,774962,0.2783,3007758,2784962,222796,2010000,2010000,131-Phải thu khách hàng,511-Doanh thu bán hàng,3331-Thuế GTGT đầu ra,632-Giá vốn hàng bán,156-Hàng hóa
INV20260600797,JV20260600797,SO20260600797,2026-06-25,DN-HC,NV010,Trả góp,KT-A1D1DD,Ấm siêu tốc,Sunhouse,Senko,1,1136454,0.08,1045537,0.08,83642,1129179,746000,746000,299537,0.2865,1129179,1045537,83642,746000,746000,131-Phải thu khách hàng,511-Doanh thu bán hàng,3331-Thuế GTGT đầu ra,632-Giá vốn hàng bán,156-Hàng hóa
INV20260600798,JV20260600798,SO20260600798,2026-06-27,HN-CG,NV006,Tiền mặt,VC-8877C5,Máy hút bụi,Philips FC,Daikin,1,3162923,0.05,3004776,0.08,240382,3245158,2125000,2125000,879776,0.2928,3245158,3004776,240382,2125000,2125000,131-Phải thu khách hàng,511-Doanh thu bán hàng,3331-Thuế GTGT đầu ra,632-Giá vốn hàng bán,156-Hàng hóa
INV20260600799,JV20260600799,SO20260600799,2026-06-06,HCM-TB,NV011,Tiền mặt,WM-233DAD,Máy giặt,LG 9kg,Toshiba,2,9848780,0.14,16939901,0.08,1355192,18295093,8107000,16214000,725901,0.0429,18295093,16939901,1355192,16214000,16214000,131-Phải thu khách hàng,511-Doanh thu bán hàng,3331-Thuế GTGT đầu ra,632-Giá vốn hàng bán,156-Hàng hóa
INV20260600800,JV20260600800,SO20260600800,2026-06-06,BD-TDM,NV003,Chuyển khoản,VC-BEE8C8,Máy hút bụi,Xiaomi G10,Asia,1,11192100,0.02,10968258,0.08,877460,11845718,8671000,8671000,2297258,0.2094,11845718,10968258,877460,8671000,8671000,131-Phải thu khách hàng,511-Doanh thu bán hàng,3331-Thuế GTGT đầu ra,632-Giá vốn hàng bán,156-Hàng hóa
INV20260600801,JV20260600801,SO20260600801,2026-06-10,HCM-Q1,NV026,Tiền mặt,WM-B4B226,Máy giặt,Samsung 10kg,Electrolux,1,9638229,0.11,8578023,0.08,686241,9264264,7796000,7796000,782023,0.0912,9264264,8578023,686241,7796000,7796000,131-Phải thu khách hàng,511-Doanh thu bán hàng,3331-Thuế GTGT đầu ra,632-Giá vốn hàng bán,156-Hàng hóa
INV20260600802,JV20260600802,SO20260600802,2026-06-18,HCM-TB,NV012,Thẻ,RF-F64CD4,Tủ lạnh,Samsung Inverter 350L,Casper,1,18586767,0.03,18029163,0.08,1442333,19471496,14678000,14678000,3351163,0.1859,19471496,18029163,1442333,14678000,14678000,131-Phải thu khách hàng,511-Doanh thu bán hàng,3331-Thuế GTGT đầu ra,632-Giá vốn hàng bán,156-Hàng hóa
INV20260600803,JV20260600803,SO20260600803,2026-06-30,HCM-Q1,NV009,Tiền mặt,TV-A7F7B3,TV,"Sony 65""",Senko,3,29186894,0.06,82307041,0.08,6584563,88891604,24276000,72828000,9479041,0.1152,88891604,82307041,6584563,72828000,72828000,131-Phải thu khách hàng,511-Doanh thu bán hàng,3331-Thuế GTGT đầu ra,632-Giá vốn hàng bán,156-Hàng hóa
INV20260600804,JV20260600804,SO20260600804,2026-06-05,HN-HBT,NV023,Tiền mặt,AC-EA5153,Máy lạnh,Casper 1HP,Sunhouse,2,10708046,0.2,17132873,0.08,1370629,18503502,8196000,16392000,740873,0.0432,18503502,17132873,1370629,16392000,16392000,131-Phải thu khách hàng,511-Doanh thu bán hàng,3331-Thuế GTGT đầu ra,632-Giá vốn hàng bán,156-Hàng hóa
INV20260600805,JV20260600805,SO20260600805,2026-06-25,BD-TDM,NV022,Ví điện tử,RF-BFD1C6,Tủ lạnh,Aqua 250L,Electrolux,3,21412803,0.04,61668872,0.08,4933509,66602381,18219000,54657000,7011872,0.1137,66602381,61668872,4933509,54657000,54657000,131-Phải thu khách hàng,511-Doanh thu bán hàng,3331-Thuế GTGT đầu ra,632-Giá vốn hàng bán,156-Hàng hóa
INV20260600806,JV20260600806,SO20260600806,2026-06-03,HCM-Q1,NV026,Thẻ,AC-4E849A,Máy lạnh,Daikin 1HP,Philips,2,12581902,0.17,20885957,0.08,1670876,22556833,9558000,19116000,1769957,0.0847,22556833,20885957,1670876,19116000,19116000,131-Phải thu khách hàng,511-Doanh thu bán hàng,3331-Thuế GTGT đầu ra,632-Giá vốn hàng bán,156-Hàng hóa
INV20260600807,JV20260600807,SO20260600807,2026-06-12,BD-TDM,NV004,Tiền mặt,TV-7D99ED,TV,"Sony 65""",Philips,2,19873285,0.03,38554172,0.08,3084333,41638505,15932000,31864000,6690172,0.1735,41638505,38554172,3084333,31864000,31864000,131-Phải thu khách hàng,511-Doanh thu bán hàng,3331-Thuế GTGT đầu ra,632-Giá vốn hàng bán,156-Hàng hóa
INV20260600808,JV20260600808,SO20260600808,2026-06-30,DN-HC,NV030,Thẻ,AC-F32BBC,Máy lạnh,Mitsubishi 1.5HP,Mitsubishi,3,21322953,0.14,55013218,0.08,4401057,59414275,15913000,47739000,7274218,0.1322,59414275,55013218,4401057,47739000,47739000,131-Phải thu khách hàng,511-Doanh thu bán hàng,3331-Thuế GTGT đầu ra,632-Giá vốn hàng bán,156-Hàng hóa
INV20260600809,JV20260600809,SO20260600809,2026-06-07,HCM-TB,NV007,Ví điện tử,RC-666E15,Nồi cơm,Sunhouse 1.2L,Panasonic,2,899838,0.03,1745685,0.08,139654,1885339,543000,1086000,659685,0.3779,1885339,1745685,139654,1086000,1086000,131-Phải thu khách hàng,511-Doanh thu bán hàng,3331-Thuế GTGT đầu ra,632-Giá vốn hàng bán,156-Hàng hóa
INV20260600810,JV20260600810,SO20260600810,2026-06-07,CT-NK,NV028,Thẻ,KT-10A77D,Ấm siêu tốc,Philips,Philips,2,470860,0.19,762793,0.08,61023,823816,325000,650000,112793,0.1479,823816,762793,61023,650000,650000,131-Phải thu khách hàng,511-Doanh thu bán hàng,3331-Thuế GTGT đầu ra,632-Giá vốn hàng bán,156-Hàng hóa
INV20260600811,JV20260600811,SO20260600811,2026-06-05,HCM-Q7,NV019,Chuyển khoản,RC-A4D4BD,Nồi cơm,Sunhouse 1.2L,Cuckoo,2,1378001,0.13,2397721,0.08,191817,2589538,859000,1718000,679721,0.2835,2589538,2397721,191817,1718000,1718000,131-Phải thu khách hàng,511-Doanh thu bán hàng,3331-Thuế GTGT đầu ra,632-Giá vốn hàng bán,156-Hàng hóa
INV20260600812,JV20260600812,SO20260600812,2026-06-17,HN-HBT,NV003,Trả góp,AC-A7840C,Máy lạnh,Mitsubishi 1.5HP,Panasonic,1,13479419,0.12,11861888,0.08,948951,12810839,11253000,11253000,608888,0.0513,12810839,11861888,948951,11253000,11253000,131-Phải thu khách hàng,511-Doanh thu bán hàng,3331-Thuế GTGT đầu ra,632-Giá vốn hàng bán,156-Hàng hóa
INV20260600813,JV20260600813,SO20260600813,2026-06-09,HN-HBT,NV024,Chuyển khoản,FN-EEAA84,Quạt,Asia,Toshiba,2,712870,0.09,1297423,0.08,103793,1401216,410000,820000,477423,0.368,1401216,1297423,103793,820000,820000,131-Phải thu khách hàng,511-Doanh thu bán hàng,3331-Thuế GTGT đầu ra,632-Giá vốn hàng bán,156-Hàng hóa
INV20260600814,JV20260600814,SO20260600814,2026-06-02,HN-CG,NV025,Thẻ,TV-888A32,TV,"TCL 50""",Mitsubishi,1,16007457,0.13,13926487,0.08,1114118,15040605,13899000,13899000,27487,0.002,15040605,13926487,1114118,13899000,13899000,131-Phải thu khách hàng,511-Doanh thu bán hàng,3331-Thuế GTGT đầu ra,632-Giá vốn hàng bán,156-Hàng hóa
INV20260600815,JV20260600815,SO20260600815,2026-06-16,DN-HC,NV003,Tiền mặt,FN-A270E1,Quạt,Asia,Sony,1,918202,0.19,743743,0.08,59499,803242,530000,530000,213743,0.2874,803242,743743,59499,530000,530000,131-Phải thu khách hàng,511-Doanh thu bán hàng,3331-Thuế GTGT đầu ra,632-Giá vốn hàng bán,156-Hàng hóa
INV20260600816,JV20260600816,SO20260600816,2026-06-27,BD-TDM,NV024,Thẻ,RF-40AAB7,Tủ lạnh,Samsung Inverter 350L,Electrolux,3,11657380,0.09,31824647,0.08,2545971,34370618,9174000,27522000,4302647,0.1352,34370618,31824647,2545971,27522000,27522000,131-Phải thu khách hàng,511-Doanh thu bán hàng,3331-Thuế GTGT đầu ra,632-Giá vốn hàng bán,156-Hàng hóa
INV20260600817,JV20260600817,SO20260600817,2026-06-14,HCM-Q1,NV029,Trả góp,TV-DCF290,TV,"Sony 65""",Sony,2,7566060,0.05,14375514,0.08,1150041,15525555,6251000,12502000,1873514,0.1303,15525555,14375514,1150041,12502000,12502000,131-Phải thu khách hàng,511-Doanh thu bán hàng,3331-Thuế GTGT đầu ra,632-Giá vốn hàng bán,156-Hàng hóa
INV20260600818,JV20260600818,SO20260600818,2026-06-06,HCM-TB,NV014,Tiền mặt,VC-4F893C,Máy hút bụi,Dyson V8,Daikin,1,11298367,0.07,10507481,0.08,840598,11348079,7484000,7484000,3023481,0.2877,11348079,10507481,840598,7484000,7484000,131-Phải thu khách hàng,511-Doanh thu bán hàng,3331-Thuế GTGT đầu ra,632-Giá vốn hàng bán,156-Hàng hóa
INV20260600819,JV20260600819,SO20260600819,2026-06-27,DN-HC,NV006,Thẻ,VC-A60FBD,Máy hút bụi,Philips FC,Asia,2,10167632,0.16,17081621,0.08,1366529,18448150,7347000,14694000,2387621,0.1398,18448150,17081621,1366529,14694000,14694000,131-Phải thu khách hàng,511-Doanh thu bán hàng,3331-Thuế GTGT đầu ra,632-Giá vốn hàng bán,156-Hàng hóa
INV20260600820,JV20260600820,SO20260600820,2026-06-26,HN-HBT,NV009,Ví điện tử,BL-E1AB41,Máy xay,Sunhouse Blender,Casper,3,2784905,0.03,8104073,0.08,648325,8752398,1560000,4680000,3424073,0.4225,8752398,8104073,648325,4680000,4680000,131-Phải thu khách hàng,511-Doanh thu bán hàng,3331-Thuế GTGT đầu ra,632-Giá vốn hàng bán,156-Hàng hóa
INV20260600821,JV20260600821,SO20260600821,2026-06-06,HN-HBT,NV022,Trả góp,RC-DDFD41,Nồi cơm,Cuckoo 1.8L,Casper,3,1869547,0.17,4655172,0.08,372413,5027585,1100000,3300000,1355172,0.2911,5027585,4655172,372413,3300000,3300000,131-Phải thu khách hàng,511-Doanh thu bán hàng,3331-Thuế GTGT đầu ra,632-Giá vốn hàng bán,156-Hàng hóa
INV20260600822,JV20260600822,SO20260600822,2026-06-01,BD-TDM,NV026,Chuyển khoản,RF-0C269E,Tủ lạnh,Panasonic 300L,Philips,3,9682961,0.2,23239106,0.08,1859128,25098234,7489000,22467000,772106,0.0332,25098234,23239106,1859128,22467000,22467000,131-Phải thu khách hàng,511-Doanh thu bán hàng,3331-Thuế GTGT đầu ra,632-Giá vốn hàng bán,156-Hàng hóa
INV20260600823,JV20260600823,SO20260600823,2026-06-22,BD-TDM,NV028,Trả góp,VC-3898BC,Máy hút bụi,Xiaomi G10,Toshiba,3,4592678,0.04,13226912,0.08,1058152,14285064,2801000,8403000,4823912,0.3647,14285064,13226912,1058152,8403000,8403000,131-Phải thu khách hàng,511-Doanh thu bán hàng,3331-Thuế GTGT đầu ra,632-Giá vốn hàng bán,156-Hàng hóa
INV20260600824,JV20260600824,SO20260600824,2026-06-10,HN-CG,NV015,Tiền mặt,WM-4EAB5C,Máy giặt,Samsung 10kg,LG,3,9165972,0.13,23923186,0.08,1913854,25837040,6883000,20649000,3274186,0.1369,25837040,23923186,1913854,20649000,20649000,131-Phải thu khách hàng,511-Doanh thu bán hàng,3331-Thuế GTGT đầu ra,632-Giá vốn hàng bán,156-Hàng hóa
INV20260600825,JV20260600825,SO20260600825,2026-06-16,DN-HC,NV014,Ví điện tử,BL-2DE930,Máy xay,Sunhouse Blender,Toshiba,3,2399220,0.09,6549870,0.08,523989,7073859,1771000,5313000,1236870,0.1888,7073859,6549870,523989,5313000,5313000,131-Phải thu khách hàng,511-Doanh thu bán hàng,3331-Thuế GTGT đầu ra,632-Giá vốn hàng bán,156-Hàng hóa
INV20260600826,JV20260600826,SO20260600826,2026-06-30,HCM-Q1,NV007,Trả góp,VC-D86280,Máy hút bụi,Philips FC,Mitsubishi,1,8844176,0.14,7605991,0.08,608479,8214470,6656000,6656000,949991,0.1249,8214470,7605991,608479,6656000,6656000,131-Phải thu khách hàng,511-Doanh thu bán hàng,3331-Thuế GTGT đầu ra,632-Giá vốn hàng bán,156-Hàng hóa
INV20260600827,JV20260600827,SO20260600827,2026-06-18,HCM-Q7,NV010,Trả góp,VC-852D6B,Máy hút bụi,Philips FC,Sunhouse,3,8882058,0.01,26379712,0.08,2110376,28490088,5439000,16317000,10062712,0.3815,28490088,26379712,2110376,16317000,16317000,131-Phải thu khách hàng,511-Doanh thu bán hàng,3331-Thuế GTGT đầu ra,632-Giá vốn hàng bán,156-Hàng hóa
INV20260600828,JV20260600828,SO20260600828,2026-06-24,CT-NK,NV011,Thẻ,TV-7BABFF,TV,"Sony 65""",Aqua,3,15711456,0.12,41478243,0.08,3318259,44796502,13547000,40641000,837243,0.0202,44796502,41478243,3318259,40641000,40641000,131-Phải thu khách hàng,511-Doanh thu bán hàng,3331-Thuế GTGT đầu ra,632-Giá vốn hàng bán,156-Hàng hóa
INV20260600829,JV20260600829,SO20260600829,2026-06-27,HN-HBT,NV001,Tiền mặt,WM-4F93AF,Máy giặt,LG 9kg,Sunhouse,1,7469901,0.2,5975920,0.08,478073,6453993,6052000,6052000,-76080,-0.0127,6453993,5975920,478073,6052000,6052000,131-Phải thu khách hàng,511-Doanh thu bán hàng,3331-Thuế GTGT đầu ra,632-Giá vốn hàng bán,156-Hàng hóa
INV20260600830,JV20260600830,SO20260600830,2026-06-26,HN-CG,NV017,Ví điện tử,AC-48B1DF,Máy lạnh,Panasonic 1.5HP,Senko,2,12700797,0.08,23369466,0.08,1869557,25239023,9987000,19974000,3395466,0.1453,25239023,23369466,1869557,19974000,19974000,131-Phải thu khách hàng,511-Doanh thu bán hàng,3331-Thuế GTGT đầu ra,632-Giá vốn hàng bán,156-Hàng hóa
INV20260600831,JV20260600831,SO20260600831,2026-06-17,HN-CG,NV024,Thẻ,VC-4BDADC,Máy hút bụi,Philips FC,Electrolux,1,4048383,0.1,3643544,0.08,291483,3935027,3062000,3062000,581544,0.1596,3935027,3643544,291483,3062000,3062000,131-Phải thu khách hàng,511-Doanh thu bán hàng,3331-Thuế GTGT đầu ra,632-Giá vốn hàng bán,156-Hàng hóa
INV20260600832,JV20260600832,SO20260600832,2026-06-30,HCM-TB,NV027,Chuyển khoản,RC-7580B4,Nồi cơm,Panasonic 1.8L,Panasonic,3,3879575,0.07,10824014,0.08,865921,11689935,2879000,8637000,2187014,0.2021,11689935,10824014,865921,8637000,8637000,131-Phải thu khách hàng,511-Doanh thu bán hàng,3331-Thuế GTGT đầu ra,632-Giá vốn hàng bán,156-Hàng hóa
INV20260600833,JV20260600833,SO20260600833,2026-06-17,HCM-TB,NV029,Tiền mặt,RC-588B19,Nồi cơm,Sunhouse 1.2L,Electrolux,1,1067257,0.1,960531,0.08,76842,1037373,808000,808000,152531,0.1588,1037373,960531,76842,808000,808000,131-Phải thu khách hàng,511-Doanh thu bán hàng,3331-Thuế GTGT đầu ra,632-Giá vốn hàng bán,156-Hàng hóa
INV20260600834,JV20260600834,SO20260600834,2026-06-28,DN-HC,NV026,Trả góp,WM-15F54A,Máy giặt,LG 9kg,Sharp,2,10922477,0.05,20752706,0.08,1660216,22412922,9122000,18244000,2508706,0.1209,22412922,20752706,1660216,18244000,18244000,131-Phải thu khách hàng,511-Doanh thu bán hàng,3331-Thuế GTGT đầu ra,632-Giá vốn hàng bán,156-Hàng hóa
INV20260600835,JV20260600835,SO20260600835,2026-06-03,HN-CG,NV024,Trả góp,WM-AF4A41,Máy giặt,Toshiba 9kg,Asia,3,16971688,0.05,48369310,0.08,3869544,52238854,13921000,41763000,6606310,0.1366,52238854,48369310,3869544,41763000,41763000,131-Phải thu khách hàng,511-Doanh thu bán hàng,3331-Thuế GTGT đầu ra,632-Giá vốn hàng bán,156-Hàng hóa
INV20260600836,JV20260600836,SO20260600836,2026-06-30,HN-HBT,NV024,Thẻ,RC-FA47F8,Nồi cơm,Cuckoo 1.8L,Aqua,3,3418475,0.05,9742653,0.08,779412,10522065,2448000,7344000,2398653,0.2462,10522065,9742653,779412,7344000,7344000,131-Phải thu khách hàng,511-Doanh thu bán hàng,3331-Thuế GTGT đầu ra,632-Giá vốn hàng bán,156-Hàng hóa
INV20260600837,JV20260600837,SO20260600837,2026-06-23,HCM-Q1,NV022,Chuyển khoản,KT-081E4B,Ấm siêu tốc,Kangaroo,Xiaomi,2,1419612,0.02,2782439,0.08,222595,3005034,752000,1504000,1278439,0.4595,3005034,2782439,222595,1504000,1504000,131-Phải thu khách hàng,511-Doanh thu bán hàng,3331-Thuế GTGT đầu ra,632-Giá vốn hàng bán,156-Hàng hóa
INV20260600838,JV20260600838,SO20260600838,2026-06-08,HN-CG,NV009,Thẻ,MW-5F52F7,Lò vi sóng,Sharp 20L,Toshiba,2,4633024,0.07,8617424,0.08,689393,9306817,3234000,6468000,2149424,0.2494,9306817,8617424,689393,6468000,6468000,131-Phải thu khách hàng,511-Doanh thu bán hàng,3331-Thuế GTGT đầu ra,632-Giá vốn hàng bán,156-Hàng hóa
INV20260600839,JV20260600839,SO20260600839,2026-06-20,BD-TDM,NV012,Trả góp,WM-B368C2,Máy giặt,Samsung 10kg,Casper,2,5373732,0.02,10532514,0.08,842601,11375115,4528000,9056000,1476514,0.1402,11375115,10532514,842601,9056000,9056000,131-Phải thu khách hàng,511-Doanh thu bán hàng,3331-Thuế GTGT đầu ra,632-Giá vốn hàng bán,156-Hàng hóa
INV20260600840,JV20260600840,SO20260600840,2026-06-05,HCM-TB,NV023,Thẻ,RF-CAB84B,Tủ lạnh,Samsung Inverter 350L,Senko,1,18598576,0.18,15250832,0.08,1220066,16470898,15709000,15709000,-458168,-0.03,16470898,15250832,1220066,15709000,15709000,131-Phải thu khách hàng,511-Doanh thu bán hàng,3331-Thuế GTGT đầu ra,632-Giá vốn hàng bán,156-Hàng hóa
INV20260600841,JV20260600841,SO20260600841,2026-06-08,HN-HBT,NV025,Tiền mặt,RC-D3B39E,Nồi cơm,Sharp 1.8L,Sony,3,3018467,0.18,7425428,0.08,594034,8019462,2262000,6786000,639428,0.0861,8019462,7425428,594034,6786000,6786000,131-Phải thu khách hàng,511-Doanh thu bán hàng,3331-Thuế GTGT đầu ra,632-Giá vốn hàng bán,156-Hàng hóa
INV20260600842,JV20260600842,SO20260600842,2026-06-07,HCM-TB,NV003,Chuyển khoản,MW-2091D9,Lò vi sóng,Electrolux 23L,Sharp,3,3901618,0.07,10885514,0.08,870841,11756355,2713000,8139000,2746514,0.2523,11756355,10885514,870841,8139000,8139000,131-Phải thu khách hàng,511-Doanh thu bán hàng,3331-Thuế GTGT đầu ra,632-Giá vốn hàng bán,156-Hàng hóa
INV20260600843,JV20260600843,SO20260600843,2026-06-08,HCM-Q1,NV015,Ví điện tử,MW-F8E59D,Lò vi sóng,Sharp 20L,Sharp,2,3193635,0.09,5812415,0.08,464993,6277408,2479000,4958000,854415,0.147,6277408,5812415,464993,4958000,4958000,131-Phải thu khách hàng,511-Doanh thu bán hàng,3331-Thuế GTGT đầu ra,632-Giá vốn hàng bán,156-Hàng hóa
INV20260600844,JV20260600844,SO20260600844,2026-06-20,HCM-Q7,NV024,Ví điện tử,KT-60A177,Ấm siêu tốc,Kangaroo,Cuckoo,2,1284309,0.04,2465873,0.08,197269,2663142,919000,1838000,627873,0.2546,2663142,2465873,197269,1838000,1838000,131-Phải thu khách hàng,511-Doanh thu bán hàng,3331-Thuế GTGT đầu ra,632-Giá vốn hàng bán,156-Hàng hóa
INV20260600845,JV20260600845,SO20260600845,2026-06-25,HCM-Q1,NV025,Thẻ,WM-EE77C3,Máy giặt,Toshiba 9kg,Panasonic,2,13353311,0.16,22433562,0.08,1794684,24228246,10799000,21598000,835562,0.0372,24228246,22433562,1794684,21598000,21598000,131-Phải thu khách hàng,511-Doanh thu bán hàng,3331-Thuế GTGT đầu ra,632-Giá vốn hàng bán,156-Hàng hóa
INV20260600846,JV20260600846,SO20260600846,2026-06-30,HCM-Q1,NV005,Tiền mặt,BL-9D0A0A,Máy xay,Sunhouse Blender,Cuckoo,2,559401,0.17,928605,0.08,74288,1002893,371000,742000,186605,0.201,1002893,928605,74288,742000,742000,131-Phải thu khách hàng,511-Doanh thu bán hàng,3331-Thuế GTGT đầu ra,632-Giá vốn hàng bán,156-Hàng hóa
INV20260600847,JV20260600847,SO20260600847,2026-06-20,HCM-Q7,NV026,Trả góp,TV-751610,TV,"TCL 50""",Daikin,2,15264352,0.04,29307555,0.08,2344604,31652159,11787000,23574000,5733555,0.1956,31652159,29307555,2344604,23574000,23574000,131-Phải thu khách hàng,511-Doanh thu bán hàng,3331-Thuế GTGT đầu ra,632-Giá vốn hàng bán,156-Hàng hóa
INV20260600848,JV20260600848,SO20260600848,2026-06-09,HN-HBT,NV017,Ví điện tử,RF-681BCC,Tủ lạnh,LG 420L,Samsung,1,23467150,0.14,20181749,0.08,1614539,21796288,17379000,17379000,2802749,0.1389,21796288,20181749,1614539,17379000,17379000,131-Phải thu khách hàng,511-Doanh thu bán hàng,3331-Thuế GTGT đầu ra,632-Giá vốn hàng bán,156-Hàng hóa
INV20260600849,JV20260600849,SO20260600849,2026-06-05,CT-NK,NV012,Tiền mặt,KT-9BE99C,Ấm siêu tốc,Philips,Panasonic,1,951151,0.01,941639,0.08,75331,1016970,632000,632000,309639,0.3288,1016970,941639,75331,632000,632000,131-Phải thu khách hàng,511-Doanh thu bán hàng,3331-Thuế GTGT đầu ra,632-Giá vốn hàng bán,156-Hàng hóa
INV20260600850,JV20260600850,SO20260600850,2026-06-28,HN-HBT,NV026,Thẻ,TV-DE1879,TV,"Samsung 55"" 4K",Asia,1,32198283,0.06,30266386,0.08,2421310,32687696,25480000,25480000,4786386,0.1581,32687696,30266386,2421310,25480000,25480000,131-Phải thu khách hàng,511-Doanh thu bán hàng,3331-Thuế GTGT đầu ra,632-Giá vốn hàng bán,156-Hàng hóa
INV20260600851,JV20260600851,SO20260600851,2026-06-08,CT-NK,NV002,Chuyển khoản,FN-B2666C,Quạt,Panasonic,Daikin,3,758550,0.18,1866033,0.08,149282,2015315,552000,1656000,210033,0.1126,2015315,1866033,149282,1656000,1656000,131-Phải thu khách hàng,511-Doanh thu bán hàng,3331-Thuế GTGT đầu ra,632-Giá vốn hàng bán,156-Hàng hóa
INV20260600852,JV20260600852,SO20260600852,2026-06-16,HN-HBT,NV030,Chuyển khoản,WM-345051,Máy giặt,LG 9kg,Senko,2,15508215,0.1,27914787,0.08,2233182,30147969,11841000,23682000,4232787,0.1516,30147969,27914787,2233182,23682000,23682000,131-Phải thu khách hàng,511-Doanh thu bán hàng,3331-Thuế GTGT đầu ra,632-Giá vốn hàng bán,156-Hàng hóa
INV20260600853,JV20260600853,SO20260600853,2026-06-11,HCM-TB,NV001,Tiền mặt,VC-7AF11E,Máy hút bụi,Philips FC,Panasonic,1,4855334,0.1,4369800,0.08,349584,4719384,3604000,3604000,765800,0.1752,4719384,4369800,349584,3604000,3604000,131-Phải thu khách hàng,511-Doanh thu bán hàng,3331-Thuế GTGT đầu ra,632-Giá vốn hàng bán,156-Hàng hóa
INV20260600854,JV20260600854,SO20260600854,2026-06-17,HCM-Q1,NV020,Thẻ,FN-04019E,Quạt,Senko,Philips,1,1782117,0.08,1639547,0.08,131163,1770710,1214000,1214000,425547,0.2596,1770710,1639547,131163,1214000,1214000,131-Phải thu khách hàng,511-Doanh thu bán hàng,3331-Thuế GTGT đầu ra,632-Giá vốn hàng bán,156-Hàng hóa
INV20260600855,JV20260600855,SO20260600855,2026-06-29,CT-NK,NV004,Thẻ,AC-1FFCA0,Máy lạnh,Mitsubishi 1.5HP,Asia,1,9023770,0.09,8211630,0.08,656930,8868560,6660000,6660000,1551630,0.189,8868560,8211630,656930,6660000,6660000,131-Phải thu khách hàng,511-Doanh thu bán hàng,3331-Thuế GTGT đầu ra,632-Giá vốn hàng bán,156-Hàng hóa
INV20260600856,JV20260600856,SO20260600856,2026-06-10,HN-CG,NV022,Trả góp,TV-6CC437,TV,"TCL 50""",Samsung,3,26329372,0.1,71089304,0.08,5687144,76776448,21655000,64965000,6124304,0.0861,76776448,71089304,5687144,64965000,64965000,131-Phải thu khách hàng,511-Doanh thu bán hàng,3331-Thuế GTGT đầu ra,632-Giá vốn hàng bán,156-Hàng hóa
INV20260600857,JV20260600857,SO20260600857,2026-06-20,CT-NK,NV030,Chuyển khoản,RF-577C9B,Tủ lạnh,Panasonic 300L,LG,1,15985782,0.17,13268199,0.08,1061455,14329654,12850000,12850000,418199,0.0315,14329654,13268199,1061455,12850000,12850000,131-Phải thu khách hàng,511-Doanh thu bán hàng,3331-Thuế GTGT đầu ra,632-Giá vốn hàng bán,156-Hàng hóa
INV20260600858,JV20260600858,SO20260600858,2026-06-21,CT-NK,NV001,Trả góp,KT-9065A4,Ấm siêu tốc,Philips,Mitsubishi,1,486084,0.1,437475,0.08,34998,472473,307000,307000,130475,0.2982,472473,437475,34998,307000,307000,131-Phải thu khách hàng,511-Doanh thu bán hàng,3331-Thuế GTGT đầu ra,632-Giá vốn hàng bán,156-Hàng hóa
INV20260600859,JV20260600859,SO20260600859,2026-06-06,BD-TDM,NV009,Trả góp,AC-FFF461,Máy lạnh,Mitsubishi 1.5HP,LG,2,12160853,0.03,23592054,0.08,1887364,25479418,9497000,18994000,4598054,0.1949,25479418,23592054,1887364,18994000,18994000,131-Phải thu khách hàng,511-Doanh thu bán hàng,3331-Thuế GTGT đầu ra,632-Giá vốn hàng bán,156-Hàng hóa
INV20260600860,JV20260600860,SO20260600860,2026-06-10,HN-CG,NV015,Tiền mặt,AC-4EC148,Máy lạnh,Mitsubishi 1.5HP,Toshiba,2,17020431,0.1,30636775,0.08,2450942,33087717,13387000,26774000,3862775,0.1261,33087717,30636775,2450942,26774000,26774000,131-Phải thu khách hàng,511-Doanh thu bán hàng,3331-Thuế GTGT đầu ra,632-Giá vốn hàng bán,156-Hàng hóa
INV20260600861,JV20260600861,SO20260600861,2026-06-21,HN-CG,NV019,Thẻ,RF-8A361D,Tủ lạnh,Aqua 250L,Sharp,3,21223023,0.13,55392090,0.08,4431367,59823457,18177000,54531000,861090,0.0155,59823457,55392090,4431367,54531000,54531000,131-Phải thu khách hàng,511-Doanh thu bán hàng,3331-Thuế GTGT đầu ra,632-Giá vốn hàng bán,156-Hàng hóa
INV20260600862,JV20260600862,SO20260600862,2026-06-01,HCM-Q7,NV013,Chuyển khoản,TV-3277C5,TV,"TCL 50""",Cuckoo,1,9572801,0.15,8136880,0.08,650950,8787830,8089000,8089000,47880,0.0059,8787830,8136880,650950,8089000,8089000,131-Phải thu khách hàng,511-Doanh thu bán hàng,3331-Thuế GTGT đầu ra,632-Giá vốn hàng bán,156-Hàng hóa
INV20260600863,JV20260600863,SO20260600863,2026-06-08,BD-TDM,NV020,Thẻ,TV-6CC437,TV,"TCL 50""",Samsung,3,20137376,0.11,53766793,0.08,4301343,58068136,17234000,51702000,2064793,0.0384,58068136,53766793,4301343,51702000,51702000,131-Phải thu khách hàng,511-Doanh thu bán hàng,3331-Thuế GTGT đầu ra,632-Giá vốn hàng bán,156-Hàng hóa
INV20260600864,JV20260600864,SO20260600864,2026-06-22,HN-CG,NV017,Thẻ,WM-0EC5E7,Máy giặt,Toshiba 9kg,Sony,1,12341567,0.01,12218151,0.08,977452,13195603,9239000,9239000,2979151,0.2438,13195603,12218151,977452,9239000,9239000,131-Phải thu khách hàng,511-Doanh thu bán hàng,3331-Thuế GTGT đầu ra,632-Giá vốn hàng bán,156-Hàng hóa
INV20260600865,JV20260600865,SO20260600865,2026-06-07,HN-CG,NV012,Ví điện tử,VC-DD459E,Máy hút bụi,Dyson V8,Asia,2,10888934,0.15,18511187,0.08,1480894,19992081,7812000,15624000,2887187,0.156,19992081,18511187,1480894,15624000,15624000,131-Phải thu khách hàng,511-Doanh thu bán hàng,3331-Thuế GTGT đầu ra,632-Giá vốn hàng bán,156-Hàng hóa
INV20260600866,JV20260600866,SO20260600866,2026-06-25,HCM-TB,NV028,Ví điện tử,TV-12CDFD,TV,"Samsung 55"" 4K",Sunhouse,3,14753329,0.04,42489587,0.08,3399166,45888753,12446000,37338000,5151587,0.1212,45888753,42489587,3399166,37338000,37338000,131-Phải thu khách hàng,511-Doanh thu bán hàng,3331-Thuế GTGT đầu ra,632-Giá vốn hàng bán,156-Hàng hóa
INV20260600867,JV20260600867,SO20260600867,2026-06-02,HN-CG,NV030,Thẻ,BL-848064,Máy xay,Sunhouse Blender,Xiaomi,1,1655117,0.15,1406849,0.08,112547,1519396,1170000,1170000,236849,0.1684,1519396,1406849,112547,1170000,1170000,131-Phải thu khách hàng,511-Doanh thu bán hàng,3331-Thuế GTGT đầu ra,632-Giá vốn hàng bán,156-Hàng hóa
INV20260600868,JV20260600868,SO20260600868,2026-06-26,HN-CG,NV015,Tiền mặt,MW-AE2881,Lò vi sóng,Panasonic 25L,Panasonic,2,2133766,0.15,3627402,0.08,290192,3917594,1521000,3042000,585402,0.1614,3917594,3627402,290192,3042000,3042000,131-Phải thu khách hàng,511-Doanh thu bán hàng,3331-Thuế GTGT đầu ra,632-Giá vốn hàng bán,156-Hàng hóa
INV20260600869,JV20260600869,SO20260600869,2026-06-15,DN-HC,NV005,Ví điện tử,WM-2B1470,Máy giặt,Samsung 10kg,Philips,1,12249358,0.16,10289460,0.08,823156,11112616,9801000,9801000,488460,0.0475,11112616,10289460,823156,9801000,9801000,131-Phải thu khách hàng,511-Doanh thu bán hàng,3331-Thuế GTGT đầu ra,632-Giá vốn hàng bán,156-Hàng hóa
INV20260600870,JV20260600870,SO20260600870,2026-06-27,HCM-Q7,NV016,Trả góp,WM-233DAD,Máy giặt,LG 9kg,Toshiba,2,17869484,0.1,32165071,0.08,2573205,34738276,14842000,29684000,2481071,0.0771,34738276,32165071,2573205,29684000,29684000,131-Phải thu khách hàng,511-Doanh thu bán hàng,3331-Thuế GTGT đầu ra,632-Giá vốn hàng bán,156-Hàng hóa
INV20260600871,JV20260600871,SO20260600871,2026-06-10,HCM-Q1,NV011,Tiền mặt,VC-B711CC,Máy hút bụi,Xiaomi G10,Panasonic,1,11051192,0.08,10167096,0.08,813367,10980463,7631000,7631000,2536096,0.2494,10980463,10167096,813367,7631000,7631000,131-Phải thu khách hàng,511-Doanh thu bán hàng,3331-Thuế GTGT đầu ra,632-Giá vốn hàng bán,156-Hàng hóa
INV20260600872,JV20260600872,SO20260600872,2026-06-29,CT-NK,NV027,Tiền mặt,TV-12CDFD,TV,"Samsung 55"" 4K",Sunhouse,2,31557528,0.06,59328152,0.08,4746252,64074404,27066000,54132000,5196152,0.0876,64074404,59328152,4746252,54132000,54132000,131-Phải thu khách hàng,511-Doanh thu bán hàng,3331-Thuế GTGT đầu ra,632-Giá vốn hàng bán,156-Hàng hóa
INV20260600873,JV20260600873,SO20260600873,2026-06-22,HCM-Q7,NV021,Thẻ,MW-95E139,Lò vi sóng,Sharp 20L,Philips,2,3909898,0.18,6412232,0.08,512978,6925210,2678000,5356000,1056232,0.1647,6925210,6412232,512978,5356000,5356000,131-Phải thu khách hàng,511-Doanh thu bán hàng,3331-Thuế GTGT đầu ra,632-Giá vốn hàng bán,156-Hàng hóa
INV20260600874,JV20260600874,SO20260600874,2026-06-12,HCM-Q7,NV012,Thẻ,TV-BD30D1,TV,"TCL 50""",Asia,2,27757324,0.13,48297743,0.08,3863819,52161562,22289000,44578000,3719743,0.077,52161562,48297743,3863819,44578000,44578000,131-Phải thu khách hàng,511-Doanh thu bán hàng,3331-Thuế GTGT đầu ra,632-Giá vốn hàng bán,156-Hàng hóa
INV20260600875,JV20260600875,SO20260600875,2026-06-16,DN-HC,NV025,Chuyển khoản,VC-110A19,Máy hút bụi,Philips FC,Philips,2,3917886,0.07,7287267,0.08,582981,7870248,2384000,4768000,2519267,0.3457,7870248,7287267,582981,4768000,4768000,131-Phải thu khách hàng,511-Doanh thu bán hàng,3331-Thuế GTGT đầu ra,632-Giá vốn hàng bán,156-Hàng hóa
INV20260600876,JV20260600876,SO20260600876,2026-06-17,HCM-TB,NV005,Thẻ,BL-54E269,Máy xay,Philips Blender,Xiaomi,2,2446097,0.04,4696506,0.08,375720,5072226,1509000,3018000,1678506,0.3574,5072226,4696506,375720,3018000,3018000,131-Phải thu khách hàng,511-Doanh thu bán hàng,3331-Thuế GTGT đầu ra,632-Giá vốn hàng bán,156-Hàng hóa
INV20260600877,JV20260600877,SO20260600877,2026-06-17,HCM-TB,NV014,Trả góp,VC-87EB59,Máy hút bụi,Dyson V8,Sony,2,2268962,0.13,3947993,0.08,315839,4263832,1634000,3268000,679993,0.1722,4263832,3947993,315839,3268000,3268000,131-Phải thu khách hàng,511-Doanh thu bán hàng,3331-Thuế GTGT đầu ra,632-Giá vốn hàng bán,156-Hàng hóa
INV20260600878,JV20260600878,SO20260600878,2026-06-05,BD-TDM,NV011,Ví điện tử,MW-E17A69,Lò vi sóng,Electrolux 23L,Xiaomi,1,4873253,0.15,4142265,0.08,331381,4473646,3760000,3760000,382265,0.0923,4473646,4142265,331381,3760000,3760000,131-Phải thu khách hàng,511-Doanh thu bán hàng,3331-Thuế GTGT đầu ra,632-Giá vốn hàng bán,156-Hàng hóa
INV20260600879,JV20260600879,SO20260600879,2026-06-07,BD-TDM,NV030,Ví điện tử,FN-D8D699,Quạt,Asia,Sunhouse,1,1282129,0.05,1218022,0.08,97441,1315463,746000,746000,472022,0.3875,1315463,1218022,97441,746000,746000,131-Phải thu khách hàng,511-Doanh thu bán hàng,3331-Thuế GTGT đầu ra,632-Giá vốn hàng bán,156-Hàng hóa
INV20260600880,JV20260600880,SO20260600880,2026-06-11,BD-TDM,NV016,Trả góp,MW-4DBCB2,Lò vi sóng,Sharp 20L,Daikin,3,2537420,0.17,6318175,0.08,505454,6823629,1911000,5733000,585175,0.0926,6823629,6318175,505454,5733000,5733000,131-Phải thu khách hàng,511-Doanh thu bán hàng,3331-Thuế GTGT đầu ra,632-Giá vốn hàng bán,156-Hàng hóa
INV20260600881,JV20260600881,SO20260600881,2026-06-06,HCM-Q1,NV012,Thẻ,RC-30A967,Nồi cơm,Sharp 1.8L,Mitsubishi,1,1933184,0.1,1739865,0.08,139189,1879054,1451000,1451000,288865,0.166,1879054,1739865,139189,1451000,1451000,131-Phải thu khách hàng,511-Doanh thu bán hàng,3331-Thuế GTGT đầu ra,632-Giá vốn hàng bán,156-Hàng hóa
INV20260600882,JV20260600882,SO20260600882,2026-06-15,BD-TDM,NV017,Chuyển khoản,RF-847D79,Tủ lạnh,Samsung Inverter 350L,Panasonic,3,17537341,0.01,52085902,0.08,4166872,56252774,13624000,40872000,11213902,0.2153,56252774,52085902,4166872,40872000,40872000,131-Phải thu khách hàng,511-Doanh thu bán hàng,3331-Thuế GTGT đầu ra,632-Giá vốn hàng bán,156-Hàng hóa
INV20260600883,JV20260600883,SO20260600883,2026-06-11,CT-NK,NV018,Chuyển khoản,KT-80B935,Ấm siêu tốc,Kangaroo,LG,1,521292,0.04,500440,0.08,40035,540475,310000,310000,190440,0.3805,540475,500440,40035,310000,310000,131-Phải thu khách hàng,511-Doanh thu bán hàng,3331-Thuế GTGT đầu ra,632-Giá vốn hàng bán,156-Hàng hóa
INV20260600884,JV20260600884,SO20260600884,2026-06-11,HCM-TB,NV001,Chuyển khoản,WM-57BF8B,Máy giặt,LG 9kg,Panasonic,2,15475917,0.12,27237613,0.08,2179009,29416622,11402000,22804000,4433613,0.1628,29416622,27237613,2179009,22804000,22804000,131-Phải thu khách hàng,511-Doanh thu bán hàng,3331-Thuế GTGT đầu ra,632-Giá vốn hàng bán,156-Hàng hóa
INV20260600885,JV20260600885,SO20260600885,2026-06-17,HN-CG,NV001,Chuyển khoản,TV-1B61A7,TV,LG OLED 48,Samsung,3,33844388,0.07,94425842,0.08,7554067,101979909,27891000,83673000,10752842,0.1139,101979909,94425842,7554067,83673000,83673000,131-Phải thu khách hàng,511-Doanh thu bán hàng,3331-Thuế GTGT đầu ra,632-Giá vốn hàng bán,156-Hàng hóa
INV20260600886,JV20260600886,SO20260600886,2026-06-16,HN-CG,NV012,Ví điện tử,KT-E61198,Ấm siêu tốc,Philips,Daikin,3,410552,0.08,1133123,0.08,90649,1223772,269000,807000,326123,0.2878,1223772,1133123,90649,807000,807000,131-Phải thu khách hàng,511-Doanh thu bán hàng,3331-Thuế GTGT đầu ra,632-Giá vốn hàng bán,156-Hàng hóa
INV20260600887,JV20260600887,SO20260600887,2026-06-15,HN-HBT,NV012,Tiền mặt,KT-EFA122,Ấm siêu tốc,Sunhouse,Daikin,2,836156,0.17,1388018,0.08,111041,1499059,567000,1134000,254018,0.183,1499059,1388018,111041,1134000,1134000,131-Phải thu khách hàng,511-Doanh thu bán hàng,3331-Thuế GTGT đầu ra,632-Giá vốn hàng bán,156-Hàng hóa
INV20260600888,JV20260600888,SO20260600888,2026-06-25,HN-HBT,NV029,Tiền mặt,RF-191AF7,Tủ lạnh,Panasonic 300L,Toshiba,1,12326730,0.08,11340591,0.08,907247,12247838,9593000,9593000,1747591,0.1541,12247838,11340591,907247,9593000,9593000,131-Phải thu khách hàng,511-Doanh thu bán hàng,3331-Thuế GTGT đầu ra,632-Giá vốn hàng bán,156-Hàng hóa
INV20260600889,JV20260600889,SO20260600889,2026-06-24,HCM-TB,NV025,Thẻ,RC-7604F1,Nồi cơm,Sunhouse 1.2L,Daikin,3,3667560,0.16,9242251,0.08,739380,9981631,2179000,6537000,2705251,0.2927,9981631,9242251,739380,6537000,6537000,131-Phải thu khách hàng,511-Doanh thu bán hàng,3331-Thuế GTGT đầu ra,632-Giá vốn hàng bán,156-Hàng hóa
INV20260600890,JV20260600890,SO20260600890,2026-06-29,HCM-TB,NV011,Thẻ,BL-3258EA,Máy xay,Panasonic Blender,Mitsubishi,1,996451,0.04,956592,0.08,76527,1033119,594000,594000,362592,0.379,1033119,956592,76527,594000,594000,131-Phải thu khách hàng,511-Doanh thu bán hàng,3331-Thuế GTGT đầu ra,632-Giá vốn hàng bán,156-Hàng hóa
INV20260600891,JV20260600891,SO20260600891,2026-06-25,HN-CG,NV014,Chuyển khoản,AC-9A4340,Máy lạnh,Panasonic 1.5HP,Daikin,2,13814124,0.01,27351965,0.08,2188157,29540122,9680000,19360000,7991965,0.2922,29540122,27351965,2188157,19360000,19360000,131-Phải thu khách hàng,511-Doanh thu bán hàng,3331-Thuế GTGT đầu ra,632-Giá vốn hàng bán,156-Hàng hóa
INV20260600892,JV20260600892,SO20260600892,2026-06-01,DN-HC,NV021,Trả góp,RF-D3E578,Tủ lạnh,LG 420L,Xiaomi,2,7216267,0.2,11546027,0.08,923682,12469709,6154000,12308000,-761973,-0.066,12469709,11546027,923682,12308000,12308000,131-Phải thu khách hàng,511-Doanh thu bán hàng,3331-Thuế GTGT đầu ra,632-Giá vốn hàng bán,156-Hàng hóa
INV20260600893,JV20260600893,SO20260600893,2026-06-24,BD-TDM,NV017,Tiền mặt,RF-ECA283,Tủ lạnh,Panasonic 300L,Panasonic,1,10633051,0.09,9676076,0.08,774086,10450162,8617000,8617000,1059076,0.1095,10450162,9676076,774086,8617000,8617000,131-Phải thu khách hàng,511-Doanh thu bán hàng,3331-Thuế GTGT đầu ra,632-Giá vốn hàng bán,156-Hàng hóa
INV20260600894,JV20260600894,SO20260600894,2026-06-20,HN-CG,NV027,Ví điện tử,WM-4E5FAA,Máy giặt,Toshiba 9kg,Sharp,2,6978308,0.18,11444425,0.08,915554,12359979,5227000,10454000,990425,0.0865,12359979,11444425,915554,10454000,10454000,131-Phải thu khách hàng,511-Doanh thu bán hàng,3331-Thuế GTGT đầu ra,632-Giá vốn hàng bán,156-Hàng hóa
INV20260600895,JV20260600895,SO20260600895,2026-06-30,DN-HC,NV021,Chuyển khoản,RC-B5F705,Nồi cơm,Panasonic 1.8L,Philips,1,2623212,0.17,2177265,0.08,174181,2351446,1758000,1758000,419265,0.1926,2351446,2177265,174181,1758000,1758000,131-Phải thu khách hàng,511-Doanh thu bán hàng,3331-Thuế GTGT đầu ra,632-Giá vốn hàng bán,156-Hàng hóa
INV20260600896,JV20260600896,SO20260600896,2026-06-04,HCM-Q7,NV010,Ví điện tử,MW-8EA0CB,Lò vi sóng,Panasonic 25L,LG,1,4861076,0.09,4423579,0.08,353886,4777465,3312000,3312000,1111579,0.2513,4777465,4423579,353886,3312000,3312000,131-Phải thu khách hàng,511-Doanh thu bán hàng,3331-Thuế GTGT đầu ra,632-Giá vốn hàng bán,156-Hàng hóa
INV20260600897,JV20260600897,SO20260600897,2026-06-14,BD-TDM,NV012,Ví điện tử,KT-80B935,Ấm siêu tốc,Kangaroo,LG,2,825449,0.09,1502317,0.08,120185,1622502,462000,924000,578317,0.385,1622502,1502317,120185,924000,924000,131-Phải thu khách hàng,511-Doanh thu bán hàng,3331-Thuế GTGT đầu ra,632-Giá vốn hàng bán,156-Hàng hóa
INV20260600898,JV20260600898,SO20260600898,2026-06-08,HCM-Q1,NV010,Ví điện tử,KT-2036D6,Ấm siêu tốc,Kangaroo,Panasonic,1,534995,0.06,502895,0.08,40231,543126,332000,332000,170895,0.3398,543126,502895,40231,332000,332000,131-Phải thu khách hàng,511-Doanh thu bán hàng,3331-Thuế GTGT đầu ra,632-Giá vốn hàng bán,156-Hàng hóa
INV20260600899,JV20260600899,SO20260600899,2026-06-10,HN-HBT,NV010,Thẻ,RC-A5EAB1,Nồi cơm,Cuckoo 1.8L,Sony,3,3064352,0.07,8549542,0.08,683963,9233505,2098000,6294000,2255542,0.2638,9233505,8549542,683963,6294000,6294000,131-Phải thu khách hàng,511-Doanh thu bán hàng,3331-Thuế GTGT đầu ra,632-Giá vốn hàng bán,156-Hàng hóa
INV20260600900,JV20260600900,SO20260600900,2026-06-14,HCM-TB,NV025,Trả góp,BL-A928A4,Máy xay,Philips Blender,LG,2,1701451,0.18,2790379,0.08,223230,3013609,1000000,2000000,790379,0.2833,3013609,2790379,223230,2000000,2000000,131-Phải thu khách hàng,511-Doanh thu bán hàng,3331-Thuế GTGT đầu ra,632-Giá vốn hàng bán,156-Hàng hóa
INV20260600901,JV20260600901,SO20260600901,2026-06-22,HCM-Q1,NV015,Trả góp,VC-8877C5,Máy hút bụi,Philips FC,Daikin,1,11780699,0.19,9542366,0.08,763389,10305755,8329000,8329000,1213366,0.1272,10305755,9542366,763389,8329000,8329000,131-Phải thu khách hàng,511-Doanh thu bán hàng,3331-Thuế GTGT đầu ra,632-Giá vốn hàng bán,156-Hàng hóa
INV20260600902,JV20260600902,SO20260600902,2026-06-20,HCM-Q1,NV016,Ví điện tử,BL-D2FACB,Máy xay,Panasonic Blender,Toshiba,3,740949,0.17,1844963,0.08,147597,1992560,547000,1641000,203963,0.1106,1992560,1844963,147597,1641000,1641000,131-Phải thu khách hàng,511-Doanh thu bán hàng,3331-Thuế GTGT đầu ra,632-Giá vốn hàng bán,156-Hàng hóa
INV20260600903,JV20260600903,SO20260600903,2026-06-28,HCM-Q7,NV024,Tiền mặt,WM-15F54A,Máy giặt,LG 9kg,Sharp,3,9662626,0.08,26668847,0.08,2133507,28802354,7375000,22125000,4543847,0.1704,28802354,26668847,2133507,22125000,22125000,131-Phải thu khách hàng,511-Doanh thu bán hàng,3331-Thuế GTGT đầu ra,632-Giá vốn hàng bán,156-Hàng hóa
INV20260600904,JV20260600904,SO20260600904,2026-06-20,DN-HC,NV004,Trả góp,RC-666E15,Nồi cơm,Sunhouse 1.2L,Panasonic,3,3016055,0.15,7690940,0.08,615275,8306215,2092000,6276000,1414940,0.184,8306215,7690940,615275,6276000,6276000,131-Phải thu khách hàng,511-Doanh thu bán hàng,3331-Thuế GTGT đầu ra,632-Giá vốn hàng bán,156-Hàng hóa
INV20260600905,JV20260600905,SO20260600905,2026-06-18,HN-HBT,NV024,Trả góp,KT-8BE75F,Ấm siêu tốc,Kangaroo,Samsung,2,1400907,0.17,2325505,0.08,186040,2511545,882000,1764000,561505,0.2415,2511545,2325505,186040,1764000,1764000,131-Phải thu khách hàng,511-Doanh thu bán hàng,3331-Thuế GTGT đầu ra,632-Giá vốn hàng bán,156-Hàng hóa
INV20260600906,JV20260600906,SO20260600906,2026-06-21,HCM-Q7,NV021,Ví điện tử,KT-4BFC34,Ấm siêu tốc,Kangaroo,Sunhouse,1,1212063,0.05,1151459,0.08,92116,1243575,808000,808000,343459,0.2983,1243575,1151459,92116,808000,808000,131-Phải thu khách hàng,511-Doanh thu bán hàng,3331-Thuế GTGT đầu ra,632-Giá vốn hàng bán,156-Hàng hóa
INV20260600907,JV20260600907,SO20260600907,2026-06-05,HN-CG,NV012,Tiền mặt,AC-DD7A97,Máy lạnh,Daikin 1HP,Toshiba,2,21157991,0.1,38084383,0.08,3046750,41131133,16951000,33902000,4182383,0.1098,41131133,38084383,3046750,33902000,33902000,131-Phải thu khách hàng,511-Doanh thu bán hàng,3331-Thuế GTGT đầu ra,632-Giá vốn hàng bán,156-Hàng hóa
INV20260600908,JV20260600908,SO20260600908,2026-06-11,DN-HC,NV023,Chuyển khoản,RC-7580B4,Nồi cơm,Panasonic 1.8L,Panasonic,3,518214,0.1,1399177,0.08,111934,1511111,374000,1122000,277177,0.1981,1511111,1399177,111934,1122000,1122000,131-Phải thu khách hàng,511-Doanh thu bán hàng,3331-Thuế GTGT đầu ra,632-Giá vốn hàng bán,156-Hàng hóa
INV20260600909,JV20260600909,SO20260600909,2026-06-27,HCM-Q7,NV020,Trả góp,AC-818A33,Máy lạnh,Casper 1HP,Electrolux,3,9739049,0.09,26587603,0.08,2127008,28714611,7045000,21135000,5452603,0.2051,28714611,26587603,2127008,21135000,21135000,131-Phải thu khách hàng,511-Doanh thu bán hàng,3331-Thuế GTGT đầu ra,632-Giá vốn hàng bán,156-Hàng hóa
INV20260600910,JV20260600910,SO20260600910,2026-06-03,HN-CG,NV020,Trả góp,RC-7DABD5,Nồi cơm,Sunhouse 1.2L,Mitsubishi,1,2418379,0.13,2103989,0.08,168319,2272308,1450000,1450000,653989,0.3108,2272308,2103989,168319,1450000,1450000,131-Phải thu khách hàng,511-Doanh thu bán hàng,3331-Thuế GTGT đầu ra,632-Giá vốn hàng bán,156-Hàng hóa
INV20260600911,JV20260600911,SO20260600911,2026-06-23,HCM-Q7,NV026,Chuyển khoản,MW-E148C6,Lò vi sóng,Electrolux 23L,Casper,2,1205389,0.04,2314346,0.08,185147,2499493,904000,1808000,506346,0.2188,2499493,2314346,185147,1808000,1808000,131-Phải thu khách hàng,511-Doanh thu bán hàng,3331-Thuế GTGT đầu ra,632-Giá vốn hàng bán,156-Hàng hóa
INV20260600912,JV20260600912,SO20260600912,2026-06-14,HN-CG,NV007,Thẻ,BL-BE1E34,Máy xay,Panasonic Blender,Senko,1,923327,0.1,830994,0.08,66479,897473,641000,641000,189994,0.2286,897473,830994,66479,641000,641000,131-Phải thu khách hàng,511-Doanh thu bán hàng,3331-Thuế GTGT đầu ra,632-Giá vốn hàng bán,156-Hàng hóa
INV20260600913,JV20260600913,SO20260600913,2026-06-25,HN-CG,NV027,Tiền mặt,BL-981E64,Máy xay,Sunhouse Blender,Samsung,2,559120,0.04,1073510,0.08,85880,1159390,364000,728000,345510,0.3219,1159390,1073510,85880,728000,728000,131-Phải thu khách hàng,511-Doanh thu bán hàng,3331-Thuế GTGT đầu ra,632-Giá vốn hàng bán,156-Hàng hóa
INV20260600914,JV20260600914,SO20260600914,2026-06-16,HCM-Q7,NV016,Thẻ,MW-8CD991,Lò vi sóng,Panasonic 25L,Toshiba,3,2973646,0.0,8920938,0.08,713675,9634613,2174000,6522000,2398938,0.2689,9634613,8920938,713675,6522000,6522000,131-Phải thu khách hàng,511-Doanh thu bán hàng,3331-Thuế GTGT đầu ra,632-Giá vốn hàng bán,156-Hàng hóa
INV20260600915,JV20260600915,SO20260600915,2026-06-05,HN-HBT,NV022,Tiền mặt,RC-5F9026,Nồi cơm,Cuckoo 1.8L,Electrolux,3,1209998,0.16,3049194,0.08,243935,3293129,741000,2223000,826194,0.271,3293129,3049194,243935,2223000,2223000,131-Phải thu khách hàng,511-Doanh thu bán hàng,3331-Thuế GTGT đầu ra,632-Giá vốn hàng bán,156-Hàng hóa
INV20260600916,JV20260600916,SO20260600916,2026-06-07,HN-CG,NV004,Chuyển khoản,KT-37BC3F,Ấm siêu tốc,Sunhouse,Panasonic,3,730561,0.15,1862930,0.08,149034,2011964,485000,1455000,407930,0.219,2011964,1862930,149034,1455000,1455000,131-Phải thu khách hàng,511-Doanh thu bán hàng,3331-Thuế GTGT đầu ra,632-Giá vốn hàng bán,156-Hàng hóa
INV20260600917,JV20260600917,SO20260600917,2026-06-05,DN-HC,NV024,Ví điện tử,FN-FF4EE8,Quạt,Panasonic,Sunhouse,2,1633693,0.01,3234712,0.08,258776,3493488,1164000,2328000,906712,0.2803,3493488,3234712,258776,2328000,2328000,131-Phải thu khách hàng,511-Doanh thu bán hàng,3331-Thuế GTGT đầu ra,632-Giá vốn hàng bán,156-Hàng hóa
INV20260600918,JV20260600918,SO20260600918,2026-06-12,HN-HBT,NV020,Thẻ,RF-BFD1C6,Tủ lạnh,Aqua 250L,Electrolux,1,13800248,0.12,12144218,0.08,971537,13115755,11350000,11350000,794218,0.0654,13115755,12144218,971537,11350000,11350000,131-Phải thu khách hàng,511-Doanh thu bán hàng,3331-Thuế GTGT đầu ra,632-Giá vốn hàng bán,156-Hàng hóa
INV20260600919,JV20260600919,SO20260600919,2026-06-03,DN-HC,NV026,Chuyển khoản,VC-DE537A,Máy hút bụi,Dyson V8,Electrolux,3,6990674,0.12,18455379,0.08,1476430,19931809,4921000,14763000,3692379,0.2001,19931809,18455379,1476430,14763000,14763000,131-Phải thu khách hàng,511-Doanh thu bán hàng,3331-Thuế GTGT đầu ra,632-Giá vốn hàng bán,156-Hàng hóa
INV20260600920,JV20260600920,SO20260600920,2026-06-20,HN-CG,NV014,Thẻ,WM-5ED0A1,Máy giặt,Samsung 10kg,Cuckoo,2,15696848,0.2,25114956,0.08,2009196,27124152,12819000,25638000,-523044,-0.0208,27124152,25114956,2009196,25638000,25638000,131-Phải thu khách hàng,511-Doanh thu bán hàng,3331-Thuế GTGT đầu ra,632-Giá vốn hàng bán,156-Hàng hóa
INV20260600921,JV20260600921,SO20260600921,2026-06-04,HCM-Q1,NV022,Chuyển khoản,FN-C43CC3,Quạt,Senko,Electrolux,2,763055,0.06,1434543,0.08,114763,1549306,514000,1028000,406543,0.2834,1549306,1434543,114763,1028000,1028000,131-Phải thu khách hàng,511-Doanh thu bán hàng,3331-Thuế GTGT đầu ra,632-Giá vốn hàng bán,156-Hàng hóa
INV20260600922,JV20260600922,SO20260600922,2026-06-18,CT-NK,NV030,Trả góp,KT-087F26,Ấm siêu tốc,Philips,Cuckoo,1,653314,0.08,601048,0.08,48083,649131,460000,460000,141048,0.2347,649131,601048,48083,460000,460000,131-Phải thu khách hàng,511-Doanh thu bán hàng,3331-Thuế GTGT đầu ra,632-Giá vốn hàng bán,156-Hàng hóa
INV20260600923,JV20260600923,SO20260600923,2026-06-23,HCM-Q7,NV014,Chuyển khoản,MW-FB2461,Lò vi sóng,Electrolux 23L,Senko,3,5564116,0.09,15190036,0.08,1215202,16405238,3595000,10785000,4405036,0.29,16405238,15190036,1215202,10785000,10785000,131-Phải thu khách hàng,511-Doanh thu bán hàng,3331-Thuế GTGT đầu ra,632-Giá vốn hàng bán,156-Hàng hóa
INV20260600924,JV20260600924,SO20260600924,2026-06-27,HCM-Q7,NV001,Trả góp,KT-C02AC0,Ấm siêu tốc,Kangaroo,Asia,2,1070627,0.12,1884303,0.08,150744,2035047,732000,1464000,420303,0.2231,2035047,1884303,150744,1464000,1464000,131-Phải thu khách hàng,511-Doanh thu bán hàng,3331-Thuế GTGT đầu ra,632-Giá vốn hàng bán,156-Hàng hóa
INV20260600925,JV20260600925,SO20260600925,2026-06-03,BD-TDM,NV005,Chuyển khoản,BL-86D7E5,Máy xay,Philips Blender,Aqua,1,1912181,0.18,1567988,0.08,125439,1693427,1300000,1300000,267988,0.1709,1693427,1567988,125439,1300000,1300000,131-Phải thu khách hàng,511-Doanh thu bán hàng,3331-Thuế GTGT đầu ra,632-Giá vốn hàng bán,156-Hàng hóa
INV20260600926,JV20260600926,SO20260600926,2026-06-07,HN-HBT,NV002,Thẻ,AC-F53EB5,Máy lạnh,Casper 1HP,Senko,2,16307499,0.07,30331948,0.08,2426555,32758503,12339000,24678000,5653948,0.1864,32758503,30331948,2426555,24678000,24678000,131-Phải thu khách hàng,511-Doanh thu bán hàng,3331-Thuế GTGT đầu ra,632-Giá vốn hàng bán,156-Hàng hóa
INV20260600927,JV20260600927,SO20260600927,2026-06-06,HCM-TB,NV021,Tiền mặt,WM-B2AB72,Máy giặt,Toshiba 9kg,Casper,3,10305513,0.1,27824885,0.08,2225990,30050875,7845000,23535000,4289885,0.1542,30050875,27824885,2225990,23535000,23535000,131-Phải thu khách hàng,511-Doanh thu bán hàng,3331-Thuế GTGT đầu ra,632-Giá vốn hàng bán,156-Hàng hóa
INV20260600928,JV20260600928,SO20260600928,2026-06-02,HN-CG,NV015,Tiền mặt,RF-20BB5C,Tủ lạnh,Panasonic 300L,Sharp,2,18429853,0.09,33542332,0.08,2683386,36225718,13989000,27978000,5564332,0.1659,36225718,33542332,2683386,27978000,27978000,131-Phải thu khách hàng,511-Doanh thu bán hàng,3331-Thuế GTGT đầu ra,632-Giá vốn hàng bán,156-Hàng hóa
INV20260600929,JV20260600929,SO20260600929,2026-06-12,BD-TDM,NV028,Trả góp,VC-365995,Máy hút bụi,Xiaomi G10,Philips,3,2312027,0.16,5826308,0.08,466104,6292412,1666000,4998000,828308,0.1422,6292412,5826308,466104,4998000,4998000,131-Phải thu khách hàng,511-Doanh thu bán hàng,3331-Thuế GTGT đầu ra,632-Giá vốn hàng bán,156-Hàng hóa
INV20260600930,JV20260600930,SO20260600930,2026-06-02,HCM-Q7,NV028,Tiền mặt,RC-588B19,Nồi cơm,Sunhouse 1.2L,Electrolux,1,2399401,0.13,2087478,0.08,166998,2254476,1812000,1812000,275478,0.132,2254476,2087478,166998,1812000,1812000,131-Phải thu khách hàng,511-Doanh thu bán hàng,3331-Thuế GTGT đầu ra,632-Giá vốn hàng bán,156-Hàng hóa
INV20260600931,JV20260600931,SO20260600931,2026-06-28,BD-TDM,NV003,Tiền mặt,VC-354E06,Máy hút bụi,Dyson V8,Senko,2,10837962,0.16,18207776,0.08,1456622,19664398,8094000,16188000,2019776,0.1109,19664398,18207776,1456622,16188000,16188000,131-Phải thu khách hàng,511-Doanh thu bán hàng,3331-Thuế GTGT đầu ra,632-Giá vốn hàng bán,156-Hàng hóa
INV20260600932,JV20260600932,SO20260600932,2026-06-18,HN-HBT,NV001,Thẻ,RC-56CDC9,Nồi cơm,Sharp 1.8L,Sharp,1,2600268,0.15,2210227,0.08,176818,2387045,1573000,1573000,637227,0.2883,2387045,2210227,176818,1573000,1573000,131-Phải thu khách hàng,511-Doanh thu bán hàng,3331-Thuế GTGT đầu ra,632-Giá vốn hàng bán,156-Hàng hóa
INV20260600933,JV20260600933,SO20260600933,2026-06-05,HN-CG,NV024,Ví điện tử,RC-3972B5,Nồi cơm,Sharp 1.8L,Samsung,3,1643313,0.18,4042549,0.08,323403,4365952,1196000,3588000,454549,0.1124,4365952,4042549,323403,3588000,3588000,131-Phải thu khách hàng,511-Doanh thu bán hàng,3331-Thuế GTGT đầu ra,632-Giá vốn hàng bán,156-Hàng hóa
INV20260600934,JV20260600934,SO20260600934,2026-06-29,HCM-TB,NV017,Thẻ,KT-912978,Ấm siêu tốc,Sunhouse,Philips,1,941591,0.01,932175,0.08,74574,1006749,645000,645000,287175,0.3081,1006749,932175,74574,645000,645000,131-Phải thu khách hàng,511-Doanh thu bán hàng,3331-Thuế GTGT đầu ra,632-Giá vốn hàng bán,156-Hàng hóa
INV20260600935,JV20260600935,SO20260600935,2026-06-20,HN-HBT,NV018,Ví điện tử,KT-A5DE2B,Ấm siêu tốc,Philips,Senko,1,989031,0.09,900018,0.08,72001,972019,585000,585000,315018,0.35,972019,900018,72001,585000,585000,131-Phải thu khách hàng,511-Doanh thu bán hàng,3331-Thuế GTGT đầu ra,632-Giá vốn hàng bán,156-Hàng hóa
INV20260600936,JV20260600936,SO20260600936,2026-06-22,HCM-Q7,NV004,Trả góp,RC-645E6F,Nồi cơm,Sunhouse 1.2L,Xiaomi,2,3946525,0.1,7103745,0.08,568299,7672044,2951000,5902000,1201745,0.1692,7672044,7103745,568299,5902000,5902000,131-Phải thu khách hàng,511-Doanh thu bán hàng,3331-Thuế GTGT đầu ra,632-Giá vốn hàng bán,156-Hàng hóa
INV20260600937,JV20260600937,SO20260600937,2026-06-23,HCM-Q1,NV015,Tiền mặt,MW-83094B,Lò vi sóng,Sharp 20L,Casper,3,4168000,0.07,11628720,0.08,930297,12559017,2643000,7929000,3699720,0.3182,12559017,11628720,930297,7929000,7929000,131-Phải thu khách hàng,511-Doanh thu bán hàng,3331-Thuế GTGT đầu ra,632-Giá vốn hàng bán,156-Hàng hóa
INV20260600938,JV20260600938,SO20260600938,2026-06-04,BD-TDM,NV001,Ví điện tử,TV-3A3210,TV,LG OLED 48,Xiaomi,2,10598514,0.15,18017473,0.08,1441397,19458870,8875000,17750000,267473,0.0148,19458870,18017473,1441397,17750000,17750000,131-Phải thu khách hàng,511-Doanh thu bán hàng,3331-Thuế GTGT đầu ra,632-Giá vốn hàng bán,156-Hàng hóa
INV20260600939,JV20260600939,SO20260600939,2026-06-21,HN-CG,NV022,Ví điện tử,FN-FC5CB1,Quạt,Asia,Asia,1,1346953,0.02,1320013,0.08,105601,1425614,841000,841000,479013,0.3629,1425614,1320013,105601,841000,841000,131-Phải thu khách hàng,511-Doanh thu bán hàng,3331-Thuế GTGT đầu ra,632-Giá vốn hàng bán,156-Hàng hóa
INV20260600940,JV20260600940,SO20260600940,2026-06-30,CT-NK,NV026,Ví điện tử,TV-888A32,TV,"TCL 50""",Mitsubishi,3,30065583,0.14,77569204,0.08,6205536,83774740,23380000,70140000,7429204,0.0958,83774740,77569204,6205536,70140000,70140000,131-Phải thu khách hàng,511-Doanh thu bán hàng,3331-Thuế GTGT đầu ra,632-Giá vốn hàng bán,156-Hàng hóa
INV20260600941,JV20260600941,SO20260600941,2026-06-16,DN-HC,NV010,Trả góp,AC-50CBA5,Máy lạnh,Daikin 1HP,Aqua,1,9473327,0.05,8999660,0.08,719972,9719632,7274000,7274000,1725660,0.1917,9719632,8999660,719972,7274000,7274000,131-Phải thu khách hàng,511-Doanh thu bán hàng,3331-Thuế GTGT đầu ra,632-Giá vốn hàng bán,156-Hàng hóa
INV20260600942,JV20260600942,SO20260600942,2026-06-02,HCM-Q7,NV012,Ví điện tử,WM-E46895,Máy giặt,Toshiba 9kg,Electrolux,1,16292697,0.13,14174646,0.08,1133971,15308617,13129000,13129000,1045646,0.0738,15308617,14174646,1133971,13129000,13129000,131-Phải thu khách hàng,511-Doanh thu bán hàng,3331-Thuế GTGT đầu ra,632-Giá vốn hàng bán,156-Hàng hóa
INV20260600943,JV20260600943,SO20260600943,2026-06-14,HCM-Q1,NV007,Tiền mặt,AC-249FC9,Máy lạnh,Daikin 1HP,Panasonic,1,8577821,0.15,7291147,0.08,583291,7874438,6774000,6774000,517147,0.0709,7874438,7291147,583291,6774000,6774000,131-Phải thu khách hàng,511-Doanh thu bán hàng,3331-Thuế GTGT đầu ra,632-Giá vốn hàng bán,156-Hàng hóa
INV20260600944,JV20260600944,SO20260600944,2026-06-26,HN-CG,NV022,Thẻ,MW-03CA06,Lò vi sóng,Electrolux 23L,Aqua,1,5747452,0.06,5402604,0.08,432208,5834812,4266000,4266000,1136604,0.2104,5834812,5402604,432208,4266000,4266000,131-Phải thu khách hàng,511-Doanh thu bán hàng,3331-Thuế GTGT đầu ra,632-Giá vốn hàng bán,156-Hàng hóa
INV20260600945,JV20260600945,SO20260600945,2026-06-03,BD-TDM,NV012,Tiền mặt,VC-90DAA9,Máy hút bụi,Dyson V8,Casper,3,3613963,0.18,8890348,0.08,711227,9601575,2661000,7983000,907348,0.1021,9601575,8890348,711227,7983000,7983000,131-Phải thu khách hàng,511-Doanh thu bán hàng,3331-Thuế GTGT đầu ra,632-Giá vốn hàng bán,156-Hàng hóa
INV20260600946,JV20260600946,SO20260600946,2026-06-17,DN-HC,NV012,Ví điện tử,MW-F8E59D,Lò vi sóng,Sharp 20L,Sharp,3,3644950,0.18,8966577,0.08,717326,9683903,2712000,8136000,830577,0.0926,9683903,8966577,717326,8136000,8136000,131-Phải thu khách hàng,511-Doanh thu bán hàng,3331-Thuế GTGT đầu ra,632-Giá vốn hàng bán,156-Hàng hóa
INV20260600947,JV20260600947,SO20260600947,2026-06-16,BD-TDM,NV029,Thẻ,KT-697052,Ấm siêu tốc,Sunhouse,Samsung,3,265195,0.05,755805,0.08,60464,816269,183000,549000,206805,0.2736,816269,755805,60464,549000,549000,131-Phải thu khách hàng,511-Doanh thu bán hàng,3331-Thuế GTGT đầu ra,632-Giá vốn hàng bán,156-Hàng hóa
INV20260600948,JV20260600948,SO20260600948,2026-06-12,BD-TDM,NV026,Thẻ,AC-E7C43D,Máy lạnh,Panasonic 1.5HP,Casper,2,19012594,0.16,31941157,0.08,2555292,34496449,13515000,27030000,4911157,0.1538,34496449,31941157,2555292,27030000,27030000,131-Phải thu khách hàng,511-Doanh thu bán hàng,3331-Thuế GTGT đầu ra,632-Giá vốn hàng bán,156-Hàng hóa
INV20260600949,JV20260600949,SO20260600949,2026-06-30,HN-CG,NV009,Thẻ,KT-C76795,Ấm siêu tốc,Philips,Aqua,3,306491,0.03,891888,0.08,71351,963239,165000,495000,396888,0.445,963239,891888,71351,495000,495000,131-Phải thu khách hàng,511-Doanh thu bán hàng,3331-Thuế GTGT đầu ra,632-Giá vốn hàng bán,156-Hàng hóa
INV20260600950,JV20260600950,SO20260600950,2026-06-19,HN-HBT,NV017,Chuyển khoản,BL-958487,Máy xay,Philips Blender,Toshiba,2,1642606,0.19,2661021,0.08,212881,2873902,969000,1938000,723021,0.2717,2873902,2661021,212881,1938000,1938000,131-Phải thu khách hàng,511-Doanh thu bán hàng,3331-Thuế GTGT đầu ra,632-Giá vốn hàng bán,156-Hàng hóa
INV20260600951,JV20260600951,SO20260600951,2026-06-22,BD-TDM,NV003,Chuyển khoản,FN-49B147,Quạt,Panasonic,LG,3,2210147,0.13,5768483,0.08,461478,6229961,1417000,4251000,1517483,0.2631,6229961,5768483,461478,4251000,4251000,131-Phải thu khách hàng,511-Doanh thu bán hàng,3331-Thuế GTGT đầu ra,632-Giá vốn hàng bán,156-Hàng hóa
INV20260600952,JV20260600952,SO20260600952,2026-06-14,BD-TDM,NV028,Chuyển khoản,RF-BFD1C6,Tủ lạnh,Aqua 250L,Electrolux,2,10026501,0.15,17045051,0.08,1363604,18408655,7862000,15724000,1321051,0.0775,18408655,17045051,1363604,15724000,15724000,131-Phải thu khách hàng,511-Doanh thu bán hàng,3331-Thuế GTGT đầu ra,632-Giá vốn hàng bán,156-Hàng hóa
INV20260600953,JV20260600953,SO20260600953,2026-06-04,HN-HBT,NV024,Ví điện tử,FN-47B1B0,Quạt,Senko,Toshiba,1,2232860,0.14,1920259,0.08,153620,2073879,1617000,1617000,303259,0.1579,2073879,1920259,153620,1617000,1617000,131-Phải thu khách hàng,511-Doanh thu bán hàng,3331-Thuế GTGT đầu ra,632-Giá vốn hàng bán,156-Hàng hóa
INV20260600954,JV20260600954,SO20260600954,2026-06-15,HN-CG,NV005,Chuyển khoản,RC-7DABD5,Nồi cơm,Sunhouse 1.2L,Mitsubishi,3,2210129,0.12,5834740,0.08,466779,6301519,1515000,4545000,1289740,0.221,6301519,5834740,466779,4545000,4545000,131-Phải thu khách hàng,511-Doanh thu bán hàng,3331-Thuế GTGT đầu ra,632-Giá vốn hàng bán,156-Hàng hóa
INV20260600955,JV20260600955,SO20260600955,2026-06-05,HCM-Q1,NV012,Tiền mặt,VC-87EB59,Máy hút bụi,Dyson V8,Sony,2,9815962,0.13,17079773,0.08,1366381,18446154,6289000,12578000,4501773,0.2636,18446154,17079773,1366381,12578000,12578000,131-Phải thu khách hàng,511-Doanh thu bán hàng,3331-Thuế GTGT đầu ra,632-Giá vốn hàng bán,156-Hàng hóa
INV20260600956,JV20260600956,SO20260600956,2026-06-08,CT-NK,NV028,Thẻ,FN-310542,Quạt,Senko,Casper,2,603799,0.09,1098914,0.08,87913,1186827,449000,898000,200914,0.1828,1186827,1098914,87913,898000,898000,131-Phải thu khách hàng,511-Doanh thu bán hàng,3331-Thuế GTGT đầu ra,632-Giá vốn hàng bán,156-Hàng hóa
INV20260600957,JV20260600957,SO20260600957,2026-06-03,CT-NK,NV022,Ví điện tử,MW-CC5E2E,Lò vi sóng,Electrolux 23L,Electrolux,3,2440649,0.11,6516532,0.08,521322,7037854,1654000,4962000,1554532,0.2386,7037854,6516532,521322,4962000,4962000,131-Phải thu khách hàng,511-Doanh thu bán hàng,3331-Thuế GTGT đầu ra,632-Giá vốn hàng bán,156-Hàng hóa
INV20260600958,JV20260600958,SO20260600958,2026-06-25,HN-HBT,NV004,Ví điện tử,AC-AF103F,Máy lạnh,Daikin 1HP,Senko,1,9477219,0.2,7581775,0.08,606542,8188317,6775000,6775000,806775,0.1064,8188317,7581775,606542,6775000,6775000,131-Phải thu khách hàng,511-Doanh thu bán hàng,3331-Thuế GTGT đầu ra,632-Giá vốn hàng bán,156-Hàng hóa
INV20260600959,JV20260600959,SO20260600959,2026-06-09,HCM-Q7,NV008,Chuyển khoản,RF-F005D7,Tủ lạnh,Aqua 250L,Sony,3,14595522,0.12,38532178,0.08,3082574,41614752,10835000,32505000,6027178,0.1564,41614752,38532178,3082574,32505000,32505000,131-Phải thu khách hàng,511-Doanh thu bán hàng,3331-Thuế GTGT đầu ra,632-Giá vốn hàng bán,156-Hàng hóa
INV20260600960,JV20260600960,SO20260600960,2026-06-04,CT-NK,NV027,Chuyển khoản,RC-19766E,Nồi cơm,Panasonic 1.8L,Sunhouse,3,1205490,0.13,3146328,0.08,251706,3398034,773000,2319000,827328,0.263,3398034,3146328,251706,2319000,2319000,131-Phải thu khách hàng,511-Doanh thu bán hàng,3331-Thuế GTGT đầu ra,632-Giá vốn hàng bán,156-Hàng hóa
INV20260600961,JV20260600961,SO20260600961,2026-06-09,HN-HBT,NV023,Tiền mặt,MW-278BC7,Lò vi sóng,Electrolux 23L,Mitsubishi,1,3026005,0.1,2723404,0.08,217872,2941276,1894000,1894000,829404,0.3045,2941276,2723404,217872,1894000,1894000,131-Phải thu khách hàng,511-Doanh thu bán hàng,3331-Thuế GTGT đầu ra,632-Giá vốn hàng bán,156-Hàng hóa
INV20260600962,JV20260600962,SO20260600962,2026-06-01,CT-NK,NV030,Trả góp,VC-852D6B,Máy hút bụi,Philips FC,Sunhouse,1,5250221,0.06,4935207,0.08,394816,5330023,3627000,3627000,1308207,0.2651,5330023,4935207,394816,3627000,3627000,131-Phải thu khách hàng,511-Doanh thu bán hàng,3331-Thuế GTGT đầu ra,632-Giá vốn hàng bán,156-Hàng hóa
INV20260600963,JV20260600963,SO20260600963,2026-06-22,HCM-TB,NV022,Trả góp,RC-189134,Nồi cơm,Sunhouse 1.2L,Samsung,3,3127600,0.04,9007488,0.08,720599,9728087,1934000,5802000,3205488,0.3559,9728087,9007488,720599,5802000,5802000,131-Phải thu khách hàng,511-Doanh thu bán hàng,3331-Thuế GTGT đầu ra,632-Giá vốn hàng bán,156-Hàng hóa
INV20260600964,JV20260600964,SO20260600964,2026-06-22,HCM-Q7,NV002,Ví điện tử,WM-90270D,Máy giặt,Toshiba 9kg,Senko,3,10908948,0.08,30108696,0.08,2408695,32517391,8350000,25050000,5058696,0.168,32517391,30108696,2408695,25050000,25050000,131-Phải thu khách hàng,511-Doanh thu bán hàng,3331-Thuế GTGT đầu ra,632-Giá vốn hàng bán,156-Hàng hóa
INV20260600965,JV20260600965,SO20260600965,2026-06-18,HN-HBT,NV009,Ví điện tử,RF-6AEEF2,Tủ lạnh,Aqua 250L,Panasonic,2,18337811,0.03,35575353,0.08,2846028,38421381,14310000,28620000,6955353,0.1955,38421381,35575353,2846028,28620000,28620000,131-Phải thu khách hàng,511-Doanh thu bán hàng,3331-Thuế GTGT đầu ra,632-Giá vốn hàng bán,156-Hàng hóa
INV20260600966,JV20260600966,SO20260600966,2026-06-30,HN-HBT,NV013,Chuyển khoản,FN-5AA0F8,Quạt,Senko,Cuckoo,1,1197472,0.08,1101674,0.08,88133,1189807,742000,742000,359674,0.3265,1189807,1101674,88133,742000,742000,131-Phải thu khách hàng,511-Doanh thu bán hàng,3331-Thuế GTGT đầu ra,632-Giá vốn hàng bán,156-Hàng hóa
INV20260600967,JV20260600967,SO20260600967,2026-06-09,HCM-Q1,NV007,Thẻ,KT-B5A58C,Ấm siêu tốc,Philips,Casper,1,1077902,0.08,991669,0.08,79333,1071002,707000,707000,284669,0.2871,1071002,991669,79333,707000,707000,131-Phải thu khách hàng,511-Doanh thu bán hàng,3331-Thuế GTGT đầu ra,632-Giá vốn hàng bán,156-Hàng hóa
INV20260600968,JV20260600968,SO20260600968,2026-06-04,HCM-Q1,NV030,Tiền mặt,TV-1C16CC,TV,"Samsung 55"" 4K",Sony,1,27904821,0.2,22323856,0.08,1785908,24109764,23756000,23756000,-1432144,-0.0642,24109764,22323856,1785908,23756000,23756000,131-Phải thu khách hàng,511-Doanh thu bán hàng,3331-Thuế GTGT đầu ra,632-Giá vốn hàng bán,156-Hàng hóa
INV20260600969,JV20260600969,SO20260600969,2026-06-01,HN-HBT,NV012,Tiền mặt,VC-933DDD,Máy hút bụi,Philips FC,Sharp,3,11699903,0.13,30536746,0.08,2442939,32979685,7337000,22011000,8525746,0.2792,32979685,30536746,2442939,22011000,22011000,131-Phải thu khách hàng,511-Doanh thu bán hàng,3331-Thuế GTGT đầu ra,632-Giá vốn hàng bán,156-Hàng hóa
INV20260600970,JV20260600970,SO20260600970,2026-06-06,BD-TDM,NV005,Thẻ,TV-299EB8,TV,LG OLED 48,Electrolux,3,34255912,0.15,87352575,0.08,6988206,94340781,29512000,88536000,-1183425,-0.0135,94340781,87352575,6988206,88536000,88536000,131-Phải thu khách hàng,511-Doanh thu bán hàng,3331-Thuế GTGT đầu ra,632-Giá vốn hàng bán,156-Hàng hóa
INV20260600971,JV20260600971,SO20260600971,2026-06-18,HCM-Q7,NV009,Trả góp,KT-225744,Ấm siêu tốc,Philips,Xiaomi,3,636227,0.14,1641465,0.08,131317,1772782,371000,1113000,528465,0.3219,1772782,1641465,131317,1113000,1113000,131-Phải thu khách hàng,511-Doanh thu bán hàng,3331-Thuế GTGT đầu ra,632-Giá vốn hàng bán,156-Hàng hóa
INV20260600972,JV20260600972,SO20260600972,2026-06-03,DN-HC,NV028,Trả góp,TV-3A9F5F,TV,LG OLED 48,Casper,1,19424976,0.19,15734230,0.08,1258738,16992968,15252000,15252000,482230,0.0306,16992968,15734230,1258738,15252000,15252000,131-Phải thu khách hàng,511-Doanh thu bán hàng,3331-Thuế GTGT đầu ra,632-Giá vốn hàng bán,156-Hàng hóa
INV20260600973,JV20260600973,SO20260600973,2026-06-24,HCM-TB,NV002,Ví điện tử,VC-90DAA9,Máy hút bụi,Dyson V8,Casper,3,2108359,0.18,5186563,0.08,414925,5601488,1393000,4179000,1007563,0.1943,5601488,5186563,414925,4179000,4179000,131-Phải thu khách hàng,511-Doanh thu bán hàng,3331-Thuế GTGT đầu ra,632-Giá vốn hàng bán,156-Hàng hóa
INV20260600974,JV20260600974,SO20260600974,2026-06-24,BD-TDM,NV004,Thẻ,TV-3277C5,TV,"TCL 50""",Cuckoo,3,23510264,0.18,57835249,0.08,4626819,62462068,18461000,55383000,2452249,0.0424,62462068,57835249,4626819,55383000,55383000,131-Phải thu khách hàng,511-Doanh thu bán hàng,3331-Thuế GTGT đầu ra,632-Giá vốn hàng bán,156-Hàng hóa
INV20260600975,JV20260600975,SO20260600975,2026-06-23,CT-NK,NV019,Trả góp,FN-D8D699,Quạt,Asia,Sunhouse,1,1588767,0.14,1366339,0.08,109307,1475646,1033000,1033000,333339,0.244,1475646,1366339,109307,1033000,1033000,131-Phải thu khách hàng,511-Doanh thu bán hàng,3331-Thuế GTGT đầu ra,632-Giá vốn hàng bán,156-Hàng hóa
INV20260600976,JV20260600976,SO20260600976,2026-06-25,HCM-Q7,NV017,Ví điện tử,VC-852D6B,Máy hút bụi,Philips FC,Sunhouse,1,3491719,0.19,2828292,0.08,226263,3054555,2375000,2375000,453292,0.1603,3054555,2828292,226263,2375000,2375000,131-Phải thu khách hàng,511-Doanh thu bán hàng,3331-Thuế GTGT đầu ra,632-Giá vốn hàng bán,156-Hàng hóa
INV20260600977,JV20260600977,SO20260600977,2026-06-08,CT-NK,NV009,Trả góp,VC-4B9FA6,Máy hút bụi,Philips FC,Aqua,1,3803319,0.14,3270854,0.08,261668,3532522,2590000,2590000,680854,0.2082,3532522,3270854,261668,2590000,2590000,131-Phải thu khách hàng,511-Doanh thu bán hàng,3331-Thuế GTGT đầu ra,632-Giá vốn hàng bán,156-Hàng hóa
INV20260600978,JV20260600978,SO20260600978,2026-06-11,HCM-Q7,NV021,Chuyển khoản,MW-F2FBBA,Lò vi sóng,Panasonic 25L,Sunhouse,1,1865333,0.15,1585533,0.08,126842,1712375,1341000,1341000,244533,0.1542,1712375,1585533,126842,1341000,1341000,131-Phải thu khách hàng,511-Doanh thu bán hàng,3331-Thuế GTGT đầu ra,632-Giá vốn hàng bán,156-Hàng hóa
INV20260600979,JV20260600979,SO20260600979,2026-06-17,HCM-Q1,NV024,Chuyển khoản,BL-267545,Máy xay,Panasonic Blender,Cuckoo,2,414100,0.17,687406,0.08,54992,742398,285000,570000,117406,0.1708,742398,687406,54992,570000,570000,131-Phải thu khách hàng,511-Doanh thu bán hàng,3331-Thuế GTGT đầu ra,632-Giá vốn hàng bán,156-Hàng hóa
INV20260600980,JV20260600980,SO20260600980,2026-06-18,HN-CG,NV002,Tiền mặt,RF-F96CEA,Tủ lạnh,LG 420L,Sharp,2,19748997,0.03,38313054,0.08,3065044,41378098,16944000,33888000,4425054,0.1155,41378098,38313054,3065044,33888000,33888000,131-Phải thu khách hàng,511-Doanh thu bán hàng,3331-Thuế GTGT đầu ra,632-Giá vốn hàng bán,156-Hàng hóa
INV20260600981,JV20260600981,SO20260600981,2026-06-28,HCM-Q7,NV010,Chuyển khoản,RC-454944,Nồi cơm,Sunhouse 1.2L,Sony,1,2566746,0.18,2104731,0.08,168378,2273109,1720000,1720000,384731,0.1828,2273109,2104731,168378,1720000,1720000,131-Phải thu khách hàng,511-Doanh thu bán hàng,3331-Thuế GTGT đầu ra,632-Giá vốn hàng bán,156-Hàng hóa
INV20260600982,JV20260600982,SO20260600982,2026-06-22,HCM-Q1,NV027,Tiền mặt,KT-B5A58C,Ấm siêu tốc,Philips,Casper,1,1173942,0.16,986111,0.08,78888,1064999,613000,613000,373111,0.3784,1064999,986111,78888,613000,613000,131-Phải thu khách hàng,511-Doanh thu bán hàng,3331-Thuế GTGT đầu ra,632-Giá vốn hàng bán,156-Hàng hóa
INV20260600983,JV20260600983,SO20260600983,2026-06-20,CT-NK,NV014,Tiền mặt,TV-43937F,TV,"Sony 65""",Daikin,2,20563594,0.02,40304644,0.08,3224371,43529015,15706000,31412000,8892644,0.2206,43529015,40304644,3224371,31412000,31412000,131-Phải thu khách hàng,511-Doanh thu bán hàng,3331-Thuế GTGT đầu ra,632-Giá vốn hàng bán,156-Hàng hóa
INV20260600984,JV20260600984,SO20260600984,2026-06-03,HCM-Q1,NV011,Thẻ,MW-1E7D48,Lò vi sóng,Sharp 20L,Xiaomi,1,1730472,0.12,1522815,0.08,121825,1644640,1196000,1196000,326815,0.2146,1644640,1522815,121825,1196000,1196000,131-Phải thu khách hàng,511-Doanh thu bán hàng,3331-Thuế GTGT đầu ra,632-Giá vốn hàng bán,156-Hàng hóa
INV20260600985,JV20260600985,SO20260600985,2026-06-02,HCM-TB,NV019,Chuyển khoản,KT-4207FB,Ấm siêu tốc,Sunhouse,Asia,2,1445271,0.05,2746014,0.08,219681,2965695,867000,1734000,1012014,0.3685,2965695,2746014,219681,1734000,1734000,131-Phải thu khách hàng,511-Doanh thu bán hàng,3331-Thuế GTGT đầu ra,632-Giá vốn hàng bán,156-Hàng hóa
INV20260600986,JV20260600986,SO20260600986,2026-06-14,HCM-Q1,NV017,Tiền mặt,AC-75386E,Máy lạnh,Mitsubishi 1.5HP,Cuckoo,3,7372169,0.13,19241361,0.08,1539308,20780669,5619000,16857000,2384361,0.1239,20780669,19241361,1539308,16857000,16857000,131-Phải thu khách hàng,511-Doanh thu bán hàng,3331-Thuế GTGT đầu ra,632-Giá vốn hàng bán,156-Hàng hóa
INV20260600987,JV20260600987,SO20260600987,2026-06-23,HN-HBT,NV023,Thẻ,KT-C76795,Ấm siêu tốc,Philips,Aqua,3,980145,0.18,2411156,0.08,192892,2604048,591000,1773000,638156,0.2647,2604048,2411156,192892,1773000,1773000,131-Phải thu khách hàng,511-Doanh thu bán hàng,3331-Thuế GTGT đầu ra,632-Giá vốn hàng bán,156-Hàng hóa
INV20260600988,JV20260600988,SO20260600988,2026-06-16,BD-TDM,NV013,Chuyển khoản,AC-076657,Máy lạnh,Mitsubishi 1.5HP,Xiaomi,1,9270498,0.1,8343448,0.08,667475,9010923,7030000,7030000,1313448,0.1574,9010923,8343448,667475,7030000,7030000,131-Phải thu khách hàng,511-Doanh thu bán hàng,3331-Thuế GTGT đầu ra,632-Giá vốn hàng bán,156-Hàng hóa
INV20260600989,JV20260600989,SO20260600989,2026-06-06,DN-HC,NV018,Thẻ,MW-2896A4,Lò vi sóng,Sharp 20L,Panasonic,1,3717023,0.1,3345320,0.08,267625,3612945,2716000,2716000,629320,0.1881,3612945,3345320,267625,2716000,2716000,131-Phải thu khách hàng,511-Doanh thu bán hàng,3331-Thuế GTGT đầu ra,632-Giá vốn hàng bán,156-Hàng hóa
INV20260600990,JV20260600990,SO20260600990,2026-06-15,BD-TDM,NV019,Chuyển khoản,AC-076657,Máy lạnh,Mitsubishi 1.5HP,Xiaomi,3,10245763,0.19,24897204,0.08,1991776,26888980,7333000,21999000,2898204,0.1164,26888980,24897204,1991776,21999000,21999000,131-Phải thu khách hàng,511-Doanh thu bán hàng,3331-Thuế GTGT đầu ra,632-Giá vốn hàng bán,156-Hàng hóa
INV20260600991,JV20260600991,SO20260600991,2026-06-19,BD-TDM,NV024,Chuyển khoản,MW-AE2881,Lò vi sóng,Panasonic 25L,Panasonic,1,2743439,0.15,2331923,0.08,186553,2518476,1916000,1916000,415923,0.1784,2518476,2331923,186553,1916000,1916000,131-Phải thu khách hàng,511-Doanh thu bán hàng,3331-Thuế GTGT đầu ra,632-Giá vốn hàng bán,156-Hàng hóa
INV20260600992,JV20260600992,SO20260600992,2026-06-05,HCM-Q7,NV007,Ví điện tử,FN-A4A668,Quạt,Asia,Cuckoo,1,2311126,0.18,1895123,0.08,151609,2046732,1657000,1657000,238123,0.1257,2046732,1895123,151609,1657000,1657000,131-Phải thu khách hàng,511-Doanh thu bán hàng,3331-Thuế GTGT đầu ra,632-Giá vốn hàng bán,156-Hàng hóa
INV20260600993,JV20260600993,SO20260600993,2026-06-13,HCM-Q1,NV007,Chuyển khoản,VC-049BC9,Máy hút bụi,Xiaomi G10,Mitsubishi,3,9017242,0.04,25969656,0.08,2077572,28047228,5878000,17634000,8335656,0.321,28047228,25969656,2077572,17634000,17634000,131-Phải thu khách hàng,511-Doanh thu bán hàng,3331-Thuế GTGT đầu ra,632-Giá vốn hàng bán,156-Hàng hóa
INV20260600994,JV20260600994,SO20260600994,2026-06-12,CT-NK,NV012,Tiền mặt,RF-1BAC8F,Tủ lạnh,Panasonic 300L,Electrolux,2,6313294,0.04,12121524,0.08,969721,13091245,5262000,10524000,1597524,0.1318,13091245,12121524,969721,10524000,10524000,131-Phải thu khách hàng,511-Doanh thu bán hàng,3331-Thuế GTGT đầu ra,632-Giá vốn hàng bán,156-Hàng hóa
INV20260600995,JV20260600995,SO20260600995,2026-06-15,DN-HC,NV015,Ví điện tử,AC-9162CC,Máy lạnh,Mitsubishi 1.5HP,Philips,1,19621129,0.01,19424917,0.08,1553993,20978910,14515000,14515000,4909917,0.2528,20978910,19424917,1553993,14515000,14515000,131-Phải thu khách hàng,511-Doanh thu bán hàng,3331-Thuế GTGT đầu ra,632-Giá vốn hàng bán,156-Hàng hóa
INV20260600996,JV20260600996,SO20260600996,2026-06-23,CT-NK,NV018,Tiền mặt,KT-C02AC0,Ấm siêu tốc,Kangaroo,Asia,2,534696,0.19,866207,0.08,69296,935503,291000,582000,284207,0.3281,935503,866207,69296,582000,582000,131-Phải thu khách hàng,511-Doanh thu bán hàng,3331-Thuế GTGT đầu ra,632-Giá vốn hàng bán,156-Hàng hóa
INV20260600997,JV20260600997,SO20260600997,2026-06-03,HCM-Q1,NV003,Trả góp,TV-F84775,TV,"Sony 65""",Xiaomi,1,19270736,0.11,17150955,0.08,1372076,18523031,16138000,16138000,1012955,0.0591,18523031,17150955,1372076,16138000,16138000,131-Phải thu khách hàng,511-Doanh thu bán hàng,3331-Thuế GTGT đầu ra,632-Giá vốn hàng bán,156-Hàng hóa
INV20260600998,JV20260600998,SO20260600998,2026-06-19,HN-CG,NV008,Tiền mặt,AC-4CE3DD,Máy lạnh,Panasonic 1.5HP,Samsung,3,13109528,0.14,33822582,0.08,2705806,36528388,9844000,29532000,4290582,0.1269,36528388,33822582,2705806,29532000,29532000,131-Phải thu khách hàng,511-Doanh thu bán hàng,3331-Thuế GTGT đầu ra,632-Giá vốn hàng bán,156-Hàng hóa
INV20260600999,JV20260600999,SO20260600999,2026-06-18,HCM-TB,NV029,Thẻ,BL-CB9EBE,Máy xay,Philips Blender,Philips,1,649860,0.15,552381,0.08,44190,596571,461000,461000,91381,0.1654,596571,552381,44190,461000,461000,131-Phải thu khách hàng,511-Doanh thu bán hàng,3331-Thuế GTGT đầu ra,632-Giá vốn hàng bán,156-Hàng hóa
INV20260601000,JV20260601000,SO20260601000,2026-06-02,HCM-Q7,NV020,Trả góp,WM-B66625,Máy giặt,Panasonic 8.5kg,Sony,3,12135752,0.08,33494675,0.08,2679574,36174249,9776000,29328000,4166675,0.1244,36174249,33494675,2679574,29328000,29328000,131-Phải thu khách hàng,511-Doanh thu bán hàng,3331-Thuế GTGT đầu ra,632-Giá vốn hàng bán,156-Hàng hóa
INV20260601001,JV20260601001,SO20260601001,2026-06-26,HN-HBT,NV006,Ví điện tử,RF-CAB84B,Tủ lạnh,Samsung Inverter 350L,Senko,2,19264502,0.05,36602553,0.08,2928204,39530757,16513000,33026000,3576553,0.0977,39530757,36602553,2928204,33026000,33026000,131-Phải thu khách hàng,511-Doanh thu bán hàng,3331-Thuế GTGT đầu ra,632-Giá vốn hàng bán,156-Hàng hóa
INV20260601002,JV20260601002,SO20260601002,2026-06-20,CT-NK,NV022,Thẻ,RC-588B19,Nồi cơm,Sunhouse 1.2L,Electrolux,3,2908664,0.04,8376952,0.08,670156,9047108,2130000,6390000,1986952,0.2372,9047108,8376952,670156,6390000,6390000,131-Phải thu khách hàng,511-Doanh thu bán hàng,3331-Thuế GTGT đầu ra,632-Giá vốn hàng bán,156-Hàng hóa
INV20260601003,JV20260601003,SO20260601003,2026-06-26,HCM-TB,NV010,Chuyển khoản,VC-3898BC,Máy hút bụi,Xiaomi G10,Toshiba,3,8876510,0.11,23700281,0.08,1896022,25596303,6329000,18987000,4713281,0.1989,25596303,23700281,1896022,18987000,18987000,131-Phải thu khách hàng,511-Doanh thu bán hàng,3331-Thuế GTGT đầu ra,632-Giá vốn hàng bán,156-Hàng hóa
INV20260601004,JV20260601004,SO20260601004,2026-06-20,HCM-Q1,NV030,Ví điện tử,KT-4BFC34,Ấm siêu tốc,Kangaroo,Sunhouse,3,513046,0.03,1492963,0.08,119437,1612400,274000,822000,670963,0.4494,1612400,1492963,119437,822000,822000,131-Phải thu khách hàng,511-Doanh thu bán hàng,3331-Thuế GTGT đầu ra,632-Giá vốn hàng bán,156-Hàng hóa
INV20260601005,JV20260601005,SO20260601005,2026-06-21,DN-HC,NV009,Chuyển khoản,RC-BC47CD,Nồi cơm,Sharp 1.8L,Aqua,1,1595963,0.13,1388487,0.08,111078,1499565,995000,995000,393487,0.2834,1499565,1388487,111078,995000,995000,131-Phải thu khách hàng,511-Doanh thu bán hàng,3331-Thuế GTGT đầu ra,632-Giá vốn hàng bán,156-Hàng hóa
INV20260601006,JV20260601006,SO20260601006,2026-06-30,CT-NK,NV007,Trả góp,MW-5F52F7,Lò vi sóng,Sharp 20L,Toshiba,1,1242452,0.08,1143055,0.08,91444,1234499,817000,817000,326055,0.2852,1234499,1143055,91444,817000,817000,131-Phải thu khách hàng,511-Doanh thu bán hàng,3331-Thuế GTGT đầu ra,632-Giá vốn hàng bán,156-Hàng hóa
INV20260601007,JV20260601007,SO20260601007,2026-06-17,HCM-TB,NV012,Tiền mặt,AC-4EC148,Máy lạnh,Mitsubishi 1.5HP,Toshiba,3,17106767,0.02,50293894,0.08,4023511,54317405,13309000,39927000,10366894,0.2061,54317405,50293894,4023511,39927000,39927000,131-Phải thu khách hàng,511-Doanh thu bán hàng,3331-Thuế GTGT đầu ra,632-Giá vốn hàng bán,156-Hàng hóa
INV20260601008,JV20260601008,SO20260601008,2026-06-05,HCM-TB,NV011,Chuyển khoản,WM-65B7F8,Máy giặt,Samsung 10kg,Sony,2,7611045,0.17,12634334,0.08,1010746,13645080,5952000,11904000,730334,0.0578,13645080,12634334,1010746,11904000,11904000,131-Phải thu khách hàng,511-Doanh thu bán hàng,3331-Thuế GTGT đầu ra,632-Giá vốn hàng bán,156-Hàng hóa
INV20260601009,JV20260601009,SO20260601009,2026-06-21,BD-TDM,NV026,Tiền mặt,KT-881318,Ấm siêu tốc,Sunhouse,Sony,1,688725,0.1,619852,0.08,49588,669440,422000,422000,197852,0.3192,669440,619852,49588,422000,422000,131-Phải thu khách hàng,511-Doanh thu bán hàng,3331-Thuế GTGT đầu ra,632-Giá vốn hàng bán,156-Hàng hóa
INV20260601010,JV20260601010,SO20260601010,2026-06-14,CT-NK,NV026,Thẻ,AC-DF5234,Máy lạnh,Daikin 1HP,Asia,3,19207396,0.11,51283747,0.08,4102699,55386446,15899000,47697000,3586747,0.0699,55386446,51283747,4102699,47697000,47697000,131-Phải thu khách hàng,511-Doanh thu bán hàng,3331-Thuế GTGT đầu ra,632-Giá vốn hàng bán,156-Hàng hóa
INV20260601011,JV20260601011,SO20260601011,2026-06-17,DN-HC,NV017,Trả góp,BL-08E06D,Máy xay,Philips Blender,Casper,2,460213,0.03,892813,0.08,71425,964238,318000,636000,256813,0.2876,964238,892813,71425,636000,636000,131-Phải thu khách hàng,511-Doanh thu bán hàng,3331-Thuế GTGT đầu ra,632-Giá vốn hàng bán,156-Hàng hóa
INV20260601012,JV20260601012,SO20260601012,2026-06-02,DN-HC,NV015,Tiền mặt,TV-3C8911,TV,LG OLED 48,Sharp,1,31992761,0.06,30073195,0.08,2405855,32479050,27219000,27219000,2854195,0.0949,32479050,30073195,2405855,27219000,27219000,131-Phải thu khách hàng,511-Doanh thu bán hàng,3331-Thuế GTGT đầu ra,632-Giá vốn hàng bán,156-Hàng hóa
INV20260601013,JV20260601013,SO20260601013,2026-06-23,CT-NK,NV012,Thẻ,AC-EA5153,Máy lạnh,Casper 1HP,Sunhouse,2,15814749,0.09,28782843,0.08,2302627,31085470,11136000,22272000,6510843,0.2262,31085470,28782843,2302627,22272000,22272000,131-Phải thu khách hàng,511-Doanh thu bán hàng,3331-Thuế GTGT đầu ra,632-Giá vốn hàng bán,156-Hàng hóa
INV20260601014,JV20260601014,SO20260601014,2026-06-17,CT-NK,NV004,Thẻ,BL-271795,Máy xay,Panasonic Blender,Sony,2,1671509,0.19,2707844,0.08,216627,2924471,947000,1894000,813844,0.3006,2924471,2707844,216627,1894000,1894000,131-Phải thu khách hàng,511-Doanh thu bán hàng,3331-Thuế GTGT đầu ra,632-Giá vốn hàng bán,156-Hàng hóa
INV20260601015,JV20260601015,SO20260601015,2026-06-27,HN-HBT,NV028,Thẻ,FN-E10178,Quạt,Panasonic,Xiaomi,1,760543,0.19,616039,0.08,49283,665322,486000,486000,130039,0.2111,665322,616039,49283,486000,486000,131-Phải thu khách hàng,511-Doanh thu bán hàng,3331-Thuế GTGT đầu ra,632-Giá vốn hàng bán,156-Hàng hóa
INV20260601016,JV20260601016,SO20260601016,2026-06-14,BD-TDM,NV011,Ví điện tử,BL-D2FACB,Máy xay,Panasonic Blender,Toshiba,3,494275,0.03,1438340,0.08,115067,1553407,278000,834000,604340,0.4202,1553407,1438340,115067,834000,834000,131-Phải thu khách hàng,511-Doanh thu bán hàng,3331-Thuế GTGT đầu ra,632-Giá vốn hàng bán,156-Hàng hóa
INV20260601017,JV20260601017,SO20260601017,2026-06-10,HN-HBT,NV011,Tiền mặt,AC-9162CC,Máy lạnh,Mitsubishi 1.5HP,Philips,1,21509305,0.11,19143281,0.08,1531462,20674743,17254000,17254000,1889281,0.0987,20674743,19143281,1531462,17254000,17254000,131-Phải thu khách hàng,511-Doanh thu bán hàng,3331-Thuế GTGT đầu ra,632-Giá vốn hàng bán,156-Hàng hóa
INV20260601018,JV20260601018,SO20260601018,2026-06-29,HCM-Q1,NV008,Ví điện tử,MW-4F3182,Lò vi sóng,Panasonic 25L,Daikin,1,2987614,0.04,2868109,0.08,229448,3097557,2102000,2102000,766109,0.2671,3097557,2868109,229448,2102000,2102000,131-Phải thu khách hàng,511-Doanh thu bán hàng,3331-Thuế GTGT đầu ra,632-Giá vốn hàng bán,156-Hàng hóa
INV20260601019,JV20260601019,SO20260601019,2026-06-12,HCM-Q1,NV029,Chuyển khoản,KT-988AF8,Ấm siêu tốc,Kangaroo,Senko,2,257577,0.16,432729,0.08,34618,467347,136000,272000,160729,0.3714,467347,432729,34618,272000,272000,131-Phải thu khách hàng,511-Doanh thu bán hàng,3331-Thuế GTGT đầu ra,632-Giá vốn hàng bán,156-Hàng hóa
INV20260601020,JV20260601020,SO20260601020,2026-06-12,HCM-Q7,NV005,Thẻ,MW-F8E59D,Lò vi sóng,Sharp 20L,Sharp,3,4773046,0.05,13603181,0.08,1088254,14691435,3496000,10488000,3115181,0.229,14691435,13603181,1088254,10488000,10488000,131-Phải thu khách hàng,511-Doanh thu bán hàng,3331-Thuế GTGT đầu ra,632-Giá vốn hàng bán,156-Hàng hóa
INV20260601021,JV20260601021,SO20260601021,2026-06-27,HN-CG,NV008,Ví điện tử,AC-0202C4,Máy lạnh,Mitsubishi 1.5HP,Senko,3,6399083,0.12,16893579,0.08,1351486,18245065,5195000,15585000,1308579,0.0775,18245065,16893579,1351486,15585000,15585000,131-Phải thu khách hàng,511-Doanh thu bán hàng,3331-Thuế GTGT đầu ra,632-Giá vốn hàng bán,156-Hàng hóa
INV20260601022,JV20260601022,SO20260601022,2026-06-02,CT-NK,NV027,Ví điện tử,BL-BE1E34,Máy xay,Panasonic Blender,Senko,2,870383,0.19,1410020,0.08,112801,1522821,484000,968000,442020,0.3135,1522821,1410020,112801,968000,968000,131-Phải thu khách hàng,511-Doanh thu bán hàng,3331-Thuế GTGT đầu ra,632-Giá vốn hàng bán,156-Hàng hóa
INV20260601023,JV20260601023,SO20260601023,2026-06-15,HCM-Q7,NV025,Chuyển khoản,RC-7580B4,Nồi cơm,Panasonic 1.8L,Panasonic,3,3582785,0.09,9781003,0.08,782480,10563483,2669000,8007000,1774003,0.1814,10563483,9781003,782480,8007000,8007000,131-Phải thu khách hàng,511-Doanh thu bán hàng,3331-Thuế GTGT đầu ra,632-Giá vốn hàng bán,156-Hàng hóa
INV20260601024,JV20260601024,SO20260601024,2026-06-21,HCM-Q7,NV011,Thẻ,KT-DB0B2F,Ấm siêu tốc,Sunhouse,Mitsubishi,1,1488359,0.09,1354406,0.08,108352,1462758,1048000,1048000,306406,0.2262,1462758,1354406,108352,1048000,1048000,131-Phải thu khách hàng,511-Doanh thu bán hàng,3331-Thuế GTGT đầu ra,632-Giá vốn hàng bán,156-Hàng hóa
INV20260601025,JV20260601025,SO20260601025,2026-06-13,BD-TDM,NV028,Thẻ,RF-BF179F,Tủ lạnh,Aqua 250L,Sunhouse,3,13486527,0.02,39650389,0.08,3172031,42822420,10834000,32502000,7148389,0.1803,42822420,39650389,3172031,32502000,32502000,131-Phải thu khách hàng,511-Doanh thu bán hàng,3331-Thuế GTGT đầu ra,632-Giá vốn hàng bán,156-Hàng hóa
INV20260601026,JV20260601026,SO20260601026,2026-06-09,CT-NK,NV017,Trả góp,BL-8778AF,Máy xay,Philips Blender,Mitsubishi,3,1917442,0.11,5119570,0.08,409565,5529135,1312000,3936000,1183570,0.2312,5529135,5119570,409565,3936000,3936000,131-Phải thu khách hàng,511-Doanh thu bán hàng,3331-Thuế GTGT đầu ra,632-Giá vốn hàng bán,156-Hàng hóa
INV20260601027,JV20260601027,SO20260601027,2026-06-05,BD-TDM,NV013,Chuyển khoản,BL-848064,Máy xay,Sunhouse Blender,Xiaomi,1,1435430,0.07,1334949,0.08,106795,1441744,1054000,1054000,280949,0.2105,1441744,1334949,106795,1054000,1054000,131-Phải thu khách hàng,511-Doanh thu bán hàng,3331-Thuế GTGT đầu ra,632-Giá vốn hàng bán,156-Hàng hóa
INV20260601028,JV20260601028,SO20260601028,2026-06-11,HN-CG,NV026,Thẻ,WM-694A64,Máy giặt,Toshiba 9kg,Mitsubishi,2,13722727,0.13,23877544,0.08,1910203,25787747,10701000,21402000,2475544,0.1037,25787747,23877544,1910203,21402000,21402000,131-Phải thu khách hàng,511-Doanh thu bán hàng,3331-Thuế GTGT đầu ra,632-Giá vốn hàng bán,156-Hàng hóa
INV20260601029,JV20260601029,SO20260601029,2026-06-01,HCM-TB,NV001,Tiền mặt,KT-A1FEF1,Ấm siêu tốc,Sunhouse,Xiaomi,2,1051350,0.07,1955510,0.08,156440,2111950,664000,1328000,627510,0.3209,2111950,1955510,156440,1328000,1328000,131-Phải thu khách hàng,511-Doanh thu bán hàng,3331-Thuế GTGT đầu ra,632-Giá vốn hàng bán,156-Hàng hóa
INV20260601030,JV20260601030,SO20260601030,2026-06-19,HCM-Q1,NV019,Tiền mặt,BL-8778AF,Máy xay,Philips Blender,Mitsubishi,1,2251346,0.18,1846103,0.08,147688,1993791,1361000,1361000,485103,0.2628,1993791,1846103,147688,1361000,1361000,131-Phải thu khách hàng,511-Doanh thu bán hàng,3331-Thuế GTGT đầu ra,632-Giá vốn hàng bán,156-Hàng hóa
INV20260601031,JV20260601031,SO20260601031,2026-06-29,HCM-Q1,NV017,Tiền mặt,MW-CC5E2E,Lò vi sóng,Electrolux 23L,Electrolux,2,4638603,0.14,7978397,0.08,638271,8616668,2950000,5900000,2078397,0.2605,8616668,7978397,638271,5900000,5900000,131-Phải thu khách hàng,511-Doanh thu bán hàng,3331-Thuế GTGT đầu ra,632-Giá vốn hàng bán,156-Hàng hóa
INV20260601032,JV20260601032,SO20260601032,2026-06-26,CT-NK,NV010,Trả góp,TV-142F73,TV,"TCL 50""",Philips,1,11710583,0.14,10071101,0.08,805688,10876789,9304000,9304000,767101,0.0762,10876789,10071101,805688,9304000,9304000,131-Phải thu khách hàng,511-Doanh thu bán hàng,3331-Thuế GTGT đầu ra,632-Giá vốn hàng bán,156-Hàng hóa
INV20260601033,JV20260601033,SO20260601033,2026-06-16,CT-NK,NV028,Trả góp,TV-57E353,TV,LG OLED 48,Sony,1,7788191,0.02,7632427,0.08,610594,8243021,6573000,6573000,1059427,0.1388,8243021,7632427,610594,6573000,6573000,131-Phải thu khách hàng,511-Doanh thu bán hàng,3331-Thuế GTGT đầu ra,632-Giá vốn hàng bán,156-Hàng hóa
INV20260601034,JV20260601034,SO20260601034,2026-06-11,HN-HBT,NV017,Thẻ,KT-B5A58C,Ấm siêu tốc,Philips,Casper,2,279292,0.19,452453,0.08,36196,488649,161000,322000,130453,0.2883,488649,452453,36196,322000,322000,131-Phải thu khách hàng,511-Doanh thu bán hàng,3331-Thuế GTGT đầu ra,632-Giá vốn hàng bán,156-Hàng hóa
INV20260601035,JV20260601035,SO20260601035,2026-06-26,DN-HC,NV001,Tiền mặt,FN-A2F97E,Quạt,Senko,Xiaomi,2,1759155,0.07,3272028,0.08,261762,3533790,1253000,2506000,766028,0.2341,3533790,3272028,261762,2506000,2506000,131-Phải thu khách hàng,511-Doanh thu bán hàng,3331-Thuế GTGT đầu ra,632-Giá vốn hàng bán,156-Hàng hóa
INV20260601036,JV20260601036,SO20260601036,2026-06-26,HCM-Q7,NV019,Thẻ,MW-E17A69,Lò vi sóng,Electrolux 23L,Xiaomi,2,1838291,0.19,2978031,0.08,238242,3216273,1162000,2324000,654031,0.2196,3216273,2978031,238242,2324000,2324000,131-Phải thu khách hàng,511-Doanh thu bán hàng,3331-Thuế GTGT đầu ra,632-Giá vốn hàng bán,156-Hàng hóa
INV20260601037,JV20260601037,SO20260601037,2026-06-09,BD-TDM,NV017,Chuyển khoản,VC-DD459E,Máy hút bụi,Dyson V8,Asia,1,3775972,0.14,3247335,0.08,259786,3507121,2424000,2424000,823335,0.2535,3507121,3247335,259786,2424000,2424000,131-Phải thu khách hàng,511-Doanh thu bán hàng,3331-Thuế GTGT đầu ra,632-Giá vốn hàng bán,156-Hàng hóa
INV20260601038,JV20260601038,SO20260601038,2026-06-12,CT-NK,NV020,Thẻ,FN-985D6E,Quạt,Panasonic,Sharp,3,1297582,0.0,3892746,0.08,311419,4204165,778000,2334000,1558746,0.4004,4204165,3892746,311419,2334000,2334000,131-Phải thu khách hàng,511-Doanh thu bán hàng,3331-Thuế GTGT đầu ra,632-Giá vốn hàng bán,156-Hàng hóa
INV20260601039,JV20260601039,SO20260601039,2026-06-10,HCM-Q1,NV013,Trả góp,WM-E62700,Máy giặt,Samsung 10kg,Xiaomi,1,17764099,0.01,17586458,0.08,1406916,18993374,14062000,14062000,3524458,0.2004,18993374,17586458,1406916,14062000,14062000,131-Phải thu khách hàng,511-Doanh thu bán hàng,3331-Thuế GTGT đầu ra,632-Giá vốn hàng bán,156-Hàng hóa
INV20260601040,JV20260601040,SO20260601040,2026-06-15,HN-CG,NV013,Thẻ,KT-BD9201,Ấm siêu tốc,Kangaroo,Aqua,3,1086821,0.19,2640975,0.08,211278,2852253,755000,2265000,375975,0.1424,2852253,2640975,211278,2265000,2265000,131-Phải thu khách hàng,511-Doanh thu bán hàng,3331-Thuế GTGT đầu ra,632-Giá vốn hàng bán,156-Hàng hóa
INV20260601041,JV20260601041,SO20260601041,2026-06-26,HCM-Q1,NV005,Chuyển khoản,RF-096A78,Tủ lạnh,LG 420L,Asia,3,12951707,0.11,34581057,0.08,2766484,37347541,10999000,32997000,1584057,0.0458,37347541,34581057,2766484,32997000,32997000,131-Phải thu khách hàng,511-Doanh thu bán hàng,3331-Thuế GTGT đầu ra,632-Giá vốn hàng bán,156-Hàng hóa
INV20260601042,JV20260601042,SO20260601042,2026-06-13,HCM-Q1,NV028,Trả góp,WM-694A64,Máy giặt,Toshiba 9kg,Mitsubishi,1,17462934,0.14,15018123,0.08,1201449,16219572,13240000,13240000,1778123,0.1184,16219572,15018123,1201449,13240000,13240000,131-Phải thu khách hàng,511-Doanh thu bán hàng,3331-Thuế GTGT đầu ra,632-Giá vốn hàng bán,156-Hàng hóa
INV20260601043,JV20260601043,SO20260601043,2026-06-12,HCM-Q1,NV012,Tiền mặt,RC-CCF100,Nồi cơm,Sharp 1.8L,Sunhouse,3,1885106,0.06,5315998,0.08,425279,5741277,1151000,3453000,1862998,0.3505,5741277,5315998,425279,3453000,3453000,131-Phải thu khách hàng,511-Doanh thu bán hàng,3331-Thuế GTGT đầu ra,632-Giá vốn hàng bán,156-Hàng hóa
INV20260601044,JV20260601044,SO20260601044,2026-06-10,HCM-Q1,NV004,Trả góp,KT-4D9F3E,Ấm siêu tốc,Kangaroo,Philips,3,529711,0.11,1414328,0.08,113146,1527474,380000,1140000,274328,0.194,1527474,1414328,113146,1140000,1140000,131-Phải thu khách hàng,511-Doanh thu bán hàng,3331-Thuế GTGT đầu ra,632-Giá vốn hàng bán,156-Hàng hóa
INV20260601045,JV20260601045,SO20260601045,2026-06-12,HN-CG,NV020,Trả góp,FN-633F9D,Quạt,Panasonic,Cuckoo,1,1348244,0.2,1078595,0.08,86287,1164882,942000,942000,136595,0.1266,1164882,1078595,86287,942000,942000,131-Phải thu khách hàng,511-Doanh thu bán hàng,3331-Thuế GTGT đầu ra,632-Giá vốn hàng bán,156-Hàng hóa
INV20260601046,JV20260601046,SO20260601046,2026-06-02,HCM-TB,NV009,Tiền mặt,FN-47B1B0,Quạt,Senko,Toshiba,2,371241,0.11,660808,0.08,52864,713672,215000,430000,230808,0.3493,713672,660808,52864,430000,430000,131-Phải thu khách hàng,511-Doanh thu bán hàng,3331-Thuế GTGT đầu ra,632-Giá vốn hàng bán,156-Hàng hóa
INV20260601047,JV20260601047,SO20260601047,2026-06-14,CT-NK,NV019,Thẻ,RC-650938,Nồi cơm,Sunhouse 1.2L,LG,1,1636956,0.09,1489629,0.08,119170,1608799,1053000,1053000,436629,0.2931,1608799,1489629,119170,1053000,1053000,131-Phải thu khách hàng,511-Doanh thu bán hàng,3331-Thuế GTGT đầu ra,632-Giá vốn hàng bán,156-Hàng hóa
INV20260601048,JV20260601048,SO20260601048,2026-06-22,BD-TDM,NV013,Thẻ,WM-565F25,Máy giặt,Samsung 10kg,Daikin,1,4876117,0.11,4339744,0.08,347179,4686923,3748000,3748000,591744,0.1364,4686923,4339744,347179,3748000,3748000,131-Phải thu khách hàng,511-Doanh thu bán hàng,3331-Thuế GTGT đầu ra,632-Giá vốn hàng bán,156-Hàng hóa
INV20260601049,JV20260601049,SO20260601049,2026-06-29,HN-HBT,NV025,Tiền mặt,VC-36242C,Máy hút bụi,Xiaomi G10,Sony,2,4273075,0.12,7520612,0.08,601648,8122260,3335000,6670000,850612,0.1131,8122260,7520612,601648,6670000,6670000,131-Phải thu khách hàng,511-Doanh thu bán hàng,3331-Thuế GTGT đầu ra,632-Giá vốn hàng bán,156-Hàng hóa
INV20260601050,JV20260601050,SO20260601050,2026-06-06,HN-CG,NV026,Ví điện tử,RF-BFD1C6,Tủ lạnh,Aqua 250L,Electrolux,3,20134950,0.03,58592704,0.08,4687416,63280120,15129000,45387000,13205704,0.2254,63280120,58592704,4687416,45387000,45387000,131-Phải thu khách hàng,511-Doanh thu bán hàng,3331-Thuế GTGT đầu ra,632-Giá vốn hàng bán,156-Hàng hóa
INV20260601051,JV20260601051,SO20260601051,2026-06-16,HN-CG,NV022,Ví điện tử,TV-65B17D,TV,"Sony 65""",Samsung,3,27402866,0.07,76453996,0.08,6116319,82570315,21490000,64470000,11983996,0.1567,82570315,76453996,6116319,64470000,64470000,131-Phải thu khách hàng,511-Doanh thu bán hàng,3331-Thuế GTGT đầu ra,632-Giá vốn hàng bán,156-Hàng hóa
INV20260601052,JV20260601052,SO20260601052,2026-06-11,HN-HBT,NV006,Trả góp,TV-BD30D1,TV,"TCL 50""",Asia,3,27790276,0.16,70031495,0.08,5602519,75634014,21981000,65943000,4088495,0.0584,75634014,70031495,5602519,65943000,65943000,131-Phải thu khách hàng,511-Doanh thu bán hàng,3331-Thuế GTGT đầu ra,632-Giá vốn hàng bán,156-Hàng hóa
INV20260601053,JV20260601053,SO20260601053,2026-06-22,HN-HBT,NV003,Ví điện tử,MW-FB2461,Lò vi sóng,Electrolux 23L,Senko,3,4771847,0.05,13599763,0.08,1087981,14687744,3227000,9681000,3918763,0.2881,14687744,13599763,1087981,9681000,9681000,131-Phải thu khách hàng,511-Doanh thu bán hàng,3331-Thuế GTGT đầu ra,632-Giá vốn hàng bán,156-Hàng hóa
INV20260601054,JV20260601054,SO20260601054,2026-06-14,HCM-Q7,NV008,Tiền mặt,WM-B368C2,Máy giặt,Samsung 10kg,Casper,1,16852148,0.12,14829890,0.08,1186391,16016281,12636000,12636000,2193890,0.1479,16016281,14829890,1186391,12636000,12636000,131-Phải thu khách hàng,511-Doanh thu bán hàng,3331-Thuế GTGT đầu ra,632-Giá vốn hàng bán,156-Hàng hóa
INV20260601055,JV20260601055,SO20260601055,2026-06-03,HCM-TB,NV005,Chuyển khoản,RF-681BCC,Tủ lạnh,LG 420L,Samsung,3,17987258,0.11,48025978,0.08,3842078,51868056,13885000,41655000,6370978,0.1327,51868056,48025978,3842078,41655000,41655000,131-Phải thu khách hàng,511-Doanh thu bán hàng,3331-Thuế GTGT đầu ra,632-Giá vốn hàng bán,156-Hàng hóa
INV20260601056,JV20260601056,SO20260601056,2026-06-23,HN-HBT,NV027,Tiền mặt,AC-B03170,Máy lạnh,Casper 1HP,Casper,1,8381882,0.0,8381882,0.08,670550,9052432,6299000,6299000,2082882,0.2485,9052432,8381882,670550,6299000,6299000,131-Phải thu khách hàng,511-Doanh thu bán hàng,3331-Thuế GTGT đầu ra,632-Giá vốn hàng bán,156-Hàng hóa
INV20260601057,JV20260601057,SO20260601057,2026-06-17,BD-TDM,NV002,Trả góp,RC-DFEBAA,Nồi cơm,Sharp 1.8L,LG,1,2047159,0.04,1965272,0.08,157221,2122493,1387000,1387000,578272,0.2942,2122493,1965272,157221,1387000,1387000,131-Phải thu khách hàng,511-Doanh thu bán hàng,3331-Thuế GTGT đầu ra,632-Giá vốn hàng bán,156-Hàng hóa
INV20260601058,JV20260601058,SO20260601058,2026-06-10,HN-CG,NV001,Chuyển khoản,TV-0CE747,TV,"Sony 65""",Casper,1,15249579,0.0,15249579,0.08,1219966,16469545,13111000,13111000,2138579,0.1402,16469545,15249579,1219966,13111000,13111000,131-Phải thu khách hàng,511-Doanh thu bán hàng,3331-Thuế GTGT đầu ra,632-Giá vốn hàng bán,156-Hàng hóa
INV20260601059,JV20260601059,SO20260601059,2026-06-27,HCM-Q1,NV007,Chuyển khoản,MW-8EA0CB,Lò vi sóng,Panasonic 25L,LG,1,4765001,0.08,4383800,0.08,350704,4734504,3660000,3660000,723800,0.1651,4734504,4383800,350704,3660000,3660000,131-Phải thu khách hàng,511-Doanh thu bán hàng,3331-Thuế GTGT đầu ra,632-Giá vốn hàng bán,156-Hàng hóa
INV20260601060,JV20260601060,SO20260601060,2026-06-06,HN-CG,NV005,Trả góp,BL-14DC96,Máy xay,Sunhouse Blender,Sony,1,2254932,0.19,1826494,0.08,146119,1972613,1393000,1393000,433494,0.2373,1972613,1826494,146119,1393000,1393000,131-Phải thu khách hàng,511-Doanh thu bán hàng,3331-Thuế GTGT đầu ra,632-Giá vốn hàng bán,156-Hàng hóa
INV20260601061,JV20260601061,SO20260601061,2026-06-21,BD-TDM,NV007,Thẻ,FN-A2F97E,Quạt,Senko,Xiaomi,3,2244255,0.1,6059488,0.08,484759,6544247,1620000,4860000,1199488,0.198,6544247,6059488,484759,4860000,4860000,131-Phải thu khách hàng,511-Doanh thu bán hàng,3331-Thuế GTGT đầu ra,632-Giá vốn hàng bán,156-Hàng hóa
INV20260601062,JV20260601062,SO20260601062,2026-06-27,HN-CG,NV002,Thẻ,VC-E19461,Máy hút bụi,Dyson V8,Panasonic,3,4443321,0.02,13063363,0.08,1045069,14108432,3268000,9804000,3259363,0.2495,14108432,13063363,1045069,9804000,9804000,131-Phải thu khách hàng,511-Doanh thu bán hàng,3331-Thuế GTGT đầu ra,632-Giá vốn hàng bán,156-Hàng hóa
INV20260601063,JV20260601063,SO20260601063,2026-06-03,CT-NK,NV009,Trả góp,WM-CFD2AA,Máy giặt,Toshiba 9kg,Philips,3,7388682,0.09,20171101,0.08,1613688,21784789,5869000,17607000,2564101,0.1271,21784789,20171101,1613688,17607000,17607000,131-Phải thu khách hàng,511-Doanh thu bán hàng,3331-Thuế GTGT đầu ra,632-Giá vốn hàng bán,156-Hàng hóa
INV20260601064,JV20260601064,SO20260601064,2026-06-13,HN-HBT,NV012,Tiền mặt,VC-90DAA9,Máy hút bụi,Dyson V8,Casper,3,2260720,0.03,6578695,0.08,526295,7104990,1649000,4947000,1631695,0.248,7104990,6578695,526295,4947000,4947000,131-Phải thu khách hàng,511-Doanh thu bán hàng,3331-Thuế GTGT đầu ra,632-Giá vốn hàng bán,156-Hàng hóa
INV20260601065,JV20260601065,SO20260601065,2026-06-24,HN-HBT,NV030,Thẻ,BL-E08C31,Máy xay,Panasonic Blender,Philips,3,1205106,0.0,3615318,0.08,289225,3904543,774000,2322000,1293318,0.3577,3904543,3615318,289225,2322000,2322000,131-Phải thu khách hàng,511-Doanh thu bán hàng,3331-Thuế GTGT đầu ra,632-Giá vốn hàng bán,156-Hàng hóa
INV20260601066,JV20260601066,SO20260601066,2026-06-05,HN-HBT,NV017,Chuyển khoản,KT-912978,Ấm siêu tốc,Sunhouse,Philips,2,603152,0.14,1037421,0.08,82993,1120414,392000,784000,253421,0.2443,1120414,1037421,82993,784000,784000,131-Phải thu khách hàng,511-Doanh thu bán hàng,3331-Thuế GTGT đầu ra,632-Giá vốn hàng bán,156-Hàng hóa
INV20260601067,JV20260601067,SO20260601067,2026-06-03,HCM-TB,NV024,Chuyển khoản,MW-A9C910,Lò vi sóng,Panasonic 25L,Sony,2,2062885,0.08,3795708,0.08,303656,4099364,1415000,2830000,965708,0.2544,4099364,3795708,303656,2830000,2830000,131-Phải thu khách hàng,511-Doanh thu bán hàng,3331-Thuế GTGT đầu ra,632-Giá vốn hàng bán,156-Hàng hóa
INV20260601068,JV20260601068,SO20260601068,2026-06-25,HN-HBT,NV020,Thẻ,WM-911CBD,Máy giặt,LG 9kg,Cuckoo,1,12016785,0.14,10334435,0.08,826754,11161189,9100000,9100000,1234435,0.1194,11161189,10334435,826754,9100000,9100000,131-Phải thu khách hàng,511-Doanh thu bán hàng,3331-Thuế GTGT đầu ra,632-Giá vốn hàng bán,156-Hàng hóa
INV20260601069,JV20260601069,SO20260601069,2026-06-01,HCM-TB,NV011,Trả góp,RC-56CDC9,Nồi cơm,Sharp 1.8L,Sharp,3,3077926,0.09,8402737,0.08,672218,9074955,2047000,6141000,2261737,0.2692,9074955,8402737,672218,6141000,6141000,131-Phải thu khách hàng,511-Doanh thu bán hàng,3331-Thuế GTGT đầu ra,632-Giá vốn hàng bán,156-Hàng hóa
INV20260601070,JV20260601070,SO20260601070,2026-06-13,CT-NK,NV021,Trả góp,VC-506EE5,Máy hút bụi,Philips FC,Sony,1,7791128,0.14,6700370,0.08,536029,7236399,5756000,5756000,944370,0.1409,7236399,6700370,536029,5756000,5756000,131-Phải thu khách hàng,511-Doanh thu bán hàng,3331-Thuế GTGT đầu ra,632-Giá vốn hàng bán,156-Hàng hóa
INV20260601071,JV20260601071,SO20260601071,2026-06-04,HN-HBT,NV004,Chuyển khoản,WM-016674,Máy giặt,Samsung 10kg,Sunhouse,2,16116097,0.07,29975940,0.08,2398075,32374015,12678000,25356000,4619940,0.1541,32374015,29975940,2398075,25356000,25356000,131-Phải thu khách hàng,511-Doanh thu bán hàng,3331-Thuế GTGT đầu ra,632-Giá vốn hàng bán,156-Hàng hóa
INV20260601072,JV20260601072,SO20260601072,2026-06-09,DN-HC,NV016,Chuyển khoản,BL-F15989,Máy xay,Philips Blender,Samsung,1,1986994,0.17,1649205,0.08,131936,1781141,1325000,1325000,324205,0.1966,1781141,1649205,131936,1325000,1325000,131-Phải thu khách hàng,511-Doanh thu bán hàng,3331-Thuế GTGT đầu ra,632-Giá vốn hàng bán,156-Hàng hóa
INV20260601073,JV20260601073,SO20260601073,2026-06-25,HN-HBT,NV020,Tiền mặt,VC-2D4AC5,Máy hút bụi,Philips FC,Toshiba,3,2178184,0.15,5554369,0.08,444349,5998718,1340000,4020000,1534369,0.2762,5998718,5554369,444349,4020000,4020000,131-Phải thu khách hàng,511-Doanh thu bán hàng,3331-Thuế GTGT đầu ra,632-Giá vốn hàng bán,156-Hàng hóa
INV20260601074,JV20260601074,SO20260601074,2026-06-14,BD-TDM,NV010,Trả góp,RC-A5EAB1,Nồi cơm,Cuckoo 1.8L,Sony,2,929574,0.02,1821965,0.08,145757,1967722,608000,1216000,605965,0.3326,1967722,1821965,145757,1216000,1216000,131-Phải thu khách hàng,511-Doanh thu bán hàng,3331-Thuế GTGT đầu ra,632-Giá vốn hàng bán,156-Hàng hóa
INV20260601075,JV20260601075,SO20260601075,2026-06-20,HN-HBT,NV021,Tiền mặt,VC-4BDADC,Máy hút bụi,Philips FC,Electrolux,3,5655714,0.18,13913056,0.08,1113044,15026100,4045000,12135000,1778056,0.1278,15026100,13913056,1113044,12135000,12135000,131-Phải thu khách hàng,511-Doanh thu bán hàng,3331-Thuế GTGT đầu ra,632-Giá vốn hàng bán,156-Hàng hóa
INV20260601076,JV20260601076,SO20260601076,2026-06-08,BD-TDM,NV015,Tiền mặt,AC-B3192D,Máy lạnh,Panasonic 1.5HP,Panasonic,1,13127624,0.02,12865071,0.08,1029205,13894276,9254000,9254000,3611071,0.2807,13894276,12865071,1029205,9254000,9254000,131-Phải thu khách hàng,511-Doanh thu bán hàng,3331-Thuế GTGT đầu ra,632-Giá vốn hàng bán,156-Hàng hóa
INV20260601077,JV20260601077,SO20260601077,2026-06-17,HCM-TB,NV026,Trả góp,RC-16E175,Nồi cơm,Cuckoo 1.8L,Panasonic,2,2957758,0.04,5678895,0.08,454311,6133206,1975000,3950000,1728895,0.3044,6133206,5678895,454311,3950000,3950000,131-Phải thu khách hàng,511-Doanh thu bán hàng,3331-Thuế GTGT đầu ra,632-Giá vốn hàng bán,156-Hàng hóa
INV20260601078,JV20260601078,SO20260601078,2026-06-19,CT-NK,NV016,Trả góp,WM-4F93AF,Máy giặt,LG 9kg,Sunhouse,3,8478428,0.09,23146108,0.08,1851688,24997796,7108000,21324000,1822108,0.0787,24997796,23146108,1851688,21324000,21324000,131-Phải thu khách hàng,511-Doanh thu bán hàng,3331-Thuế GTGT đầu ra,632-Giá vốn hàng bán,156-Hàng hóa
INV20260601079,JV20260601079,SO20260601079,2026-06-20,DN-HC,NV002,Ví điện tử,KT-F72092,Ấm siêu tốc,Sunhouse,Casper,2,1181424,0.1,2126563,0.08,170125,2296688,779000,1558000,568563,0.2674,2296688,2126563,170125,1558000,1558000,131-Phải thu khách hàng,511-Doanh thu bán hàng,3331-Thuế GTGT đầu ra,632-Giá vốn hàng bán,156-Hàng hóa
INV20260601080,JV20260601080,SO20260601080,2026-06-30,HCM-TB,NV010,Ví điện tử,RF-7AFE5C,Tủ lạnh,LG 420L,Electrolux,3,17323186,0.06,48851384,0.08,3908110,52759494,13909000,41727000,7124384,0.1458,52759494,48851384,3908110,41727000,41727000,131-Phải thu khách hàng,511-Doanh thu bán hàng,3331-Thuế GTGT đầu ra,632-Giá vốn hàng bán,156-Hàng hóa
INV20260601081,JV20260601081,SO20260601081,2026-06-08,HCM-TB,NV013,Ví điện tử,BL-8A2ABB,Máy xay,Sunhouse Blender,Aqua,1,1736052,0.06,1631888,0.08,130551,1762439,1115000,1115000,516888,0.3167,1762439,1631888,130551,1115000,1115000,131-Phải thu khách hàng,511-Doanh thu bán hàng,3331-Thuế GTGT đầu ra,632-Giá vốn hàng bán,156-Hàng hóa
INV20260601082,JV20260601082,SO20260601082,2026-06-10,HN-CG,NV030,Tiền mặt,RC-811085,Nồi cơm,Sunhouse 1.2L,Toshiba,2,1099600,0.18,1803344,0.08,144267,1947611,655000,1310000,493344,0.2736,1947611,1803344,144267,1310000,1310000,131-Phải thu khách hàng,511-Doanh thu bán hàng,3331-Thuế GTGT đầu ra,632-Giá vốn hàng bán,156-Hàng hóa
INV20260601083,JV20260601083,SO20260601083,2026-06-13,BD-TDM,NV018,Tiền mặt,MW-33B2FE,Lò vi sóng,Electrolux 23L,Samsung,2,2627563,0.03,5097472,0.08,407797,5505269,1851000,3702000,1395472,0.2738,5505269,5097472,407797,3702000,3702000,131-Phải thu khách hàng,511-Doanh thu bán hàng,3331-Thuế GTGT đầu ra,632-Giá vốn hàng bán,156-Hàng hóa
INV20260601084,JV20260601084,SO20260601084,2026-06-19,BD-TDM,NV004,Trả góp,AC-D2FD31,Máy lạnh,Panasonic 1.5HP,Toshiba,3,21843138,0.09,59631766,0.08,4770541,64402307,17070000,51210000,8421766,0.1412,64402307,59631766,4770541,51210000,51210000,131-Phải thu khách hàng,511-Doanh thu bán hàng,3331-Thuế GTGT đầu ra,632-Giá vốn hàng bán,156-Hàng hóa
INV20260601085,JV20260601085,SO20260601085,2026-06-24,HCM-TB,NV011,Trả góp,BL-B69FDD,Máy xay,Sunhouse Blender,Mitsubishi,2,2877722,0.15,4892127,0.08,391370,5283497,2117000,4234000,658127,0.1345,5283497,4892127,391370,4234000,4234000,131-Phải thu khách hàng,511-Doanh thu bán hàng,3331-Thuế GTGT đầu ra,632-Giá vốn hàng bán,156-Hàng hóa
INV20260601086,JV20260601086,SO20260601086,2026-06-30,DN-HC,NV002,Thẻ,BL-267545,Máy xay,Panasonic Blender,Cuckoo,1,751941,0.14,646669,0.08,51733,698402,510000,510000,136669,0.2113,698402,646669,51733,510000,510000,131-Phải thu khách hàng,511-Doanh thu bán hàng,3331-Thuế GTGT đầu ra,632-Giá vốn hàng bán,156-Hàng hóa
INV20260601087,JV20260601087,SO20260601087,2026-06-30,DN-HC,NV001,Ví điện tử,RC-30A967,Nồi cơm,Sharp 1.8L,Mitsubishi,3,2892838,0.09,7897447,0.08,631795,8529242,1699000,5097000,2800447,0.3546,8529242,7897447,631795,5097000,5097000,131-Phải thu khách hàng,511-Doanh thu bán hàng,3331-Thuế GTGT đầu ra,632-Giá vốn hàng bán,156-Hàng hóa
INV20260601088,JV20260601088,SO20260601088,2026-06-25,HN-CG,NV011,Tiền mặt,RF-40AAB7,Tủ lạnh,Samsung Inverter 350L,Electrolux,1,5686318,0.08,5231412,0.08,418512,5649924,4741000,4741000,490412,0.0937,5649924,5231412,418512,4741000,4741000,131-Phải thu khách hàng,511-Doanh thu bán hàng,3331-Thuế GTGT đầu ra,632-Giá vốn hàng bán,156-Hàng hóa
INV20260601089,JV20260601089,SO20260601089,2026-06-06,DN-HC,NV016,Trả góp,RF-7A08B1,Tủ lạnh,Samsung Inverter 350L,Xiaomi,2,24093043,0.03,46740503,0.08,3739240,50479743,18274000,36548000,10192503,0.2181,50479743,46740503,3739240,36548000,36548000,131-Phải thu khách hàng,511-Doanh thu bán hàng,3331-Thuế GTGT đầu ra,632-Giá vốn hàng bán,156-Hàng hóa
INV20260601090,JV20260601090,SO20260601090,2026-06-03,HCM-Q7,NV024,Thẻ,VC-98D4CD,Máy hút bụi,Xiaomi G10,Cuckoo,2,8366160,0.13,14557118,0.08,1164569,15721687,6375000,12750000,1807118,0.1241,15721687,14557118,1164569,12750000,12750000,131-Phải thu khách hàng,511-Doanh thu bán hàng,3331-Thuế GTGT đầu ra,632-Giá vốn hàng bán,156-Hàng hóa
INV20260601091,JV20260601091,SO20260601091,2026-06-16,HN-HBT,NV023,Trả góp,MW-62BD16,Lò vi sóng,Electrolux 23L,Philips,2,2755713,0.05,5235854,0.08,418868,5654722,1853000,3706000,1529854,0.2922,5654722,5235854,418868,3706000,3706000,131-Phải thu khách hàng,511-Doanh thu bán hàng,3331-Thuế GTGT đầu ra,632-Giá vốn hàng bán,156-Hàng hóa
INV20260601092,JV20260601092,SO20260601092,2026-06-21,BD-TDM,NV014,Ví điện tử,TV-0432E5,TV,"Sony 65""",Panasonic,1,15020392,0.03,14569780,0.08,1165582,15735362,11740000,11740000,2829780,0.1942,15735362,14569780,1165582,11740000,11740000,131-Phải thu khách hàng,511-Doanh thu bán hàng,3331-Thuế GTGT đầu ra,632-Giá vốn hàng bán,156-Hàng hóa
INV20260601093,JV20260601093,SO20260601093,2026-06-06,HN-CG,NV012,Ví điện tử,AC-F32BBC,Máy lạnh,Mitsubishi 1.5HP,Mitsubishi,2,20062266,0.12,35309588,0.08,2824767,38134355,16207000,32414000,2895588,0.082,38134355,35309588,2824767,32414000,32414000,131-Phải thu khách hàng,511-Doanh thu bán hàng,3331-Thuế GTGT đầu ra,632-Giá vốn hàng bán,156-Hàng hóa
INV20260601094,JV20260601094,SO20260601094,2026-06-05,HN-HBT,NV010,Thẻ,WM-B4B226,Máy giặt,Samsung 10kg,Electrolux,1,10909278,0.19,8836515,0.08,706921,9543436,8252000,8252000,584515,0.0661,9543436,8836515,706921,8252000,8252000,131-Phải thu khách hàng,511-Doanh thu bán hàng,3331-Thuế GTGT đầu ra,632-Giá vốn hàng bán,156-Hàng hóa
INV20260601095,JV20260601095,SO20260601095,2026-06-12,HCM-TB,NV022,Trả góp,TV-DCF290,TV,"Sony 65""",Sony,2,20799792,0.06,39103608,0.08,3128288,42231896,17928000,35856000,3247608,0.0831,42231896,39103608,3128288,35856000,35856000,131-Phải thu khách hàng,511-Doanh thu bán hàng,3331-Thuế GTGT đầu ra,632-Giá vốn hàng bán,156-Hàng hóa
INV20260601096,JV20260601096,SO20260601096,2026-06-22,CT-NK,NV020,Tiền mặt,KT-2036D6,Ấm siêu tốc,Kangaroo,Panasonic,1,1429558,0.04,1372375,0.08,109790,1482165,866000,866000,506375,0.369,1482165,1372375,109790,866000,866000,131-Phải thu khách hàng,511-Doanh thu bán hàng,3331-Thuế GTGT đầu ra,632-Giá vốn hàng bán,156-Hàng hóa
INV20260601097,JV20260601097,SO20260601097,2026-06-13,HCM-Q1,NV020,Tiền mặt,WM-65B7F8,Máy giặt,Samsung 10kg,Sony,1,13728769,0.06,12905042,0.08,1032403,13937445,10630000,10630000,2275042,0.1763,13937445,12905042,1032403,10630000,10630000,131-Phải thu khách hàng,511-Doanh thu bán hàng,3331-Thuế GTGT đầu ra,632-Giá vốn hàng bán,156-Hàng hóa
INV20260601098,JV20260601098,SO20260601098,2026-06-10,HN-CG,NV011,Chuyển khoản,BL-A4802F,Máy xay,Philips Blender,Daikin,2,808168,0.07,1503192,0.08,120255,1623447,579000,1158000,345192,0.2296,1623447,1503192,120255,1158000,1158000,131-Phải thu khách hàng,511-Doanh thu bán hàng,3331-Thuế GTGT đầu ra,632-Giá vốn hàng bán,156-Hàng hóa
INV20260601099,JV20260601099,SO20260601099,2026-06-30,HCM-Q1,NV003,Chuyển khoản,BL-BCB9B9,Máy xay,Panasonic Blender,Sunhouse,3,1829688,0.16,4610813,0.08,368865,4979678,1016000,3048000,1562813,0.3389,4979678,4610813,368865,3048000,3048000,131-Phải thu khách hàng,511-Doanh thu bán hàng,3331-Thuế GTGT đầu ra,632-Giá vốn hàng bán,156-Hàng hóa
INV20260601100,JV20260601100,SO20260601100,2026-06-02,HCM-Q7,NV026,Ví điện tử,RC-7580B4,Nồi cơm,Panasonic 1.8L,Panasonic,2,731304,0.08,1345599,0.08,107647,1453246,532000,1064000,281599,0.2093,1453246,1345599,107647,1064000,1064000,131-Phải thu khách hàng,511-Doanh thu bán hàng,3331-Thuế GTGT đầu ra,632-Giá vốn hàng bán,156-Hàng hóa
INV20260601101,JV20260601101,SO20260601101,2026-06-11,HN-HBT,NV002,Thẻ,RC-DA441E,Nồi cơm,Cuckoo 1.8L,Asia,2,2806079,0.02,5499914,0.08,439993,5939907,2062000,4124000,1375914,0.2502,5939907,5499914,439993,4124000,4124000,131-Phải thu khách hàng,511-Doanh thu bán hàng,3331-Thuế GTGT đầu ra,632-Giá vốn hàng bán,156-Hàng hóa
INV20260601102,JV20260601102,SO20260601102,2026-06-08,CT-NK,NV030,Ví điện tử,VC-CF166B,Máy hút bụi,Philips FC,Senko,2,4064114,0.13,7071558,0.08,565724,7637282,3035000,6070000,1001558,0.1416,7637282,7071558,565724,6070000,6070000,131-Phải thu khách hàng,511-Doanh thu bán hàng,3331-Thuế GTGT đầu ra,632-Giá vốn hàng bán,156-Hàng hóa
INV20260601103,JV20260601103,SO20260601103,2026-06-01,BD-TDM,NV020,Ví điện tử,FN-FD271D,Quạt,Senko,Mitsubishi,2,716120,0.09,1303338,0.08,104267,1407605,398000,796000,507338,0.3893,1407605,1303338,104267,796000,796000,131-Phải thu khách hàng,511-Doanh thu bán hàng,3331-Thuế GTGT đầu ra,632-Giá vốn hàng bán,156-Hàng hóa
INV20260601104,JV20260601104,SO20260601104,2026-06-18,BD-TDM,NV015,Tiền mặt,MW-75B2CD,Lò vi sóng,Panasonic 25L,Samsung,3,4132273,0.06,11653009,0.08,932240,12585249,3050000,9150000,2503009,0.2148,12585249,11653009,932240,9150000,9150000,131-Phải thu khách hàng,511-Doanh thu bán hàng,3331-Thuế GTGT đầu ra,632-Giá vốn hàng bán,156-Hàng hóa
INV20260601105,JV20260601105,SO20260601105,2026-06-02,HN-HBT,NV022,Trả góp,KT-081E4B,Ấm siêu tốc,Kangaroo,Xiaomi,1,1293004,0.06,1215423,0.08,97233,1312656,895000,895000,320423,0.2636,1312656,1215423,97233,895000,895000,131-Phải thu khách hàng,511-Doanh thu bán hàng,3331-Thuế GTGT đầu ra,632-Giá vốn hàng bán,156-Hàng hóa
INV20260601106,JV20260601106,SO20260601106,2026-06-25,DN-HC,NV015,Ví điện tử,AC-3E9D78,Máy lạnh,Mitsubishi 1.5HP,Electrolux,3,10967015,0.08,30268961,0.08,2421516,32690477,7884000,23652000,6616961,0.2186,32690477,30268961,2421516,23652000,23652000,131-Phải thu khách hàng,511-Doanh thu bán hàng,3331-Thuế GTGT đầu ra,632-Giá vốn hàng bán,156-Hàng hóa
INV20260601107,JV20260601107,SO20260601107,2026-06-21,CT-NK,NV026,Chuyển khoản,VC-87EB59,Máy hút bụi,Dyson V8,Sony,3,3081224,0.13,8041994,0.08,643359,8685353,2342000,7026000,1015994,0.1263,8685353,8041994,643359,7026000,7026000,131-Phải thu khách hàng,511-Doanh thu bán hàng,3331-Thuế GTGT đầu ra,632-Giá vốn hàng bán,156-Hàng hóa
INV20260601108,JV20260601108,SO20260601108,2026-06-03,DN-HC,NV018,Chuyển khoản,AC-D8DA6B,Máy lạnh,Daikin 1HP,Casper,1,16173674,0.2,12938939,0.08,1035115,13974054,12960000,12960000,-21061,-0.0016,13974054,12938939,1035115,12960000,12960000,131-Phải thu khách hàng,511-Doanh thu bán hàng,3331-Thuế GTGT đầu ra,632-Giá vốn hàng bán,156-Hàng hóa
INV20260601109,JV20260601109,SO20260601109,2026-06-25,DN-HC,NV021,Thẻ,WM-016674,Máy giặt,Samsung 10kg,Sunhouse,1,6433469,0.05,6111795,0.08,488943,6600738,5002000,5002000,1109795,0.1816,6600738,6111795,488943,5002000,5002000,131-Phải thu khách hàng,511-Doanh thu bán hàng,3331-Thuế GTGT đầu ra,632-Giá vốn hàng bán,156-Hàng hóa
INV20260601110,JV20260601110,SO20260601110,2026-06-19,BD-TDM,NV014,Tiền mặt,FN-C25C4D,Quạt,Senko,Asia,2,1596853,0.04,3065957,0.08,245276,3311233,1077000,2154000,911957,0.2974,3311233,3065957,245276,2154000,2154000,131-Phải thu khách hàng,511-Doanh thu bán hàng,3331-Thuế GTGT đầu ra,632-Giá vốn hàng bán,156-Hàng hóa
INV20260601111,JV20260601111,SO20260601111,2026-06-28,HN-HBT,NV027,Chuyển khoản,MW-2091D9,Lò vi sóng,Electrolux 23L,Sharp,3,3708031,0.01,11012852,0.08,881028,11893880,2481000,7443000,3569852,0.3242,11893880,11012852,881028,7443000,7443000,131-Phải thu khách hàng,511-Doanh thu bán hàng,3331-Thuế GTGT đầu ra,632-Giá vốn hàng bán,156-Hàng hóa
INV20260601112,JV20260601112,SO20260601112,2026-06-15,HCM-Q7,NV026,Tiền mặt,KT-2036D6,Ấm siêu tốc,Kangaroo,Panasonic,3,664587,0.13,1734572,0.08,138765,1873337,396000,1188000,546572,0.3151,1873337,1734572,138765,1188000,1188000,131-Phải thu khách hàng,511-Doanh thu bán hàng,3331-Thuế GTGT đầu ra,632-Giá vốn hàng bán,156-Hàng hóa
INV20260601113,JV20260601113,SO20260601113,2026-06-01,HN-HBT,NV020,Chuyển khoản,KT-912978,Ấm siêu tốc,Sunhouse,Philips,3,560461,0.04,1614127,0.08,129130,1743257,382000,1146000,468127,0.29,1743257,1614127,129130,1146000,1146000,131-Phải thu khách hàng,511-Doanh thu bán hàng,3331-Thuế GTGT đầu ra,632-Giá vốn hàng bán,156-Hàng hóa
INV20260601114,JV20260601114,SO20260601114,2026-06-08,HN-CG,NV018,Trả góp,VC-4B9FA6,Máy hút bụi,Philips FC,Aqua,1,8560058,0.14,7361649,0.08,588931,7950580,5989000,5989000,1372649,0.1865,7950580,7361649,588931,5989000,5989000,131-Phải thu khách hàng,511-Doanh thu bán hàng,3331-Thuế GTGT đầu ra,632-Giá vốn hàng bán,156-Hàng hóa
INV20260601115,JV20260601115,SO20260601115,2026-06-16,HN-HBT,NV029,Thẻ,AC-E7C43D,Máy lạnh,Panasonic 1.5HP,Casper,3,17026417,0.07,47503703,0.08,3800296,51303999,13768000,41304000,6199703,0.1305,51303999,47503703,3800296,41304000,41304000,131-Phải thu khách hàng,511-Doanh thu bán hàng,3331-Thuế GTGT đầu ra,632-Giá vốn hàng bán,156-Hàng hóa
INV20260601116,JV20260601116,SO20260601116,2026-06-27,HCM-TB,NV030,Tiền mặt,AC-9162CC,Máy lạnh,Mitsubishi 1.5HP,Philips,3,13412817,0.1,36214605,0.08,2897168,39111773,10272000,30816000,5398605,0.1491,39111773,36214605,2897168,30816000,30816000,131-Phải thu khách hàng,511-Doanh thu bán hàng,3331-Thuế GTGT đầu ra,632-Giá vốn hàng bán,156-Hàng hóa
INV20260601117,JV20260601117,SO20260601117,2026-06-18,HCM-TB,NV008,Trả góp,WM-4642FB,Máy giặt,LG 9kg,Asia,3,7994153,0.13,20864739,0.08,1669179,22533918,6280000,18840000,2024739,0.097,22533918,20864739,1669179,18840000,18840000,131-Phải thu khách hàng,511-Doanh thu bán hàng,3331-Thuế GTGT đầu ra,632-Giá vốn hàng bán,156-Hàng hóa
INV20260601118,JV20260601118,SO20260601118,2026-06-11,CT-NK,NV021,Thẻ,RF-082E8A,Tủ lạnh,Panasonic 300L,Senko,2,17840471,0.01,35324132,0.08,2825930,38150062,15031000,30062000,5262132,0.149,38150062,35324132,2825930,30062000,30062000,131-Phải thu khách hàng,511-Doanh thu bán hàng,3331-Thuế GTGT đầu ra,632-Giá vốn hàng bán,156-Hàng hóa
INV20260601119,JV20260601119,SO20260601119,2026-06-08,HCM-TB,NV016,Tiền mặt,BL-8778AF,Máy xay,Philips Blender,Mitsubishi,1,551254,0.08,507153,0.08,40572,547725,342000,342000,165153,0.3256,547725,507153,40572,342000,342000,131-Phải thu khách hàng,511-Doanh thu bán hàng,3331-Thuế GTGT đầu ra,632-Giá vốn hàng bán,156-Hàng hóa
INV20260601120,JV20260601120,SO20260601120,2026-06-13,BD-TDM,NV027,Tiền mặt,KT-80B935,Ấm siêu tốc,Kangaroo,LG,1,1020563,0.08,938917,0.08,75113,1014030,541000,541000,397917,0.4238,1014030,938917,75113,541000,541000,131-Phải thu khách hàng,511-Doanh thu bán hàng,3331-Thuế GTGT đầu ra,632-Giá vốn hàng bán,156-Hàng hóa
INV20260601121,JV20260601121,SO20260601121,2026-06-06,HCM-Q7,NV012,Chuyển khoản,RC-DF1FB9,Nồi cơm,Sunhouse 1.2L,Sunhouse,1,947209,0.02,928264,0.08,74261,1002525,708000,708000,220264,0.2373,1002525,928264,74261,708000,708000,131-Phải thu khách hàng,511-Doanh thu bán hàng,3331-Thuế GTGT đầu ra,632-Giá vốn hàng bán,156-Hàng hóa
INV20260601122,JV20260601122,SO20260601122,2026-06-23,BD-TDM,NV008,Ví điện tử,AC-D8DA6B,Máy lạnh,Daikin 1HP,Casper,1,7378968,0.18,6050753,0.08,484060,6534813,5409000,5409000,641753,0.1061,6534813,6050753,484060,5409000,5409000,131-Phải thu khách hàng,511-Doanh thu bán hàng,3331-Thuế GTGT đầu ra,632-Giá vốn hàng bán,156-Hàng hóa
INV20260601123,JV20260601123,SO20260601123,2026-06-29,HCM-Q7,NV026,Chuyển khoản,RF-847D79,Tủ lạnh,Samsung Inverter 350L,Panasonic,3,23888319,0.09,65215110,0.08,5217208,70432318,17708000,53124000,12091110,0.1854,70432318,65215110,5217208,53124000,53124000,131-Phải thu khách hàng,511-Doanh thu bán hàng,3331-Thuế GTGT đầu ra,632-Giá vốn hàng bán,156-Hàng hóa
INV20260601124,JV20260601124,SO20260601124,2026-06-22,HCM-Q7,NV017,Thẻ,RF-E5D449,Tủ lạnh,Aqua 250L,Cuckoo,2,7390101,0.01,14632399,0.08,1170591,15802990,5932000,11864000,2768399,0.1892,15802990,14632399,1170591,11864000,11864000,131-Phải thu khách hàng,511-Doanh thu bán hàng,3331-Thuế GTGT đầu ra,632-Giá vốn hàng bán,156-Hàng hóa
INV20260601125,JV20260601125,SO20260601125,2026-06-21,DN-HC,NV023,Tiền mặt,MW-AE2881,Lò vi sóng,Panasonic 25L,Panasonic,1,5017651,0.02,4917297,0.08,393383,5310680,3492000,3492000,1425297,0.2899,5310680,4917297,393383,3492000,3492000,131-Phải thu khách hàng,511-Doanh thu bán hàng,3331-Thuế GTGT đầu ra,632-Giá vốn hàng bán,156-Hàng hóa
INV20260601126,JV20260601126,SO20260601126,2026-06-17,DN-HC,NV026,Chuyển khoản,FN-02E143,Quạt,Senko,Sony,2,1002350,0.08,1844324,0.08,147545,1991869,638000,1276000,568324,0.3081,1991869,1844324,147545,1276000,1276000,131-Phải thu khách hàng,511-Doanh thu bán hàng,3331-Thuế GTGT đầu ra,632-Giá vốn hàng bán,156-Hàng hóa
INV20260601127,JV20260601127,SO20260601127,2026-06-16,CT-NK,NV002,Ví điện tử,KT-EFA122,Ấm siêu tốc,Sunhouse,Daikin,3,903108,0.13,2357111,0.08,188568,2545679,562000,1686000,671111,0.2847,2545679,2357111,188568,1686000,1686000,131-Phải thu khách hàng,511-Doanh thu bán hàng,3331-Thuế GTGT đầu ra,632-Giá vốn hàng bán,156-Hàng hóa
INV20260601128,JV20260601128,SO20260601128,2026-06-22,BD-TDM,NV011,Trả góp,RC-120EAC,Nồi cơm,Sunhouse 1.2L,Sharp,3,2084830,0.18,5128681,0.08,410294,5538975,1425000,4275000,853681,0.1665,5538975,5128681,410294,4275000,4275000,131-Phải thu khách hàng,511-Doanh thu bán hàng,3331-Thuế GTGT đầu ra,632-Giá vốn hàng bán,156-Hàng hóa
INV20260601129,JV20260601129,SO20260601129,2026-06-14,HCM-Q7,NV019,Chuyển khoản,MW-640EAD,Lò vi sóng,Sharp 20L,LG,2,5060207,0.06,9513189,0.08,761055,10274244,3235000,6470000,3043189,0.3199,10274244,9513189,761055,6470000,6470000,131-Phải thu khách hàng,511-Doanh thu bán hàng,3331-Thuế GTGT đầu ra,632-Giá vốn hàng bán,156-Hàng hóa
INV20260601130,JV20260601130,SO20260601130,2026-06-12,BD-TDM,NV024,Trả góp,BL-A4BCD6,Máy xay,Philips Blender,Sunhouse,3,1264113,0.07,3526875,0.08,282150,3809025,915000,2745000,781875,0.2217,3809025,3526875,282150,2745000,2745000,131-Phải thu khách hàng,511-Doanh thu bán hàng,3331-Thuế GTGT đầu ra,632-Giá vốn hàng bán,156-Hàng hóa
INV20260601131,JV20260601131,SO20260601131,2026-06-01,HN-HBT,NV011,Ví điện tử,TV-74BDA3,TV,LG OLED 48,Sunhouse,3,7910223,0.11,21120295,0.08,1689623,22809918,6637000,19911000,1209295,0.0573,22809918,21120295,1689623,19911000,19911000,131-Phải thu khách hàng,511-Doanh thu bán hàng,3331-Thuế GTGT đầu ra,632-Giá vốn hàng bán,156-Hàng hóa
INV20260601132,JV20260601132,SO20260601132,2026-06-15,HCM-Q1,NV018,Thẻ,FN-5D5A92,Quạt,Asia,Casper,3,1186822,0.06,3346838,0.08,267747,3614585,722000,2166000,1180838,0.3528,3614585,3346838,267747,2166000,2166000,131-Phải thu khách hàng,511-Doanh thu bán hàng,3331-Thuế GTGT đầu ra,632-Giá vốn hàng bán,156-Hàng hóa
INV20260601133,JV20260601133,SO20260601133,2026-06-10,DN-HC,NV026,Chuyển khoản,TV-C718CB,TV,"Samsung 55"" 4K",Xiaomi,3,24611744,0.13,64236651,0.08,5138932,69375583,19000000,57000000,7236651,0.1127,69375583,64236651,5138932,57000000,57000000,131-Phải thu khách hàng,511-Doanh thu bán hàng,3331-Thuế GTGT đầu ra,632-Giá vốn hàng bán,156-Hàng hóa
INV20260601134,JV20260601134,SO20260601134,2026-06-09,HN-CG,NV027,Thẻ,VC-9C3BA7,Máy hút bụi,Xiaomi G10,Xiaomi,3,3501872,0.19,8509548,0.08,680763,9190311,2133000,6399000,2110548,0.248,9190311,8509548,680763,6399000,6399000,131-Phải thu khách hàng,511-Doanh thu bán hàng,3331-Thuế GTGT đầu ra,632-Giá vốn hàng bán,156-Hàng hóa
INV20260601135,JV20260601135,SO20260601135,2026-06-13,BD-TDM,NV002,Ví điện tử,KT-01C6B2,Ấm siêu tốc,Kangaroo,Electrolux,2,935499,0.17,1552928,0.08,124234,1677162,624000,1248000,304928,0.1964,1677162,1552928,124234,1248000,1248000,131-Phải thu khách hàng,511-Doanh thu bán hàng,3331-Thuế GTGT đầu ra,632-Giá vốn hàng bán,156-Hàng hóa
INV20260601136,JV20260601136,SO20260601136,2026-06-19,HCM-Q1,NV013,Trả góp,FN-464655,Quạt,Panasonic,Toshiba,1,1388214,0.16,1166099,0.08,93287,1259386,852000,852000,314099,0.2694,1259386,1166099,93287,852000,852000,131-Phải thu khách hàng,511-Doanh thu bán hàng,3331-Thuế GTGT đầu ra,632-Giá vốn hàng bán,156-Hàng hóa
INV20260601137,JV20260601137,SO20260601137,2026-06-18,HCM-TB,NV028,Tiền mặt,RC-24D4CE,Nồi cơm,Sunhouse 1.2L,Philips,1,2445613,0.2,1956490,0.08,156519,2113009,1793000,1793000,163490,0.0836,2113009,1956490,156519,1793000,1793000,131-Phải thu khách hàng,511-Doanh thu bán hàng,3331-Thuế GTGT đầu ra,632-Giá vốn hàng bán,156-Hàng hóa
INV20260601138,JV20260601138,SO20260601138,2026-06-17,HN-CG,NV024,Tiền mặt,WM-917ACE,Máy giặt,Panasonic 8.5kg,Philips,3,9849361,0.1,26593274,0.08,2127461,28720735,7645000,22935000,3658274,0.1376,28720735,26593274,2127461,22935000,22935000,131-Phải thu khách hàng,511-Doanh thu bán hàng,3331-Thuế GTGT đầu ra,632-Giá vốn hàng bán,156-Hàng hóa
INV20260601139,JV20260601139,SO20260601139,2026-06-13,HN-CG,NV002,Thẻ,MW-AE2881,Lò vi sóng,Panasonic 25L,Panasonic,2,1864607,0.1,3356292,0.08,268503,3624795,1207000,2414000,942292,0.2808,3624795,3356292,268503,2414000,2414000,131-Phải thu khách hàng,511-Doanh thu bán hàng,3331-Thuế GTGT đầu ra,632-Giá vốn hàng bán,156-Hàng hóa
INV20260601140,JV20260601140,SO20260601140,2026-06-19,HCM-Q1,NV015,Thẻ,VC-C98E79,Máy hút bụi,Dyson V8,LG,2,3621088,0.06,6807645,0.08,544611,7352256,2660000,5320000,1487645,0.2185,7352256,6807645,544611,5320000,5320000,131-Phải thu khách hàng,511-Doanh thu bán hàng,3331-Thuế GTGT đầu ra,632-Giá vốn hàng bán,156-Hàng hóa
INV20260601141,JV20260601141,SO20260601141,2026-06-09,HN-HBT,NV019,Ví điện tử,TV-652BA6,TV,LG OLED 48,Senko,2,12309103,0.0,24618206,0.08,1969456,26587662,10578000,21156000,3462206,0.1406,26587662,24618206,1969456,21156000,21156000,131-Phải thu khách hàng,511-Doanh thu bán hàng,3331-Thuế GTGT đầu ra,632-Giá vốn hàng bán,156-Hàng hóa
INV20260601142,JV20260601142,SO20260601142,2026-06-08,DN-HC,NV028,Ví điện tử,FN-1B187A,Quạt,Panasonic,Panasonic,1,780014,0.15,663011,0.08,53040,716051,457000,457000,206011,0.3107,716051,663011,53040,457000,457000,131-Phải thu khách hàng,511-Doanh thu bán hàng,3331-Thuế GTGT đầu ra,632-Giá vốn hàng bán,156-Hàng hóa
INV20260601143,JV20260601143,SO20260601143,2026-06-07,HCM-TB,NV004,Tiền mặt,FN-05A833,Quạt,Asia,Aqua,2,980257,0.18,1607621,0.08,128609,1736230,675000,1350000,257621,0.1602,1736230,1607621,128609,1350000,1350000,131-Phải thu khách hàng,511-Doanh thu bán hàng,3331-Thuế GTGT đầu ra,632-Giá vốn hàng bán,156-Hàng hóa
INV20260601144,JV20260601144,SO20260601144,2026-06-04,HN-CG,NV027,Trả góp,KT-3F3135,Ấm siêu tốc,Sunhouse,Sharp,2,952583,0.05,1809907,0.08,144792,1954699,550000,1100000,709907,0.3922,1954699,1809907,144792,1100000,1100000,131-Phải thu khách hàng,511-Doanh thu bán hàng,3331-Thuế GTGT đầu ra,632-Giá vốn hàng bán,156-Hàng hóa
INV20260601145,JV20260601145,SO20260601145,2026-06-22,HCM-TB,NV011,Chuyển khoản,FN-A7C1D9,Quạt,Asia,LG,3,1896324,0.03,5518302,0.08,441464,5959766,1347000,4041000,1477302,0.2677,5959766,5518302,441464,4041000,4041000,131-Phải thu khách hàng,511-Doanh thu bán hàng,3331-Thuế GTGT đầu ra,632-Giá vốn hàng bán,156-Hàng hóa
INV20260601146,JV20260601146,SO20260601146,2026-06-04,DN-HC,NV008,Ví điện tử,MW-CC5E2E,Lò vi sóng,Electrolux 23L,Electrolux,3,1564446,0.17,3895470,0.08,311637,4207107,1010000,3030000,865470,0.2222,4207107,3895470,311637,3030000,3030000,131-Phải thu khách hàng,511-Doanh thu bán hàng,3331-Thuế GTGT đầu ra,632-Giá vốn hàng bán,156-Hàng hóa
INV20260601147,JV20260601147,SO20260601147,2026-06-17,HCM-TB,NV027,Chuyển khoản,MW-1E7D48,Lò vi sóng,Sharp 20L,Xiaomi,2,4679967,0.13,8143142,0.08,651451,8794593,3572000,7144000,999142,0.1227,8794593,8143142,651451,7144000,7144000,131-Phải thu khách hàng,511-Doanh thu bán hàng,3331-Thuế GTGT đầu ra,632-Giá vốn hàng bán,156-Hàng hóa
INV20260601148,JV20260601148,SO20260601148,2026-06-08,HN-CG,NV005,Ví điện tử,KT-619E7F,Ấm siêu tốc,Sunhouse,Cuckoo,3,1271678,0.19,3090177,0.08,247214,3337391,736000,2208000,882177,0.2855,3337391,3090177,247214,2208000,2208000,131-Phải thu khách hàng,511-Doanh thu bán hàng,3331-Thuế GTGT đầu ra,632-Giá vốn hàng bán,156-Hàng hóa
INV20260601149,JV20260601149,SO20260601149,2026-06-14,HCM-Q1,NV002,Trả góp,FN-AEDFD9,Quạt,Panasonic,Sony,1,2041671,0.02,2000837,0.08,160066,2160903,1228000,1228000,772837,0.3863,2160903,2000837,160066,1228000,1228000,131-Phải thu khách hàng,511-Doanh thu bán hàng,3331-Thuế GTGT đầu ra,632-Giá vốn hàng bán,156-Hàng hóa
INV20260601150,JV20260601150,SO20260601150,2026-06-28,HN-HBT,NV016,Thẻ,FN-1B187A,Quạt,Panasonic,Panasonic,2,1655872,0.2,2649395,0.08,211951,2861346,1014000,2028000,621395,0.2345,2861346,2649395,211951,2028000,2028000,131-Phải thu khách hàng,511-Doanh thu bán hàng,3331-Thuế GTGT đầu ra,632-Giá vốn hàng bán,156-Hàng hóa
INV20260601151,JV20260601151,SO20260601151,2026-06-11,CT-NK,NV009,Thẻ,AC-EA5153,Máy lạnh,Casper 1HP,Sunhouse,2,7374852,0.12,12979739,0.08,1038379,14018118,6055000,12110000,869739,0.067,14018118,12979739,1038379,12110000,12110000,131-Phải thu khách hàng,511-Doanh thu bán hàng,3331-Thuế GTGT đầu ra,632-Giá vốn hàng bán,156-Hàng hóa
INV20260601152,JV20260601152,SO20260601152,2026-06-10,HN-CG,NV026,Trả góp,BL-A4802F,Máy xay,Philips Blender,Daikin,3,2040464,0.16,5141969,0.08,411357,5553326,1202000,3606000,1535969,0.2987,5553326,5141969,411357,3606000,3606000,131-Phải thu khách hàng,511-Doanh thu bán hàng,3331-Thuế GTGT đầu ra,632-Giá vốn hàng bán,156-Hàng hóa
INV20260601153,JV20260601153,SO20260601153,2026-06-06,HCM-Q7,NV022,Chuyển khoản,VC-C98E79,Máy hút bụi,Dyson V8,LG,2,3414395,0.03,6623926,0.08,529914,7153840,2312000,4624000,1999926,0.3019,7153840,6623926,529914,4624000,4624000,131-Phải thu khách hàng,511-Doanh thu bán hàng,3331-Thuế GTGT đầu ra,632-Giá vốn hàng bán,156-Hàng hóa
INV20260601154,JV20260601154,SO20260601154,2026-06-20,HN-CG,NV015,Ví điện tử,FN-AB0CC6,Quạt,Asia,Xiaomi,3,2013044,0.07,5616392,0.08,449311,6065703,1440000,4320000,1296392,0.2308,6065703,5616392,449311,4320000,4320000,131-Phải thu khách hàng,511-Doanh thu bán hàng,3331-Thuế GTGT đầu ra,632-Giá vốn hàng bán,156-Hàng hóa
INV20260601155,JV20260601155,SO20260601155,2026-06-04,HCM-TB,NV025,Tiền mặt,KT-8BE75F,Ấm siêu tốc,Kangaroo,Samsung,3,955742,0.02,2809881,0.08,224790,3034671,676000,2028000,781881,0.2783,3034671,2809881,224790,2028000,2028000,131-Phải thu khách hàng,511-Doanh thu bán hàng,3331-Thuế GTGT đầu ra,632-Giá vốn hàng bán,156-Hàng hóa
INV20260601156,JV20260601156,SO20260601156,2026-06-21,BD-TDM,NV030,Tiền mặt,RC-4E5AAE,Nồi cơm,Panasonic 1.8L,Sony,1,2171315,0.06,2041036,0.08,163282,2204318,1307000,1307000,734036,0.3596,2204318,2041036,163282,1307000,1307000,131-Phải thu khách hàng,511-Doanh thu bán hàng,3331-Thuế GTGT đầu ra,632-Giá vốn hàng bán,156-Hàng hóa
INV20260601157,JV20260601157,SO20260601157,2026-06-23,HCM-Q1,NV010,Thẻ,BL-AED849,Máy xay,Panasonic Blender,Electrolux,1,2027548,0.19,1642313,0.08,131385,1773698,1259000,1259000,383313,0.2334,1773698,1642313,131385,1259000,1259000,131-Phải thu khách hàng,511-Doanh thu bán hàng,3331-Thuế GTGT đầu ra,632-Giá vốn hàng bán,156-Hàng hóa
INV20260601158,JV20260601158,SO20260601158,2026-06-03,HCM-Q1,NV025,Thẻ,AC-E66A0A,Máy lạnh,Daikin 1HP,Mitsubishi,3,7134551,0.07,19905397,0.08,1592431,21497828,5659000,16977000,2928397,0.1471,21497828,19905397,1592431,16977000,16977000,131-Phải thu khách hàng,511-Doanh thu bán hàng,3331-Thuế GTGT đầu ra,632-Giá vốn hàng bán,156-Hàng hóa
INV20260601159,JV20260601159,SO20260601159,2026-06-14,HN-CG,NV001,Chuyển khoản,RC-6D8DC1,Nồi cơm,Panasonic 1.8L,Xiaomi,3,2826829,0.01,8395682,0.08,671654,9067336,2140000,6420000,1975682,0.2353,9067336,8395682,671654,6420000,6420000,131-Phải thu khách hàng,511-Doanh thu bán hàng,3331-Thuế GTGT đầu ra,632-Giá vốn hàng bán,156-Hàng hóa
INV20260601160,JV20260601160,SO20260601160,2026-06-18,HN-CG,NV030,Trả góp,BL-653303,Máy xay,Sunhouse Blender,Philips,2,405436,0.15,689241,0.08,55139,744380,249000,498000,191241,0.2775,744380,689241,55139,498000,498000,131-Phải thu khách hàng,511-Doanh thu bán hàng,3331-Thuế GTGT đầu ra,632-Giá vốn hàng bán,156-Hàng hóa
INV20260601161,JV20260601161,SO20260601161,2026-06-03,HCM-Q1,NV002,Tiền mặt,VC-98D4CD,Máy hút bụi,Xiaomi G10,Cuckoo,2,5336938,0.06,10033443,0.08,802675,10836118,3322000,6644000,3389443,0.3378,10836118,10033443,802675,6644000,6644000,131-Phải thu khách hàng,511-Doanh thu bán hàng,3331-Thuế GTGT đầu ra,632-Giá vốn hàng bán,156-Hàng hóa
INV20260601162,JV20260601162,SO20260601162,2026-06-24,BD-TDM,NV027,Chuyển khoản,RC-93DC24,Nồi cơm,Cuckoo 1.8L,Mitsubishi,3,1270827,0.19,3088109,0.08,247048,3335157,916000,2748000,340109,0.1101,3335157,3088109,247048,2748000,2748000,131-Phải thu khách hàng,511-Doanh thu bán hàng,3331-Thuế GTGT đầu ra,632-Giá vốn hàng bán,156-Hàng hóa
INV20260601163,JV20260601163,SO20260601163,2026-06-24,DN-HC,NV027,Ví điện tử,TV-0432E5,TV,"Sony 65""",Panasonic,1,20863260,0.08,19194199,0.08,1535535,20729734,16587000,16587000,2607199,0.1358,20729734,19194199,1535535,16587000,16587000,131-Phải thu khách hàng,511-Doanh thu bán hàng,3331-Thuế GTGT đầu ra,632-Giá vốn hàng bán,156-Hàng hóa
INV20260601164,JV20260601164,SO20260601164,2026-06-14,CT-NK,NV014,Chuyển khoản,RF-4D4BA4,Tủ lạnh,Aqua 250L,Philips,2,7723348,0.16,12975224,0.08,1038017,14013241,6096000,12192000,783224,0.0604,14013241,12975224,1038017,12192000,12192000,131-Phải thu khách hàng,511-Doanh thu bán hàng,3331-Thuế GTGT đầu ra,632-Giá vốn hàng bán,156-Hàng hóa
INV20260601165,JV20260601165,SO20260601165,2026-06-08,BD-TDM,NV017,Ví điện tử,KT-9065A4,Ấm siêu tốc,Philips,Mitsubishi,1,1172975,0.05,1114326,0.08,89146,1203472,792000,792000,322326,0.2893,1203472,1114326,89146,792000,792000,131-Phải thu khách hàng,511-Doanh thu bán hàng,3331-Thuế GTGT đầu ra,632-Giá vốn hàng bán,156-Hàng hóa
INV20260601166,JV20260601166,SO20260601166,2026-06-11,HCM-Q1,NV015,Tiền mặt,RC-BC47CD,Nồi cơm,Sharp 1.8L,Aqua,3,3698757,0.14,9542793,0.08,763423,10306216,2433000,7299000,2243793,0.2351,10306216,9542793,763423,7299000,7299000,131-Phải thu khách hàng,511-Doanh thu bán hàng,3331-Thuế GTGT đầu ra,632-Giá vốn hàng bán,156-Hàng hóa
INV20260601167,JV20260601167,SO20260601167,2026-06-06,HN-CG,NV027,Ví điện tử,WM-9F9723,Máy giặt,LG 9kg,Mitsubishi,1,7223198,0.01,7150966,0.08,572077,7723043,5735000,5735000,1415966,0.198,7723043,7150966,572077,5735000,5735000,131-Phải thu khách hàng,511-Doanh thu bán hàng,3331-Thuế GTGT đầu ra,632-Giá vốn hàng bán,156-Hàng hóa
INV20260601168,JV20260601168,SO20260601168,2026-06-04,HN-HBT,NV002,Tiền mặt,AC-A7840C,Máy lạnh,Mitsubishi 1.5HP,Panasonic,3,19765891,0.02,58111719,0.08,4648937,62760656,14667000,44001000,14110719,0.2428,62760656,58111719,4648937,44001000,44001000,131-Phải thu khách hàng,511-Doanh thu bán hàng,3331-Thuế GTGT đầu ra,632-Giá vốn hàng bán,156-Hàng hóa
INV20260601169,JV20260601169,SO20260601169,2026-06-01,HCM-Q1,NV011,Chuyển khoản,AC-FFF461,Máy lạnh,Mitsubishi 1.5HP,LG,1,9971880,0.17,8276660,0.08,662132,8938792,8020000,8020000,256660,0.031,8938792,8276660,662132,8020000,8020000,131-Phải thu khách hàng,511-Doanh thu bán hàng,3331-Thuế GTGT đầu ra,632-Giá vốn hàng bán,156-Hàng hóa
INV20260601170,JV20260601170,SO20260601170,2026-06-28,HCM-TB,NV026,Thẻ,VC-09CEE7,Máy hút bụi,Dyson V8,Philips,2,5699382,0.03,11056801,0.08,884544,11941345,3890000,7780000,3276801,0.2964,11941345,11056801,884544,7780000,7780000,131-Phải thu khách hàng,511-Doanh thu bán hàng,3331-Thuế GTGT đầu ra,632-Giá vốn hàng bán,156-Hàng hóa
INV20260601171,JV20260601171,SO20260601171,2026-06-07,HCM-TB,NV028,Chuyển khoản,WM-233DAD,Máy giặt,LG 9kg,Toshiba,1,6407224,0.13,5574284,0.08,445942,6020226,4715000,4715000,859284,0.1542,6020226,5574284,445942,4715000,4715000,131-Phải thu khách hàng,511-Doanh thu bán hàng,3331-Thuế GTGT đầu ra,632-Giá vốn hàng bán,156-Hàng hóa
INV20260601172,JV20260601172,SO20260601172,2026-06-24,CT-NK,NV001,Ví điện tử,FN-E6A9CC,Quạt,Panasonic,Asia,3,911215,0.03,2651635,0.08,212130,2863765,529000,1587000,1064635,0.4015,2863765,2651635,212130,1587000,1587000,131-Phải thu khách hàng,511-Doanh thu bán hàng,3331-Thuế GTGT đầu ra,632-Giá vốn hàng bán,156-Hàng hóa
INV20260601173,JV20260601173,SO20260601173,2026-06-25,HCM-TB,NV024,Ví điện tử,TV-367380,TV,"Sony 65""",Sharp,2,7203161,0.09,13109753,0.08,1048780,14158533,6080000,12160000,949753,0.0724,14158533,13109753,1048780,12160000,12160000,131-Phải thu khách hàng,511-Doanh thu bán hàng,3331-Thuế GTGT đầu ra,632-Giá vốn hàng bán,156-Hàng hóa
INV20260601174,JV20260601174,SO20260601174,2026-06-13,HCM-Q1,NV012,Thẻ,KT-7A47B5,Ấm siêu tốc,Sunhouse,Sunhouse,2,328434,0.14,564906,0.08,45192,610098,198000,396000,168906,0.299,610098,564906,45192,396000,396000,131-Phải thu khách hàng,511-Doanh thu bán hàng,3331-Thuế GTGT đầu ra,632-Giá vốn hàng bán,156-Hàng hóa
INV20260601175,JV20260601175,SO20260601175,2026-06-28,DN-HC,NV007,Trả góp,AC-029767,Máy lạnh,Daikin 1HP,Sunhouse,1,14850568,0.13,12919994,0.08,1033599,13953593,11198000,11198000,1721994,0.1333,13953593,12919994,1033599,11198000,11198000,131-Phải thu khách hàng,511-Doanh thu bán hàng,3331-Thuế GTGT đầu ra,632-Giá vốn hàng bán,156-Hàng hóa
INV20260601176,JV20260601176,SO20260601176,2026-06-08,HCM-TB,NV022,Chuyển khoản,VC-8A6FDF,Máy hút bụi,Dyson V8,Samsung,2,8628289,0.18,14150393,0.08,1132031,15282424,5480000,10960000,3190393,0.2255,15282424,14150393,1132031,10960000,10960000,131-Phải thu khách hàng,511-Doanh thu bán hàng,3331-Thuế GTGT đầu ra,632-Giá vốn hàng bán,156-Hàng hóa
INV20260601177,JV20260601177,SO20260601177,2026-06-01,BD-TDM,NV004,Ví điện tử,RF-AA103D,Tủ lạnh,Panasonic 300L,Sunhouse,1,5147050,0.17,4272051,0.08,341764,4613815,4274000,4274000,-1949,-0.0005,4613815,4272051,341764,4274000,4274000,131-Phải thu khách hàng,511-Doanh thu bán hàng,3331-Thuế GTGT đầu ra,632-Giá vốn hàng bán,156-Hàng hóa
INV20260601178,JV20260601178,SO20260601178,2026-06-25,HCM-Q7,NV023,Trả góp,VC-36242C,Máy hút bụi,Xiaomi G10,Sony,3,6855668,0.19,16659273,0.08,1332741,17992014,4514000,13542000,3117273,0.1871,17992014,16659273,1332741,13542000,13542000,131-Phải thu khách hàng,511-Doanh thu bán hàng,3331-Thuế GTGT đầu ra,632-Giá vốn hàng bán,156-Hàng hóa
INV20260601179,JV20260601179,SO20260601179,2026-06-10,HCM-TB,NV027,Tiền mặt,TV-43365F,TV,"Samsung 55"" 4K",Cuckoo,2,14111668,0.08,25965469,0.08,2077237,28042706,12018000,24036000,1929469,0.0743,28042706,25965469,2077237,24036000,24036000,131-Phải thu khách hàng,511-Doanh thu bán hàng,3331-Thuế GTGT đầu ra,632-Giá vốn hàng bán,156-Hàng hóa
INV20260601180,JV20260601180,SO20260601180,2026-06-10,HN-HBT,NV020,Tiền mặt,KT-DB0B2F,Ấm siêu tốc,Sunhouse,Mitsubishi,2,638302,0.03,1238305,0.08,99064,1337369,345000,690000,548305,0.4428,1337369,1238305,99064,690000,690000,131-Phải thu khách hàng,511-Doanh thu bán hàng,3331-Thuế GTGT đầu ra,632-Giá vốn hàng bán,156-Hàng hóa
INV20260601181,JV20260601181,SO20260601181,2026-06-23,HCM-TB,NV021,Ví điện tử,KT-60A177,Ấm siêu tốc,Kangaroo,Cuckoo,1,346025,0.08,318343,0.08,25467,343810,193000,193000,125343,0.3937,343810,318343,25467,193000,193000,131-Phải thu khách hàng,511-Doanh thu bán hàng,3331-Thuế GTGT đầu ra,632-Giá vốn hàng bán,156-Hàng hóa
INV20260601182,JV20260601182,SO20260601182,2026-06-03,BD-TDM,NV003,Trả góp,RF-742B7E,Tủ lạnh,Samsung Inverter 350L,Asia,1,18077931,0.1,16270137,0.08,1301610,17571747,14010000,14010000,2260137,0.1389,17571747,16270137,1301610,14010000,14010000,131-Phải thu khách hàng,511-Doanh thu bán hàng,3331-Thuế GTGT đầu ra,632-Giá vốn hàng bán,156-Hàng hóa
INV20260601183,JV20260601183,SO20260601183,2026-06-02,HN-HBT,NV013,Thẻ,RC-DBD450,Nồi cơm,Cuckoo 1.8L,Senko,1,647604,0.13,563415,0.08,45073,608488,424000,424000,139415,0.2474,608488,563415,45073,424000,424000,131-Phải thu khách hàng,511-Doanh thu bán hàng,3331-Thuế GTGT đầu ra,632-Giá vốn hàng bán,156-Hàng hóa
INV20260601184,JV20260601184,SO20260601184,2026-06-26,HN-HBT,NV022,Trả góp,KT-01C6B2,Ấm siêu tốc,Kangaroo,Electrolux,2,799059,0.15,1358400,0.08,108672,1467072,466000,932000,426400,0.3139,1467072,1358400,108672,932000,932000,131-Phải thu khách hàng,511-Doanh thu bán hàng,3331-Thuế GTGT đầu ra,632-Giá vốn hàng bán,156-Hàng hóa
INV20260601185,JV20260601185,SO20260601185,2026-06-10,HCM-TB,NV015,Chuyển khoản,MW-73FD95,Lò vi sóng,Sharp 20L,Asia,2,3014619,0.05,5727776,0.08,458222,6185998,1910000,3820000,1907776,0.3331,6185998,5727776,458222,3820000,3820000,131-Phải thu khách hàng,511-Doanh thu bán hàng,3331-Thuế GTGT đầu ra,632-Giá vốn hàng bán,156-Hàng hóa
INV20260601186,JV20260601186,SO20260601186,2026-06-30,HCM-Q1,NV029,Thẻ,WM-6CA151,Máy giặt,LG 9kg,Philips,2,14344127,0.11,25532546,0.08,2042603,27575149,10670000,21340000,4192546,0.1642,27575149,25532546,2042603,21340000,21340000,131-Phải thu khách hàng,511-Doanh thu bán hàng,3331-Thuế GTGT đầu ra,632-Giá vốn hàng bán,156-Hàng hóa
INV20260601187,JV20260601187,SO20260601187,2026-06-14,HCM-TB,NV023,Trả góp,VC-2D4AC5,Máy hút bụi,Philips FC,Toshiba,3,8486937,0.14,21896297,0.08,1751703,23648000,5606000,16818000,5078297,0.2319,23648000,21896297,1751703,16818000,16818000,131-Phải thu khách hàng,511-Doanh thu bán hàng,3331-Thuế GTGT đầu ra,632-Giá vốn hàng bán,156-Hàng hóa
INV20260601188,JV20260601188,SO20260601188,2026-06-10,BD-TDM,NV023,Trả góp,FN-FD271D,Quạt,Senko,Mitsubishi,2,2188550,0.2,3501680,0.08,280134,3781814,1498000,2996000,505680,0.1444,3781814,3501680,280134,2996000,2996000,131-Phải thu khách hàng,511-Doanh thu bán hàng,3331-Thuế GTGT đầu ra,632-Giá vốn hàng bán,156-Hàng hóa
INV20260601189,JV20260601189,SO20260601189,2026-06-21,HN-CG,NV015,Trả góp,TV-3F699A,TV,LG OLED 48,Aqua,3,8158650,0.14,21049317,0.08,1683945,22733262,6950000,20850000,199317,0.0095,22733262,21049317,1683945,20850000,20850000,131-Phải thu khách hàng,511-Doanh thu bán hàng,3331-Thuế GTGT đầu ra,632-Giá vốn hàng bán,156-Hàng hóa
INV20260601190,JV20260601190,SO20260601190,2026-06-29,BD-TDM,NV030,Chuyển khoản,KT-2ABC39,Ấm siêu tốc,Kangaroo,Mitsubishi,1,376203,0.01,372440,0.08,29795,402235,232000,232000,140440,0.3771,402235,372440,29795,232000,232000,131-Phải thu khách hàng,511-Doanh thu bán hàng,3331-Thuế GTGT đầu ra,632-Giá vốn hàng bán,156-Hàng hóa
INV20260601191,JV20260601191,SO20260601191,2026-06-01,DN-HC,NV011,Tiền mặt,BL-BCB9B9,Máy xay,Panasonic Blender,Sunhouse,2,2981220,0.17,4948825,0.08,395906,5344731,1861000,3722000,1226825,0.2479,5344731,4948825,395906,3722000,3722000,131-Phải thu khách hàng,511-Doanh thu bán hàng,3331-Thuế GTGT đầu ra,632-Giá vốn hàng bán,156-Hàng hóa
INV20260601192,JV20260601192,SO20260601192,2026-06-03,HN-HBT,NV019,Ví điện tử,KT-F72092,Ấm siêu tốc,Sunhouse,Casper,1,370530,0.16,311245,0.08,24899,336144,217000,217000,94245,0.3028,336144,311245,24899,217000,217000,131-Phải thu khách hàng,511-Doanh thu bán hàng,3331-Thuế GTGT đầu ra,632-Giá vốn hàng bán,156-Hàng hóa
INV20260601193,JV20260601193,SO20260601193,2026-06-25,HN-HBT,NV013,Tiền mặt,BL-BCB9B9,Máy xay,Panasonic Blender,Sunhouse,3,2958760,0.02,8698754,0.08,695900,9394654,1689000,5067000,3631754,0.4175,9394654,8698754,695900,5067000,5067000,131-Phải thu khách hàng,511-Doanh thu bán hàng,3331-Thuế GTGT đầu ra,632-Giá vốn hàng bán,156-Hàng hóa
INV20260601194,JV20260601194,SO20260601194,2026-06-16,CT-NK,NV020,Thẻ,AC-9D4B2B,Máy lạnh,Mitsubishi 1.5HP,Sony,1,10294890,0.01,10191941,0.08,815355,11007296,7647000,7647000,2544941,0.2497,11007296,10191941,815355,7647000,7647000,131-Phải thu khách hàng,511-Doanh thu bán hàng,3331-Thuế GTGT đầu ra,632-Giá vốn hàng bán,156-Hàng hóa
INV20260601195,JV20260601195,SO20260601195,2026-06-27,DN-HC,NV029,Ví điện tử,WM-A2670F,Máy giặt,Toshiba 9kg,LG,2,5020921,0.16,8435147,0.08,674811,9109958,3989000,7978000,457147,0.0542,9109958,8435147,674811,7978000,7978000,131-Phải thu khách hàng,511-Doanh thu bán hàng,3331-Thuế GTGT đầu ra,632-Giá vốn hàng bán,156-Hàng hóa
INV20260601196,JV20260601196,SO20260601196,2026-06-29,CT-NK,NV001,Chuyển khoản,MW-A50B9A,Lò vi sóng,Electrolux 23L,Toshiba,3,3236752,0.0,9710256,0.08,776820,10487076,2365000,7095000,2615256,0.2693,10487076,9710256,776820,7095000,7095000,131-Phải thu khách hàng,511-Doanh thu bán hàng,3331-Thuế GTGT đầu ra,632-Giá vốn hàng bán,156-Hàng hóa
INV20260601197,JV20260601197,SO20260601197,2026-06-20,HCM-TB,NV013,Ví điện tử,TV-1B61A7,TV,LG OLED 48,Samsung,3,8393801,0.09,22915076,0.08,1833206,24748282,6701000,20103000,2812076,0.1227,24748282,22915076,1833206,20103000,20103000,131-Phải thu khách hàng,511-Doanh thu bán hàng,3331-Thuế GTGT đầu ra,632-Giá vốn hàng bán,156-Hàng hóa
INV20260601198,JV20260601198,SO20260601198,2026-06-04,HCM-Q1,NV004,Thẻ,TV-1C16CC,TV,"Samsung 55"" 4K",Sony,1,34295698,0.18,28122472,0.08,2249797,30372269,28338000,28338000,-215528,-0.0077,30372269,28122472,2249797,28338000,28338000,131-Phải thu khách hàng,511-Doanh thu bán hàng,3331-Thuế GTGT đầu ra,632-Giá vốn hàng bán,156-Hàng hóa
INV20260601199,JV20260601199,SO20260601199,2026-06-09,BD-TDM,NV010,Trả góp,KT-930F94,Ấm siêu tốc,Philips,Sony,2,1114649,0.07,2073247,0.08,165859,2239106,788000,1576000,497247,0.2398,2239106,2073247,165859,1576000,1576000,131-Phải thu khách hàng,511-Doanh thu bán hàng,3331-Thuế GTGT đầu ra,632-Giá vốn hàng bán,156-Hàng hóa
INV20260601200,JV20260601200,SO20260601200,2026-06-27,BD-TDM,NV001,Ví điện tử,BL-958487,Máy xay,Philips Blender,Toshiba,2,2228037,0.16,3743102,0.08,299448,4042550,1330000,2660000,1083102,0.2894,4042550,3743102,299448,2660000,2660000,131-Phải thu khách hàng,511-Doanh thu bán hàng,3331-Thuế GTGT đầu ra,632-Giá vốn hàng bán,156-Hàng hóa
INV20260601201,JV20260601201,SO20260601201,2026-06-16,HN-CG,NV019,Thẻ,RF-A7BDBE,Tủ lạnh,Aqua 250L,Toshiba,3,5987329,0.13,15626928,0.08,1250154,16877082,4638000,13914000,1712928,0.1096,16877082,15626928,1250154,13914000,13914000,131-Phải thu khách hàng,511-Doanh thu bán hàng,3331-Thuế GTGT đầu ra,632-Giá vốn hàng bán,156-Hàng hóa
INV20260601202,JV20260601202,SO20260601202,2026-06-25,CT-NK,NV018,Ví điện tử,FN-1B187A,Quạt,Panasonic,Panasonic,3,1595541,0.02,4690890,0.08,375271,5066161,1134000,3402000,1288890,0.2748,5066161,4690890,375271,3402000,3402000,131-Phải thu khách hàng,511-Doanh thu bán hàng,3331-Thuế GTGT đầu ra,632-Giá vốn hàng bán,156-Hàng hóa
INV20260601203,JV20260601203,SO20260601203,2026-06-29,BD-TDM,NV001,Trả góp,KT-63AE81,Ấm siêu tốc,Kangaroo,Daikin,1,715350,0.01,708196,0.08,56655,764851,490000,490000,218196,0.3081,764851,708196,56655,490000,490000,131-Phải thu khách hàng,511-Doanh thu bán hàng,3331-Thuế GTGT đầu ra,632-Giá vốn hàng bán,156-Hàng hóa
INV20260601204,JV20260601204,SO20260601204,2026-06-12,HCM-Q1,NV028,Ví điện tử,RC-007FFA,Nồi cơm,Sharp 1.8L,Cuckoo,1,3047882,0.02,2986924,0.08,238953,3225877,2050000,2050000,936924,0.3137,3225877,2986924,238953,2050000,2050000,131-Phải thu khách hàng,511-Doanh thu bán hàng,3331-Thuế GTGT đầu ra,632-Giá vốn hàng bán,156-Hàng hóa
INV20260601205,JV20260601205,SO20260601205,2026-06-05,BD-TDM,NV016,Chuyển khoản,WM-B66625,Máy giặt,Panasonic 8.5kg,Sony,1,8743338,0.1,7869004,0.08,629520,8498524,7188000,7188000,681004,0.0865,8498524,7869004,629520,7188000,7188000,131-Phải thu khách hàng,511-Doanh thu bán hàng,3331-Thuế GTGT đầu ra,632-Giá vốn hàng bán,156-Hàng hóa
INV20260601206,JV20260601206,SO20260601206,2026-06-19,CT-NK,NV018,Chuyển khoản,RF-BF179F,Tủ lạnh,Aqua 250L,Sunhouse,3,7056543,0.05,20111147,0.08,1608891,21720038,5294000,15882000,4229147,0.2103,21720038,20111147,1608891,15882000,15882000,131-Phải thu khách hàng,511-Doanh thu bán hàng,3331-Thuế GTGT đầu ra,632-Giá vốn hàng bán,156-Hàng hóa
INV20260601207,JV20260601207,SO20260601207,2026-06-02,HCM-Q7,NV014,Tiền mặt,KT-B5A58C,Ấm siêu tốc,Philips,Casper,2,357471,0.18,586252,0.08,46900,633152,195000,390000,196252,0.3348,633152,586252,46900,390000,390000,131-Phải thu khách hàng,511-Doanh thu bán hàng,3331-Thuế GTGT đầu ra,632-Giá vốn hàng bán,156-Hàng hóa
INV20260601208,JV20260601208,SO20260601208,2026-06-15,HCM-Q1,NV010,Chuyển khoản,AC-F47F82,Máy lạnh,Panasonic 1.5HP,LG,3,13468854,0.07,37578102,0.08,3006248,40584350,11004000,33012000,4566102,0.1215,40584350,37578102,3006248,33012000,33012000,131-Phải thu khách hàng,511-Doanh thu bán hàng,3331-Thuế GTGT đầu ra,632-Giá vốn hàng bán,156-Hàng hóa
INV20260601209,JV20260601209,SO20260601209,2026-06-08,HCM-TB,NV001,Ví điện tử,AC-DB17BC,Máy lạnh,Casper 1HP,Aqua,2,13568956,0.17,22524466,0.08,1801957,24326423,11328000,22656000,-131534,-0.0058,24326423,22524466,1801957,22656000,22656000,131-Phải thu khách hàng,511-Doanh thu bán hàng,3331-Thuế GTGT đầu ra,632-Giá vốn hàng bán,156-Hàng hóa
INV20260601210,JV20260601210,SO20260601210,2026-06-12,DN-HC,NV013,Tiền mặt,RF-86779E,Tủ lạnh,Panasonic 300L,Sony,2,22144583,0.12,38974466,0.08,3117957,42092423,18955000,37910000,1064466,0.0273,42092423,38974466,3117957,37910000,37910000,131-Phải thu khách hàng,511-Doanh thu bán hàng,3331-Thuế GTGT đầu ra,632-Giá vốn hàng bán,156-Hàng hóa
INV20260601211,JV20260601211,SO20260601211,2026-06-11,HCM-Q1,NV001,Trả góp,FN-C896F9,Quạt,Panasonic,Casper,1,1762635,0.1,1586371,0.08,126909,1713280,1212000,1212000,374371,0.236,1713280,1586371,126909,1212000,1212000,131-Phải thu khách hàng,511-Doanh thu bán hàng,3331-Thuế GTGT đầu ra,632-Giá vốn hàng bán,156-Hàng hóa
INV20260601212,JV20260601212,SO20260601212,2026-06-09,HN-HBT,NV021,Thẻ,VC-98D4CD,Máy hút bụi,Xiaomi G10,Cuckoo,2,2267048,0.04,4352732,0.08,348218,4700950,1601000,3202000,1150732,0.2644,4700950,4352732,348218,3202000,3202000,131-Phải thu khách hàng,511-Doanh thu bán hàng,3331-Thuế GTGT đầu ra,632-Giá vốn hàng bán,156-Hàng hóa
INV20260601213,JV20260601213,SO20260601213,2026-06-17,HCM-Q1,NV002,Thẻ,TV-3277C5,TV,"TCL 50""",Cuckoo,3,12990718,0.1,35074938,0.08,2805995,37880933,10208000,30624000,4450938,0.1269,37880933,35074938,2805995,30624000,30624000,131-Phải thu khách hàng,511-Doanh thu bán hàng,3331-Thuế GTGT đầu ra,632-Giá vốn hàng bán,156-Hàng hóa
INV20260601214,JV20260601214,SO20260601214,2026-06-12,HN-HBT,NV017,Thẻ,FN-FF4EE8,Quạt,Panasonic,Sunhouse,2,961288,0.09,1749544,0.08,139963,1889507,696000,1392000,357544,0.2044,1889507,1749544,139963,1392000,1392000,131-Phải thu khách hàng,511-Doanh thu bán hàng,3331-Thuế GTGT đầu ra,632-Giá vốn hàng bán,156-Hàng hóa
INV20260601215,JV20260601215,SO20260601215,2026-06-24,CT-NK,NV010,Trả góp,AC-F53EB5,Máy lạnh,Casper 1HP,Senko,3,15041073,0.13,39257200,0.08,3140576,42397776,12566000,37698000,1559200,0.0397,42397776,39257200,3140576,37698000,37698000,131-Phải thu khách hàng,511-Doanh thu bán hàng,3331-Thuế GTGT đầu ra,632-Giá vốn hàng bán,156-Hàng hóa
INV20260601216,JV20260601216,SO20260601216,2026-06-01,CT-NK,NV023,Chuyển khoản,RC-08ECD3,Nồi cơm,Sunhouse 1.2L,Aqua,2,3965357,0.04,7613485,0.08,609078,8222563,2367000,4734000,2879485,0.3782,8222563,7613485,609078,4734000,4734000,131-Phải thu khách hàng,511-Doanh thu bán hàng,3331-Thuế GTGT đầu ra,632-Giá vốn hàng bán,156-Hàng hóa
INV20260601217,JV20260601217,SO20260601217,2026-06-01,HN-HBT,NV030,Ví điện tử,TV-8A011F,TV,LG OLED 48,Philips,1,27955632,0.15,23762287,0.08,1900982,25663269,24265000,24265000,-502713,-0.0212,25663269,23762287,1900982,24265000,24265000,131-Phải thu khách hàng,511-Doanh thu bán hàng,3331-Thuế GTGT đầu ra,632-Giá vốn hàng bán,156-Hàng hóa
INV20260601218,JV20260601218,SO20260601218,2026-06-13,BD-TDM,NV003,Tiền mặt,WM-EE77C3,Máy giặt,Toshiba 9kg,Panasonic,2,4615023,0.04,8860844,0.08,708867,9569711,3863000,7726000,1134844,0.1281,9569711,8860844,708867,7726000,7726000,131-Phải thu khách hàng,511-Doanh thu bán hàng,3331-Thuế GTGT đầu ra,632-Giá vốn hàng bán,156-Hàng hóa
INV20260601219,JV20260601219,SO20260601219,2026-06-29,DN-HC,NV011,Trả góp,WM-57BF8B,Máy giặt,LG 9kg,Panasonic,1,6198468,0.01,6136483,0.08,490918,6627401,4910000,4910000,1226483,0.1999,6627401,6136483,490918,4910000,4910000,131-Phải thu khách hàng,511-Doanh thu bán hàng,3331-Thuế GTGT đầu ra,632-Giá vốn hàng bán,156-Hàng hóa
INV20260601220,JV20260601220,SO20260601220,2026-06-28,HN-HBT,NV011,Ví điện tử,BL-27A8DA,Máy xay,Philips Blender,Sharp,1,509040,0.14,437774,0.08,35021,472795,297000,297000,140774,0.3216,472795,437774,35021,297000,297000,131-Phải thu khách hàng,511-Doanh thu bán hàng,3331-Thuế GTGT đầu ra,632-Giá vốn hàng bán,156-Hàng hóa
INV20260601221,JV20260601221,SO20260601221,2026-06-04,HCM-TB,NV002,Trả góp,WM-AF4A41,Máy giặt,Toshiba 9kg,Asia,2,14484862,0.03,28100632,0.08,2248050,30348682,12206000,24412000,3688632,0.1313,30348682,28100632,2248050,24412000,24412000,131-Phải thu khách hàng,511-Doanh thu bán hàng,3331-Thuế GTGT đầu ra,632-Giá vốn hàng bán,156-Hàng hóa
INV20260601222,JV20260601222,SO20260601222,2026-06-22,HCM-TB,NV027,Chuyển khoản,RC-189134,Nồi cơm,Sunhouse 1.2L,Samsung,1,2172788,0.08,1998964,0.08,159917,2158881,1497000,1497000,501964,0.2511,2158881,1998964,159917,1497000,1497000,131-Phải thu khách hàng,511-Doanh thu bán hàng,3331-Thuế GTGT đầu ra,632-Giá vốn hàng bán,156-Hàng hóa
INV20260601223,JV20260601223,SO20260601223,2026-06-03,HCM-Q7,NV025,Tiền mặt,AC-D8DA6B,Máy lạnh,Daikin 1HP,Casper,1,12262455,0.11,10913584,0.08,873086,11786670,8864000,8864000,2049584,0.1878,11786670,10913584,873086,8864000,8864000,131-Phải thu khách hàng,511-Doanh thu bán hàng,3331-Thuế GTGT đầu ra,632-Giá vốn hàng bán,156-Hàng hóa
INV20260601224,JV20260601224,SO20260601224,2026-06-23,HCM-TB,NV005,Thẻ,RF-2F5CFC,Tủ lạnh,Aqua 250L,Senko,2,12211093,0.06,22956854,0.08,1836548,24793402,9714000,19428000,3528854,0.1537,24793402,22956854,1836548,19428000,19428000,131-Phải thu khách hàng,511-Doanh thu bán hàng,3331-Thuế GTGT đầu ra,632-Giá vốn hàng bán,156-Hàng hóa
INV20260601225,JV20260601225,SO20260601225,2026-06-18,HCM-TB,NV016,Thẻ,BL-C200AD,Máy xay,Sunhouse Blender,Daikin,3,885921,0.18,2179365,0.08,174349,2353714,635000,1905000,274365,0.1259,2353714,2179365,174349,1905000,1905000,131-Phải thu khách hàng,511-Doanh thu bán hàng,3331-Thuế GTGT đầu ra,632-Giá vốn hàng bán,156-Hàng hóa
INV20260601226,JV20260601226,SO20260601226,2026-06-27,HN-HBT,NV003,Chuyển khoản,WM-917ACE,Máy giặt,Panasonic 8.5kg,Philips,2,9994738,0.13,17390844,0.08,1391267,18782111,8133000,16266000,1124844,0.0647,18782111,17390844,1391267,16266000,16266000,131-Phải thu khách hàng,511-Doanh thu bán hàng,3331-Thuế GTGT đầu ra,632-Giá vốn hàng bán,156-Hàng hóa
INV20260601227,JV20260601227,SO20260601227,2026-06-23,HCM-TB,NV010,Chuyển khoản,BL-7C418A,Máy xay,Panasonic Blender,Asia,1,2879321,0.12,2533802,0.08,202704,2736506,1720000,1720000,813802,0.3212,2736506,2533802,202704,1720000,1720000,131-Phải thu khách hàng,511-Doanh thu bán hàng,3331-Thuế GTGT đầu ra,632-Giá vốn hàng bán,156-Hàng hóa
INV20260601228,JV20260601228,SO20260601228,2026-06-11,HCM-Q7,NV027,Trả góp,FN-FB4782,Quạt,Panasonic,Electrolux,1,2382951,0.02,2335291,0.08,186823,2522114,1694000,1694000,641291,0.2746,2522114,2335291,186823,1694000,1694000,131-Phải thu khách hàng,511-Doanh thu bán hàng,3331-Thuế GTGT đầu ra,632-Giá vốn hàng bán,156-Hàng hóa
INV20260601229,JV20260601229,SO20260601229,2026-06-19,BD-TDM,NV020,Tiền mặt,VC-CF166B,Máy hút bụi,Philips FC,Senko,2,11794798,0.0,23589596,0.08,1887167,25476763,7662000,15324000,8265596,0.3504,25476763,23589596,1887167,15324000,15324000,131-Phải thu khách hàng,511-Doanh thu bán hàng,3331-Thuế GTGT đầu ra,632-Giá vốn hàng bán,156-Hàng hóa
INV20260601230,JV20260601230,SO20260601230,2026-06-06,BD-TDM,NV026,Tiền mặt,VC-D89B2B,Máy hút bụi,Xiaomi G10,LG,3,5207190,0.17,12965903,0.08,1037272,14003175,4026000,12078000,887903,0.0685,14003175,12965903,1037272,12078000,12078000,131-Phải thu khách hàng,511-Doanh thu bán hàng,3331-Thuế GTGT đầu ra,632-Giá vốn hàng bán,156-Hàng hóa
INV20260601231,JV20260601231,SO20260601231,2026-06-01,BD-TDM,NV017,Tiền mặt,RF-42BDE8,Tủ lạnh,LG 420L,Senko,2,19342510,0.11,34429667,0.08,2754373,37184040,16545000,33090000,1339667,0.0389,37184040,34429667,2754373,33090000,33090000,131-Phải thu khách hàng,511-Doanh thu bán hàng,3331-Thuế GTGT đầu ra,632-Giá vốn hàng bán,156-Hàng hóa
INV20260601232,JV20260601232,SO20260601232,2026-06-24,HN-CG,NV005,Tiền mặt,VC-D4F050,Máy hút bụi,Xiaomi G10,Samsung,1,9539470,0.11,8490128,0.08,679210,9169338,6890000,6890000,1600128,0.1885,9169338,8490128,679210,6890000,6890000,131-Phải thu khách hàng,511-Doanh thu bán hàng,3331-Thuế GTGT đầu ra,632-Giá vốn hàng bán,156-Hàng hóa
INV20260601233,JV20260601233,SO20260601233,2026-06-09,HN-CG,NV006,Ví điện tử,FN-1B187A,Quạt,Panasonic,Panasonic,2,1816582,0.04,3487837,0.08,279026,3766863,1087000,2174000,1313837,0.3767,3766863,3487837,279026,2174000,2174000,131-Phải thu khách hàng,511-Doanh thu bán hàng,3331-Thuế GTGT đầu ra,632-Giá vốn hàng bán,156-Hàng hóa
INV20260601234,JV20260601234,SO20260601234,2026-06-18,HCM-Q1,NV008,Thẻ,AC-D698B7,Máy lạnh,Mitsubishi 1.5HP,Casper,1,6340935,0.16,5326385,0.08,426110,5752495,5038000,5038000,288385,0.0541,5752495,5326385,426110,5038000,5038000,131-Phải thu khách hàng,511-Doanh thu bán hàng,3331-Thuế GTGT đầu ra,632-Giá vốn hàng bán,156-Hàng hóa
INV20260601235,JV20260601235,SO20260601235,2026-06-11,HN-HBT,NV003,Tiền mặt,KT-4BFC34,Ấm siêu tốc,Kangaroo,Sunhouse,3,1494550,0.14,3855939,0.08,308475,4164414,826000,2478000,1377939,0.3574,4164414,3855939,308475,2478000,2478000,131-Phải thu khách hàng,511-Doanh thu bán hàng,3331-Thuế GTGT đầu ra,632-Giá vốn hàng bán,156-Hàng hóa
INV20260601236,JV20260601236,SO20260601236,2026-06-07,HCM-Q1,NV019,Trả góp,VC-BEE8C8,Máy hút bụi,Xiaomi G10,Asia,1,5561909,0.18,4560765,0.08,364861,4925626,3849000,3849000,711765,0.1561,4925626,4560765,364861,3849000,3849000,131-Phải thu khách hàng,511-Doanh thu bán hàng,3331-Thuế GTGT đầu ra,632-Giá vốn hàng bán,156-Hàng hóa
INV20260601237,JV20260601237,SO20260601237,2026-06-28,HN-CG,NV004,Ví điện tử,RF-F96CEA,Tủ lạnh,LG 420L,Sharp,1,24113953,0.14,20737999,0.08,1659039,22397038,19656000,19656000,1081999,0.0522,22397038,20737999,1659039,19656000,19656000,131-Phải thu khách hàng,511-Doanh thu bán hàng,3331-Thuế GTGT đầu ra,632-Giá vốn hàng bán,156-Hàng hóa
INV20260601238,JV20260601238,SO20260601238,2026-06-28,HN-CG,NV026,Tiền mặt,KT-BD9201,Ấm siêu tốc,Kangaroo,Aqua,3,765935,0.03,2228870,0.08,178309,2407179,520000,1560000,668870,0.3001,2407179,2228870,178309,1560000,1560000,131-Phải thu khách hàng,511-Doanh thu bán hàng,3331-Thuế GTGT đầu ra,632-Giá vốn hàng bán,156-Hàng hóa
INV20260601239,JV20260601239,SO20260601239,2026-06-15,DN-HC,NV010,Chuyển khoản,MW-83094B,Lò vi sóng,Sharp 20L,Casper,2,3808936,0.15,6475191,0.08,518015,6993206,2887000,5774000,701191,0.1083,6993206,6475191,518015,5774000,5774000,131-Phải thu khách hàng,511-Doanh thu bán hàng,3331-Thuế GTGT đầu ra,632-Giá vốn hàng bán,156-Hàng hóa
INV20260601240,JV20260601240,SO20260601240,2026-06-05,HCM-TB,NV015,Trả góp,FN-441B27,Quạt,Senko,Samsung,1,2158212,0.07,2007137,0.08,160570,2167707,1328000,1328000,679137,0.3384,2167707,2007137,160570,1328000,1328000,131-Phải thu khách hàng,511-Doanh thu bán hàng,3331-Thuế GTGT đầu ra,632-Giá vốn hàng bán,156-Hàng hóa
INV20260601241,JV20260601241,SO20260601241,2026-06-05,HCM-Q1,NV001,Trả góp,WM-268F3D,Máy giặt,Panasonic 8.5kg,Samsung,3,7750080,0.0,23250240,0.08,1860019,25110259,6364000,19092000,4158240,0.1788,25110259,23250240,1860019,19092000,19092000,131-Phải thu khách hàng,511-Doanh thu bán hàng,3331-Thuế GTGT đầu ra,632-Giá vốn hàng bán,156-Hàng hóa
INV20260601242,JV20260601242,SO20260601242,2026-06-27,BD-TDM,NV002,Tiền mặt,KT-60A177,Ấm siêu tốc,Kangaroo,Cuckoo,2,1073654,0.07,1996996,0.08,159759,2156755,699000,1398000,598996,0.2999,2156755,1996996,159759,1398000,1398000,131-Phải thu khách hàng,511-Doanh thu bán hàng,3331-Thuế GTGT đầu ra,632-Giá vốn hàng bán,156-Hàng hóa
INV20260601243,JV20260601243,SO20260601243,2026-06-30,HCM-Q1,NV004,Thẻ,TV-DE1879,TV,"Samsung 55"" 4K",Asia,1,14405058,0.02,14116956,0.08,1129356,15246312,11912000,11912000,2204956,0.1562,15246312,14116956,1129356,11912000,11912000,131-Phải thu khách hàng,511-Doanh thu bán hàng,3331-Thuế GTGT đầu ra,632-Giá vốn hàng bán,156-Hàng hóa
INV20260601244,JV20260601244,SO20260601244,2026-06-04,HCM-Q7,NV023,Trả góp,AC-E60FB6,Máy lạnh,Mitsubishi 1.5HP,Aqua,1,14591009,0.04,14007368,0.08,1120589,15127957,10992000,10992000,3015368,0.2153,15127957,14007368,1120589,10992000,10992000,131-Phải thu khách hàng,511-Doanh thu bán hàng,3331-Thuế GTGT đầu ra,632-Giá vốn hàng bán,156-Hàng hóa
INV20260601245,JV20260601245,SO20260601245,2026-06-06,CT-NK,NV013,Tiền mặt,BL-33ED9A,Máy xay,Philips Blender,Panasonic,2,2927471,0.12,5152348,0.08,412187,5564535,2022000,4044000,1108348,0.2151,5564535,5152348,412187,4044000,4044000,131-Phải thu khách hàng,511-Doanh thu bán hàng,3331-Thuế GTGT đầu ra,632-Giá vốn hàng bán,156-Hàng hóa
INV20260601246,JV20260601246,SO20260601246,2026-06-20,DN-HC,NV016,Trả góp,KT-988AF8,Ấm siêu tốc,Kangaroo,Senko,1,1265806,0.07,1177199,0.08,94175,1271374,757000,757000,420199,0.3569,1271374,1177199,94175,757000,757000,131-Phải thu khách hàng,511-Doanh thu bán hàng,3331-Thuế GTGT đầu ra,632-Giá vốn hàng bán,156-Hàng hóa
INV20260601247,JV20260601247,SO20260601247,2026-06-21,HCM-Q7,NV005,Chuyển khoản,FN-C25C4D,Quạt,Senko,Asia,2,528616,0.11,940936,0.08,75274,1016210,358000,716000,224936,0.2391,1016210,940936,75274,716000,716000,131-Phải thu khách hàng,511-Doanh thu bán hàng,3331-Thuế GTGT đầu ra,632-Giá vốn hàng bán,156-Hàng hóa
INV20260601248,JV20260601248,SO20260601248,2026-06-01,HCM-Q7,NV001,Chuyển khoản,AC-B3192D,Máy lạnh,Panasonic 1.5HP,Panasonic,1,11337932,0.01,11224552,0.08,897964,12122516,9339000,9339000,1885552,0.168,12122516,11224552,897964,9339000,9339000,131-Phải thu khách hàng,511-Doanh thu bán hàng,3331-Thuế GTGT đầu ra,632-Giá vốn hàng bán,156-Hàng hóa
INV20260601249,JV20260601249,SO20260601249,2026-06-20,BD-TDM,NV021,Trả góp,RC-73BA31,Nồi cơm,Cuckoo 1.8L,Toshiba,1,3882252,0.06,3649316,0.08,291945,3941261,2796000,2796000,853316,0.2338,3941261,3649316,291945,2796000,2796000,131-Phải thu khách hàng,511-Doanh thu bán hàng,3331-Thuế GTGT đầu ra,632-Giá vốn hàng bán,156-Hàng hóa
INV20260601250,JV20260601250,SO20260601250,2026-06-08,CT-NK,NV008,Ví điện tử,RF-40AAB7,Tủ lạnh,Samsung Inverter 350L,Electrolux,3,21364893,0.13,55762370,0.08,4460989,60223359,16376000,49128000,6634370,0.119,60223359,55762370,4460989,49128000,49128000,131-Phải thu khách hàng,511-Doanh thu bán hàng,3331-Thuế GTGT đầu ra,632-Giá vốn hàng bán,156-Hàng hóa
INV20260601251,JV20260601251,SO20260601251,2026-06-11,HCM-Q1,NV014,Thẻ,TV-3D03C9,TV,"Samsung 55"" 4K",Senko,3,22602375,0.16,56957985,0.08,4556638,61514623,19625000,58875000,-1917015,-0.0337,61514623,56957985,4556638,58875000,58875000,131-Phải thu khách hàng,511-Doanh thu bán hàng,3331-Thuế GTGT đầu ra,632-Giá vốn hàng bán,156-Hàng hóa
INV20260601252,JV20260601252,SO20260601252,2026-06-19,HN-HBT,NV006,Trả góp,TV-9BDABC,TV,"Sony 65""",Electrolux,2,16199497,0.03,31427024,0.08,2514161,33941185,12874000,25748000,5679024,0.1807,33941185,31427024,2514161,25748000,25748000,131-Phải thu khách hàng,511-Doanh thu bán hàng,3331-Thuế GTGT đầu ra,632-Giá vốn hàng bán,156-Hàng hóa
INV20260601253,JV20260601253,SO20260601253,2026-06-04,CT-NK,NV002,Tiền mặt,RC-BC47CD,Nồi cơm,Sharp 1.8L,Aqua,1,1354216,0.04,1300047,0.08,104003,1404050,1000000,1000000,300047,0.2308,1404050,1300047,104003,1000000,1000000,131-Phải thu khách hàng,511-Doanh thu bán hàng,3331-Thuế GTGT đầu ra,632-Giá vốn hàng bán,156-Hàng hóa
INV20260601254,JV20260601254,SO20260601254,2026-06-12,HCM-Q7,NV021,Thẻ,WM-5ED0A1,Máy giặt,Samsung 10kg,Cuckoo,3,6379613,0.17,15885236,0.08,1270818,17156054,5321000,15963000,-77764,-0.0049,17156054,15885236,1270818,15963000,15963000,131-Phải thu khách hàng,511-Doanh thu bán hàng,3331-Thuế GTGT đầu ra,632-Giá vốn hàng bán,156-Hàng hóa
INV20260601255,JV20260601255,SO20260601255,2026-06-15,HN-CG,NV025,Chuyển khoản,MW-E7A58E,Lò vi sóng,Panasonic 25L,Philips,3,3529571,0.12,9318067,0.08,745445,10063512,2482000,7446000,1872067,0.2009,10063512,9318067,745445,7446000,7446000,131-Phải thu khách hàng,511-Doanh thu bán hàng,3331-Thuế GTGT đầu ra,632-Giá vốn hàng bán,156-Hàng hóa
INV20260601256,JV20260601256,SO20260601256,2026-06-09,HCM-Q1,NV014,Ví điện tử,MW-7ABF96,Lò vi sóng,Electrolux 23L,Panasonic,1,4142326,0.12,3645246,0.08,291619,3936865,3207000,3207000,438246,0.1202,3936865,3645246,291619,3207000,3207000,131-Phải thu khách hàng,511-Doanh thu bán hàng,3331-Thuế GTGT đầu ra,632-Giá vốn hàng bán,156-Hàng hóa
INV20260601257,JV20260601257,SO20260601257,2026-06-16,BD-TDM,NV014,Thẻ,BL-A4BCD6,Máy xay,Philips Blender,Sunhouse,1,2717270,0.1,2445543,0.08,195643,2641186,1942000,1942000,503543,0.2059,2641186,2445543,195643,1942000,1942000,131-Phải thu khách hàng,511-Doanh thu bán hàng,3331-Thuế GTGT đầu ra,632-Giá vốn hàng bán,156-Hàng hóa
INV20260601258,JV20260601258,SO20260601258,2026-06-05,DN-HC,NV028,Ví điện tử,FN-0333B4,Quạt,Asia,Daikin,2,2250033,0.16,3780055,0.08,302404,4082459,1332000,2664000,1116055,0.2952,4082459,3780055,302404,2664000,2664000,131-Phải thu khách hàng,511-Doanh thu bán hàng,3331-Thuế GTGT đầu ra,632-Giá vốn hàng bán,156-Hàng hóa
INV20260601259,JV20260601259,SO20260601259,2026-06-02,HCM-Q7,NV013,Thẻ,VC-BEE8C8,Máy hút bụi,Xiaomi G10,Asia,3,2128572,0.17,5300144,0.08,424011,5724155,1514000,4542000,758144,0.143,5724155,5300144,424011,4542000,4542000,131-Phải thu khách hàng,511-Doanh thu bán hàng,3331-Thuế GTGT đầu ra,632-Giá vốn hàng bán,156-Hàng hóa
INV20260601260,JV20260601260,SO20260601260,2026-06-09,HN-CG,NV014,Ví điện tử,AC-F1CE55,Máy lạnh,Mitsubishi 1.5HP,Sunhouse,2,7346842,0.03,14252873,0.08,1140229,15393102,5957000,11914000,2338873,0.1641,15393102,14252873,1140229,11914000,11914000,131-Phải thu khách hàng,511-Doanh thu bán hàng,3331-Thuế GTGT đầu ra,632-Giá vốn hàng bán,156-Hàng hóa
INV20260601261,JV20260601261,SO20260601261,2026-06-16,HCM-TB,NV030,Chuyển khoản,RC-FA47F8,Nồi cơm,Cuckoo 1.8L,Aqua,2,3551815,0.06,6677412,0.08,534192,7211604,2431000,4862000,1815412,0.2719,7211604,6677412,534192,4862000,4862000,131-Phải thu khách hàng,511-Doanh thu bán hàng,3331-Thuế GTGT đầu ra,632-Giá vốn hàng bán,156-Hàng hóa
INV20260601262,JV20260601262,SO20260601262,2026-06-13,HCM-Q1,NV004,Thẻ,KT-633C48,Ấm siêu tốc,Philips,Asia,2,499538,0.04,959112,0.08,76728,1035840,261000,522000,437112,0.4557,1035840,959112,76728,522000,522000,131-Phải thu khách hàng,511-Doanh thu bán hàng,3331-Thuế GTGT đầu ra,632-Giá vốn hàng bán,156-Hàng hóa
INV20260601263,JV20260601263,SO20260601263,2026-06-01,HCM-Q7,NV025,Thẻ,AC-FFF461,Máy lạnh,Mitsubishi 1.5HP,LG,3,13070556,0.13,34114151,0.08,2729132,36843283,10834000,32502000,1612151,0.0473,36843283,34114151,2729132,32502000,32502000,131-Phải thu khách hàng,511-Doanh thu bán hàng,3331-Thuế GTGT đầu ra,632-Giá vốn hàng bán,156-Hàng hóa
INV20260601264,JV20260601264,SO20260601264,2026-06-20,CT-NK,NV016,Ví điện tử,TV-65942A,TV,"Sony 65""",Toshiba,2,20854522,0.09,37955230,0.08,3036418,40991648,16839000,33678000,4277230,0.1127,40991648,37955230,3036418,33678000,33678000,131-Phải thu khách hàng,511-Doanh thu bán hàng,3331-Thuế GTGT đầu ra,632-Giá vốn hàng bán,156-Hàng hóa
INV20260601265,JV20260601265,SO20260601265,2026-06-02,HN-CG,NV030,Tiền mặt,RF-FB4D4D,Tủ lạnh,Samsung Inverter 350L,Samsung,1,14903614,0.11,13264216,0.08,1061137,14325353,12767000,12767000,497216,0.0375,14325353,13264216,1061137,12767000,12767000,131-Phải thu khách hàng,511-Doanh thu bán hàng,3331-Thuế GTGT đầu ra,632-Giá vốn hàng bán,156-Hàng hóa
INV20260601266,JV20260601266,SO20260601266,2026-06-17,HN-HBT,NV009,Chuyển khoản,VC-8877C5,Máy hút bụi,Philips FC,Daikin,1,4646713,0.15,3949706,0.08,315976,4265682,3591000,3591000,358706,0.0908,4265682,3949706,315976,3591000,3591000,131-Phải thu khách hàng,511-Doanh thu bán hàng,3331-Thuế GTGT đầu ra,632-Giá vốn hàng bán,156-Hàng hóa
INV20260601267,JV20260601267,SO20260601267,2026-06-01,HCM-Q7,NV011,Ví điện tử,TV-ED601B,TV,"TCL 50""",Panasonic,2,14365837,0.11,25571189,0.08,2045695,27616884,12096000,24192000,1379189,0.0539,27616884,25571189,2045695,24192000,24192000,131-Phải thu khách hàng,511-Doanh thu bán hàng,3331-Thuế GTGT đầu ra,632-Giá vốn hàng bán,156-Hàng hóa
INV20260601268,JV20260601268,SO20260601268,2026-06-08,BD-TDM,NV017,Trả góp,MW-8CD991,Lò vi sóng,Panasonic 25L,Toshiba,2,4247848,0.15,7221341,0.08,577707,7799048,2951000,5902000,1319341,0.1827,7799048,7221341,577707,5902000,5902000,131-Phải thu khách hàng,511-Doanh thu bán hàng,3331-Thuế GTGT đầu ra,632-Giá vốn hàng bán,156-Hàng hóa
INV20260601269,JV20260601269,SO20260601269,2026-06-21,CT-NK,NV024,Chuyển khoản,KT-80B935,Ấm siêu tốc,Kangaroo,LG,2,1491941,0.15,2536299,0.08,202903,2739202,990000,1980000,556299,0.2193,2739202,2536299,202903,1980000,1980000,131-Phải thu khách hàng,511-Doanh thu bán hàng,3331-Thuế GTGT đầu ra,632-Giá vốn hàng bán,156-Hàng hóa
INV20260601270,JV20260601270,SO20260601270,2026-06-24,HN-HBT,NV021,Thẻ,MW-3E4330,Lò vi sóng,Sharp 20L,Samsung,3,4774293,0.14,12317675,0.08,985414,13303089,3297000,9891000,2426675,0.197,13303089,12317675,985414,9891000,9891000,131-Phải thu khách hàng,511-Doanh thu bán hàng,3331-Thuế GTGT đầu ra,632-Giá vốn hàng bán,156-Hàng hóa
INV20260601271,JV20260601271,SO20260601271,2026-06-23,HCM-Q1,NV020,Thẻ,VC-90DAA9,Máy hút bụi,Dyson V8,Casper,2,11792865,0.07,21934728,0.08,1754778,23689506,8319000,16638000,5296728,0.2415,23689506,21934728,1754778,16638000,16638000,131-Phải thu khách hàng,511-Doanh thu bán hàng,3331-Thuế GTGT đầu ra,632-Giá vốn hàng bán,156-Hàng hóa
INV20260601272,JV20260601272,SO20260601272,2026-06-24,BD-TDM,NV029,Tiền mặt,KT-087F26,Ấm siêu tốc,Philips,Cuckoo,1,457880,0.01,453301,0.08,36264,489565,323000,323000,130301,0.2874,489565,453301,36264,323000,323000,131-Phải thu khách hàng,511-Doanh thu bán hàng,3331-Thuế GTGT đầu ra,632-Giá vốn hàng bán,156-Hàng hóa
INV20260601273,JV20260601273,SO20260601273,2026-06-07,BD-TDM,NV015,Thẻ,BL-2439D2,Máy xay,Philips Blender,Sony,1,1377833,0.19,1116044,0.08,89283,1205327,944000,944000,172044,0.1542,1205327,1116044,89283,944000,944000,131-Phải thu khách hàng,511-Doanh thu bán hàng,3331-Thuế GTGT đầu ra,632-Giá vốn hàng bán,156-Hàng hóa
INV20260601274,JV20260601274,SO20260601274,2026-06-27,HN-CG,NV023,Thẻ,RF-E1EA3E,Tủ lạnh,Samsung Inverter 350L,Sunhouse,2,8359348,0.02,16384322,0.08,1310745,17695067,6789000,13578000,2806322,0.1713,17695067,16384322,1310745,13578000,13578000,131-Phải thu khách hàng,511-Doanh thu bán hàng,3331-Thuế GTGT đầu ra,632-Giá vốn hàng bán,156-Hàng hóa
INV20260601275,JV20260601275,SO20260601275,2026-06-18,HN-HBT,NV026,Thẻ,MW-807E15,Lò vi sóng,Panasonic 25L,Asia,2,4839057,0.15,8226396,0.08,658111,8884507,3173000,6346000,1880396,0.2286,8884507,8226396,658111,6346000,6346000,131-Phải thu khách hàng,511-Doanh thu bán hàng,3331-Thuế GTGT đầu ra,632-Giá vốn hàng bán,156-Hàng hóa
INV20260601276,JV20260601276,SO20260601276,2026-06-04,CT-NK,NV028,Ví điện tử,FN-7632BC,Quạt,Asia,Panasonic,1,2391760,0.06,2248254,0.08,179860,2428114,1319000,1319000,929254,0.4133,2428114,2248254,179860,1319000,1319000,131-Phải thu khách hàng,511-Doanh thu bán hàng,3331-Thuế GTGT đầu ra,632-Giá vốn hàng bán,156-Hàng hóa
INV20260601277,JV20260601277,SO20260601277,2026-06-27,DN-HC,NV006,Chuyển khoản,TV-4795B7,TV,"Samsung 55"" 4K",Electrolux,2,9222708,0.06,17338691,0.08,1387095,18725786,7548000,15096000,2242691,0.1293,18725786,17338691,1387095,15096000,15096000,131-Phải thu khách hàng,511-Doanh thu bán hàng,3331-Thuế GTGT đầu ra,632-Giá vốn hàng bán,156-Hàng hóa
INV20260601278,JV20260601278,SO20260601278,2026-06-13,HN-CG,NV014,Tiền mặt,RC-F33150,Nồi cơm,Panasonic 1.8L,Casper,1,1851816,0.08,1703670,0.08,136293,1839963,1351000,1351000,352670,0.207,1839963,1703670,136293,1351000,1351000,131-Phải thu khách hàng,511-Doanh thu bán hàng,3331-Thuế GTGT đầu ra,632-Giá vốn hàng bán,156-Hàng hóa
INV20260601279,JV20260601279,SO20260601279,2026-06-24,DN-HC,NV002,Trả góp,BL-D2FACB,Máy xay,Panasonic Blender,Toshiba,3,1030070,0.06,2904797,0.08,232383,3137180,745000,2235000,669797,0.2306,3137180,2904797,232383,2235000,2235000,131-Phải thu khách hàng,511-Doanh thu bán hàng,3331-Thuế GTGT đầu ra,632-Giá vốn hàng bán,156-Hàng hóa
INV20260601280,JV20260601280,SO20260601280,2026-06-16,HCM-TB,NV018,Ví điện tử,FN-E10178,Quạt,Panasonic,Xiaomi,3,357760,0.2,858624,0.08,68689,927313,207000,621000,237624,0.2767,927313,858624,68689,621000,621000,131-Phải thu khách hàng,511-Doanh thu bán hàng,3331-Thuế GTGT đầu ra,632-Giá vốn hàng bán,156-Hàng hóa
INV20260601281,JV20260601281,SO20260601281,2026-06-26,HN-HBT,NV013,Ví điện tử,FN-A270E1,Quạt,Asia,Sony,3,502529,0.06,1417131,0.08,113370,1530501,286000,858000,559131,0.3946,1530501,1417131,113370,858000,858000,131-Phải thu khách hàng,511-Doanh thu bán hàng,3331-Thuế GTGT đầu ra,632-Giá vốn hàng bán,156-Hàng hóa
INV20260601282,JV20260601282,SO20260601282,2026-06-30,HCM-TB,NV007,Tiền mặt,VC-90E8C9,Máy hút bụi,Xiaomi G10,Electrolux,3,1870769,0.14,4826584,0.08,386126,5212710,1215000,3645000,1181584,0.2448,5212710,4826584,386126,3645000,3645000,131-Phải thu khách hàng,511-Doanh thu bán hàng,3331-Thuế GTGT đầu ra,632-Giá vốn hàng bán,156-Hàng hóa
INV20260601283,JV20260601283,SO20260601283,2026-06-15,HN-HBT,NV013,Tiền mặt,AC-D698B7,Máy lạnh,Mitsubishi 1.5HP,Casper,2,8695706,0.09,15826184,0.08,1266094,17092278,6392000,12784000,3042184,0.1922,17092278,15826184,1266094,12784000,12784000,131-Phải thu khách hàng,511-Doanh thu bán hàng,3331-Thuế GTGT đầu ra,632-Giá vốn hàng bán,156-Hàng hóa
INV20260601284,JV20260601284,SO20260601284,2026-06-29,HN-CG,NV019,Chuyển khoản,RC-189134,Nồi cơm,Sunhouse 1.2L,Samsung,2,630794,0.12,1110197,0.08,88815,1199012,414000,828000,282197,0.2542,1199012,1110197,88815,828000,828000,131-Phải thu khách hàng,511-Doanh thu bán hàng,3331-Thuế GTGT đầu ra,632-Giá vốn hàng bán,156-Hàng hóa
INV20260601285,JV20260601285,SO20260601285,2026-06-21,HN-CG,NV008,Thẻ,TV-4795B7,TV,"Samsung 55"" 4K",Electrolux,1,22485768,0.01,22260910,0.08,1780872,24041782,17348000,17348000,4912910,0.2207,24041782,22260910,1780872,17348000,17348000,131-Phải thu khách hàng,511-Doanh thu bán hàng,3331-Thuế GTGT đầu ra,632-Giá vốn hàng bán,156-Hàng hóa
INV20260601286,JV20260601286,SO20260601286,2026-06-03,HCM-Q1,NV027,Tiền mặt,RF-7AFE5C,Tủ lạnh,LG 420L,Electrolux,2,19264686,0.19,31208791,0.08,2496703,33705494,14433000,28866000,2342791,0.0751,33705494,31208791,2496703,28866000,28866000,131-Phải thu khách hàng,511-Doanh thu bán hàng,3331-Thuế GTGT đầu ra,632-Giá vốn hàng bán,156-Hàng hóa
INV20260601287,JV20260601287,SO20260601287,2026-06-28,HCM-Q1,NV015,Ví điện tử,KT-4F7F55,Ấm siêu tốc,Sunhouse,Electrolux,3,792385,0.15,2020581,0.08,161646,2182227,563000,1689000,331581,0.1641,2182227,2020581,161646,1689000,1689000,131-Phải thu khách hàng,511-Doanh thu bán hàng,3331-Thuế GTGT đầu ra,632-Giá vốn hàng bán,156-Hàng hóa
INV20260601288,JV20260601288,SO20260601288,2026-06-01,HCM-Q7,NV028,Trả góp,RF-3465A9,Tủ lạnh,Aqua 250L,Samsung,1,13931761,0.06,13095855,0.08,1047668,14143523,10949000,10949000,2146855,0.1639,14143523,13095855,1047668,10949000,10949000,131-Phải thu khách hàng,511-Doanh thu bán hàng,3331-Thuế GTGT đầu ra,632-Giá vốn hàng bán,156-Hàng hóa
INV20260601289,JV20260601289,SO20260601289,2026-06-08,HCM-Q1,NV016,Tiền mặt,MW-9E4FC6,Lò vi sóng,Sharp 20L,Electrolux,3,2631446,0.01,7815394,0.08,625231,8440625,2046000,6138000,1677394,0.2146,8440625,7815394,625231,6138000,6138000,131-Phải thu khách hàng,511-Doanh thu bán hàng,3331-Thuế GTGT đầu ra,632-Giá vốn hàng bán,156-Hàng hóa
INV20260601290,JV20260601290,SO20260601290,2026-06-20,HCM-TB,NV001,Thẻ,VC-7AF11E,Máy hút bụi,Philips FC,Panasonic,3,10807441,0.15,27558974,0.08,2204717,29763691,7909000,23727000,3831974,0.139,29763691,27558974,2204717,23727000,23727000,131-Phải thu khách hàng,511-Doanh thu bán hàng,3331-Thuế GTGT đầu ra,632-Giá vốn hàng bán,156-Hàng hóa
INV20260601291,JV20260601291,SO20260601291,2026-06-25,HCM-Q1,NV001,Ví điện tử,AC-84F331,Máy lạnh,Mitsubishi 1.5HP,Daikin,1,20979366,0.07,19510810,0.08,1560864,21071674,16276000,16276000,3234810,0.1658,21071674,19510810,1560864,16276000,16276000,131-Phải thu khách hàng,511-Doanh thu bán hàng,3331-Thuế GTGT đầu ra,632-Giá vốn hàng bán,156-Hàng hóa
INV20260601292,JV20260601292,SO20260601292,2026-06-27,HN-HBT,NV004,Ví điện tử,TV-7BABFF,TV,"Sony 65""",Aqua,3,30080114,0.11,80313904,0.08,6425112,86739016,23647000,70941000,9372904,0.1167,86739016,80313904,6425112,70941000,70941000,131-Phải thu khách hàng,511-Doanh thu bán hàng,3331-Thuế GTGT đầu ra,632-Giá vốn hàng bán,156-Hàng hóa
INV20260601293,JV20260601293,SO20260601293,2026-06-04,HCM-Q1,NV022,Ví điện tử,VC-51D140,Máy hút bụi,Xiaomi G10,Casper,3,8380923,0.17,20868498,0.08,1669479,22537977,6001000,18003000,2865498,0.1373,22537977,20868498,1669479,18003000,18003000,131-Phải thu khách hàng,511-Doanh thu bán hàng,3331-Thuế GTGT đầu ra,632-Giá vốn hàng bán,156-Hàng hóa
INV20260601294,JV20260601294,SO20260601294,2026-06-10,HN-CG,NV007,Chuyển khoản,TV-888A32,TV,"TCL 50""",Mitsubishi,2,31132220,0.12,54792707,0.08,4383416,59176123,24067000,48134000,6658707,0.1215,59176123,54792707,4383416,48134000,48134000,131-Phải thu khách hàng,511-Doanh thu bán hàng,3331-Thuế GTGT đầu ra,632-Giá vốn hàng bán,156-Hàng hóa
INV20260601295,JV20260601295,SO20260601295,2026-06-27,HCM-Q7,NV017,Tiền mặt,WM-AA0941,Máy giặt,Panasonic 8.5kg,Aqua,2,10691837,0.04,20528327,0.08,1642266,22170593,7925000,15850000,4678327,0.2279,22170593,20528327,1642266,15850000,15850000,131-Phải thu khách hàng,511-Doanh thu bán hàng,3331-Thuế GTGT đầu ra,632-Giá vốn hàng bán,156-Hàng hóa
INV20260601296,JV20260601296,SO20260601296,2026-06-16,HN-CG,NV023,Chuyển khoản,TV-3D03C9,TV,"Samsung 55"" 4K",Senko,2,32277070,0.2,51643312,0.08,4131464,55774776,25969000,51938000,-294688,-0.0057,55774776,51643312,4131464,51938000,51938000,131-Phải thu khách hàng,511-Doanh thu bán hàng,3331-Thuế GTGT đầu ra,632-Giá vốn hàng bán,156-Hàng hóa
INV20260601297,JV20260601297,SO20260601297,2026-06-18,DN-HC,NV023,Ví điện tử,RC-D51252,Nồi cơm,Sharp 1.8L,Daikin,2,3561684,0.01,7052134,0.08,564170,7616304,2196000,4392000,2660134,0.3772,7616304,7052134,564170,4392000,4392000,131-Phải thu khách hàng,511-Doanh thu bán hàng,3331-Thuế GTGT đầu ra,632-Giá vốn hàng bán,156-Hàng hóa
INV20260601298,JV20260601298,SO20260601298,2026-06-07,HCM-Q1,NV001,Trả góp,TV-DD340F,TV,"TCL 50""",LG,2,8477405,0.06,15937521,0.08,1275001,17212522,6971000,13942000,1995521,0.1252,17212522,15937521,1275001,13942000,13942000,131-Phải thu khách hàng,511-Doanh thu bán hàng,3331-Thuế GTGT đầu ra,632-Giá vốn hàng bán,156-Hàng hóa
INV20260601299,JV20260601299,SO20260601299,2026-06-26,HN-HBT,NV018,Ví điện tử,BL-08E06D,Máy xay,Philips Blender,Casper,3,1956429,0.12,5164972,0.08,413197,5578169,1411000,4233000,931972,0.1804,5578169,5164972,413197,4233000,4233000,131-Phải thu khách hàng,511-Doanh thu bán hàng,3331-Thuế GTGT đầu ra,632-Giá vốn hàng bán,156-Hàng hóa
INV20260601300,JV20260601300,SO20260601300,2026-06-12,HN-HBT,NV029,Ví điện tử,FN-49B147,Quạt,Panasonic,LG,3,1911851,0.03,5563486,0.08,445078,6008564,1205000,3615000,1948486,0.3502,6008564,5563486,445078,3615000,3615000,131-Phải thu khách hàng,511-Doanh thu bán hàng,3331-Thuế GTGT đầu ra,632-Giá vốn hàng bán,156-Hàng hóa
INV20260601301,JV20260601301,SO20260601301,2026-06-16,DN-HC,NV015,Chuyển khoản,VC-B567E6,Máy hút bụi,Philips FC,Cuckoo,1,10213322,0.13,8885590,0.08,710847,9596437,7051000,7051000,1834590,0.2065,9596437,8885590,710847,7051000,7051000,131-Phải thu khách hàng,511-Doanh thu bán hàng,3331-Thuế GTGT đầu ra,632-Giá vốn hàng bán,156-Hàng hóa
INV20260601302,JV20260601302,SO20260601302,2026-06-06,HN-CG,NV011,Chuyển khoản,BL-95987D,Máy xay,Philips Blender,Asia,2,1371509,0.05,2605867,0.08,208469,2814336,866000,1732000,873867,0.3353,2814336,2605867,208469,1732000,1732000,131-Phải thu khách hàng,511-Doanh thu bán hàng,3331-Thuế GTGT đầu ra,632-Giá vốn hàng bán,156-Hàng hóa
INV20260601303,JV20260601303,SO20260601303,2026-06-26,BD-TDM,NV004,Thẻ,FN-896DEA,Quạt,Asia,Senko,1,1668986,0.12,1468707,0.08,117496,1586203,1013000,1013000,455707,0.3103,1586203,1468707,117496,1013000,1013000,131-Phải thu khách hàng,511-Doanh thu bán hàng,3331-Thuế GTGT đầu ra,632-Giá vốn hàng bán,156-Hàng hóa
INV20260601304,JV20260601304,SO20260601304,2026-06-01,HN-CG,NV010,Chuyển khoản,RC-F33CDE,Nồi cơm,Panasonic 1.8L,Senko,1,722962,0.13,628976,0.08,50318,679294,448000,448000,180976,0.2877,679294,628976,50318,448000,448000,131-Phải thu khách hàng,511-Doanh thu bán hàng,3331-Thuế GTGT đầu ra,632-Giá vốn hàng bán,156-Hàng hóa
INV20260601305,JV20260601305,SO20260601305,2026-06-02,HN-CG,NV027,Thẻ,BL-653303,Máy xay,Sunhouse Blender,Philips,2,959087,0.03,1860628,0.08,148850,2009478,633000,1266000,594628,0.3196,2009478,1860628,148850,1266000,1266000,131-Phải thu khách hàng,511-Doanh thu bán hàng,3331-Thuế GTGT đầu ra,632-Giá vốn hàng bán,156-Hàng hóa
INV20260601306,JV20260601306,SO20260601306,2026-06-19,DN-HC,NV007,Tiền mặt,TV-E2DD63,TV,LG OLED 48,Panasonic,3,11610203,0.01,34482302,0.08,2758584,37240886,8922000,26766000,7716302,0.2238,37240886,34482302,2758584,26766000,26766000,131-Phải thu khách hàng,511-Doanh thu bán hàng,3331-Thuế GTGT đầu ra,632-Giá vốn hàng bán,156-Hàng hóa
INV20260601307,JV20260601307,SO20260601307,2026-06-30,HCM-Q1,NV007,Thẻ,AC-3E9D78,Máy lạnh,Mitsubishi 1.5HP,Electrolux,2,18574454,0.17,30833593,0.08,2466687,33300280,13909000,27818000,3015593,0.0978,33300280,30833593,2466687,27818000,27818000,131-Phải thu khách hàng,511-Doanh thu bán hàng,3331-Thuế GTGT đầu ra,632-Giá vốn hàng bán,156-Hàng hóa
INV20260601308,JV20260601308,SO20260601308,2026-06-26,BD-TDM,NV011,Chuyển khoản,TV-43365F,TV,"Samsung 55"" 4K",Cuckoo,3,33221738,0.03,96675257,0.08,7734020,104409277,25902000,77706000,18969257,0.1962,104409277,96675257,7734020,77706000,77706000,131-Phải thu khách hàng,511-Doanh thu bán hàng,3331-Thuế GTGT đầu ra,632-Giá vốn hàng bán,156-Hàng hóa
INV20260601309,JV20260601309,SO20260601309,2026-06-22,CT-NK,NV011,Trả góp,WM-EE77C3,Máy giặt,Toshiba 9kg,Panasonic,3,6267350,0.06,17673927,0.08,1413914,19087841,4845000,14535000,3138927,0.1776,19087841,17673927,1413914,14535000,14535000,131-Phải thu khách hàng,511-Doanh thu bán hàng,3331-Thuế GTGT đầu ra,632-Giá vốn hàng bán,156-Hàng hóa
INV20260601310,JV20260601310,SO20260601310,2026-06-04,CT-NK,NV013,Tiền mặt,RF-F005D7,Tủ lạnh,Aqua 250L,Sony,1,11691957,0.2,9353565,0.08,748285,10101850,8683000,8683000,670565,0.0717,10101850,9353565,748285,8683000,8683000,131-Phải thu khách hàng,511-Doanh thu bán hàng,3331-Thuế GTGT đầu ra,632-Giá vốn hàng bán,156-Hàng hóa
INV20260601311,JV20260601311,SO20260601311,2026-06-12,HN-CG,NV016,Chuyển khoản,MW-8EA0CB,Lò vi sóng,Panasonic 25L,LG,2,3249783,0.2,5199652,0.08,415972,5615624,2091000,4182000,1017652,0.1957,5615624,5199652,415972,4182000,4182000,131-Phải thu khách hàng,511-Doanh thu bán hàng,3331-Thuế GTGT đầu ra,632-Giá vốn hàng bán,156-Hàng hóa
INV20260601312,JV20260601312,SO20260601312,2026-06-03,HN-HBT,NV023,Tiền mặt,RC-13DEBA,Nồi cơm,Panasonic 1.8L,Mitsubishi,3,2539114,0.06,7160301,0.08,572824,7733125,1915000,5745000,1415301,0.1977,7733125,7160301,572824,5745000,5745000,131-Phải thu khách hàng,511-Doanh thu bán hàng,3331-Thuế GTGT đầu ra,632-Giá vốn hàng bán,156-Hàng hóa
INV20260601313,JV20260601313,SO20260601313,2026-06-26,HCM-Q1,NV014,Tiền mặt,RC-007FFA,Nồi cơm,Sharp 1.8L,Cuckoo,1,2897293,0.03,2810374,0.08,224829,3035203,2092000,2092000,718374,0.2556,3035203,2810374,224829,2092000,2092000,131-Phải thu khách hàng,511-Doanh thu bán hàng,3331-Thuế GTGT đầu ra,632-Giá vốn hàng bán,156-Hàng hóa
INV20260601314,JV20260601314,SO20260601314,2026-06-09,HN-HBT,NV026,Ví điện tử,BL-A4802F,Máy xay,Philips Blender,Daikin,2,2722790,0.09,4955477,0.08,396438,5351915,1521000,3042000,1913477,0.3861,5351915,4955477,396438,3042000,3042000,131-Phải thu khách hàng,511-Doanh thu bán hàng,3331-Thuế GTGT đầu ra,632-Giá vốn hàng bán,156-Hàng hóa
INV20260601315,JV20260601315,SO20260601315,2026-06-20,DN-HC,NV026,Chuyển khoản,KT-9BE99C,Ấm siêu tốc,Philips,Panasonic,3,1028084,0.12,2714141,0.08,217131,2931272,617000,1851000,863141,0.318,2931272,2714141,217131,1851000,1851000,131-Phải thu khách hàng,511-Doanh thu bán hàng,3331-Thuế GTGT đầu ra,632-Giá vốn hàng bán,156-Hàng hóa
INV20260601316,JV20260601316,SO20260601316,2026-06-17,HN-HBT,NV003,Tiền mặt,MW-CC5E2E,Lò vi sóng,Electrolux 23L,Electrolux,1,4355800,0.1,3920220,0.08,313617,4233837,3155000,3155000,765220,0.1952,4233837,3920220,313617,3155000,3155000,131-Phải thu khách hàng,511-Doanh thu bán hàng,3331-Thuế GTGT đầu ra,632-Giá vốn hàng bán,156-Hàng hóa
INV20260601317,JV20260601317,SO20260601317,2026-06-09,HCM-TB,NV025,Tiền mặt,RF-F74DE6,Tủ lạnh,LG 420L,Toshiba,1,21075178,0.12,18546156,0.08,1483692,20029848,17251000,17251000,1295156,0.0698,20029848,18546156,1483692,17251000,17251000,131-Phải thu khách hàng,511-Doanh thu bán hàng,3331-Thuế GTGT đầu ra,632-Giá vốn hàng bán,156-Hàng hóa
INV20260601318,JV20260601318,SO20260601318,2026-06-20,HCM-TB,NV017,Ví điện tử,TV-0432E5,TV,"Sony 65""",Panasonic,3,25877727,0.13,67540867,0.08,5403269,72944136,20669000,62007000,5533867,0.0819,72944136,67540867,5403269,62007000,62007000,131-Phải thu khách hàng,511-Doanh thu bán hàng,3331-Thuế GTGT đầu ra,632-Giá vốn hàng bán,156-Hàng hóa
INV20260601319,JV20260601319,SO20260601319,2026-06-25,HN-CG,NV016,Tiền mặt,WM-6CA151,Máy giặt,LG 9kg,Philips,3,7402033,0.18,18209001,0.08,1456720,19665721,5628000,16884000,1325001,0.0728,19665721,18209001,1456720,16884000,16884000,131-Phải thu khách hàng,511-Doanh thu bán hàng,3331-Thuế GTGT đầu ra,632-Giá vốn hàng bán,156-Hàng hóa
INV20260601320,JV20260601320,SO20260601320,2026-06-03,CT-NK,NV030,Chuyển khoản,WM-917ACE,Máy giặt,Panasonic 8.5kg,Philips,1,4758844,0.15,4045017,0.08,323601,4368618,3885000,3885000,160017,0.0396,4368618,4045017,323601,3885000,3885000,131-Phải thu khách hàng,511-Doanh thu bán hàng,3331-Thuế GTGT đầu ra,632-Giá vốn hàng bán,156-Hàng hóa
INV20260601321,JV20260601321,SO20260601321,2026-06-28,DN-HC,NV020,Tiền mặt,FN-63D039,Quạt,Asia,Mitsubishi,3,1479327,0.11,3949803,0.08,315984,4265787,828000,2484000,1465803,0.3711,4265787,3949803,315984,2484000,2484000,131-Phải thu khách hàng,511-Doanh thu bán hàng,3331-Thuế GTGT đầu ra,632-Giá vốn hàng bán,156-Hàng hóa
INV20260601322,JV20260601322,SO20260601322,2026-06-19,HN-HBT,NV013,Trả góp,KT-37BC3F,Ấm siêu tốc,Sunhouse,Panasonic,2,928925,0.05,1764957,0.08,141196,1906153,509000,1018000,746957,0.4232,1906153,1764957,141196,1018000,1018000,131-Phải thu khách hàng,511-Doanh thu bán hàng,3331-Thuế GTGT đầu ra,632-Giá vốn hàng bán,156-Hàng hóa
INV20260601323,JV20260601323,SO20260601323,2026-06-06,HN-HBT,NV030,Chuyển khoản,RC-666E15,Nồi cơm,Sunhouse 1.2L,Panasonic,2,3218623,0.19,5214169,0.08,417133,5631302,2100000,4200000,1014169,0.1945,5631302,5214169,417133,4200000,4200000,131-Phải thu khách hàng,511-Doanh thu bán hàng,3331-Thuế GTGT đầu ra,632-Giá vốn hàng bán,156-Hàng hóa
INV20260601324,JV20260601324,SO20260601324,2026-06-08,BD-TDM,NV002,Thẻ,FN-C43CC3,Quạt,Senko,Electrolux,1,1418479,0.16,1191522,0.08,95321,1286843,909000,909000,282522,0.2371,1286843,1191522,95321,909000,909000,131-Phải thu khách hàng,511-Doanh thu bán hàng,3331-Thuế GTGT đầu ra,632-Giá vốn hàng bán,156-Hàng hóa
INV20260601325,JV20260601325,SO20260601325,2026-06-11,HN-HBT,NV023,Tiền mặt,KT-F760AD,Ấm siêu tốc,Philips,LG,2,396931,0.08,730353,0.08,58428,788781,259000,518000,212353,0.2908,788781,730353,58428,518000,518000,131-Phải thu khách hàng,511-Doanh thu bán hàng,3331-Thuế GTGT đầu ra,632-Giá vốn hàng bán,156-Hàng hóa
INV20260601326,JV20260601326,SO20260601326,2026-06-13,HCM-TB,NV008,Tiền mặt,TV-DE1879,TV,"Samsung 55"" 4K",Asia,3,10185852,0.06,28724102,0.08,2297928,31022030,8615000,25845000,2879102,0.1002,31022030,28724102,2297928,25845000,25845000,131-Phải thu khách hàng,511-Doanh thu bán hàng,3331-Thuế GTGT đầu ra,632-Giá vốn hàng bán,156-Hàng hóa
INV20260601327,JV20260601327,SO20260601327,2026-06-25,HCM-Q1,NV002,Trả góp,MW-4F3182,Lò vi sóng,Panasonic 25L,Daikin,3,4993458,0.06,14081551,0.08,1126524,15208075,3121000,9363000,4718551,0.3351,15208075,14081551,1126524,9363000,9363000,131-Phải thu khách hàng,511-Doanh thu bán hàng,3331-Thuế GTGT đầu ra,632-Giá vốn hàng bán,156-Hàng hóa
INV20260601328,JV20260601328,SO20260601328,2026-06-18,HCM-Q1,NV002,Tiền mặt,FN-077AB7,Quạt,Panasonic,Samsung,3,1073552,0.07,2995210,0.08,239616,3234826,710000,2130000,865210,0.2889,3234826,2995210,239616,2130000,2130000,131-Phải thu khách hàng,511-Doanh thu bán hàng,3331-Thuế GTGT đầu ra,632-Giá vốn hàng bán,156-Hàng hóa
INV20260601329,JV20260601329,SO20260601329,2026-06-12,HN-HBT,NV012,Chuyển khoản,WM-9F9723,Máy giặt,LG 9kg,Mitsubishi,3,10862812,0.11,29003708,0.08,2320296,31324004,8598000,25794000,3209708,0.1107,31324004,29003708,2320296,25794000,25794000,131-Phải thu khách hàng,511-Doanh thu bán hàng,3331-Thuế GTGT đầu ra,632-Giá vốn hàng bán,156-Hàng hóa
INV20260601330,JV20260601330,SO20260601330,2026-06-03,HCM-TB,NV027,Trả góp,KT-C02AC0,Ấm siêu tốc,Kangaroo,Asia,2,330339,0.07,614430,0.08,49154,663584,204000,408000,206430,0.336,663584,614430,49154,408000,408000,131-Phải thu khách hàng,511-Doanh thu bán hàng,3331-Thuế GTGT đầu ra,632-Giá vốn hàng bán,156-Hàng hóa
INV20260601331,JV20260601331,SO20260601331,2026-06-15,BD-TDM,NV002,Trả góp,TV-5243F8,TV,"Samsung 55"" 4K",LG,1,19576234,0.06,18401659,0.08,1472132,19873791,16274000,16274000,2127659,0.1156,19873791,18401659,1472132,16274000,16274000,131-Phải thu khách hàng,511-Doanh thu bán hàng,3331-Thuế GTGT đầu ra,632-Giá vốn hàng bán,156-Hàng hóa
INV20260601332,JV20260601332,SO20260601332,2026-06-25,HN-CG,NV018,Trả góp,WM-1A20E2,Máy giặt,Panasonic 8.5kg,Sharp,2,16617284,0.12,29246419,0.08,2339713,31586132,13124000,26248000,2998419,0.1025,31586132,29246419,2339713,26248000,26248000,131-Phải thu khách hàng,511-Doanh thu bán hàng,3331-Thuế GTGT đầu ra,632-Giá vốn hàng bán,156-Hàng hóa
INV20260601333,JV20260601333,SO20260601333,2026-06-28,HCM-TB,NV016,Chuyển khoản,VC-D86280,Máy hút bụi,Philips FC,Mitsubishi,1,8496631,0.07,7901866,0.08,632149,8534015,6313000,6313000,1588866,0.2011,8534015,7901866,632149,6313000,6313000,131-Phải thu khách hàng,511-Doanh thu bán hàng,3331-Thuế GTGT đầu ra,632-Giá vốn hàng bán,156-Hàng hóa
INV20260601334,JV20260601334,SO20260601334,2026-06-07,HN-CG,NV018,Trả góp,MW-83094B,Lò vi sóng,Sharp 20L,Casper,3,3149141,0.2,7557938,0.08,604635,8162573,2329000,6987000,570938,0.0755,8162573,7557938,604635,6987000,6987000,131-Phải thu khách hàng,511-Doanh thu bán hàng,3331-Thuế GTGT đầu ra,632-Giá vốn hàng bán,156-Hàng hóa
INV20260601335,JV20260601335,SO20260601335,2026-06-06,HCM-Q1,NV030,Tiền mặt,KT-2ABC39,Ấm siêu tốc,Kangaroo,Mitsubishi,2,776825,0.05,1475967,0.08,118077,1594044,543000,1086000,389967,0.2642,1594044,1475967,118077,1086000,1086000,131-Phải thu khách hàng,511-Doanh thu bán hàng,3331-Thuế GTGT đầu ra,632-Giá vốn hàng bán,156-Hàng hóa
INV20260601336,JV20260601336,SO20260601336,2026-06-29,CT-NK,NV022,Chuyển khoản,RF-99918D,Tủ lạnh,LG 420L,Casper,1,7587735,0.09,6904838,0.08,552387,7457225,6201000,6201000,703838,0.1019,7457225,6904838,552387,6201000,6201000,131-Phải thu khách hàng,511-Doanh thu bán hàng,3331-Thuế GTGT đầu ra,632-Giá vốn hàng bán,156-Hàng hóa
INV20260601337,JV20260601337,SO20260601337,2026-06-09,HCM-Q1,NV030,Ví điện tử,VC-FA3352,Máy hút bụi,Dyson V8,Aqua,2,3562125,0.16,5984370,0.08,478749,6463119,2527000,5054000,930370,0.1555,6463119,5984370,478749,5054000,5054000,131-Phải thu khách hàng,511-Doanh thu bán hàng,3331-Thuế GTGT đầu ra,632-Giá vốn hàng bán,156-Hàng hóa
INV20260601338,JV20260601338,SO20260601338,2026-06-07,HN-CG,NV017,Ví điện tử,RC-E5BE41,Nồi cơm,Sharp 1.8L,Casper,3,3776078,0.16,9515716,0.08,761257,10276973,2274000,6822000,2693716,0.2831,10276973,9515716,761257,6822000,6822000,131-Phải thu khách hàng,511-Doanh thu bán hàng,3331-Thuế GTGT đầu ra,632-Giá vốn hàng bán,156-Hàng hóa
INV20260601339,JV20260601339,SO20260601339,2026-06-03,CT-NK,NV021,Chuyển khoản,VC-98037D,Máy hút bụi,Dyson V8,Sunhouse,2,8376931,0.04,16083707,0.08,1286696,17370403,6539000,13078000,3005707,0.1869,17370403,16083707,1286696,13078000,13078000,131-Phải thu khách hàng,511-Doanh thu bán hàng,3331-Thuế GTGT đầu ra,632-Giá vốn hàng bán,156-Hàng hóa
INV20260601340,JV20260601340,SO20260601340,2026-06-28,HN-CG,NV024,Trả góp,TV-A7F7B3,TV,"Sony 65""",Senko,2,15107296,0.18,24775965,0.08,1982077,26758042,12702000,25404000,-628035,-0.0253,26758042,24775965,1982077,25404000,25404000,131-Phải thu khách hàng,511-Doanh thu bán hàng,3331-Thuế GTGT đầu ra,632-Giá vốn hàng bán,156-Hàng hóa
INV20260601341,JV20260601341,SO20260601341,2026-06-13,HCM-Q7,NV028,Tiền mặt,RC-D5DEB5,Nồi cơm,Panasonic 1.8L,Cuckoo,1,540518,0.14,464845,0.08,37187,502032,342000,342000,122845,0.2643,502032,464845,37187,342000,342000,131-Phải thu khách hàng,511-Doanh thu bán hàng,3331-Thuế GTGT đầu ra,632-Giá vốn hàng bán,156-Hàng hóa
INV20260601342,JV20260601342,SO20260601342,2026-06-01,HCM-Q7,NV024,Chuyển khoản,TV-8A011F,TV,LG OLED 48,Philips,3,11686458,0.17,29099280,0.08,2327942,31427222,9816000,29448000,-348720,-0.012,31427222,29099280,2327942,29448000,29448000,131-Phải thu khách hàng,511-Doanh thu bán hàng,3331-Thuế GTGT đầu ra,632-Giá vốn hàng bán,156-Hàng hóa
INV20260601343,JV20260601343,SO20260601343,2026-06-24,HN-CG,NV016,Ví điện tử,WM-2257EF,Máy giặt,Samsung 10kg,Panasonic,3,12698460,0.15,32381073,0.08,2590485,34971558,9664000,28992000,3389073,0.1047,34971558,32381073,2590485,28992000,28992000,131-Phải thu khách hàng,511-Doanh thu bán hàng,3331-Thuế GTGT đầu ra,632-Giá vốn hàng bán,156-Hàng hóa
INV20260601344,JV20260601344,SO20260601344,2026-06-23,HN-HBT,NV001,Tiền mặt,AC-818A33,Máy lạnh,Casper 1HP,Electrolux,2,20355076,0.12,35824933,0.08,2865994,38690927,16562000,33124000,2700933,0.0754,38690927,35824933,2865994,33124000,33124000,131-Phải thu khách hàng,511-Doanh thu bán hàng,3331-Thuế GTGT đầu ra,632-Giá vốn hàng bán,156-Hàng hóa
INV20260601345,JV20260601345,SO20260601345,2026-06-16,HN-CG,NV002,Tiền mặt,FN-441B27,Quạt,Senko,Samsung,1,2109161,0.12,1856061,0.08,148484,2004545,1369000,1369000,487061,0.2624,2004545,1856061,148484,1369000,1369000,131-Phải thu khách hàng,511-Doanh thu bán hàng,3331-Thuế GTGT đầu ra,632-Giá vốn hàng bán,156-Hàng hóa
INV20260601346,JV20260601346,SO20260601346,2026-06-09,HCM-TB,NV029,Thẻ,RC-A5EAB1,Nồi cơm,Cuckoo 1.8L,Sony,2,1405411,0.01,2782713,0.08,222617,3005330,865000,1730000,1052713,0.3783,3005330,2782713,222617,1730000,1730000,131-Phải thu khách hàng,511-Doanh thu bán hàng,3331-Thuế GTGT đầu ra,632-Giá vốn hàng bán,156-Hàng hóa
INV20260601347,JV20260601347,SO20260601347,2026-06-15,HN-HBT,NV025,Chuyển khoản,BL-F15989,Máy xay,Philips Blender,Samsung,3,2436355,0.12,6431977,0.08,514558,6946535,1733000,5199000,1232977,0.1917,6946535,6431977,514558,5199000,5199000,131-Phải thu khách hàng,511-Doanh thu bán hàng,3331-Thuế GTGT đầu ra,632-Giá vốn hàng bán,156-Hàng hóa
INV20260601348,JV20260601348,SO20260601348,2026-06-20,DN-HC,NV008,Chuyển khoản,KT-C76795,Ấm siêu tốc,Philips,Aqua,3,1071055,0.05,3052506,0.08,244200,3296706,694000,2082000,970506,0.3179,3296706,3052506,244200,2082000,2082000,131-Phải thu khách hàng,511-Doanh thu bán hàng,3331-Thuế GTGT đầu ra,632-Giá vốn hàng bán,156-Hàng hóa
INV20260601349,JV20260601349,SO20260601349,2026-06-09,DN-HC,NV007,Chuyển khoản,BL-33ED9A,Máy xay,Philips Blender,Panasonic,2,818830,0.19,1326504,0.08,106120,1432624,489000,978000,348504,0.2627,1432624,1326504,106120,978000,978000,131-Phải thu khách hàng,511-Doanh thu bán hàng,3331-Thuế GTGT đầu ra,632-Giá vốn hàng bán,156-Hàng hóa
INV20260601350,JV20260601350,SO20260601350,2026-06-16,HN-HBT,NV012,Trả góp,RC-A4D4BD,Nồi cơm,Sunhouse 1.2L,Cuckoo,3,1346521,0.01,3999167,0.08,319933,4319100,1003000,3009000,990167,0.2476,4319100,3999167,319933,3009000,3009000,131-Phải thu khách hàng,511-Doanh thu bán hàng,3331-Thuế GTGT đầu ra,632-Giá vốn hàng bán,156-Hàng hóa
INV20260601351,JV20260601351,SO20260601351,2026-06-11,HCM-Q1,NV030,Thẻ,KT-25E86C,Ấm siêu tốc,Philips,Sharp,2,1360334,0.01,2693461,0.08,215476,2908937,726000,1452000,1241461,0.4609,2908937,2693461,215476,1452000,1452000,131-Phải thu khách hàng,511-Doanh thu bán hàng,3331-Thuế GTGT đầu ra,632-Giá vốn hàng bán,156-Hàng hóa
INV20260601352,JV20260601352,SO20260601352,2026-06-23,HCM-Q1,NV021,Trả góp,FN-5AA0F8,Quạt,Senko,Cuckoo,3,1171729,0.03,3409731,0.08,272778,3682509,758000,2274000,1135731,0.3331,3682509,3409731,272778,2274000,2274000,131-Phải thu khách hàng,511-Doanh thu bán hàng,3331-Thuế GTGT đầu ra,632-Giá vốn hàng bán,156-Hàng hóa
INV20260601353,JV20260601353,SO20260601353,2026-06-28,BD-TDM,NV030,Thẻ,AC-84F331,Máy lạnh,Mitsubishi 1.5HP,Daikin,1,10968103,0.03,10639059,0.08,851124,11490183,9019000,9019000,1620059,0.1523,11490183,10639059,851124,9019000,9019000,131-Phải thu khách hàng,511-Doanh thu bán hàng,3331-Thuế GTGT đầu ra,632-Giá vốn hàng bán,156-Hàng hóa
INV20260601354,JV20260601354,SO20260601354,2026-06-24,HCM-Q1,NV023,Chuyển khoản,BL-3258EA,Máy xay,Panasonic Blender,Mitsubishi,3,1822462,0.07,5084668,0.08,406773,5491441,1258000,3774000,1310668,0.2578,5491441,5084668,406773,3774000,3774000,131-Phải thu khách hàng,511-Doanh thu bán hàng,3331-Thuế GTGT đầu ra,632-Giá vốn hàng bán,156-Hàng hóa
INV20260601355,JV20260601355,SO20260601355,2026-06-14,DN-HC,NV005,Trả góp,WM-AF1676,Máy giặt,Toshiba 9kg,Sunhouse,1,12307926,0.08,11323291,0.08,905863,12229154,9270000,9270000,2053291,0.1813,12229154,11323291,905863,9270000,9270000,131-Phải thu khách hàng,511-Doanh thu bán hàng,3331-Thuế GTGT đầu ra,632-Giá vốn hàng bán,156-Hàng hóa
INV20260601356,JV20260601356,SO20260601356,2026-06-13,HCM-TB,NV001,Trả góp,WM-0EC5E7,Máy giặt,Toshiba 9kg,Sony,1,10999297,0.0,10999297,0.08,879943,11879240,8899000,8899000,2100297,0.1909,11879240,10999297,879943,8899000,8899000,131-Phải thu khách hàng,511-Doanh thu bán hàng,3331-Thuế GTGT đầu ra,632-Giá vốn hàng bán,156-Hàng hóa
INV20260601357,JV20260601357,SO20260601357,2026-06-22,HCM-Q1,NV014,Ví điện tử,RC-13DEBA,Nồi cơm,Panasonic 1.8L,Mitsubishi,2,2963724,0.06,5571801,0.08,445744,6017545,1794000,3588000,1983801,0.356,6017545,5571801,445744,3588000,3588000,131-Phải thu khách hàng,511-Doanh thu bán hàng,3331-Thuế GTGT đầu ra,632-Giá vốn hàng bán,156-Hàng hóa
INV20260601358,JV20260601358,SO20260601358,2026-06-14,HCM-Q1,NV025,Tiền mặt,RC-6CF84A,Nồi cơm,Cuckoo 1.8L,Daikin,2,1444830,0.16,2427314,0.08,194185,2621499,911000,1822000,605314,0.2494,2621499,2427314,194185,1822000,1822000,131-Phải thu khách hàng,511-Doanh thu bán hàng,3331-Thuế GTGT đầu ra,632-Giá vốn hàng bán,156-Hàng hóa
INV20260601359,JV20260601359,SO20260601359,2026-06-29,BD-TDM,NV025,Chuyển khoản,RC-007FFA,Nồi cơm,Sharp 1.8L,Cuckoo,1,2700193,0.0,2700193,0.08,216015,2916208,1819000,1819000,881193,0.3263,2916208,2700193,216015,1819000,1819000,131-Phải thu khách hàng,511-Doanh thu bán hàng,3331-Thuế GTGT đầu ra,632-Giá vốn hàng bán,156-Hàng hóa
INV20260601360,JV20260601360,SO20260601360,2026-06-13,HCM-Q7,NV021,Chuyển khoản,TV-9BDABC,TV,"Sony 65""",Electrolux,1,25031025,0.12,22027302,0.08,1762184,23789486,20635000,20635000,1392302,0.0632,23789486,22027302,1762184,20635000,20635000,131-Phải thu khách hàng,511-Doanh thu bán hàng,3331-Thuế GTGT đầu ra,632-Giá vốn hàng bán,156-Hàng hóa
INV20260601361,JV20260601361,SO20260601361,2026-06-10,BD-TDM,NV014,Ví điện tử,BL-981E64,Máy xay,Sunhouse Blender,Samsung,1,2084834,0.11,1855502,0.08,148440,2003942,1539000,1539000,316502,0.1706,2003942,1855502,148440,1539000,1539000,131-Phải thu khách hàng,511-Doanh thu bán hàng,3331-Thuế GTGT đầu ra,632-Giá vốn hàng bán,156-Hàng hóa
INV20260601362,JV20260601362,SO20260601362,2026-06-10,DN-HC,NV024,Tiền mặt,BL-86D7E5,Máy xay,Philips Blender,Aqua,3,1201289,0.14,3099325,0.08,247946,3347271,837000,2511000,588325,0.1898,3347271,3099325,247946,2511000,2511000,131-Phải thu khách hàng,511-Doanh thu bán hàng,3331-Thuế GTGT đầu ra,632-Giá vốn hàng bán,156-Hàng hóa
INV20260601363,JV20260601363,SO20260601363,2026-06-24,HN-HBT,NV018,Thẻ,TV-12CDFD,TV,"Samsung 55"" 4K",Sunhouse,3,7892950,0.07,22021330,0.08,1761706,23783036,6492000,19476000,2545330,0.1156,23783036,22021330,1761706,19476000,19476000,131-Phải thu khách hàng,511-Doanh thu bán hàng,3331-Thuế GTGT đầu ra,632-Giá vốn hàng bán,156-Hàng hóa
INV20260601364,JV20260601364,SO20260601364,2026-06-28,DN-HC,NV002,Ví điện tử,MW-8EA0CB,Lò vi sóng,Panasonic 25L,LG,3,1577739,0.16,3975902,0.08,318072,4293974,1167000,3501000,474902,0.1194,4293974,3975902,318072,3501000,3501000,131-Phải thu khách hàng,511-Doanh thu bán hàng,3331-Thuế GTGT đầu ra,632-Giá vốn hàng bán,156-Hàng hóa
INV20260601365,JV20260601365,SO20260601365,2026-06-24,HCM-TB,NV010,Thẻ,FN-374368,Quạt,Senko,Panasonic,2,2018407,0.11,3592764,0.08,287421,3880185,1495000,2990000,602764,0.1678,3880185,3592764,287421,2990000,2990000,131-Phải thu khách hàng,511-Doanh thu bán hàng,3331-Thuế GTGT đầu ra,632-Giá vốn hàng bán,156-Hàng hóa
INV20260601366,JV20260601366,SO20260601366,2026-06-30,HCM-TB,NV009,Chuyển khoản,MW-8EA0CB,Lò vi sóng,Panasonic 25L,LG,2,5233375,0.07,9734077,0.08,778726,10512803,3561000,7122000,2612077,0.2683,10512803,9734077,778726,7122000,7122000,131-Phải thu khách hàng,511-Doanh thu bán hàng,3331-Thuế GTGT đầu ra,632-Giá vốn hàng bán,156-Hàng hóa
INV20260601367,JV20260601367,SO20260601367,2026-06-05,HCM-TB,NV004,Tiền mặt,RC-BA76D0,Nồi cơm,Panasonic 1.8L,Daikin,3,805482,0.11,2150636,0.08,172050,2322686,526000,1578000,572636,0.2663,2322686,2150636,172050,1578000,1578000,131-Phải thu khách hàng,511-Doanh thu bán hàng,3331-Thuế GTGT đầu ra,632-Giá vốn hàng bán,156-Hàng hóa
INV20260601368,JV20260601368,SO20260601368,2026-06-12,BD-TDM,NV023,Chuyển khoản,MW-8EFC71,Lò vi sóng,Electrolux 23L,Cuckoo,1,2824909,0.19,2288176,0.08,183054,2471230,1807000,1807000,481176,0.2103,2471230,2288176,183054,1807000,1807000,131-Phải thu khách hàng,511-Doanh thu bán hàng,3331-Thuế GTGT đầu ra,632-Giá vốn hàng bán,156-Hàng hóa
INV20260601369,JV20260601369,SO20260601369,2026-06-05,HN-CG,NV024,Ví điện tử,RC-18F162,Nồi cơm,Sharp 1.8L,Toshiba,3,853250,0.19,2073397,0.08,165871,2239268,563000,1689000,384397,0.1854,2239268,2073397,165871,1689000,1689000,131-Phải thu khách hàng,511-Doanh thu bán hàng,3331-Thuế GTGT đầu ra,632-Giá vốn hàng bán,156-Hàng hóa
INV20260601370,JV20260601370,SO20260601370,2026-06-04,DN-HC,NV010,Ví điện tử,WM-694A64,Máy giặt,Toshiba 9kg,Mitsubishi,2,10965606,0.01,21711899,0.08,1736951,23448850,8328000,16656000,5055899,0.2329,23448850,21711899,1736951,16656000,16656000,131-Phải thu khách hàng,511-Doanh thu bán hàng,3331-Thuế GTGT đầu ra,632-Giá vốn hàng bán,156-Hàng hóa
INV20260601371,JV20260601371,SO20260601371,2026-06-05,HCM-TB,NV009,Chuyển khoản,RF-F64CD4,Tủ lạnh,Samsung Inverter 350L,Casper,2,17549692,0.03,34046402,0.08,2723712,36770114,13375000,26750000,7296402,0.2143,36770114,34046402,2723712,26750000,26750000,131-Phải thu khách hàng,511-Doanh thu bán hàng,3331-Thuế GTGT đầu ra,632-Giá vốn hàng bán,156-Hàng hóa
INV20260601372,JV20260601372,SO20260601372,2026-06-03,HN-HBT,NV009,Ví điện tử,MW-2666B6,Lò vi sóng,Panasonic 25L,Mitsubishi,1,1959092,0.08,1802364,0.08,144189,1946553,1415000,1415000,387364,0.2149,1946553,1802364,144189,1415000,1415000,131-Phải thu khách hàng,511-Doanh thu bán hàng,3331-Thuế GTGT đầu ra,632-Giá vốn hàng bán,156-Hàng hóa
INV20260601373,JV20260601373,SO20260601373,2026-06-26,HCM-Q7,NV026,Tiền mặt,RF-F64CD4,Tủ lạnh,Samsung Inverter 350L,Casper,2,9727573,0.03,18871491,0.08,1509719,20381210,8251000,16502000,2369491,0.1256,20381210,18871491,1509719,16502000,16502000,131-Phải thu khách hàng,511-Doanh thu bán hàng,3331-Thuế GTGT đầu ra,632-Giá vốn hàng bán,156-Hàng hóa
INV20260601374,JV20260601374,SO20260601374,2026-06-05,HN-CG,NV004,Ví điện tử,AC-691AE0,Máy lạnh,Casper 1HP,LG,2,13255049,0.02,25979896,0.08,2078391,28058287,9954000,19908000,6071896,0.2337,28058287,25979896,2078391,19908000,19908000,131-Phải thu khách hàng,511-Doanh thu bán hàng,3331-Thuế GTGT đầu ra,632-Giá vốn hàng bán,156-Hàng hóa
INV20260601375,JV20260601375,SO20260601375,2026-06-19,HN-CG,NV028,Tiền mặt,BL-8A2ABB,Máy xay,Sunhouse Blender,Aqua,3,2935700,0.17,7309893,0.08,584791,7894684,2157000,6471000,838893,0.1148,7894684,7309893,584791,6471000,6471000,131-Phải thu khách hàng,511-Doanh thu bán hàng,3331-Thuế GTGT đầu ra,632-Giá vốn hàng bán,156-Hàng hóa
INV20260601376,JV20260601376,SO20260601376,2026-06-17,CT-NK,NV021,Chuyển khoản,TV-652BA6,TV,LG OLED 48,Senko,1,33912925,0.15,28825986,0.08,2306078,31132064,26055000,26055000,2770986,0.0961,31132064,28825986,2306078,26055000,26055000,131-Phải thu khách hàng,511-Doanh thu bán hàng,3331-Thuế GTGT đầu ra,632-Giá vốn hàng bán,156-Hàng hóa
INV20260601377,JV20260601377,SO20260601377,2026-06-20,HN-CG,NV003,Thẻ,BL-2439D2,Máy xay,Philips Blender,Sony,3,1752196,0.18,4310402,0.08,344832,4655234,1139000,3417000,893402,0.2073,4655234,4310402,344832,3417000,3417000,131-Phải thu khách hàng,511-Doanh thu bán hàng,3331-Thuế GTGT đầu ra,632-Giá vốn hàng bán,156-Hàng hóa
INV20260601378,JV20260601378,SO20260601378,2026-06-01,HN-CG,NV018,Tiền mặt,TV-5243F8,TV,"Samsung 55"" 4K",LG,1,24002271,0.03,23282202,0.08,1862576,25144778,20655000,20655000,2627202,0.1128,25144778,23282202,1862576,20655000,20655000,131-Phải thu khách hàng,511-Doanh thu bán hàng,3331-Thuế GTGT đầu ra,632-Giá vốn hàng bán,156-Hàng hóa
INV20260601379,JV20260601379,SO20260601379,2026-06-07,HCM-Q1,NV024,Tiền mặt,KT-930F94,Ấm siêu tốc,Philips,Sony,2,717679,0.2,1148286,0.08,91862,1240148,430000,860000,288286,0.2511,1240148,1148286,91862,860000,860000,131-Phải thu khách hàng,511-Doanh thu bán hàng,3331-Thuế GTGT đầu ra,632-Giá vốn hàng bán,156-Hàng hóa
INV20260601380,JV20260601380,SO20260601380,2026-06-21,CT-NK,NV008,Ví điện tử,FN-633F9D,Quạt,Panasonic,Cuckoo,2,453690,0.17,753125,0.08,60250,813375,329000,658000,95125,0.1263,813375,753125,60250,658000,658000,131-Phải thu khách hàng,511-Doanh thu bán hàng,3331-Thuế GTGT đầu ra,632-Giá vốn hàng bán,156-Hàng hóa
INV20260601381,JV20260601381,SO20260601381,2026-06-16,HCM-Q1,NV009,Ví điện tử,BL-F15989,Máy xay,Philips Blender,Samsung,2,641974,0.04,1232590,0.08,98607,1331197,456000,912000,320590,0.2601,1331197,1232590,98607,912000,912000,131-Phải thu khách hàng,511-Doanh thu bán hàng,3331-Thuế GTGT đầu ra,632-Giá vốn hàng bán,156-Hàng hóa
INV20260601382,JV20260601382,SO20260601382,2026-06-02,HCM-Q1,NV004,Chuyển khoản,WM-97FE8B,Máy giặt,Toshiba 9kg,Toshiba,2,14109979,0.05,26808960,0.08,2144716,28953676,10899000,21798000,5010960,0.1869,28953676,26808960,2144716,21798000,21798000,131-Phải thu khách hàng,511-Doanh thu bán hàng,3331-Thuế GTGT đầu ra,632-Giá vốn hàng bán,156-Hàng hóa
INV20260601383,JV20260601383,SO20260601383,2026-06-26,BD-TDM,NV015,Chuyển khoản,RF-8A361D,Tủ lạnh,Aqua 250L,Sharp,3,13750106,0.08,37950292,0.08,3036023,40986315,11753000,35259000,2691292,0.0709,40986315,37950292,3036023,35259000,35259000,131-Phải thu khách hàng,511-Doanh thu bán hàng,3331-Thuế GTGT đầu ra,632-Giá vốn hàng bán,156-Hàng hóa
INV20260601384,JV20260601384,SO20260601384,2026-06-22,BD-TDM,NV008,Thẻ,RC-16E175,Nồi cơm,Cuckoo 1.8L,Panasonic,2,1845538,0.06,3469611,0.08,277568,3747179,1400000,2800000,669611,0.193,3747179,3469611,277568,2800000,2800000,131-Phải thu khách hàng,511-Doanh thu bán hàng,3331-Thuế GTGT đầu ra,632-Giá vốn hàng bán,156-Hàng hóa
INV20260601385,JV20260601385,SO20260601385,2026-06-19,HCM-Q7,NV023,Trả góp,MW-75B2CD,Lò vi sóng,Panasonic 25L,Samsung,1,2215037,0.07,2059984,0.08,164798,2224782,1443000,1443000,616984,0.2995,2224782,2059984,164798,1443000,1443000,131-Phải thu khách hàng,511-Doanh thu bán hàng,3331-Thuế GTGT đầu ra,632-Giá vốn hàng bán,156-Hàng hóa
INV20260601386,JV20260601386,SO20260601386,2026-06-22,HCM-Q1,NV011,Ví điện tử,KT-80B935,Ấm siêu tốc,Kangaroo,LG,2,1332299,0.1,2398138,0.08,191851,2589989,823000,1646000,752138,0.3136,2589989,2398138,191851,1646000,1646000,131-Phải thu khách hàng,511-Doanh thu bán hàng,3331-Thuế GTGT đầu ra,632-Giá vốn hàng bán,156-Hàng hóa
INV20260601387,JV20260601387,SO20260601387,2026-06-05,DN-HC,NV019,Ví điện tử,VC-D89B2B,Máy hút bụi,Xiaomi G10,LG,1,2646500,0.11,2355385,0.08,188430,2543815,1823000,1823000,532385,0.226,2543815,2355385,188430,1823000,1823000,131-Phải thu khách hàng,511-Doanh thu bán hàng,3331-Thuế GTGT đầu ra,632-Giá vốn hàng bán,156-Hàng hóa
INV20260601388,JV20260601388,SO20260601388,2026-06-12,HN-HBT,NV001,Ví điện tử,VC-110A19,Máy hút bụi,Philips FC,Philips,1,4016805,0.03,3896300,0.08,311704,4208004,2865000,2865000,1031300,0.2647,4208004,3896300,311704,2865000,2865000,131-Phải thu khách hàng,511-Doanh thu bán hàng,3331-Thuế GTGT đầu ra,632-Giá vốn hàng bán,156-Hàng hóa
INV20260601389,JV20260601389,SO20260601389,2026-06-16,HCM-Q1,NV026,Trả góp,KT-EFA122,Ấm siêu tốc,Sunhouse,Daikin,2,687304,0.15,1168416,0.08,93473,1261889,365000,730000,438416,0.3752,1261889,1168416,93473,730000,730000,131-Phải thu khách hàng,511-Doanh thu bán hàng,3331-Thuế GTGT đầu ra,632-Giá vốn hàng bán,156-Hàng hóa
INV20260601390,JV20260601390,SO20260601390,2026-06-14,HN-CG,NV018,Trả góp,VC-506EE5,Máy hút bụi,Philips FC,Sony,3,10029526,0.05,28584149,0.08,2286731,30870880,6795000,20385000,8199149,0.2868,30870880,28584149,2286731,20385000,20385000,131-Phải thu khách hàng,511-Doanh thu bán hàng,3331-Thuế GTGT đầu ra,632-Giá vốn hàng bán,156-Hàng hóa
INV20260601391,JV20260601391,SO20260601391,2026-06-04,HN-CG,NV006,Ví điện tử,AC-7543C2,Máy lạnh,Casper 1HP,Panasonic,1,12375299,0.19,10023992,0.08,801919,10825911,8972000,8972000,1051992,0.1049,10825911,10023992,801919,8972000,8972000,131-Phải thu khách hàng,511-Doanh thu bán hàng,3331-Thuế GTGT đầu ra,632-Giá vốn hàng bán,156-Hàng hóa
INV20260601392,JV20260601392,SO20260601392,2026-06-10,HCM-TB,NV017,Tiền mặt,RF-A0C9D4,Tủ lạnh,LG 420L,Panasonic,3,13336379,0.05,38008680,0.08,3040694,41049374,10466000,31398000,6610680,0.1739,41049374,38008680,3040694,31398000,31398000,131-Phải thu khách hàng,511-Doanh thu bán hàng,3331-Thuế GTGT đầu ra,632-Giá vốn hàng bán,156-Hàng hóa
INV20260601393,JV20260601393,SO20260601393,2026-06-19,HCM-Q7,NV010,Thẻ,AC-D15C8F,Máy lạnh,Daikin 1HP,Xiaomi,2,15139919,0.03,29371442,0.08,2349715,31721157,11623000,23246000,6125442,0.2086,31721157,29371442,2349715,23246000,23246000,131-Phải thu khách hàng,511-Doanh thu bán hàng,3331-Thuế GTGT đầu ra,632-Giá vốn hàng bán,156-Hàng hóa
INV20260601394,JV20260601394,SO20260601394,2026-06-30,BD-TDM,NV001,Ví điện tử,WM-6AF796,Máy giặt,Panasonic 8.5kg,Senko,3,8562490,0.14,22091224,0.08,1767297,23858521,6336000,19008000,3083224,0.1396,23858521,22091224,1767297,19008000,19008000,131-Phải thu khách hàng,511-Doanh thu bán hàng,3331-Thuế GTGT đầu ra,632-Giá vốn hàng bán,156-Hàng hóa
INV20260601395,JV20260601395,SO20260601395,2026-06-10,CT-NK,NV018,Chuyển khoản,WM-345051,Máy giặt,LG 9kg,Senko,2,12616725,0.05,23971777,0.08,1917742,25889519,9399000,18798000,5173777,0.2158,25889519,23971777,1917742,18798000,18798000,131-Phải thu khách hàng,511-Doanh thu bán hàng,3331-Thuế GTGT đầu ra,632-Giá vốn hàng bán,156-Hàng hóa
INV20260601396,JV20260601396,SO20260601396,2026-06-22,CT-NK,NV005,Chuyển khoản,BL-67F131,Máy xay,Sunhouse Blender,Panasonic,1,2214455,0.19,1793708,0.08,143496,1937204,1439000,1439000,354708,0.1978,1937204,1793708,143496,1439000,1439000,131-Phải thu khách hàng,511-Doanh thu bán hàng,3331-Thuế GTGT đầu ra,632-Giá vốn hàng bán,156-Hàng hóa
INV20260601397,JV20260601397,SO20260601397,2026-06-14,CT-NK,NV006,Trả góp,TV-65942A,TV,"Sony 65""",Toshiba,3,16853726,0.13,43988224,0.08,3519057,47507281,14026000,42078000,1910224,0.0434,47507281,43988224,3519057,42078000,42078000,131-Phải thu khách hàng,511-Doanh thu bán hàng,3331-Thuế GTGT đầu ra,632-Giá vốn hàng bán,156-Hàng hóa
INV20260601398,JV20260601398,SO20260601398,2026-06-09,HN-CG,NV013,Tiền mặt,VC-F24900,Máy hút bụi,Xiaomi G10,Sunhouse,2,3557233,0.11,6331874,0.08,506549,6838423,2216000,4432000,1899874,0.3,6838423,6331874,506549,4432000,4432000,131-Phải thu khách hàng,511-Doanh thu bán hàng,3331-Thuế GTGT đầu ra,632-Giá vốn hàng bán,156-Hàng hóa
INV20260601399,JV20260601399,SO20260601399,2026-06-19,HCM-Q7,NV019,Tiền mặt,TV-57E353,TV,LG OLED 48,Sony,1,18609226,0.1,16748303,0.08,1339864,18088167,15989000,15989000,759303,0.0453,18088167,16748303,1339864,15989000,15989000,131-Phải thu khách hàng,511-Doanh thu bán hàng,3331-Thuế GTGT đầu ra,632-Giá vốn hàng bán,156-Hàng hóa
INV20260601400,JV20260601400,SO20260601400,2026-06-22,BD-TDM,NV026,Thẻ,MW-E3450C,Lò vi sóng,Electrolux 23L,LG,2,2856994,0.02,5599708,0.08,447976,6047684,1974000,3948000,1651708,0.295,6047684,5599708,447976,3948000,3948000,131-Phải thu khách hàng,511-Doanh thu bán hàng,3331-Thuế GTGT đầu ra,632-Giá vốn hàng bán,156-Hàng hóa
INV20260601401,JV20260601401,SO20260601401,2026-06-11,BD-TDM,NV027,Thẻ,FN-63D039,Quạt,Asia,Mitsubishi,2,2391787,0.01,4735738,0.08,378859,5114597,1319000,2638000,2097738,0.443,5114597,4735738,378859,2638000,2638000,131-Phải thu khách hàng,511-Doanh thu bán hàng,3331-Thuế GTGT đầu ra,632-Giá vốn hàng bán,156-Hàng hóa
INV20260601402,JV20260601402,SO20260601402,2026-06-06,HN-CG,NV027,Trả góp,TV-E37EE9,TV,"Samsung 55"" 4K",Casper,2,7932587,0.09,14437308,0.08,1154984,15592292,6564000,13128000,1309308,0.0907,15592292,14437308,1154984,13128000,13128000,131-Phải thu khách hàng,511-Doanh thu bán hàng,3331-Thuế GTGT đầu ra,632-Giá vốn hàng bán,156-Hàng hóa
INV20260601403,JV20260601403,SO20260601403,2026-06-12,HN-HBT,NV027,Chuyển khoản,MW-3E4330,Lò vi sóng,Sharp 20L,Samsung,1,4690183,0.0,4690183,0.08,375214,5065397,3609000,3609000,1081183,0.2305,5065397,4690183,375214,3609000,3609000,131-Phải thu khách hàng,511-Doanh thu bán hàng,3331-Thuế GTGT đầu ra,632-Giá vốn hàng bán,156-Hàng hóa
INV20260601404,JV20260601404,SO20260601404,2026-06-22,DN-HC,NV012,Thẻ,RF-FA61AD,Tủ lạnh,Panasonic 300L,Samsung,2,8698365,0.15,14787220,0.08,1182977,15970197,6587000,13174000,1613220,0.1091,15970197,14787220,1182977,13174000,13174000,131-Phải thu khách hàng,511-Doanh thu bán hàng,3331-Thuế GTGT đầu ra,632-Giá vốn hàng bán,156-Hàng hóa
INV20260601405,JV20260601405,SO20260601405,2026-06-05,HCM-TB,NV020,Thẻ,WM-565F25,Máy giặt,Samsung 10kg,Daikin,1,17863380,0.19,14469337,0.08,1157546,15626883,13859000,13859000,610337,0.0422,15626883,14469337,1157546,13859000,13859000,131-Phải thu khách hàng,511-Doanh thu bán hàng,3331-Thuế GTGT đầu ra,632-Giá vốn hàng bán,156-Hàng hóa
INV20260601406,JV20260601406,SO20260601406,2026-06-20,DN-HC,NV020,Ví điện tử,RF-A7BDBE,Tủ lạnh,Aqua 250L,Toshiba,1,19149545,0.17,15894122,0.08,1271529,17165651,15862000,15862000,32122,0.002,17165651,15894122,1271529,15862000,15862000,131-Phải thu khách hàng,511-Doanh thu bán hàng,3331-Thuế GTGT đầu ra,632-Giá vốn hàng bán,156-Hàng hóa
INV20260601407,JV20260601407,SO20260601407,2026-06-01,DN-HC,NV006,Chuyển khoản,TV-3D03C9,TV,"Samsung 55"" 4K",Senko,3,16347543,0.0,49042629,0.08,3923410,52966039,13550000,40650000,8392629,0.1711,52966039,49042629,3923410,40650000,40650000,131-Phải thu khách hàng,511-Doanh thu bán hàng,3331-Thuế GTGT đầu ra,632-Giá vốn hàng bán,156-Hàng hóa
INV20260601408,JV20260601408,SO20260601408,2026-06-11,CT-NK,NV014,Tiền mặt,MW-03CA06,Lò vi sóng,Electrolux 23L,Aqua,3,4027436,0.13,10511607,0.08,840928,11352535,3025000,9075000,1436607,0.1367,11352535,10511607,840928,9075000,9075000,131-Phải thu khách hàng,511-Doanh thu bán hàng,3331-Thuế GTGT đầu ra,632-Giá vốn hàng bán,156-Hàng hóa
INV20260601409,JV20260601409,SO20260601409,2026-06-17,HCM-TB,NV009,Chuyển khoản,RF-7A08B1,Tủ lạnh,Samsung Inverter 350L,Xiaomi,1,10353237,0.09,9421445,0.08,753715,10175160,8346000,8346000,1075445,0.1141,10175160,9421445,753715,8346000,8346000,131-Phải thu khách hàng,511-Doanh thu bán hàng,3331-Thuế GTGT đầu ra,632-Giá vốn hàng bán,156-Hàng hóa
INV20260601410,JV20260601410,SO20260601410,2026-06-02,HN-HBT,NV024,Tiền mặt,MW-FB2461,Lò vi sóng,Electrolux 23L,Senko,1,1388797,0.19,1124925,0.08,89994,1214919,873000,873000,251925,0.2239,1214919,1124925,89994,873000,873000,131-Phải thu khách hàng,511-Doanh thu bán hàng,3331-Thuế GTGT đầu ra,632-Giá vốn hàng bán,156-Hàng hóa
INV20260601411,JV20260601411,SO20260601411,2026-06-29,DN-HC,NV004,Thẻ,BL-7EF713,Máy xay,Sunhouse Blender,Sharp,3,425908,0.12,1124397,0.08,89951,1214348,289000,867000,257397,0.2289,1214348,1124397,89951,867000,867000,131-Phải thu khách hàng,511-Doanh thu bán hàng,3331-Thuế GTGT đầu ra,632-Giá vốn hàng bán,156-Hàng hóa
INV20260601412,JV20260601412,SO20260601412,2026-06-09,CT-NK,NV013,Thẻ,WM-15F54A,Máy giặt,LG 9kg,Sharp,2,5185848,0.14,8919658,0.08,713572,9633230,4080000,8160000,759658,0.0852,9633230,8919658,713572,8160000,8160000,131-Phải thu khách hàng,511-Doanh thu bán hàng,3331-Thuế GTGT đầu ra,632-Giá vốn hàng bán,156-Hàng hóa
INV20260601413,JV20260601413,SO20260601413,2026-06-05,HN-HBT,NV019,Thẻ,MW-D3DB9C,Lò vi sóng,Sharp 20L,Aqua,1,2812674,0.03,2728293,0.08,218263,2946556,2134000,2134000,594293,0.2178,2946556,2728293,218263,2134000,2134000,131-Phải thu khách hàng,511-Doanh thu bán hàng,3331-Thuế GTGT đầu ra,632-Giá vốn hàng bán,156-Hàng hóa
INV20260601414,JV20260601414,SO20260601414,2026-06-26,DN-HC,NV018,Thẻ,VC-51D140,Máy hút bụi,Xiaomi G10,Casper,1,7139021,0.08,6567899,0.08,525431,7093330,5206000,5206000,1361899,0.2074,7093330,6567899,525431,5206000,5206000,131-Phải thu khách hàng,511-Doanh thu bán hàng,3331-Thuế GTGT đầu ra,632-Giá vốn hàng bán,156-Hàng hóa
INV20260601415,JV20260601415,SO20260601415,2026-06-14,HN-HBT,NV026,Tiền mặt,AC-84F331,Máy lạnh,Mitsubishi 1.5HP,Daikin,1,12438583,0.07,11567882,0.08,925430,12493312,9261000,9261000,2306882,0.1994,12493312,11567882,925430,9261000,9261000,131-Phải thu khách hàng,511-Doanh thu bán hàng,3331-Thuế GTGT đầu ra,632-Giá vốn hàng bán,156-Hàng hóa
INV20260601416,JV20260601416,SO20260601416,2026-06-10,CT-NK,NV015,Chuyển khoản,FN-63D039,Quạt,Asia,Mitsubishi,3,1315228,0.06,3708942,0.08,296715,4005657,865000,2595000,1113942,0.3003,4005657,3708942,296715,2595000,2595000,131-Phải thu khách hàng,511-Doanh thu bán hàng,3331-Thuế GTGT đầu ra,632-Giá vốn hàng bán,156-Hàng hóa
INV20260601417,JV20260601417,SO20260601417,2026-06-03,HN-HBT,NV013,Chuyển khoản,AC-50CBA5,Máy lạnh,Daikin 1HP,Aqua,1,6362676,0.18,5217394,0.08,417391,5634785,5212000,5212000,5394,0.001,5634785,5217394,417391,5212000,5212000,131-Phải thu khách hàng,511-Doanh thu bán hàng,3331-Thuế GTGT đầu ra,632-Giá vốn hàng bán,156-Hàng hóa
INV20260601418,JV20260601418,SO20260601418,2026-06-20,CT-NK,NV027,Chuyển khoản,TV-C528C6,TV,LG OLED 48,Cuckoo,1,12205252,0.14,10496516,0.08,839721,11336237,10221000,10221000,275516,0.0262,11336237,10496516,839721,10221000,10221000,131-Phải thu khách hàng,511-Doanh thu bán hàng,3331-Thuế GTGT đầu ra,632-Giá vốn hàng bán,156-Hàng hóa
INV20260601419,JV20260601419,SO20260601419,2026-06-04,HCM-Q1,NV024,Trả góp,AC-E66A0A,Máy lạnh,Daikin 1HP,Mitsubishi,1,13959943,0.19,11307553,0.08,904604,12212157,11242000,11242000,65553,0.0058,12212157,11307553,904604,11242000,11242000,131-Phải thu khách hàng,511-Doanh thu bán hàng,3331-Thuế GTGT đầu ra,632-Giá vốn hàng bán,156-Hàng hóa
INV20260601420,JV20260601420,SO20260601420,2026-06-28,BD-TDM,NV015,Thẻ,KT-619E7F,Ấm siêu tốc,Sunhouse,Cuckoo,3,990045,0.13,2584017,0.08,206721,2790738,599000,1797000,787017,0.3046,2790738,2584017,206721,1797000,1797000,131-Phải thu khách hàng,511-Doanh thu bán hàng,3331-Thuế GTGT đầu ra,632-Giá vốn hàng bán,156-Hàng hóa
INV20260601421,JV20260601421,SO20260601421,2026-06-24,HCM-Q7,NV014,Thẻ,VC-09CEE7,Máy hút bụi,Dyson V8,Philips,2,2711305,0.05,5151479,0.08,412118,5563597,1823000,3646000,1505479,0.2922,5563597,5151479,412118,3646000,3646000,131-Phải thu khách hàng,511-Doanh thu bán hàng,3331-Thuế GTGT đầu ra,632-Giá vốn hàng bán,156-Hàng hóa
INV20260601422,JV20260601422,SO20260601422,2026-06-29,HCM-Q7,NV011,Ví điện tử,RC-23C464,Nồi cơm,Sharp 1.8L,Xiaomi,2,3491775,0.01,6913714,0.08,553097,7466811,2586000,5172000,1741714,0.2519,7466811,6913714,553097,5172000,5172000,131-Phải thu khách hàng,511-Doanh thu bán hàng,3331-Thuế GTGT đầu ra,632-Giá vốn hàng bán,156-Hàng hóa
INV20260601423,JV20260601423,SO20260601423,2026-06-19,HCM-Q1,NV019,Ví điện tử,VC-852D6B,Máy hút bụi,Philips FC,Sunhouse,1,2280229,0.13,1983799,0.08,158703,2142502,1798000,1798000,185799,0.0937,2142502,1983799,158703,1798000,1798000,131-Phải thu khách hàng,511-Doanh thu bán hàng,3331-Thuế GTGT đầu ra,632-Giá vốn hàng bán,156-Hàng hóa
INV20260601424,JV20260601424,SO20260601424,2026-06-22,DN-HC,NV007,Tiền mặt,RC-607743,Nồi cơm,Cuckoo 1.8L,LG,2,3620665,0.18,5937890,0.08,475031,6412921,2370000,4740000,1197890,0.2017,6412921,5937890,475031,4740000,4740000,131-Phải thu khách hàng,511-Doanh thu bán hàng,3331-Thuế GTGT đầu ra,632-Giá vốn hàng bán,156-Hàng hóa
INV20260601425,JV20260601425,SO20260601425,2026-06-08,HN-CG,NV030,Trả góp,AC-DF5234,Máy lạnh,Daikin 1HP,Asia,1,7072882,0.0,7072882,0.08,565830,7638712,5215000,5215000,1857882,0.2627,7638712,7072882,565830,5215000,5215000,131-Phải thu khách hàng,511-Doanh thu bán hàng,3331-Thuế GTGT đầu ra,632-Giá vốn hàng bán,156-Hàng hóa
INV20260601426,JV20260601426,SO20260601426,2026-06-16,HCM-TB,NV011,Thẻ,MW-E148C6,Lò vi sóng,Electrolux 23L,Casper,2,5761919,0.17,9564785,0.08,765182,10329967,3835000,7670000,1894785,0.1981,10329967,9564785,765182,7670000,7670000,131-Phải thu khách hàng,511-Doanh thu bán hàng,3331-Thuế GTGT đầu ra,632-Giá vốn hàng bán,156-Hàng hóa
INV20260601427,JV20260601427,SO20260601427,2026-06-10,HCM-Q1,NV001,Trả góp,TV-FBBB9A,TV,"Samsung 55"" 4K",Philips,2,24951700,0.13,43415958,0.08,3473276,46889234,19007000,38014000,5401958,0.1244,46889234,43415958,3473276,38014000,38014000,131-Phải thu khách hàng,511-Doanh thu bán hàng,3331-Thuế GTGT đầu ra,632-Giá vốn hàng bán,156-Hàng hóa
INV20260601428,JV20260601428,SO20260601428,2026-06-05,DN-HC,NV006,Trả góp,MW-062948,Lò vi sóng,Sharp 20L,Cuckoo,2,1287350,0.05,2445965,0.08,195677,2641642,933000,1866000,579965,0.2371,2641642,2445965,195677,1866000,1866000,131-Phải thu khách hàng,511-Doanh thu bán hàng,3331-Thuế GTGT đầu ra,632-Giá vốn hàng bán,156-Hàng hóa
INV20260601429,JV20260601429,SO20260601429,2026-06-25,HCM-Q1,NV013,Trả góp,RC-A61405,Nồi cơm,Sunhouse 1.2L,Senko,1,2692345,0.02,2638498,0.08,211079,2849577,1614000,1614000,1024498,0.3883,2849577,2638498,211079,1614000,1614000,131-Phải thu khách hàng,511-Doanh thu bán hàng,3331-Thuế GTGT đầu ra,632-Giá vốn hàng bán,156-Hàng hóa
INV20260601430,JV20260601430,SO20260601430,2026-06-07,DN-HC,NV013,Chuyển khoản,KT-925318,Ấm siêu tốc,Philips,Toshiba,3,458399,0.14,1182669,0.08,94613,1277282,320000,960000,222669,0.1883,1277282,1182669,94613,960000,960000,131-Phải thu khách hàng,511-Doanh thu bán hàng,3331-Thuế GTGT đầu ra,632-Giá vốn hàng bán,156-Hàng hóa
INV20260601431,JV20260601431,SO20260601431,2026-06-02,CT-NK,NV003,Tiền mặt,KT-988AF8,Ấm siêu tốc,Kangaroo,Senko,1,1321678,0.07,1229160,0.08,98332,1327492,842000,842000,387160,0.315,1327492,1229160,98332,842000,842000,131-Phải thu khách hàng,511-Doanh thu bán hàng,3331-Thuế GTGT đầu ra,632-Giá vốn hàng bán,156-Hàng hóa
INV20260601432,JV20260601432,SO20260601432,2026-06-29,HCM-TB,NV010,Thẻ,AC-9162CC,Máy lạnh,Mitsubishi 1.5HP,Philips,2,19873790,0.04,38157676,0.08,3052614,41210290,14095000,28190000,9967676,0.2612,41210290,38157676,3052614,28190000,28190000,131-Phải thu khách hàng,511-Doanh thu bán hàng,3331-Thuế GTGT đầu ra,632-Giá vốn hàng bán,156-Hàng hóa
INV20260601433,JV20260601433,SO20260601433,2026-06-28,HN-CG,NV029,Thẻ,RC-645E6F,Nồi cơm,Sunhouse 1.2L,Xiaomi,3,710251,0.07,1981600,0.08,158528,2140128,440000,1320000,661600,0.3339,2140128,1981600,158528,1320000,1320000,131-Phải thu khách hàng,511-Doanh thu bán hàng,3331-Thuế GTGT đầu ra,632-Giá vốn hàng bán,156-Hàng hóa
INV20260601434,JV20260601434,SO20260601434,2026-06-24,HCM-Q1,NV009,Thẻ,BL-BF3F30,Máy xay,Panasonic Blender,Casper,2,653652,0.04,1255011,0.08,100400,1355411,463000,926000,329011,0.2622,1355411,1255011,100400,926000,926000,131-Phải thu khách hàng,511-Doanh thu bán hàng,3331-Thuế GTGT đầu ra,632-Giá vốn hàng bán,156-Hàng hóa
INV20260601435,JV20260601435,SO20260601435,2026-06-17,HN-CG,NV024,Ví điện tử,AC-A95991,Máy lạnh,Casper 1HP,Toshiba,1,7648328,0.06,7189428,0.08,575154,7764582,5418000,5418000,1771428,0.2464,7764582,7189428,575154,5418000,5418000,131-Phải thu khách hàng,511-Doanh thu bán hàng,3331-Thuế GTGT đầu ra,632-Giá vốn hàng bán,156-Hàng hóa
INV20260601436,JV20260601436,SO20260601436,2026-06-09,HN-CG,NV009,Tiền mặt,FN-4806DD,Quạt,Panasonic,Mitsubishi,2,828053,0.1,1490495,0.08,119239,1609734,515000,1030000,460495,0.309,1609734,1490495,119239,1030000,1030000,131-Phải thu khách hàng,511-Doanh thu bán hàng,3331-Thuế GTGT đầu ra,632-Giá vốn hàng bán,156-Hàng hóa
INV20260601437,JV20260601437,SO20260601437,2026-06-09,HN-CG,NV010,Trả góp,RC-443576,Nồi cơm,Sharp 1.8L,Asia,1,3758571,0.16,3157199,0.08,252575,3409774,2621000,2621000,536199,0.1698,3409774,3157199,252575,2621000,2621000,131-Phải thu khách hàng,511-Doanh thu bán hàng,3331-Thuế GTGT đầu ra,632-Giá vốn hàng bán,156-Hàng hóa
INV20260601438,JV20260601438,SO20260601438,2026-06-28,HN-CG,NV021,Ví điện tử,BL-AED849,Máy xay,Panasonic Blender,Electrolux,1,1388610,0.13,1208090,0.08,96647,1304737,867000,867000,341090,0.2823,1304737,1208090,96647,867000,867000,131-Phải thu khách hàng,511-Doanh thu bán hàng,3331-Thuế GTGT đầu ra,632-Giá vốn hàng bán,156-Hàng hóa
INV20260601439,JV20260601439,SO20260601439,2026-06-06,DN-HC,NV021,Thẻ,BL-A0575F,Máy xay,Sunhouse Blender,Sunhouse,2,1873008,0.11,3333954,0.08,266716,3600670,1152000,2304000,1029954,0.3089,3600670,3333954,266716,2304000,2304000,131-Phải thu khách hàng,511-Doanh thu bán hàng,3331-Thuế GTGT đầu ra,632-Giá vốn hàng bán,156-Hàng hóa
INV20260601440,JV20260601440,SO20260601440,2026-06-02,BD-TDM,NV012,Thẻ,RF-309876,Tủ lạnh,Aqua 250L,LG,1,14694439,0.12,12931106,0.08,1034488,13965594,11090000,11090000,1841106,0.1424,13965594,12931106,1034488,11090000,11090000,131-Phải thu khách hàng,511-Doanh thu bán hàng,3331-Thuế GTGT đầu ra,632-Giá vốn hàng bán,156-Hàng hóa
INV20260601441,JV20260601441,SO20260601441,2026-06-14,BD-TDM,NV012,Tiền mặt,AC-076657,Máy lạnh,Mitsubishi 1.5HP,Xiaomi,3,6849758,0.12,18083361,0.08,1446668,19530029,5733000,17199000,884361,0.0489,19530029,18083361,1446668,17199000,17199000,131-Phải thu khách hàng,511-Doanh thu bán hàng,3331-Thuế GTGT đầu ra,632-Giá vốn hàng bán,156-Hàng hóa
INV20260601442,JV20260601442,SO20260601442,2026-06-18,HCM-TB,NV001,Tiền mặt,AC-B03170,Máy lạnh,Casper 1HP,Casper,2,10231042,0.04,19643600,0.08,1571488,21215088,8012000,16024000,3619600,0.1843,21215088,19643600,1571488,16024000,16024000,131-Phải thu khách hàng,511-Doanh thu bán hàng,3331-Thuế GTGT đầu ra,632-Giá vốn hàng bán,156-Hàng hóa
INV20260601443,JV20260601443,SO20260601443,2026-06-27,BD-TDM,NV008,Thẻ,BL-981E64,Máy xay,Sunhouse Blender,Samsung,1,1967881,0.1,1771092,0.08,141687,1912779,1154000,1154000,617092,0.3484,1912779,1771092,141687,1154000,1154000,131-Phải thu khách hàng,511-Doanh thu bán hàng,3331-Thuế GTGT đầu ra,632-Giá vốn hàng bán,156-Hàng hóa
INV20260601444,JV20260601444,SO20260601444,2026-06-17,BD-TDM,NV014,Ví điện tử,KT-80B935,Ấm siêu tốc,Kangaroo,LG,3,704808,0.17,1754971,0.08,140397,1895368,494000,1482000,272971,0.1555,1895368,1754971,140397,1482000,1482000,131-Phải thu khách hàng,511-Doanh thu bán hàng,3331-Thuế GTGT đầu ra,632-Giá vốn hàng bán,156-Hàng hóa
INV20260601445,JV20260601445,SO20260601445,2026-06-01,HCM-Q7,NV019,Thẻ,AC-4EC148,Máy lạnh,Mitsubishi 1.5HP,Toshiba,1,15052748,0.1,13547473,0.08,1083797,14631270,12493000,12493000,1054473,0.0778,14631270,13547473,1083797,12493000,12493000,131-Phải thu khách hàng,511-Doanh thu bán hàng,3331-Thuế GTGT đầu ra,632-Giá vốn hàng bán,156-Hàng hóa
INV20260601446,JV20260601446,SO20260601446,2026-06-04,HN-CG,NV021,Ví điện tử,VC-354E06,Máy hút bụi,Dyson V8,Senko,3,10926016,0.03,31794706,0.08,2543576,34338282,8151000,24453000,7341706,0.2309,34338282,31794706,2543576,24453000,24453000,131-Phải thu khách hàng,511-Doanh thu bán hàng,3331-Thuế GTGT đầu ra,632-Giá vốn hàng bán,156-Hàng hóa
INV20260601447,JV20260601447,SO20260601447,2026-06-18,DN-HC,NV002,Tiền mặt,KT-988AF8,Ấm siêu tốc,Kangaroo,Senko,2,1109526,0.17,1841813,0.08,147345,1989158,758000,1516000,325813,0.1769,1989158,1841813,147345,1516000,1516000,131-Phải thu khách hàng,511-Doanh thu bán hàng,3331-Thuế GTGT đầu ra,632-Giá vốn hàng bán,156-Hàng hóa
INV20260601448,JV20260601448,SO20260601448,2026-06-19,DN-HC,NV019,Chuyển khoản,WM-85FDED,Máy giặt,Samsung 10kg,Asia,1,10730291,0.07,9979170,0.08,798333,10777503,8477000,8477000,1502170,0.1505,10777503,9979170,798333,8477000,8477000,131-Phải thu khách hàng,511-Doanh thu bán hàng,3331-Thuế GTGT đầu ra,632-Giá vốn hàng bán,156-Hàng hóa
INV20260601449,JV20260601449,SO20260601449,2026-06-29,HCM-TB,NV012,Thẻ,WM-85FDED,Máy giặt,Samsung 10kg,Asia,3,16984748,0.16,42801564,0.08,3424125,46225689,13712000,41136000,1665564,0.0389,46225689,42801564,3424125,41136000,41136000,131-Phải thu khách hàng,511-Doanh thu bán hàng,3331-Thuế GTGT đầu ra,632-Giá vốn hàng bán,156-Hàng hóa
INV20260601450,JV20260601450,SO20260601450,2026-06-13,HCM-Q1,NV025,Chuyển khoản,RF-ECA283,Tủ lạnh,Panasonic 300L,Panasonic,1,19185557,0.03,18609990,0.08,1488799,20098789,15477000,15477000,3132990,0.1683,20098789,18609990,1488799,15477000,15477000,131-Phải thu khách hàng,511-Doanh thu bán hàng,3331-Thuế GTGT đầu ra,632-Giá vốn hàng bán,156-Hàng hóa
INV20260601451,JV20260601451,SO20260601451,2026-06-23,HN-CG,NV023,Thẻ,MW-4DBCB2,Lò vi sóng,Sharp 20L,Daikin,3,4141223,0.17,10311645,0.08,824931,11136576,3055000,9165000,1146645,0.1112,11136576,10311645,824931,9165000,9165000,131-Phải thu khách hàng,511-Doanh thu bán hàng,3331-Thuế GTGT đầu ra,632-Giá vốn hàng bán,156-Hàng hóa
INV20260601452,JV20260601452,SO20260601452,2026-06-10,DN-HC,NV002,Chuyển khoản,TV-65B17D,TV,"Sony 65""",Samsung,1,34931217,0.08,32136719,0.08,2570937,34707656,27716000,27716000,4420719,0.1376,34707656,32136719,2570937,27716000,27716000,131-Phải thu khách hàng,511-Doanh thu bán hàng,3331-Thuế GTGT đầu ra,632-Giá vốn hàng bán,156-Hàng hóa
INV20260601453,JV20260601453,SO20260601453,2026-06-27,HN-HBT,NV004,Thẻ,AC-8636EE,Máy lạnh,Casper 1HP,Sony,2,6373374,0.11,11344605,0.08,907568,12252173,5002000,10004000,1340605,0.1182,12252173,11344605,907568,10004000,10004000,131-Phải thu khách hàng,511-Doanh thu bán hàng,3331-Thuế GTGT đầu ra,632-Giá vốn hàng bán,156-Hàng hóa
INV20260601454,JV20260601454,SO20260601454,2026-06-17,DN-HC,NV008,Tiền mặt,RC-30A967,Nồi cơm,Sharp 1.8L,Mitsubishi,2,1400920,0.18,2297508,0.08,183800,2481308,993000,1986000,311508,0.1356,2481308,2297508,183800,1986000,1986000,131-Phải thu khách hàng,511-Doanh thu bán hàng,3331-Thuế GTGT đầu ra,632-Giá vốn hàng bán,156-Hàng hóa
INV20260601455,JV20260601455,SO20260601455,2026-06-26,HN-HBT,NV030,Trả góp,FN-FF4EE8,Quạt,Panasonic,Sunhouse,1,812661,0.03,788281,0.08,63062,851343,533000,533000,255281,0.3238,851343,788281,63062,533000,533000,131-Phải thu khách hàng,511-Doanh thu bán hàng,3331-Thuế GTGT đầu ra,632-Giá vốn hàng bán,156-Hàng hóa
INV20260601456,JV20260601456,SO20260601456,2026-06-10,DN-HC,NV005,Ví điện tử,TV-751610,TV,"TCL 50""",Daikin,2,20662178,0.17,34299215,0.08,2743937,37043152,17450000,34900000,-600785,-0.0175,37043152,34299215,2743937,34900000,34900000,131-Phải thu khách hàng,511-Doanh thu bán hàng,3331-Thuế GTGT đầu ra,632-Giá vốn hàng bán,156-Hàng hóa
INV20260601457,JV20260601457,SO20260601457,2026-06-11,CT-NK,NV007,Trả góp,MW-0108FD,Lò vi sóng,Sharp 20L,Senko,3,1824708,0.18,4488781,0.08,359102,4847883,1235000,3705000,783781,0.1746,4847883,4488781,359102,3705000,3705000,131-Phải thu khách hàng,511-Doanh thu bán hàng,3331-Thuế GTGT đầu ra,632-Giá vốn hàng bán,156-Hàng hóa
INV20260601458,JV20260601458,SO20260601458,2026-06-29,HCM-Q1,NV007,Trả góp,FN-05A833,Quạt,Asia,Aqua,3,1210068,0.0,3630204,0.08,290416,3920620,842000,2526000,1104204,0.3042,3920620,3630204,290416,2526000,2526000,131-Phải thu khách hàng,511-Doanh thu bán hàng,3331-Thuế GTGT đầu ra,632-Giá vốn hàng bán,156-Hàng hóa
INV20260601459,JV20260601459,SO20260601459,2026-06-16,DN-HC,NV025,Ví điện tử,AC-E60FB6,Máy lạnh,Mitsubishi 1.5HP,Aqua,3,9603486,0.09,26217516,0.08,2097401,28314917,7637000,22911000,3306516,0.1261,28314917,26217516,2097401,22911000,22911000,131-Phải thu khách hàng,511-Doanh thu bán hàng,3331-Thuế GTGT đầu ra,632-Giá vốn hàng bán,156-Hàng hóa
INV20260601460,JV20260601460,SO20260601460,2026-06-16,HCM-Q1,NV023,Tiền mặt,WM-513972,Máy giặt,Panasonic 8.5kg,LG,3,7640666,0.17,19025258,0.08,1522020,20547278,5885000,17655000,1370258,0.072,20547278,19025258,1522020,17655000,17655000,131-Phải thu khách hàng,511-Doanh thu bán hàng,3331-Thuế GTGT đầu ra,632-Giá vốn hàng bán,156-Hàng hóa
INV20260601461,JV20260601461,SO20260601461,2026-06-28,CT-NK,NV012,Thẻ,RF-8AEC72,Tủ lạnh,Samsung Inverter 350L,Daikin,3,21601910,0.09,58973214,0.08,4717857,63691071,16405000,49215000,9758214,0.1655,63691071,58973214,4717857,49215000,49215000,131-Phải thu khách hàng,511-Doanh thu bán hàng,3331-Thuế GTGT đầu ra,632-Giá vốn hàng bán,156-Hàng hóa
INV20260601462,JV20260601462,SO20260601462,2026-06-03,HN-CG,NV012,Chuyển khoản,KT-9065A4,Ấm siêu tốc,Philips,Mitsubishi,1,298095,0.09,271266,0.08,21701,292967,158000,158000,113266,0.4175,292967,271266,21701,158000,158000,131-Phải thu khách hàng,511-Doanh thu bán hàng,3331-Thuế GTGT đầu ra,632-Giá vốn hàng bán,156-Hàng hóa
INV20260601463,JV20260601463,SO20260601463,2026-06-08,HN-HBT,NV015,Tiền mặt,FN-5D5A92,Quạt,Asia,Casper,3,1015909,0.11,2712477,0.08,216998,2929475,610000,1830000,882477,0.3253,2929475,2712477,216998,1830000,1830000,131-Phải thu khách hàng,511-Doanh thu bán hàng,3331-Thuế GTGT đầu ra,632-Giá vốn hàng bán,156-Hàng hóa
INV20260601464,JV20260601464,SO20260601464,2026-06-24,BD-TDM,NV014,Ví điện tử,VC-36242C,Máy hút bụi,Xiaomi G10,Sony,2,10635419,0.13,18505629,0.08,1480450,19986079,7985000,15970000,2535629,0.137,19986079,18505629,1480450,15970000,15970000,131-Phải thu khách hàng,511-Doanh thu bán hàng,3331-Thuế GTGT đầu ra,632-Giá vốn hàng bán,156-Hàng hóa
INV20260601465,JV20260601465,SO20260601465,2026-06-29,DN-HC,NV029,Ví điện tử,KT-F760AD,Ấm siêu tốc,Philips,LG,1,1069678,0.09,973406,0.08,77872,1051278,595000,595000,378406,0.3887,1051278,973406,77872,595000,595000,131-Phải thu khách hàng,511-Doanh thu bán hàng,3331-Thuế GTGT đầu ra,632-Giá vốn hàng bán,156-Hàng hóa
INV20260601466,JV20260601466,SO20260601466,2026-06-01,HCM-TB,NV023,Chuyển khoản,VC-C98E79,Máy hút bụi,Dyson V8,LG,2,4018884,0.02,7877012,0.08,630160,8507172,3042000,6084000,1793012,0.2276,8507172,7877012,630160,6084000,6084000,131-Phải thu khách hàng,511-Doanh thu bán hàng,3331-Thuế GTGT đầu ra,632-Giá vốn hàng bán,156-Hàng hóa
INV20260601467,JV20260601467,SO20260601467,2026-06-01,HCM-Q1,NV024,Chuyển khoản,KT-C02AC0,Ấm siêu tốc,Kangaroo,Asia,3,521864,0.18,1283785,0.08,102702,1386487,336000,1008000,275785,0.2148,1386487,1283785,102702,1008000,1008000,131-Phải thu khách hàng,511-Doanh thu bán hàng,3331-Thuế GTGT đầu ra,632-Giá vốn hàng bán,156-Hàng hóa
INV20260601468,JV20260601468,SO20260601468,2026-06-01,DN-HC,NV029,Trả góp,KT-F72092,Ấm siêu tốc,Sunhouse,Casper,3,1118652,0.09,3053919,0.08,244313,3298232,584000,1752000,1301919,0.4263,3298232,3053919,244313,1752000,1752000,131-Phải thu khách hàng,511-Doanh thu bán hàng,3331-Thuế GTGT đầu ra,632-Giá vốn hàng bán,156-Hàng hóa
INV20260601469,JV20260601469,SO20260601469,2026-06-17,HCM-TB,NV024,Tiền mặt,BL-981E64,Máy xay,Sunhouse Blender,Samsung,1,733768,0.19,594352,0.08,47548,641900,442000,442000,152352,0.2563,641900,594352,47548,442000,442000,131-Phải thu khách hàng,511-Doanh thu bán hàng,3331-Thuế GTGT đầu ra,632-Giá vốn hàng bán,156-Hàng hóa
INV20260601470,JV20260601470,SO20260601470,2026-06-15,HN-CG,NV022,Chuyển khoản,AC-E66A0A,Máy lạnh,Daikin 1HP,Mitsubishi,1,10748246,0.03,10425798,0.08,834063,11259861,8226000,8226000,2199798,0.211,11259861,10425798,834063,8226000,8226000,131-Phải thu khách hàng,511-Doanh thu bán hàng,3331-Thuế GTGT đầu ra,632-Giá vốn hàng bán,156-Hàng hóa
INV20260601471,JV20260601471,SO20260601471,2026-06-28,HN-CG,NV017,Tiền mặt,BL-7EF713,Máy xay,Sunhouse Blender,Sharp,1,927090,0.2,741672,0.08,59333,801005,627000,627000,114672,0.1546,801005,741672,59333,627000,627000,131-Phải thu khách hàng,511-Doanh thu bán hàng,3331-Thuế GTGT đầu ra,632-Giá vốn hàng bán,156-Hàng hóa
INV20260601472,JV20260601472,SO20260601472,2026-06-07,DN-HC,NV016,Chuyển khoản,RF-D3E578,Tủ lạnh,LG 420L,Xiaomi,3,9854168,0.1,26606253,0.08,2128500,28734753,7691000,23073000,3533253,0.1328,28734753,26606253,2128500,23073000,23073000,131-Phải thu khách hàng,511-Doanh thu bán hàng,3331-Thuế GTGT đầu ra,632-Giá vốn hàng bán,156-Hàng hóa
INV20260601473,JV20260601473,SO20260601473,2026-06-06,HN-CG,NV011,Tiền mặt,MW-83094B,Lò vi sóng,Sharp 20L,Casper,2,3788194,0.15,6439929,0.08,515194,6955123,2918000,5836000,603929,0.0938,6955123,6439929,515194,5836000,5836000,131-Phải thu khách hàng,511-Doanh thu bán hàng,3331-Thuế GTGT đầu ra,632-Giá vốn hàng bán,156-Hàng hóa
INV20260601474,JV20260601474,SO20260601474,2026-06-11,HN-CG,NV010,Chuyển khoản,AC-C1535B,Máy lạnh,Panasonic 1.5HP,Asia,3,14624303,0.19,35537056,0.08,2842964,38380020,12011000,36033000,-495944,-0.014,38380020,35537056,2842964,36033000,36033000,131-Phải thu khách hàng,511-Doanh thu bán hàng,3331-Thuế GTGT đầu ra,632-Giá vốn hàng bán,156-Hàng hóa
INV20260601475,JV20260601475,SO20260601475,2026-06-19,DN-HC,NV006,Trả góp,MW-E7A58E,Lò vi sóng,Panasonic 25L,Philips,2,3486048,0.04,6693212,0.08,535456,7228668,2408000,4816000,1877212,0.2805,7228668,6693212,535456,4816000,4816000,131-Phải thu khách hàng,511-Doanh thu bán hàng,3331-Thuế GTGT đầu ra,632-Giá vốn hàng bán,156-Hàng hóa
INV20260601476,JV20260601476,SO20260601476,2026-06-23,DN-HC,NV024,Trả góp,BL-67F131,Máy xay,Sunhouse Blender,Panasonic,2,2525028,0.07,4696552,0.08,375724,5072276,1768000,3536000,1160552,0.2471,5072276,4696552,375724,3536000,3536000,131-Phải thu khách hàng,511-Doanh thu bán hàng,3331-Thuế GTGT đầu ra,632-Giá vốn hàng bán,156-Hàng hóa
INV20260601477,JV20260601477,SO20260601477,2026-06-28,CT-NK,NV009,Trả góp,TV-BD30D1,TV,"TCL 50""",Asia,3,9312367,0.19,22629051,0.08,1810324,24439375,7986000,23958000,-1328949,-0.0587,24439375,22629051,1810324,23958000,23958000,131-Phải thu khách hàng,511-Doanh thu bán hàng,3331-Thuế GTGT đầu ra,632-Giá vốn hàng bán,156-Hàng hóa
INV20260601478,JV20260601478,SO20260601478,2026-06-14,HCM-Q7,NV004,Chuyển khoản,RC-3298C0,Nồi cơm,Sunhouse 1.2L,Asia,3,3460027,0.15,8823068,0.08,705845,9528913,2485000,7455000,1368068,0.1551,9528913,8823068,705845,7455000,7455000,131-Phải thu khách hàng,511-Doanh thu bán hàng,3331-Thuế GTGT đầu ra,632-Giá vốn hàng bán,156-Hàng hóa
INV20260601479,JV20260601479,SO20260601479,2026-06-18,DN-HC,NV005,Ví điện tử,RF-281021,Tủ lạnh,Samsung Inverter 350L,Cuckoo,1,12856900,0.05,12214055,0.08,977124,13191179,9983000,9983000,2231055,0.1827,13191179,12214055,977124,9983000,9983000,131-Phải thu khách hàng,511-Doanh thu bán hàng,3331-Thuế GTGT đầu ra,632-Giá vốn hàng bán,156-Hàng hóa
INV20260601480,JV20260601480,SO20260601480,2026-06-11,BD-TDM,NV025,Tiền mặt,AC-D7C5BD,Máy lạnh,Daikin 1HP,Daikin,3,12856694,0.19,31241766,0.08,2499341,33741107,9825000,29475000,1766766,0.0566,33741107,31241766,2499341,29475000,29475000,131-Phải thu khách hàng,511-Doanh thu bán hàng,3331-Thuế GTGT đầu ra,632-Giá vốn hàng bán,156-Hàng hóa
INV20260601481,JV20260601481,SO20260601481,2026-06-23,BD-TDM,NV014,Thẻ,FN-C79946,Quạt,Senko,Daikin,3,1009868,0.02,2969011,0.08,237520,3206531,570000,1710000,1259011,0.4241,3206531,2969011,237520,1710000,1710000,131-Phải thu khách hàng,511-Doanh thu bán hàng,3331-Thuế GTGT đầu ra,632-Giá vốn hàng bán,156-Hàng hóa
INV20260601482,JV20260601482,SO20260601482,2026-06-10,HN-CG,NV029,Tiền mặt,BL-A4802F,Máy xay,Philips Blender,Daikin,3,725950,0.03,2112514,0.08,169001,2281515,508000,1524000,588514,0.2786,2281515,2112514,169001,1524000,1524000,131-Phải thu khách hàng,511-Doanh thu bán hàng,3331-Thuế GTGT đầu ra,632-Giá vốn hàng bán,156-Hàng hóa
INV20260601483,JV20260601483,SO20260601483,2026-06-30,DN-HC,NV020,Tiền mặt,RC-D5DEB5,Nồi cơm,Panasonic 1.8L,Cuckoo,2,1779917,0.19,2883465,0.08,230677,3114142,1094000,2188000,695465,0.2412,3114142,2883465,230677,2188000,2188000,131-Phải thu khách hàng,511-Doanh thu bán hàng,3331-Thuế GTGT đầu ra,632-Giá vốn hàng bán,156-Hàng hóa
INV20260601484,JV20260601484,SO20260601484,2026-06-02,HCM-Q7,NV007,Ví điện tử,FN-FC5CB1,Quạt,Asia,Asia,3,1752894,0.17,4364706,0.08,349176,4713882,1015000,3045000,1319706,0.3024,4713882,4364706,349176,3045000,3045000,131-Phải thu khách hàng,511-Doanh thu bán hàng,3331-Thuế GTGT đầu ra,632-Giá vốn hàng bán,156-Hàng hóa
INV20260601485,JV20260601485,SO20260601485,2026-06-19,HN-HBT,NV019,Tiền mặt,RC-A5EAB1,Nồi cơm,Cuckoo 1.8L,Sony,1,1265440,0.02,1240131,0.08,99210,1339341,742000,742000,498131,0.4017,1339341,1240131,99210,742000,742000,131-Phải thu khách hàng,511-Doanh thu bán hàng,3331-Thuế GTGT đầu ra,632-Giá vốn hàng bán,156-Hàng hóa
INV20260601486,JV20260601486,SO20260601486,2026-06-09,HN-CG,NV026,Tiền mặt,MW-83094B,Lò vi sóng,Sharp 20L,Casper,2,5931414,0.19,9608890,0.08,768711,10377601,4464000,8928000,680890,0.0709,10377601,9608890,768711,8928000,8928000,131-Phải thu khách hàng,511-Doanh thu bán hàng,3331-Thuế GTGT đầu ra,632-Giá vốn hàng bán,156-Hàng hóa
INV20260601487,JV20260601487,SO20260601487,2026-06-06,DN-HC,NV026,Chuyển khoản,BL-F7CCD6,Máy xay,Sunhouse Blender,Asia,2,426070,0.0,852140,0.08,68171,920311,286000,572000,280140,0.3287,920311,852140,68171,572000,572000,131-Phải thu khách hàng,511-Doanh thu bán hàng,3331-Thuế GTGT đầu ra,632-Giá vốn hàng bán,156-Hàng hóa
INV20260601488,JV20260601488,SO20260601488,2026-06-06,DN-HC,NV029,Tiền mặt,AC-C1535B,Máy lạnh,Panasonic 1.5HP,Asia,3,21186700,0.06,59746494,0.08,4779719,64526213,17633000,52899000,6847494,0.1146,64526213,59746494,4779719,52899000,52899000,131-Phải thu khách hàng,511-Doanh thu bán hàng,3331-Thuế GTGT đầu ra,632-Giá vốn hàng bán,156-Hàng hóa
INV20260601489,JV20260601489,SO20260601489,2026-06-09,HCM-Q7,NV008,Tiền mặt,FN-47B1B0,Quạt,Senko,Toshiba,1,1055989,0.19,855351,0.08,68428,923779,614000,614000,241351,0.2822,923779,855351,68428,614000,614000,131-Phải thu khách hàng,511-Doanh thu bán hàng,3331-Thuế GTGT đầu ra,632-Giá vốn hàng bán,156-Hàng hóa
INV20260601490,JV20260601490,SO20260601490,2026-06-20,HN-HBT,NV012,Ví điện tử,AC-6A16AD,Máy lạnh,Daikin 1HP,Samsung,2,20047444,0.03,38892041,0.08,3111363,42003404,14500000,29000000,9892041,0.2543,42003404,38892041,3111363,29000000,29000000,131-Phải thu khách hàng,511-Doanh thu bán hàng,3331-Thuế GTGT đầu ra,632-Giá vốn hàng bán,156-Hàng hóa
INV20260601491,JV20260601491,SO20260601491,2026-06-24,HN-HBT,NV006,Chuyển khoản,RF-5ECF76,Tủ lạnh,LG 420L,Mitsubishi,3,16694981,0.06,47079846,0.08,3766387,50846233,13979000,41937000,5142846,0.1092,50846233,47079846,3766387,41937000,41937000,131-Phải thu khách hàng,511-Doanh thu bán hàng,3331-Thuế GTGT đầu ra,632-Giá vốn hàng bán,156-Hàng hóa
INV20260601492,JV20260601492,SO20260601492,2026-06-17,BD-TDM,NV021,Chuyển khoản,KT-3F3135,Ấm siêu tốc,Sunhouse,Sharp,3,1458118,0.05,4155636,0.08,332450,4488086,1048000,3144000,1011636,0.2434,4488086,4155636,332450,3144000,3144000,131-Phải thu khách hàng,511-Doanh thu bán hàng,3331-Thuế GTGT đầu ra,632-Giá vốn hàng bán,156-Hàng hóa
INV20260601493,JV20260601493,SO20260601493,2026-06-15,HCM-Q7,NV024,Tiền mặt,RF-555CFD,Tủ lạnh,LG 420L,Cuckoo,2,12955624,0.16,21765448,0.08,1741235,23506683,10136000,20272000,1493448,0.0686,23506683,21765448,1741235,20272000,20272000,131-Phải thu khách hàng,511-Doanh thu bán hàng,3331-Thuế GTGT đầu ra,632-Giá vốn hàng bán,156-Hàng hóa
INV20260601494,JV20260601494,SO20260601494,2026-06-12,HCM-Q1,NV011,Trả góp,WM-3E2B9E,Máy giặt,Toshiba 9kg,Cuckoo,2,7797422,0.04,14971050,0.08,1197684,16168734,6452000,12904000,2067050,0.1381,16168734,14971050,1197684,12904000,12904000,131-Phải thu khách hàng,511-Doanh thu bán hàng,3331-Thuế GTGT đầu ra,632-Giá vốn hàng bán,156-Hàng hóa
INV20260601495,JV20260601495,SO20260601495,2026-06-09,HN-HBT,NV029,Thẻ,AC-D7C5BD,Máy lạnh,Daikin 1HP,Daikin,2,16653215,0.05,31641108,0.08,2531288,34172396,12301000,24602000,7039108,0.2225,34172396,31641108,2531288,24602000,24602000,131-Phải thu khách hàng,511-Doanh thu bán hàng,3331-Thuế GTGT đầu ra,632-Giá vốn hàng bán,156-Hàng hóa
INV20260601496,JV20260601496,SO20260601496,2026-06-13,HCM-TB,NV027,Trả góp,RC-DF1FB9,Nồi cơm,Sunhouse 1.2L,Sunhouse,2,2985076,0.05,5671644,0.08,453731,6125375,2035000,4070000,1601644,0.2824,6125375,5671644,453731,4070000,4070000,131-Phải thu khách hàng,511-Doanh thu bán hàng,3331-Thuế GTGT đầu ra,632-Giá vốn hàng bán,156-Hàng hóa
INV20260601497,JV20260601497,SO20260601497,2026-06-24,HCM-Q7,NV003,Tiền mặt,KT-EFA122,Ấm siêu tốc,Sunhouse,Daikin,1,437391,0.1,393651,0.08,31492,425143,314000,314000,79651,0.2023,425143,393651,31492,314000,314000,131-Phải thu khách hàng,511-Doanh thu bán hàng,3331-Thuế GTGT đầu ra,632-Giá vốn hàng bán,156-Hàng hóa
INV20260601498,JV20260601498,SO20260601498,2026-06-13,CT-NK,NV029,Thẻ,VC-BEE8C8,Máy hút bụi,Xiaomi G10,Asia,1,8798050,0.18,7214401,0.08,577152,7791553,5300000,5300000,1914401,0.2654,7791553,7214401,577152,5300000,5300000,131-Phải thu khách hàng,511-Doanh thu bán hàng,3331-Thuế GTGT đầu ra,632-Giá vốn hàng bán,156-Hàng hóa
INV20260601499,JV20260601499,SO20260601499,2026-06-06,HCM-Q1,NV026,Thẻ,VC-E19461,Máy hút bụi,Dyson V8,Panasonic,1,6131279,0.07,5702089,0.08,456167,6158256,4429000,4429000,1273089,0.2233,6158256,5702089,456167,4429000,4429000,131-Phải thu khách hàng,511-Doanh thu bán hàng,3331-Thuế GTGT đầu ra,632-Giá vốn hàng bán,156-Hàng hóa
INV20260601500,JV20260601500,SO20260601500,2026-06-06,BD-TDM,NV012,Thẻ,TV-65942A,TV,"Sony 65""",Toshiba,1,22184765,0.09,20188136,0.08,1615050,21803186,17843000,17843000,2345136,0.1162,21803186,20188136,1615050,17843000,17843000,131-Phải thu khách hàng,511-Doanh thu bán hàng,3331-Thuế GTGT đầu ra,632-Giá vốn hàng bán,156-Hàng hóa
