ShipmentID,PickNo,OrderID,OrderDate,ShippedAt,DeliveredAt,Store,Warehouse,SKU,Category,Product,Brand,Qty,UnitCost,TotalCost,Carrier,DeliveryFee,DeliveryStatus
SHIP20260500001,PICK20260500001,SO20260500001,2026-05-14 16:24,2026-05-15 04:59,2026-05-16 13:05,CT-NK,WH-CT-01,AC-75386E,Máy lạnh,Mitsubishi 1.5HP,Cuckoo,3,16776000,50328000,Nội bộ,170000,Đã giao
SHIP20260500002,PICK20260500002,SO20260500002,2026-05-02 20:00,2026-05-03 07:40,2026-05-04 02:12,DN-HC,WH-DN-01,FN-633F9D,Quạt,Panasonic,Cuckoo,2,925000,1850000,GHN,25000,Hoàn tất
SHIP20260500003,PICK20260500003,SO20260500003,2026-05-23 20:05,2026-05-24 07:58,2026-05-24 10:13,CT-NK,WH-CT-01,AC-389085,Máy lạnh,Mitsubishi 1.5HP,Samsung,2,15656000,31312000,GHN,225000,Giao lại
SHIP20260500004,PICK20260500004,SO20260500004,2026-05-18 16:21,2026-05-18 17:46,2026-05-20 01:36,HCM-TB,WH-HCM-03,WM-F25444,Máy giặt,LG 9kg,Xiaomi,2,5232000,10464000,Xe tải thuê ngoài,65000,Hoàn tất
SHIP20260500005,PICK20260500005,SO20260500005,2026-05-09 12:49,2026-05-09 20:23,2026-05-10 18:18,HCM-Q1,WH-HCM-01,RF-F6944C,Tủ lạnh,LG 420L,Sunhouse,2,13631000,27262000,Ahamove,155000,Giao lại
SHIP20260500006,PICK20260500006,SO20260500006,2026-05-16 17:42,2026-05-17 05:38,2026-05-17 23:22,HCM-TB,WH-HCM-03,AC-E7C43D,Máy lạnh,Panasonic 1.5HP,Casper,3,7417000,22251000,GHN,145000,Đã giao
SHIP20260500007,PICK20260500007,SO20260500007,2026-05-08 08:34,2026-05-08 12:31,2026-05-09 07:57,HCM-TB,WH-HCM-03,RF-20BB5C,Tủ lạnh,Panasonic 300L,Sharp,3,8922000,26766000,Ahamove,105000,Đã giao
SHIP20260500008,PICK20260500008,SO20260500008,2026-05-25 12:46,2026-05-25 14:25,2026-05-26 03:04,HCM-Q1,WH-HCM-01,BL-3258EA,Máy xay,Panasonic Blender,Mitsubishi,1,1100000,1100000,GHN,65000,Hoàn tất
SHIP20260500009,PICK20260500009,SO20260500009,2026-05-28 20:41,2026-05-29 07:12,2026-05-30 03:30,BD-TDM,WH-BD-01,VC-98D4CD,Máy hút bụi,Xiaomi G10,Cuckoo,1,5109000,5109000,GrabExpress,25000,Đã giao
SHIP20260500010,PICK20260500010,SO20260500010,2026-05-24 19:47,2026-05-25 08:34,2026-05-25 13:42,BD-TDM,WH-BD-01,WM-6ADDCB,Máy giặt,LG 9kg,Electrolux,2,7645000,15290000,GrabExpress,270000,Đã giao
SHIP20260500011,PICK20260500011,SO20260500011,2026-05-07 18:49,2026-05-08 01:33,2026-05-09 11:41,HCM-TB,WH-HCM-03,WM-9170CB,Máy giặt,LG 9kg,LG,1,12703000,12703000,Xe tải thuê ngoài,245000,Đã giao
SHIP20260500012,PICK20260500012,SO20260500012,2026-05-10 08:50,2026-05-10 19:44,2026-05-11 06:51,BD-TDM,WH-BD-01,FN-5AA0F8,Quạt,Senko,Cuckoo,1,754000,754000,GrabExpress,90000,Đã giao
SHIP20260500013,PICK20260500013,SO20260500013,2026-05-04 11:24,2026-05-04 21:42,2026-05-05 07:06,BD-TDM,WH-BD-01,TV-7BBB2A,TV,"TCL 50""",Aqua,2,26908000,53816000,GHN,200000,Đã giao
SHIP20260500014,PICK20260500014,SO20260500014,2026-05-28 18:26,2026-05-29 02:39,2026-05-30 14:09,BD-TDM,WH-BD-01,BL-BF3F30,Máy xay,Panasonic Blender,Casper,2,1406000,2812000,Xe tải thuê ngoài,35000,Đã giao
SHIP20260500015,PICK20260500015,SO20260500015,2026-05-23 14:27,2026-05-24 02:47,2026-05-25 15:31,HCM-Q7,WH-HCM-02,RF-40AAB7,Tủ lạnh,Samsung Inverter 350L,Electrolux,1,10104000,10104000,GHN,90000,Giao lại
SHIP20260500016,PICK20260500016,SO20260500016,2026-05-17 18:04,2026-05-18 01:59,2026-05-19 08:16,HN-CG,WH-HN-01,FN-985D6E,Quạt,Panasonic,Sharp,1,456000,456000,Xe tải thuê ngoài,90000,Đã giao
SHIP20260500017,PICK20260500017,SO20260500017,2026-05-12 13:05,2026-05-12 23:25,2026-05-14 07:29,DN-HC,WH-DN-01,MW-2896A4,Lò vi sóng,Sharp 20L,Panasonic,1,3562000,3562000,Nội bộ,120000,Giao lại
SHIP20260500018,PICK20260500018,SO20260500018,2026-05-16 15:32,2026-05-17 02:10,2026-05-18 04:45,HCM-Q7,WH-HCM-02,VC-FDD792,Máy hút bụi,Philips FC,Casper,3,1807000,5421000,GrabExpress,90000,Đã giao
SHIP20260500019,PICK20260500019,SO20260500019,2026-05-31 13:26,2026-05-31 21:08,2026-06-01 16:52,HCM-TB,WH-HCM-03,VC-90DAA9,Máy hút bụi,Dyson V8,Casper,1,8484000,8484000,Nội bộ,35000,Đã giao
SHIP20260500020,PICK20260500020,SO20260500020,2026-05-18 11:52,2026-05-19 00:24,2026-05-20 06:23,HCM-TB,WH-HCM-03,VC-490623,Máy hút bụi,Philips FC,LG,3,5681000,17043000,Ahamove,145000,Hoàn tất
SHIP20260500021,PICK20260500021,SO20260500021,2026-05-18 11:28,2026-05-18 18:31,2026-05-19 11:01,HCM-Q1,WH-HCM-01,AC-6A16AD,Máy lạnh,Daikin 1HP,Samsung,1,14656000,14656000,Nội bộ,270000,Giao lại
SHIP20260500022,PICK20260500022,SO20260500022,2026-05-30 10:12,2026-05-30 22:06,2026-05-31 14:51,BD-TDM,WH-BD-01,RC-3972B5,Nồi cơm,Sharp 1.8L,Samsung,1,2198000,2198000,Xe tải thuê ngoài,35000,Đã giao
SHIP20260500023,PICK20260500023,SO20260500023,2026-05-01 15:23,2026-05-02 02:12,2026-05-03 08:27,DN-HC,WH-DN-01,BL-2DE930,Máy xay,Sunhouse Blender,Toshiba,1,1661000,1661000,GHN,25000,Đã giao
SHIP20260500024,PICK20260500024,SO20260500024,2026-05-09 10:22,2026-05-09 22:03,2026-05-10 10:27,CT-NK,WH-CT-01,VC-DD459E,Máy hút bụi,Dyson V8,Asia,3,5768000,17304000,Nội bộ,200000,Đã giao
SHIP20260500025,PICK20260500025,SO20260500025,2026-05-13 16:53,2026-05-14 06:54,2026-05-15 06:39,HCM-Q1,WH-HCM-01,RC-19766E,Nồi cơm,Panasonic 1.8L,Sunhouse,1,1545000,1545000,Nội bộ,65000,Hoàn tất
SHIP20260500026,PICK20260500026,SO20260500026,2026-05-12 08:06,2026-05-12 23:46,2026-05-13 12:29,HN-HBT,WH-HN-02,RF-4D4BA4,Tủ lạnh,Aqua 250L,Philips,3,5943000,17829000,Nội bộ,245000,Đã giao
SHIP20260500027,PICK20260500027,SO20260500027,2026-05-22 19:58,2026-05-23 12:37,2026-05-24 05:16,BD-TDM,WH-BD-01,WM-6CA151,Máy giặt,LG 9kg,Philips,1,14832000,14832000,GrabExpress,120000,Giao lại
SHIP20260500028,PICK20260500028,SO20260500028,2026-05-25 11:55,2026-05-25 19:31,2026-05-27 00:29,HN-HBT,WH-HN-02,KT-225744,Ấm siêu tốc,Philips,Xiaomi,2,609000,1218000,GrabExpress,45000,Đã giao
SHIP20260500029,PICK20260500029,SO20260500029,2026-05-21 20:37,2026-05-22 02:05,2026-05-23 01:36,HCM-Q1,WH-HCM-01,MW-807E15,Lò vi sóng,Panasonic 25L,Asia,3,2942000,8826000,Ahamove,25000,Giao lại
SHIP20260500030,PICK20260500030,SO20260500030,2026-05-08 16:21,2026-05-08 19:55,2026-05-09 12:33,HCM-Q7,WH-HCM-02,WM-B05DAD,Máy giặt,LG 9kg,Sony,1,6908000,6908000,Nội bộ,35000,Hoàn tất
SHIP20260500031,PICK20260500031,SO20260500031,2026-05-03 19:48,2026-05-04 07:53,2026-05-05 16:56,CT-NK,WH-CT-01,KT-A1D1DD,Ấm siêu tốc,Sunhouse,Senko,3,676000,2028000,Ahamove,120000,Hoàn tất
SHIP20260500032,PICK20260500032,SO20260500032,2026-05-19 13:16,2026-05-20 01:58,2026-05-20 21:42,HCM-TB,WH-HCM-03,RC-08ECD3,Nồi cơm,Sunhouse 1.2L,Aqua,1,1772000,1772000,Nội bộ,45000,Đã giao
SHIP20260500033,PICK20260500033,SO20260500033,2026-05-18 16:37,2026-05-19 11:23,2026-05-20 10:43,HCM-Q1,WH-HCM-01,RF-FBF6F9,Tủ lạnh,Panasonic 300L,Cuckoo,3,8956000,26868000,GHN,180000,Đã giao
SHIP20260500034,PICK20260500034,SO20260500034,2026-05-25 14:37,2026-05-26 09:12,2026-05-26 13:22,HCM-TB,WH-HCM-03,RC-3C975D,Nồi cơm,Panasonic 1.8L,Samsung,2,463000,926000,Ahamove,45000,Hoàn tất
SHIP20260500035,PICK20260500035,SO20260500035,2026-05-28 19:31,2026-05-29 00:59,2026-05-29 15:51,CT-NK,WH-CT-01,TV-693149,TV,"Samsung 55"" 4K",Aqua,2,13514000,27028000,GHN,170000,Giao lại
SHIP20260500036,PICK20260500036,SO20260500036,2026-05-14 18:46,2026-05-14 21:12,2026-05-15 07:35,BD-TDM,WH-BD-01,VC-B567E6,Máy hút bụi,Philips FC,Cuckoo,1,1526000,1526000,Ahamove,35000,Đã giao
SHIP20260500037,PICK20260500037,SO20260500037,2026-05-09 12:08,2026-05-10 01:58,2026-05-10 14:15,HCM-Q7,WH-HCM-02,KT-63AE81,Ấm siêu tốc,Kangaroo,Daikin,3,351000,1053000,Nội bộ,25000,Đã giao
SHIP20260500038,PICK20260500038,SO20260500038,2026-05-27 13:08,2026-05-27 20:38,2026-05-29 02:50,HN-HBT,WH-HN-02,WM-B05DAD,Máy giặt,LG 9kg,Sony,1,7340000,7340000,Xe tải thuê ngoài,0,Đã giao
SHIP20260500039,PICK20260500039,SO20260500039,2026-05-24 14:09,2026-05-24 17:45,2026-05-26 02:14,HCM-Q1,WH-HCM-01,RC-3C3427,Nồi cơm,Sharp 1.8L,Senko,1,1451000,1451000,Nội bộ,25000,Đã giao
SHIP20260500040,PICK20260500040,SO20260500040,2026-05-07 13:37,2026-05-08 01:40,2026-05-08 21:02,HN-HBT,WH-HN-02,KT-881318,Ấm siêu tốc,Sunhouse,Sony,1,295000,295000,GHN,120000,Hoàn tất
SHIP20260500041,PICK20260500041,SO20260500041,2026-05-15 15:04,2026-05-16 09:06,2026-05-17 08:12,BD-TDM,WH-BD-01,AC-D7C5BD,Máy lạnh,Daikin 1HP,Daikin,3,13883000,41649000,Xe tải thuê ngoài,205000,Hoàn tất
SHIP20260500042,PICK20260500042,SO20260500042,2026-05-24 16:13,2026-05-24 17:30,2026-05-25 19:54,HN-HBT,WH-HN-02,VC-A4DECF,Máy hút bụi,Dyson V8,Mitsubishi,2,4383000,8766000,GHN,35000,Đã giao
SHIP20260500043,PICK20260500043,SO20260500043,2026-05-06 10:53,2026-05-07 00:16,2026-05-08 01:59,BD-TDM,WH-BD-01,TV-41AACD,TV,"Samsung 55"" 4K",Daikin,3,6787000,20361000,Xe tải thuê ngoài,215000,Đã giao
SHIP20260500044,PICK20260500044,SO20260500044,2026-05-20 08:46,2026-05-20 21:47,2026-05-22 04:46,HCM-Q7,WH-HCM-02,FN-374368,Quạt,Senko,Panasonic,3,780000,2340000,Xe tải thuê ngoài,120000,Hoàn tất
SHIP20260500045,PICK20260500045,SO20260500045,2026-05-13 19:07,2026-05-14 00:07,2026-05-14 12:12,BD-TDM,WH-BD-01,RF-309876,Tủ lạnh,Aqua 250L,LG,1,14880000,14880000,GrabExpress,65000,Đã giao
SHIP20260500046,PICK20260500046,SO20260500046,2026-05-24 20:42,2026-05-25 04:55,2026-05-25 12:45,HN-HBT,WH-HN-02,TV-CC162B,TV,"TCL 50""",Sharp,3,12594000,37782000,GHN,240000,Giao lại
SHIP20260500047,PICK20260500047,SO20260500047,2026-05-05 14:42,2026-05-06 01:11,2026-05-07 12:14,HCM-Q7,WH-HCM-02,RF-FA61AD,Tủ lạnh,Panasonic 300L,Samsung,1,8148000,8148000,Xe tải thuê ngoài,120000,Giao lại
SHIP20260500048,PICK20260500048,SO20260500048,2026-05-06 16:36,2026-05-07 05:59,2026-05-08 04:45,CT-NK,WH-CT-01,AC-8D2169,Máy lạnh,Panasonic 1.5HP,Sunhouse,2,9149000,18298000,GrabExpress,145000,Giao lại
SHIP20260500049,PICK20260500049,SO20260500049,2026-05-29 08:38,2026-05-30 00:28,2026-05-30 21:44,CT-NK,WH-CT-01,RF-CBE628,Tủ lạnh,Aqua 250L,Casper,3,11550000,34650000,Xe tải thuê ngoài,215000,Đã giao
SHIP20260500050,PICK20260500050,SO20260500050,2026-05-14 13:50,2026-05-15 05:49,2026-05-15 11:40,CT-NK,WH-CT-01,WM-B66625,Máy giặt,Panasonic 8.5kg,Sony,2,5588000,11176000,Ahamove,35000,Đã giao
SHIP20260500051,PICK20260500051,SO20260500051,2026-05-21 15:25,2026-05-22 09:13,2026-05-23 16:43,HCM-TB,WH-HCM-03,AC-E7C43D,Máy lạnh,Panasonic 1.5HP,Casper,1,8171000,8171000,Ahamove,25000,Giao lại
SHIP20260500052,PICK20260500052,SO20260500052,2026-05-18 08:14,2026-05-18 21:09,2026-05-19 00:00,CT-NK,WH-CT-01,RF-742B7E,Tủ lạnh,Samsung Inverter 350L,Asia,1,6554000,6554000,GrabExpress,65000,Giao lại
SHIP20260500053,PICK20260500053,SO20260500053,2026-05-30 19:12,2026-05-30 22:20,2026-05-31 08:43,HCM-Q7,WH-HCM-02,VC-D86280,Máy hút bụi,Philips FC,Mitsubishi,1,2706000,2706000,GHN,25000,Đã giao
SHIP20260500054,PICK20260500054,SO20260500054,2026-05-20 17:00,2026-05-21 08:02,2026-05-22 02:59,HN-CG,WH-HN-01,AC-A7840C,Máy lạnh,Mitsubishi 1.5HP,Panasonic,2,6846000,13692000,Nội bộ,240000,Đã giao
SHIP20260500055,PICK20260500055,SO20260500055,2026-05-16 14:18,2026-05-17 05:54,2026-05-17 14:39,DN-HC,WH-DN-01,RF-42BDE8,Tủ lạnh,LG 420L,Senko,3,9902000,29706000,Xe tải thuê ngoài,170000,Đã giao
SHIP20260500056,PICK20260500056,SO20260500056,2026-05-12 19:17,2026-05-13 11:31,2026-05-14 00:11,HN-CG,WH-HN-01,VC-90DAA9,Máy hút bụi,Dyson V8,Casper,2,3643000,7286000,GHN,65000,Giao lại
SHIP20260500057,PICK20260500057,SO20260500057,2026-05-10 12:45,2026-05-10 14:34,2026-05-11 20:55,HCM-TB,WH-HCM-03,AC-CBBDDE,Máy lạnh,Panasonic 1.5HP,Sharp,2,17216000,34432000,GHN,145000,Giao lại
SHIP20260500058,PICK20260500058,SO20260500058,2026-05-12 13:25,2026-05-12 15:57,2026-05-12 23:50,HCM-Q7,WH-HCM-02,FN-FC4665,Quạt,Asia,Electrolux,2,199000,398000,Ahamove,120000,Giao lại
SHIP20260500059,PICK20260500059,SO20260500059,2026-05-31 08:44,2026-05-31 12:17,2026-05-31 19:11,BD-TDM,WH-BD-01,TV-249EF8,TV,"Samsung 55"" 4K",Samsung,1,26387000,26387000,Ahamove,125000,Đã giao
SHIP20260500060,PICK20260500060,SO20260500060,2026-05-07 18:18,2026-05-08 08:13,2026-05-08 13:37,HCM-Q7,WH-HCM-02,BL-A4BCD6,Máy xay,Philips Blender,Sunhouse,2,1092000,2184000,GrabExpress,25000,Đã giao
SHIP20260500061,PICK20260500061,SO20260500061,2026-05-01 15:21,2026-05-02 00:33,2026-05-02 14:46,HCM-Q7,WH-HCM-02,TV-4795B7,TV,"Samsung 55"" 4K",Electrolux,2,23163000,46326000,Ahamove,105000,Đã giao
SHIP20260500062,PICK20260500062,SO20260500062,2026-05-31 09:01,2026-05-31 19:08,2026-06-01 08:03,HN-CG,WH-HN-01,KT-A97869,Ấm siêu tốc,Sunhouse,LG,3,924000,2772000,Ahamove,65000,Hoàn tất
SHIP20260500063,PICK20260500063,SO20260500063,2026-05-15 19:49,2026-05-16 11:35,2026-05-17 01:47,HN-HBT,WH-HN-02,RF-ECA283,Tủ lạnh,Panasonic 300L,Panasonic,3,11578000,34734000,Nội bộ,145000,Đã giao
SHIP20260500064,PICK20260500064,SO20260500064,2026-05-20 13:10,2026-05-20 15:51,2026-05-21 02:09,CT-NK,WH-CT-01,RF-7AFE5C,Tủ lạnh,LG 420L,Electrolux,3,13583000,40749000,GrabExpress,210000,Giao lại
SHIP20260500065,PICK20260500065,SO20260500065,2026-05-29 11:35,2026-05-29 23:51,2026-05-30 02:54,HCM-Q1,WH-HCM-01,VC-FA3352,Máy hút bụi,Dyson V8,Aqua,2,4935000,9870000,GrabExpress,65000,Đã giao
SHIP20260500066,PICK20260500066,SO20260500066,2026-05-21 14:19,2026-05-21 20:39,2026-05-22 18:45,HCM-Q7,WH-HCM-02,WM-781AD9,Máy giặt,Samsung 10kg,Sharp,2,6355000,12710000,Nội bộ,25000,Hoàn tất
SHIP20260500067,PICK20260500067,SO20260500067,2026-05-30 08:32,2026-05-30 10:58,2026-05-31 19:00,CT-NK,WH-CT-01,KT-7A47B5,Ấm siêu tốc,Sunhouse,Sunhouse,3,344000,1032000,Ahamove,0,Giao lại
SHIP20260500068,PICK20260500068,SO20260500068,2026-05-23 16:09,2026-05-24 05:49,2026-05-25 15:28,BD-TDM,WH-BD-01,RF-4A3E4F,Tủ lạnh,Aqua 250L,Daikin,3,14180000,42540000,Xe tải thuê ngoài,185000,Đã giao
SHIP20260500069,PICK20260500069,SO20260500069,2026-05-27 13:20,2026-05-27 17:35,2026-05-28 02:14,DN-HC,WH-DN-01,VC-8A6FDF,Máy hút bụi,Dyson V8,Samsung,2,8942000,17884000,Nội bộ,165000,Đã giao
SHIP20260500070,PICK20260500070,SO20260500070,2026-05-07 14:12,2026-05-07 22:05,2026-05-09 00:49,DN-HC,WH-DN-01,FN-C79946,Quạt,Senko,Daikin,2,1579000,3158000,Ahamove,0,Hoàn tất
SHIP20260500071,PICK20260500071,SO20260500071,2026-05-05 08:55,2026-05-05 18:42,2026-05-06 03:19,HN-CG,WH-HN-01,MW-A83E5A,Lò vi sóng,Electrolux 23L,Sunhouse,3,2424000,7272000,Nội bộ,65000,Hoàn tất
SHIP20260500072,PICK20260500072,SO20260500072,2026-05-13 14:22,2026-05-13 23:45,2026-05-14 16:35,HN-HBT,WH-HN-02,TV-652BA6,TV,LG OLED 48,Senko,2,28584000,57168000,Xe tải thuê ngoài,270000,Đã giao
SHIP20260500073,PICK20260500073,SO20260500073,2026-05-10 20:43,2026-05-10 23:14,2026-05-11 14:00,HN-HBT,WH-HN-02,VC-96423F,Máy hút bụi,Dyson V8,Xiaomi,2,2507000,5014000,GHN,0,Đã giao
SHIP20260500074,PICK20260500074,SO20260500074,2026-05-05 11:28,2026-05-06 00:53,2026-05-06 11:49,DN-HC,WH-DN-01,RF-8AEC72,Tủ lạnh,Samsung Inverter 350L,Daikin,1,8196000,8196000,Nội bộ,120000,Đã giao
SHIP20260500075,PICK20260500075,SO20260500075,2026-05-18 08:18,2026-05-18 21:28,2026-05-20 02:01,HN-HBT,WH-HN-02,RC-443576,Nồi cơm,Sharp 1.8L,Asia,2,1751000,3502000,Xe tải thuê ngoài,25000,Đã giao
SHIP20260500076,PICK20260500076,SO20260500076,2026-05-31 12:44,2026-05-31 15:13,2026-06-01 04:55,HN-CG,WH-HN-01,RF-6AEEF2,Tủ lạnh,Aqua 250L,Panasonic,2,14985000,29970000,Ahamove,205000,Đã giao
SHIP20260500077,PICK20260500077,SO20260500077,2026-05-12 20:53,2026-05-13 08:24,2026-05-14 18:00,BD-TDM,WH-BD-01,MW-F8E59D,Lò vi sóng,Sharp 20L,Sharp,1,2500000,2500000,GHN,0,Giao lại
SHIP20260500078,PICK20260500078,SO20260500078,2026-05-26 14:31,2026-05-26 17:58,2026-05-27 14:46,HCM-Q1,WH-HCM-01,RF-577C9B,Tủ lạnh,Panasonic 300L,LG,3,13025000,39075000,GHN,170000,Đã giao
SHIP20260500079,PICK20260500079,SO20260500079,2026-05-29 10:05,2026-05-29 12:34,2026-05-30 10:52,CT-NK,WH-CT-01,RF-681BCC,Tủ lạnh,LG 420L,Samsung,3,18642000,55926000,Ahamove,240000,Đã giao
SHIP20260500080,PICK20260500080,SO20260500080,2026-05-27 09:00,2026-05-27 16:59,2026-05-29 00:58,BD-TDM,WH-BD-01,VC-506EE5,Máy hút bụi,Philips FC,Sony,1,2875000,2875000,Xe tải thuê ngoài,35000,Đã giao
SHIP20260500081,PICK20260500081,SO20260500081,2026-05-31 11:34,2026-06-01 01:02,2026-06-01 22:07,BD-TDM,WH-BD-01,RF-1BAC8F,Tủ lạnh,Panasonic 300L,Electrolux,1,11300000,11300000,GHN,120000,Hoàn tất
SHIP20260500082,PICK20260500082,SO20260500082,2026-05-28 19:07,2026-05-29 02:15,2026-05-30 10:22,HCM-Q1,WH-HCM-01,WM-E62700,Máy giặt,Samsung 10kg,Xiaomi,2,13098000,26196000,Ahamove,145000,Đã giao
SHIP20260500083,PICK20260500083,SO20260500083,2026-05-23 12:34,2026-05-23 18:23,2026-05-24 00:54,HCM-Q1,WH-HCM-01,KT-B5A58C,Ấm siêu tốc,Philips,Casper,3,769000,2307000,GrabExpress,35000,Giao lại
SHIP20260500084,PICK20260500084,SO20260500084,2026-05-08 12:17,2026-05-08 20:47,2026-05-09 15:12,CT-NK,WH-CT-01,TV-BD30D1,TV,"TCL 50""",Asia,3,25564000,76692000,GrabExpress,80000,Đã giao
SHIP20260500085,PICK20260500085,SO20260500085,2026-05-17 16:08,2026-05-18 09:14,2026-05-19 08:27,BD-TDM,WH-BD-01,VC-9C3BA7,Máy hút bụi,Xiaomi G10,Xiaomi,3,5452000,16356000,Ahamove,200000,Hoàn tất
SHIP20260500086,PICK20260500086,SO20260500086,2026-05-25 13:08,2026-05-26 03:01,2026-05-27 04:19,HN-HBT,WH-HN-02,TV-14F4F6,TV,"Sony 65""",Cuckoo,2,18743000,37486000,GrabExpress,215000,Đã giao
SHIP20260500087,PICK20260500087,SO20260500087,2026-05-13 09:50,2026-05-14 02:39,2026-05-14 09:30,HN-CG,WH-HN-01,RC-6CF84A,Nồi cơm,Cuckoo 1.8L,Daikin,3,1622000,4866000,Xe tải thuê ngoài,90000,Hoàn tất
SHIP20260500088,PICK20260500088,SO20260500088,2026-05-19 16:46,2026-05-20 11:29,2026-05-21 13:02,BD-TDM,WH-BD-01,RF-A7BDBE,Tủ lạnh,Aqua 250L,Toshiba,3,15757000,47271000,Xe tải thuê ngoài,155000,Giao lại
SHIP20260500089,PICK20260500089,SO20260500089,2026-05-03 10:59,2026-05-04 05:53,2026-05-04 21:25,HCM-Q1,WH-HCM-01,BL-653303,Máy xay,Sunhouse Blender,Philips,3,2067000,6201000,GHN,0,Đã giao
SHIP20260500090,PICK20260500090,SO20260500090,2026-05-03 08:54,2026-05-03 19:42,2026-05-05 03:10,BD-TDM,WH-BD-01,BL-958487,Máy xay,Philips Blender,Toshiba,3,1348000,4044000,Nội bộ,25000,Đã giao
SHIP20260500091,PICK20260500091,SO20260500091,2026-05-15 12:11,2026-05-16 03:25,2026-05-16 10:45,HN-CG,WH-HN-01,VC-51D140,Máy hút bụi,Xiaomi G10,Casper,2,8307000,16614000,Ahamove,245000,Giao lại
SHIP20260500092,PICK20260500092,SO20260500092,2026-05-08 15:00,2026-05-09 04:58,2026-05-09 09:03,CT-NK,WH-CT-01,AC-F53EB5,Máy lạnh,Casper 1HP,Senko,3,14127000,42381000,Nội bộ,205000,Đã giao
SHIP20260500093,PICK20260500093,SO20260500093,2026-05-06 15:06,2026-05-07 03:44,2026-05-08 13:05,DN-HC,WH-DN-01,VC-EF7A18,Máy hút bụi,Xiaomi G10,Aqua,3,5195000,15585000,Ahamove,180000,Đã giao
SHIP20260500094,PICK20260500094,SO20260500094,2026-05-21 18:57,2026-05-22 12:52,2026-05-23 07:33,HN-HBT,WH-HN-02,FN-166747,Quạt,Senko,LG,1,795000,795000,GHN,0,Đã giao
SHIP20260500095,PICK20260500095,SO20260500095,2026-05-26 12:21,2026-05-27 01:01,2026-05-27 19:06,BD-TDM,WH-BD-01,BL-267545,Máy xay,Panasonic Blender,Cuckoo,1,1611000,1611000,Nội bộ,45000,Đã giao
SHIP20260500096,PICK20260500096,SO20260500096,2026-05-25 15:51,2026-05-26 08:00,2026-05-27 08:05,HN-HBT,WH-HN-02,BL-8778AF,Máy xay,Philips Blender,Mitsubishi,3,417000,1251000,Xe tải thuê ngoài,45000,Đã giao
SHIP20260500097,PICK20260500097,SO20260500097,2026-05-14 11:23,2026-05-14 23:28,2026-05-15 14:44,HCM-Q7,WH-HCM-02,RF-D9A75C,Tủ lạnh,Samsung Inverter 350L,Sony,3,4523000,13569000,Xe tải thuê ngoài,215000,Đã giao
SHIP20260500098,PICK20260500098,SO20260500098,2026-05-04 13:51,2026-05-04 22:40,2026-05-05 03:13,DN-HC,WH-DN-01,RC-007FFA,Nồi cơm,Sharp 1.8L,Cuckoo,2,2753000,5506000,Xe tải thuê ngoài,90000,Đã giao
SHIP20260500099,PICK20260500099,SO20260500099,2026-05-20 12:50,2026-05-21 02:24,2026-05-22 12:28,HN-HBT,WH-HN-02,VC-110A19,Máy hút bụi,Philips FC,Philips,1,1351000,1351000,Ahamove,0,Hoàn tất
SHIP20260500100,PICK20260500100,SO20260500100,2026-05-27 19:54,2026-05-27 21:50,2026-05-28 16:41,HCM-Q1,WH-HCM-01,AC-0877C5,Máy lạnh,Daikin 1HP,Sony,2,5506000,11012000,Nội bộ,0,Đã giao
SHIP20260500101,PICK20260500101,SO20260500101,2026-05-09 20:35,2026-05-10 00:16,2026-05-11 10:19,CT-NK,WH-CT-01,BL-981E64,Máy xay,Sunhouse Blender,Samsung,2,1830000,3660000,GrabExpress,25000,Đã giao
SHIP20260500102,PICK20260500102,SO20260500102,2026-05-18 13:41,2026-05-18 23:23,2026-05-20 04:52,HN-CG,WH-HN-01,TV-ED601B,TV,"TCL 50""",Panasonic,1,18893000,18893000,Xe tải thuê ngoài,205000,Đã giao
SHIP20260500103,PICK20260500103,SO20260500103,2026-05-26 12:58,2026-05-26 18:52,2026-05-26 22:26,BD-TDM,WH-BD-01,KT-54AD13,Ấm siêu tốc,Philips,Samsung,1,601000,601000,GHN,120000,Giao lại
SHIP20260500104,PICK20260500104,SO20260500104,2026-05-19 17:19,2026-05-20 04:57,2026-05-20 07:33,HCM-Q7,WH-HCM-02,TV-7BABFF,TV,"Sony 65""",Aqua,3,16205000,48615000,Ahamove,120000,Đã giao
SHIP20260500105,PICK20260500105,SO20260500105,2026-05-07 17:49,2026-05-08 01:55,2026-05-09 10:46,HCM-TB,WH-HCM-03,WM-EAF44E,Máy giặt,Panasonic 8.5kg,Panasonic,1,7370000,7370000,Xe tải thuê ngoài,90000,Đã giao
SHIP20260500106,PICK20260500106,SO20260500106,2026-05-23 08:45,2026-05-23 13:28,2026-05-23 23:48,BD-TDM,WH-BD-01,TV-3F699A,TV,LG OLED 48,Aqua,2,14755000,29510000,Xe tải thuê ngoài,245000,Đã giao
SHIP20260500107,PICK20260500107,SO20260500107,2026-05-31 17:04,2026-05-31 21:21,2026-06-01 12:09,HN-CG,WH-HN-01,MW-21A949,Lò vi sóng,Panasonic 25L,Cuckoo,3,3735000,11205000,GrabExpress,90000,Đã giao
SHIP20260500108,PICK20260500108,SO20260500108,2026-05-31 15:03,2026-05-31 21:06,2026-06-01 00:37,HCM-Q7,WH-HCM-02,RF-ECA283,Tủ lạnh,Panasonic 300L,Panasonic,3,12605000,37815000,Nội bộ,165000,Đã giao
SHIP20260500109,PICK20260500109,SO20260500109,2026-05-16 20:55,2026-05-17 11:42,2026-05-17 18:20,HCM-TB,WH-HCM-03,VC-98D4CD,Máy hút bụi,Xiaomi G10,Cuckoo,3,6878000,20634000,Xe tải thuê ngoài,170000,Đã giao
SHIP20260500110,PICK20260500110,SO20260500110,2026-05-07 11:11,2026-05-08 01:57,2026-05-09 11:18,BD-TDM,WH-BD-01,RF-709E60,Tủ lạnh,LG 420L,LG,2,6559000,13118000,Nội bộ,25000,Giao lại
SHIP20260500111,PICK20260500111,SO20260500111,2026-05-29 09:05,2026-05-30 00:15,2026-05-31 05:37,HCM-Q1,WH-HCM-01,WM-E62700,Máy giặt,Samsung 10kg,Xiaomi,3,11735000,35205000,GrabExpress,245000,Hoàn tất
SHIP20260500112,PICK20260500112,SO20260500112,2026-05-02 15:27,2026-05-03 01:18,2026-05-03 13:10,HCM-TB,WH-HCM-03,FN-A4A668,Quạt,Asia,Cuckoo,2,788000,1576000,Nội bộ,35000,Hoàn tất
SHIP20260500113,PICK20260500113,SO20260500113,2026-05-07 11:54,2026-05-08 00:26,2026-05-08 18:07,DN-HC,WH-DN-01,BL-981E64,Máy xay,Sunhouse Blender,Samsung,3,498000,1494000,GHN,120000,Đã giao
SHIP20260500114,PICK20260500114,SO20260500114,2026-05-26 10:13,2026-05-27 02:38,2026-05-27 17:38,HN-HBT,WH-HN-02,RF-CAB84B,Tủ lạnh,Samsung Inverter 350L,Senko,3,13766000,41298000,Xe tải thuê ngoài,120000,Đã giao
SHIP20260500115,PICK20260500115,SO20260500115,2026-05-13 09:52,2026-05-13 13:51,2026-05-14 14:20,HN-CG,WH-HN-01,TV-3F699A,TV,LG OLED 48,Aqua,1,19395000,19395000,Ahamove,240000,Đã giao
SHIP20260500116,PICK20260500116,SO20260500116,2026-05-24 12:35,2026-05-24 22:21,2026-05-26 06:08,HCM-TB,WH-HCM-03,FN-47B1B0,Quạt,Senko,Toshiba,2,784000,1568000,GrabExpress,25000,Hoàn tất
SHIP20260500117,PICK20260500117,SO20260500117,2026-05-28 15:54,2026-05-29 10:38,2026-05-30 19:05,HN-HBT,WH-HN-02,WM-06AD1A,Máy giặt,Panasonic 8.5kg,Casper,2,13978000,27956000,GHN,120000,Đã giao
SHIP20260500118,PICK20260500118,SO20260500118,2026-05-12 17:50,2026-05-13 04:47,2026-05-13 08:02,HCM-Q7,WH-HCM-02,KT-BD9201,Ấm siêu tốc,Kangaroo,Aqua,2,568000,1136000,Nội bộ,35000,Đã giao
SHIP20260500119,PICK20260500119,SO20260500119,2026-05-25 12:49,2026-05-25 22:15,2026-05-26 16:01,DN-HC,WH-DN-01,TV-0432E5,TV,"Sony 65""",Panasonic,3,13233000,39699000,Xe tải thuê ngoài,145000,Đã giao
SHIP20260500120,PICK20260500120,SO20260500120,2026-05-15 16:49,2026-05-15 23:28,2026-05-16 06:09,CT-NK,WH-CT-01,VC-E19461,Máy hút bụi,Dyson V8,Panasonic,2,1949000,3898000,Ahamove,35000,Giao lại
SHIP20260500121,PICK20260500121,SO20260500121,2026-05-21 10:21,2026-05-21 11:46,2026-05-22 08:29,DN-HC,WH-DN-01,RF-281021,Tủ lạnh,Samsung Inverter 350L,Cuckoo,3,6369000,19107000,GHN,145000,Đã giao
SHIP20260500122,PICK20260500122,SO20260500122,2026-05-23 10:09,2026-05-24 04:46,2026-05-25 17:40,HCM-TB,WH-HCM-03,RF-577C9B,Tủ lạnh,Panasonic 300L,LG,2,9610000,19220000,GHN,245000,Đã giao
SHIP20260500123,PICK20260500123,SO20260500123,2026-05-30 20:56,2026-05-31 08:25,2026-06-01 17:53,CT-NK,WH-CT-01,WM-AA0941,Máy giặt,Panasonic 8.5kg,Aqua,1,9564000,9564000,Xe tải thuê ngoài,90000,Hoàn tất
SHIP20260500124,PICK20260500124,SO20260500124,2026-05-25 08:09,2026-05-25 22:34,2026-05-27 05:58,HCM-Q7,WH-HCM-02,VC-4F893C,Máy hút bụi,Dyson V8,Daikin,2,2828000,5656000,Xe tải thuê ngoài,25000,Đã giao
SHIP20260500125,PICK20260500125,SO20260500125,2026-05-09 11:18,2026-05-10 03:01,2026-05-10 11:31,HN-HBT,WH-HN-02,AC-DD7A97,Máy lạnh,Daikin 1HP,Toshiba,2,11516000,23032000,Nội bộ,225000,Đã giao
SHIP20260500126,PICK20260500126,SO20260500126,2026-05-04 09:07,2026-05-04 22:26,2026-05-06 10:23,HN-HBT,WH-HN-02,RC-588B19,Nồi cơm,Sunhouse 1.2L,Electrolux,1,427000,427000,Ahamove,45000,Hoàn tất
SHIP20260500127,PICK20260500127,SO20260500127,2026-05-04 11:22,2026-05-04 15:49,2026-05-06 00:08,BD-TDM,WH-BD-01,FN-166747,Quạt,Senko,LG,1,631000,631000,Nội bộ,90000,Hoàn tất
SHIP20260500128,PICK20260500128,SO20260500128,2026-05-29 19:43,2026-05-30 05:51,2026-05-30 20:48,HCM-Q7,WH-HCM-02,TV-14F4F6,TV,"Sony 65""",Cuckoo,3,21691000,65073000,GHN,120000,Hoàn tất
SHIP20260500129,PICK20260500129,SO20260500129,2026-05-15 17:50,2026-05-16 04:07,2026-05-17 10:42,CT-NK,WH-CT-01,TV-FBBB9A,TV,"Samsung 55"" 4K",Philips,1,24149000,24149000,Ahamove,145000,Giao lại
SHIP20260500130,PICK20260500130,SO20260500130,2026-05-03 16:48,2026-05-03 23:46,2026-05-04 17:16,DN-HC,WH-DN-01,BL-A4802F,Máy xay,Philips Blender,Daikin,3,1629000,4887000,Nội bộ,25000,Giao lại
SHIP20260500131,PICK20260500131,SO20260500131,2026-05-01 12:03,2026-05-02 06:28,2026-05-03 14:07,HCM-Q7,WH-HCM-02,TV-91B89E,TV,"TCL 50""",Toshiba,3,7016000,21048000,Ahamove,300000,Giao lại
SHIP20260500132,PICK20260500132,SO20260500132,2026-05-07 10:23,2026-05-07 14:18,2026-05-08 11:18,HCM-Q1,WH-HCM-01,RC-7DABD5,Nồi cơm,Sunhouse 1.2L,Mitsubishi,1,518000,518000,Ahamove,90000,Giao lại
SHIP20260500133,PICK20260500133,SO20260500133,2026-05-05 16:58,2026-05-05 19:01,2026-05-06 01:55,HCM-Q7,WH-HCM-02,TV-C718CB,TV,"Samsung 55"" 4K",Xiaomi,1,27627000,27627000,Ahamove,185000,Hoàn tất
SHIP20260500134,PICK20260500134,SO20260500134,2026-05-19 20:29,2026-05-20 04:45,2026-05-20 20:38,HCM-Q7,WH-HCM-02,VC-D89B2B,Máy hút bụi,Xiaomi G10,LG,2,5457000,10914000,GrabExpress,90000,Giao lại
SHIP20260500135,PICK20260500135,SO20260500135,2026-05-19 14:03,2026-05-19 20:17,2026-05-20 05:06,HCM-Q7,WH-HCM-02,VC-3898BC,Máy hút bụi,Xiaomi G10,Toshiba,1,4410000,4410000,Xe tải thuê ngoài,65000,Hoàn tất
SHIP20260500136,PICK20260500136,SO20260500136,2026-05-25 17:42,2026-05-26 10:12,2026-05-27 06:14,CT-NK,WH-CT-01,BL-2DE930,Máy xay,Sunhouse Blender,Toshiba,2,589000,1178000,GrabExpress,65000,Hoàn tất
SHIP20260500137,PICK20260500137,SO20260500137,2026-05-27 16:36,2026-05-27 23:35,2026-05-29 08:28,BD-TDM,WH-BD-01,RC-443576,Nồi cơm,Sharp 1.8L,Asia,1,2023000,2023000,GHN,35000,Đã giao
SHIP20260500138,PICK20260500138,SO20260500138,2026-05-23 17:20,2026-05-24 12:16,2026-05-25 00:47,BD-TDM,WH-BD-01,BL-AB2BDE,Máy xay,Sunhouse Blender,Senko,2,1373000,2746000,Ahamove,0,Hoàn tất
SHIP20260500139,PICK20260500139,SO20260500139,2026-05-09 20:02,2026-05-10 03:30,2026-05-11 07:44,HN-CG,WH-HN-01,VC-4DCE77,Máy hút bụi,Dyson V8,Toshiba,1,7193000,7193000,GHN,35000,Đã giao
SHIP20260500140,PICK20260500140,SO20260500140,2026-05-08 14:15,2026-05-08 18:23,2026-05-08 20:45,DN-HC,WH-DN-01,FN-C79946,Quạt,Senko,Daikin,3,1566000,4698000,GrabExpress,65000,Hoàn tất
SHIP20260500141,PICK20260500141,SO20260500141,2026-05-22 08:10,2026-05-23 00:16,2026-05-23 10:11,HCM-TB,WH-HCM-03,MW-9F1382,Lò vi sóng,Panasonic 25L,Aqua,2,1457000,2914000,Ahamove,25000,Giao lại
SHIP20260500142,PICK20260500142,SO20260500142,2026-05-25 14:10,2026-05-25 20:25,2026-05-26 18:24,CT-NK,WH-CT-01,TV-3A9F5F,TV,LG OLED 48,Casper,3,9046000,27138000,GHN,105000,Đã giao
SHIP20260500143,PICK20260500143,SO20260500143,2026-05-22 12:19,2026-05-23 01:54,2026-05-23 21:54,HCM-TB,WH-HCM-03,WM-AF4A41,Máy giặt,Toshiba 9kg,Asia,2,6494000,12988000,GHN,145000,Hoàn tất
SHIP20260500144,PICK20260500144,SO20260500144,2026-05-20 10:51,2026-05-20 12:32,2026-05-21 09:46,HCM-Q1,WH-HCM-01,RC-E521C4,Nồi cơm,Sharp 1.8L,Electrolux,1,1869000,1869000,GrabExpress,65000,Giao lại
SHIP20260500145,PICK20260500145,SO20260500145,2026-05-17 16:33,2026-05-18 06:44,2026-05-19 11:35,HN-HBT,WH-HN-02,AC-D2FD31,Máy lạnh,Panasonic 1.5HP,Toshiba,2,10704000,21408000,Xe tải thuê ngoài,80000,Đã giao
SHIP20260500146,PICK20260500146,SO20260500146,2026-05-14 20:28,2026-05-15 05:37,2026-05-15 15:00,HCM-TB,WH-HCM-03,FN-04019E,Quạt,Senko,Philips,1,1558000,1558000,Nội bộ,90000,Đã giao
SHIP20260500147,PICK20260500147,SO20260500147,2026-05-12 19:03,2026-05-13 05:05,2026-05-13 14:44,HCM-Q1,WH-HCM-01,MW-8411BA,Lò vi sóng,Panasonic 25L,Electrolux,2,1702000,3404000,GHN,25000,Hoàn tất
SHIP20260500148,PICK20260500148,SO20260500148,2026-05-29 17:20,2026-05-30 07:58,2026-05-31 04:19,BD-TDM,WH-BD-01,VC-A4DECF,Máy hút bụi,Dyson V8,Mitsubishi,1,1286000,1286000,GrabExpress,120000,Đã giao
SHIP20260500149,PICK20260500149,SO20260500149,2026-05-25 13:46,2026-05-26 08:05,2026-05-27 21:03,HCM-Q1,WH-HCM-01,VC-3898BC,Máy hút bụi,Xiaomi G10,Toshiba,1,8357000,8357000,Nội bộ,90000,Đã giao
SHIP20260500150,PICK20260500150,SO20260500150,2026-05-13 08:27,2026-05-13 23:51,2026-05-14 19:13,HCM-Q1,WH-HCM-01,KT-9BE99C,Ấm siêu tốc,Philips,Panasonic,3,501000,1503000,Nội bộ,0,Đã giao
SHIP20260500151,PICK20260500151,SO20260500151,2026-05-11 16:14,2026-05-11 19:45,2026-05-12 21:11,HN-CG,WH-HN-01,WM-0D19E6,Máy giặt,Toshiba 9kg,Samsung,2,10212000,20424000,Xe tải thuê ngoài,170000,Đã giao
SHIP20260500152,PICK20260500152,SO20260500152,2026-05-24 13:49,2026-05-24 17:54,2026-05-25 04:51,HN-HBT,WH-HN-02,BL-63B96E,Máy xay,Panasonic Blender,Panasonic,1,565000,565000,Xe tải thuê ngoài,25000,Đã giao
SHIP20260500153,PICK20260500153,SO20260500153,2026-05-15 19:16,2026-05-16 03:16,2026-05-16 11:14,DN-HC,WH-DN-01,KT-F72092,Ấm siêu tốc,Sunhouse,Casper,3,714000,2142000,Xe tải thuê ngoài,65000,Giao lại
SHIP20260500154,PICK20260500154,SO20260500154,2026-05-03 10:16,2026-05-03 23:53,2026-05-04 06:32,HCM-Q7,WH-HCM-02,WM-4E5FAA,Máy giặt,Toshiba 9kg,Sharp,2,9156000,18312000,GrabExpress,200000,Giao lại
SHIP20260500155,PICK20260500155,SO20260500155,2026-05-23 11:46,2026-05-23 16:13,2026-05-24 03:44,HCM-Q1,WH-HCM-01,BL-981E64,Máy xay,Sunhouse Blender,Samsung,3,1385000,4155000,Nội bộ,0,Giao lại
SHIP20260500156,PICK20260500156,SO20260500156,2026-05-07 13:26,2026-05-07 22:26,2026-05-08 05:11,BD-TDM,WH-BD-01,FN-EEAA84,Quạt,Asia,Toshiba,2,1553000,3106000,GrabExpress,120000,Hoàn tất
SHIP20260500157,PICK20260500157,SO20260500157,2026-05-17 08:03,2026-05-17 12:05,2026-05-18 05:48,DN-HC,WH-DN-01,AC-E8C723,Máy lạnh,Casper 1HP,Mitsubishi,3,5223000,15669000,GHN,120000,Hoàn tất
SHIP20260500158,PICK20260500158,SO20260500158,2026-05-03 10:10,2026-05-03 17:39,2026-05-04 18:35,HCM-Q1,WH-HCM-01,KT-63AE81,Ấm siêu tốc,Kangaroo,Daikin,1,385000,385000,GHN,120000,Đã giao
SHIP20260500159,PICK20260500159,SO20260500159,2026-05-10 20:06,2026-05-11 00:33,2026-05-12 06:23,HCM-Q7,WH-HCM-02,KT-54AD13,Ấm siêu tốc,Philips,Samsung,3,328000,984000,GrabExpress,90000,Hoàn tất
SHIP20260500160,PICK20260500160,SO20260500160,2026-05-01 08:49,2026-05-01 23:52,2026-05-03 06:44,BD-TDM,WH-BD-01,RF-555CFD,Tủ lạnh,LG 420L,Cuckoo,2,16679000,33358000,Xe tải thuê ngoài,240000,Đã giao
SHIP20260500161,PICK20260500161,SO20260500161,2026-05-11 15:55,2026-05-11 23:59,2026-05-13 08:33,HN-CG,WH-HN-01,RF-A0C9D4,Tủ lạnh,LG 420L,Panasonic,3,8392000,25176000,GrabExpress,105000,Đã giao
SHIP20260500162,PICK20260500162,SO20260500162,2026-05-31 16:44,2026-06-01 10:09,2026-06-02 21:03,BD-TDM,WH-BD-01,FN-47B1B0,Quạt,Senko,Toshiba,1,1367000,1367000,Ahamove,25000,Đã giao
SHIP20260500163,PICK20260500163,SO20260500163,2026-05-22 13:40,2026-05-22 15:39,2026-05-23 06:45,HCM-TB,WH-HCM-03,FN-FE30E7,Quạt,Panasonic,Senko,1,541000,541000,Ahamove,0,Đã giao
SHIP20260500164,PICK20260500164,SO20260500164,2026-05-29 20:18,2026-05-30 05:01,2026-05-31 05:18,BD-TDM,WH-BD-01,FN-AB0CC6,Quạt,Asia,Xiaomi,1,1299000,1299000,Xe tải thuê ngoài,25000,Đã giao
SHIP20260500165,PICK20260500165,SO20260500165,2026-05-21 10:58,2026-05-21 22:49,2026-05-22 19:00,HCM-Q1,WH-HCM-01,AC-C1535B,Máy lạnh,Panasonic 1.5HP,Asia,2,10996000,21992000,GrabExpress,300000,Đã giao
SHIP20260500166,PICK20260500166,SO20260500166,2026-05-22 18:29,2026-05-23 13:11,2026-05-24 18:20,HCM-Q1,WH-HCM-01,AC-496EEC,Máy lạnh,Casper 1HP,Philips,3,14326000,42978000,Nội bộ,170000,Đã giao
SHIP20260500167,PICK20260500167,SO20260500167,2026-05-23 18:19,2026-05-24 10:49,2026-05-25 07:40,HCM-Q7,WH-HCM-02,FN-A7C1D9,Quạt,Asia,LG,1,1026000,1026000,GrabExpress,90000,Đã giao
SHIP20260500168,PICK20260500168,SO20260500168,2026-05-23 19:40,2026-05-23 22:50,2026-05-24 09:54,CT-NK,WH-CT-01,VC-B711CC,Máy hút bụi,Xiaomi G10,Panasonic,1,3328000,3328000,Ahamove,25000,Đã giao
SHIP20260500169,PICK20260500169,SO20260500169,2026-05-11 17:23,2026-05-11 22:51,2026-05-12 18:52,HCM-TB,WH-HCM-03,FN-374368,Quạt,Senko,Panasonic,1,1032000,1032000,GrabExpress,0,Giao lại
SHIP20260500170,PICK20260500170,SO20260500170,2026-05-05 14:31,2026-05-06 06:54,2026-05-07 15:29,HCM-TB,WH-HCM-03,AC-691AE0,Máy lạnh,Casper 1HP,LG,1,6417000,6417000,Nội bộ,0,Giao lại
SHIP20260500171,PICK20260500171,SO20260500171,2026-05-31 10:21,2026-05-31 18:50,2026-06-01 12:06,BD-TDM,WH-BD-01,AC-3E9D78,Máy lạnh,Mitsubishi 1.5HP,Electrolux,3,10012000,30036000,GrabExpress,200000,Hoàn tất
SHIP20260500172,PICK20260500172,SO20260500172,2026-05-22 09:09,2026-05-22 21:12,2026-05-24 06:20,HN-CG,WH-HN-01,MW-E148C6,Lò vi sóng,Electrolux 23L,Casper,3,2883000,8649000,GHN,65000,Hoàn tất
SHIP20260500173,PICK20260500173,SO20260500173,2026-05-31 14:10,2026-05-31 19:22,2026-06-01 21:35,BD-TDM,WH-BD-01,AC-D15C8F,Máy lạnh,Daikin 1HP,Xiaomi,2,14208000,28416000,Ahamove,240000,Hoàn tất
SHIP20260500174,PICK20260500174,SO20260500174,2026-05-30 14:29,2026-05-30 16:55,2026-05-31 11:57,HCM-TB,WH-HCM-03,KT-925318,Ấm siêu tốc,Philips,Toshiba,1,514000,514000,Nội bộ,0,Giao lại
SHIP20260500175,PICK20260500175,SO20260500175,2026-05-27 12:54,2026-05-28 04:05,2026-05-28 11:04,HCM-Q1,WH-HCM-01,TV-469414,TV,"Sony 65""",LG,2,9462000,18924000,Nội bộ,115000,Đã giao
SHIP20260500176,PICK20260500176,SO20260500176,2026-05-03 09:45,2026-05-03 15:05,2026-05-05 00:49,HCM-Q1,WH-HCM-01,AC-F32BBC,Máy lạnh,Mitsubishi 1.5HP,Mitsubishi,3,8525000,25575000,Nội bộ,245000,Hoàn tất
SHIP20260500177,PICK20260500177,SO20260500177,2026-05-30 13:31,2026-05-30 19:47,2026-05-31 13:46,HCM-TB,WH-HCM-03,AC-249FC9,Máy lạnh,Daikin 1HP,Panasonic,1,10780000,10780000,Xe tải thuê ngoài,65000,Đã giao
SHIP20260500178,PICK20260500178,SO20260500178,2026-05-01 14:07,2026-05-02 06:56,2026-05-03 16:05,CT-NK,WH-CT-01,FN-5366D0,Quạt,Senko,Senko,3,958000,2874000,Xe tải thuê ngoài,25000,Đã giao
SHIP20260500179,PICK20260500179,SO20260500179,2026-05-20 15:49,2026-05-20 17:39,2026-05-21 23:41,HCM-TB,WH-HCM-03,VC-049BC9,Máy hút bụi,Xiaomi G10,Mitsubishi,2,2363000,4726000,Ahamove,0,Đã giao
SHIP20260500180,PICK20260500180,SO20260500180,2026-05-20 09:26,2026-05-20 20:24,2026-05-21 18:23,DN-HC,WH-DN-01,VC-490623,Máy hút bụi,Philips FC,LG,1,1378000,1378000,GHN,45000,Đã giao
SHIP20260500181,PICK20260500181,SO20260500181,2026-05-01 18:43,2026-05-02 11:44,2026-05-02 16:23,HCM-Q7,WH-HCM-02,RF-86779E,Tủ lạnh,Panasonic 300L,Sony,3,14746000,44238000,Ahamove,115000,Hoàn tất
SHIP20260500182,PICK20260500182,SO20260500182,2026-05-21 13:56,2026-05-22 03:23,2026-05-23 15:18,HCM-Q1,WH-HCM-01,RC-FA47F8,Nồi cơm,Cuckoo 1.8L,Aqua,1,1310000,1310000,GHN,0,Đã giao
SHIP20260500183,PICK20260500183,SO20260500183,2026-05-25 11:10,2026-05-25 19:11,2026-05-25 23:19,DN-HC,WH-DN-01,TV-1C16CC,TV,"Samsung 55"" 4K",Sony,1,25500000,25500000,Ahamove,210000,Giao lại
SHIP20260500184,PICK20260500184,SO20260500184,2026-05-15 08:42,2026-05-15 18:07,2026-05-17 03:00,HN-HBT,WH-HN-02,RF-4A3E4F,Tủ lạnh,Aqua 250L,Daikin,2,4523000,9046000,GHN,0,Giao lại
SHIP20260500185,PICK20260500185,SO20260500185,2026-05-30 15:26,2026-05-30 17:13,2026-05-31 11:50,HN-CG,WH-HN-01,FN-AB0CC6,Quạt,Asia,Xiaomi,1,1028000,1028000,Ahamove,120000,Đã giao
SHIP20260500186,PICK20260500186,SO20260500186,2026-05-12 19:14,2026-05-13 14:07,2026-05-14 14:34,DN-HC,WH-DN-01,FN-FB4782,Quạt,Panasonic,Electrolux,1,905000,905000,Nội bộ,45000,Đã giao
SHIP20260500187,PICK20260500187,SO20260500187,2026-05-15 16:33,2026-05-16 06:20,2026-05-16 16:54,HCM-Q7,WH-HCM-02,MW-3E4330,Lò vi sóng,Sharp 20L,Samsung,2,2875000,5750000,GrabExpress,120000,Hoàn tất
SHIP20260500188,PICK20260500188,SO20260500188,2026-05-07 14:26,2026-05-07 16:57,2026-05-08 16:32,HCM-Q1,WH-HCM-01,RC-23C464,Nồi cơm,Sharp 1.8L,Xiaomi,2,2403000,4806000,GHN,45000,Giao lại
SHIP20260500189,PICK20260500189,SO20260500189,2026-05-16 14:30,2026-05-16 21:16,2026-05-18 09:26,HN-CG,WH-HN-01,MW-21A949,Lò vi sóng,Panasonic 25L,Cuckoo,2,1993000,3986000,Xe tải thuê ngoài,35000,Đã giao
SHIP20260500190,PICK20260500190,SO20260500190,2026-05-11 10:04,2026-05-11 13:04,2026-05-12 17:07,HCM-Q1,WH-HCM-01,TV-DE1879,TV,"Samsung 55"" 4K",Asia,2,18984000,37968000,GrabExpress,240000,Giao lại
SHIP20260500191,PICK20260500191,SO20260500191,2026-05-22 20:04,2026-05-23 12:26,2026-05-24 15:35,HCM-TB,WH-HCM-03,VC-2544A1,Máy hút bụi,Dyson V8,Cuckoo,2,6471000,12942000,Nội bộ,120000,Đã giao
SHIP20260500192,PICK20260500192,SO20260500192,2026-05-03 16:41,2026-05-03 20:00,2026-05-04 05:04,HCM-TB,WH-HCM-03,BL-A57566,Máy xay,Panasonic Blender,Aqua,2,487000,974000,Xe tải thuê ngoài,90000,Đã giao
SHIP20260500193,PICK20260500193,SO20260500193,2026-05-17 15:27,2026-05-18 02:40,2026-05-18 09:50,HCM-Q1,WH-HCM-01,MW-7ABF96,Lò vi sóng,Electrolux 23L,Panasonic,2,844000,1688000,Nội bộ,90000,Đã giao
SHIP20260500194,PICK20260500194,SO20260500194,2026-05-16 09:03,2026-05-16 18:24,2026-05-18 03:00,HCM-TB,WH-HCM-03,AC-9EB347,Máy lạnh,Panasonic 1.5HP,Xiaomi,3,14348000,43044000,Ahamove,270000,Đã giao
SHIP20260500195,PICK20260500195,SO20260500195,2026-05-17 11:50,2026-05-18 04:51,2026-05-18 16:20,DN-HC,WH-DN-01,RC-607743,Nồi cơm,Cuckoo 1.8L,LG,2,1561000,3122000,GrabExpress,0,Đã giao
SHIP20260500196,PICK20260500196,SO20260500196,2026-05-21 18:02,2026-05-21 21:24,2026-05-23 00:44,HN-HBT,WH-HN-02,VC-E19461,Máy hút bụi,Dyson V8,Panasonic,1,2584000,2584000,Ahamove,25000,Đã giao
SHIP20260500197,PICK20260500197,SO20260500197,2026-05-10 13:01,2026-05-10 15:25,2026-05-12 03:21,HCM-TB,WH-HCM-03,RC-E521C4,Nồi cơm,Sharp 1.8L,Electrolux,1,2231000,2231000,GrabExpress,0,Đã giao
SHIP20260500198,PICK20260500198,SO20260500198,2026-05-16 12:07,2026-05-17 02:11,2026-05-18 05:43,HN-HBT,WH-HN-02,BL-F7CCD6,Máy xay,Sunhouse Blender,Asia,3,634000,1902000,Ahamove,65000,Giao lại
SHIP20260500199,PICK20260500199,SO20260500199,2026-05-19 09:45,2026-05-19 11:00,2026-05-20 15:38,HCM-TB,WH-HCM-03,VC-DE537A,Máy hút bụi,Dyson V8,Electrolux,3,7945000,23835000,GHN,165000,Đã giao
SHIP20260500200,PICK20260500200,SO20260500200,2026-05-25 18:39,2026-05-25 22:20,2026-05-26 14:43,HCM-Q7,WH-HCM-02,TV-6DF2DA,TV,"TCL 50""",Electrolux,3,19840000,59520000,Nội bộ,225000,Hoàn tất
SHIP20260500201,PICK20260500201,SO20260500201,2026-05-22 18:39,2026-05-22 20:03,2026-05-22 23:02,HN-CG,WH-HN-01,MW-95E139,Lò vi sóng,Sharp 20L,Philips,2,3747000,7494000,GrabExpress,90000,Đã giao
SHIP20260500202,PICK20260500202,SO20260500202,2026-05-26 17:12,2026-05-26 23:44,2026-05-27 06:56,CT-NK,WH-CT-01,RC-CCF100,Nồi cơm,Sharp 1.8L,Sunhouse,3,571000,1713000,Nội bộ,35000,Giao lại
SHIP20260500203,PICK20260500203,SO20260500203,2026-05-20 20:32,2026-05-21 10:29,2026-05-22 02:42,HCM-Q1,WH-HCM-01,MW-1E7D48,Lò vi sóng,Sharp 20L,Xiaomi,1,2535000,2535000,Nội bộ,25000,Hoàn tất
SHIP20260500204,PICK20260500204,SO20260500204,2026-05-04 12:07,2026-05-04 23:19,2026-05-06 01:10,HCM-Q7,WH-HCM-02,RC-3972B5,Nồi cơm,Sharp 1.8L,Samsung,3,803000,2409000,GHN,65000,Hoàn tất
SHIP20260500205,PICK20260500205,SO20260500205,2026-05-23 15:28,2026-05-24 09:05,2026-05-25 17:20,HCM-Q1,WH-HCM-01,RC-CCF100,Nồi cơm,Sharp 1.8L,Sunhouse,2,1394000,2788000,Nội bộ,0,Giao lại
SHIP20260500206,PICK20260500206,SO20260500206,2026-05-15 19:33,2026-05-16 03:56,2026-05-17 08:39,HCM-Q7,WH-HCM-02,BL-653303,Máy xay,Sunhouse Blender,Philips,3,1084000,3252000,Nội bộ,35000,Đã giao
SHIP20260500207,PICK20260500207,SO20260500207,2026-05-25 14:11,2026-05-25 15:18,2026-05-25 19:29,HCM-Q1,WH-HCM-01,MW-3E4330,Lò vi sóng,Sharp 20L,Samsung,2,4470000,8940000,Ahamove,0,Đã giao
SHIP20260500208,PICK20260500208,SO20260500208,2026-05-18 13:58,2026-05-19 03:44,2026-05-19 18:12,HCM-TB,WH-HCM-03,KT-A5DE2B,Ấm siêu tốc,Philips,Senko,3,690000,2070000,GrabExpress,90000,Giao lại
SHIP20260500209,PICK20260500209,SO20260500209,2026-05-26 15:47,2026-05-26 19:23,2026-05-27 16:40,CT-NK,WH-CT-01,RF-7AFE5C,Tủ lạnh,LG 420L,Electrolux,2,19601000,39202000,Ahamove,225000,Đã giao
SHIP20260500210,PICK20260500210,SO20260500210,2026-05-17 11:42,2026-05-17 13:27,2026-05-18 00:44,DN-HC,WH-DN-01,WM-758BD9,Máy giặt,Panasonic 8.5kg,Xiaomi,1,12302000,12302000,GHN,35000,Đã giao
SHIP20260500211,PICK20260500211,SO20260500211,2026-05-27 17:09,2026-05-27 19:38,2026-05-29 00:38,HCM-Q1,WH-HCM-01,AC-0202C4,Máy lạnh,Mitsubishi 1.5HP,Senko,2,7516000,15032000,GrabExpress,215000,Đã giao
SHIP20260500212,PICK20260500212,SO20260500212,2026-05-26 12:30,2026-05-27 04:31,2026-05-28 07:11,HCM-TB,WH-HCM-03,VC-4DCE77,Máy hút bụi,Dyson V8,Toshiba,1,2673000,2673000,Nội bộ,65000,Đã giao
SHIP20260500213,PICK20260500213,SO20260500213,2026-05-20 17:06,2026-05-21 03:33,2026-05-22 14:46,HN-CG,WH-HN-01,AC-462093,Máy lạnh,Casper 1HP,Daikin,3,15240000,45720000,Ahamove,155000,Đã giao
SHIP20260500214,PICK20260500214,SO20260500214,2026-05-26 08:50,2026-05-26 16:49,2026-05-27 08:17,HN-CG,WH-HN-01,MW-CC5E2E,Lò vi sóng,Electrolux 23L,Electrolux,2,3021000,6042000,Xe tải thuê ngoài,35000,Đã giao
SHIP20260500215,PICK20260500215,SO20260500215,2026-05-09 09:37,2026-05-09 18:57,2026-05-11 05:43,DN-HC,WH-DN-01,TV-91B89E,TV,"TCL 50""",Toshiba,2,27475000,54950000,GHN,180000,Đã giao
SHIP20260500216,PICK20260500216,SO20260500216,2026-05-01 09:14,2026-05-01 13:46,2026-05-02 01:07,CT-NK,WH-CT-01,TV-751610,TV,"TCL 50""",Daikin,2,12680000,25360000,GHN,80000,Hoàn tất
SHIP20260500217,PICK20260500217,SO20260500217,2026-05-16 16:48,2026-05-16 19:17,2026-05-17 19:38,HCM-TB,WH-HCM-03,WM-3E2B9E,Máy giặt,Toshiba 9kg,Cuckoo,2,9620000,19240000,GrabExpress,145000,Giao lại
SHIP20260500218,PICK20260500218,SO20260500218,2026-05-11 14:31,2026-05-12 06:46,2026-05-13 15:32,BD-TDM,WH-BD-01,TV-6CC437,TV,"TCL 50""",Samsung,1,7293000,7293000,Ahamove,120000,Hoàn tất
SHIP20260500219,PICK20260500219,SO20260500219,2026-05-21 16:13,2026-05-22 08:03,2026-05-23 12:17,HN-HBT,WH-HN-02,FN-05A833,Quạt,Asia,Aqua,2,1359000,2718000,Xe tải thuê ngoài,45000,Đã giao
SHIP20260500220,PICK20260500220,SO20260500220,2026-05-30 14:22,2026-05-31 00:43,2026-05-31 15:58,HN-HBT,WH-HN-02,RC-DF1FB9,Nồi cơm,Sunhouse 1.2L,Sunhouse,2,2360000,4720000,Nội bộ,120000,Đã giao
SHIP20260500221,PICK20260500221,SO20260500221,2026-05-02 19:06,2026-05-03 06:39,2026-05-04 11:56,HN-CG,WH-HN-01,RC-5D6078,Nồi cơm,Cuckoo 1.8L,Sunhouse,1,2723000,2723000,GrabExpress,120000,Đã giao
SHIP20260500222,PICK20260500222,SO20260500222,2026-05-07 12:57,2026-05-08 04:40,2026-05-08 22:44,HCM-TB,WH-HCM-03,RF-FA61AD,Tủ lạnh,Panasonic 300L,Samsung,1,6479000,6479000,Nội bộ,120000,Hoàn tất
SHIP20260500223,PICK20260500223,SO20260500223,2026-05-18 19:51,2026-05-19 02:27,2026-05-19 18:23,CT-NK,WH-CT-01,RC-E5BE41,Nồi cơm,Sharp 1.8L,Casper,2,607000,1214000,Nội bộ,45000,Hoàn tất
SHIP20260500224,PICK20260500224,SO20260500224,2026-05-11 09:37,2026-05-12 02:10,2026-05-12 21:10,HN-CG,WH-HN-01,WM-5ED0A1,Máy giặt,Samsung 10kg,Cuckoo,3,11394000,34182000,GrabExpress,80000,Hoàn tất
SHIP20260500225,PICK20260500225,SO20260500225,2026-05-23 14:29,2026-05-24 06:43,2026-05-25 17:11,HCM-Q1,WH-HCM-01,RC-443576,Nồi cơm,Sharp 1.8L,Asia,1,1602000,1602000,Nội bộ,90000,Đã giao
SHIP20260500226,PICK20260500226,SO20260500226,2026-05-17 17:05,2026-05-17 23:07,2026-05-18 12:43,BD-TDM,WH-BD-01,KT-63AE81,Ấm siêu tốc,Kangaroo,Daikin,3,789000,2367000,Xe tải thuê ngoài,120000,Đã giao
SHIP20260500227,PICK20260500227,SO20260500227,2026-05-12 19:40,2026-05-12 21:07,2026-05-13 08:53,DN-HC,WH-DN-01,VC-354E06,Máy hút bụi,Dyson V8,Senko,2,5906000,11812000,GrabExpress,225000,Đã giao
SHIP20260500228,PICK20260500228,SO20260500228,2026-05-10 16:32,2026-05-11 05:27,2026-05-11 11:49,DN-HC,WH-DN-01,VC-AA028D,Máy hút bụi,Xiaomi G10,Daikin,2,7794000,15588000,GrabExpress,145000,Đã giao
SHIP20260500229,PICK20260500229,SO20260500229,2026-05-23 11:43,2026-05-24 04:18,2026-05-24 14:34,DN-HC,WH-DN-01,WM-255403,Máy giặt,LG 9kg,Daikin,1,6015000,6015000,Ahamove,35000,Đã giao
SHIP20260500230,PICK20260500230,SO20260500230,2026-05-01 14:19,2026-05-01 21:21,2026-05-03 05:34,DN-HC,WH-DN-01,AC-E8C723,Máy lạnh,Casper 1HP,Mitsubishi,2,5456000,10912000,GHN,0,Giao lại
SHIP20260500231,PICK20260500231,SO20260500231,2026-05-25 16:27,2026-05-26 02:38,2026-05-27 12:56,HN-HBT,WH-HN-02,FN-166747,Quạt,Senko,LG,2,376000,752000,GHN,65000,Đã giao
SHIP20260500232,PICK20260500232,SO20260500232,2026-05-05 20:19,2026-05-06 00:32,2026-05-07 01:26,HCM-Q1,WH-HCM-01,RF-6FD99B,Tủ lạnh,Panasonic 300L,Casper,3,13438000,40314000,Ahamove,240000,Đã giao
SHIP20260500233,PICK20260500233,SO20260500233,2026-05-24 16:13,2026-05-25 04:03,2026-05-25 06:04,HCM-Q1,WH-HCM-01,FN-FF4EE8,Quạt,Panasonic,Sunhouse,2,1214000,2428000,Nội bộ,120000,Giao lại
SHIP20260500234,PICK20260500234,SO20260500234,2026-05-07 15:16,2026-05-08 06:42,2026-05-08 15:11,HN-CG,WH-HN-01,MW-F2FBBA,Lò vi sóng,Panasonic 25L,Sunhouse,3,2033000,6099000,Nội bộ,25000,Đã giao
SHIP20260500235,PICK20260500235,SO20260500235,2026-05-05 11:08,2026-05-05 18:31,2026-05-06 01:54,CT-NK,WH-CT-01,TV-E47777,TV,LG OLED 48,Asia,1,26350000,26350000,Ahamove,205000,Đã giao
SHIP20260500236,PICK20260500236,SO20260500236,2026-05-23 15:49,2026-05-24 03:31,2026-05-24 13:19,DN-HC,WH-DN-01,RC-C8DD6A,Nồi cơm,Panasonic 1.8L,LG,1,789000,789000,GrabExpress,90000,Hoàn tất
SHIP20260500237,PICK20260500237,SO20260500237,2026-05-04 20:33,2026-05-05 12:35,2026-05-06 02:23,HCM-TB,WH-HCM-03,RC-7580B4,Nồi cơm,Panasonic 1.8L,Panasonic,2,2254000,4508000,Ahamove,0,Đã giao
SHIP20260500238,PICK20260500238,SO20260500238,2026-05-20 08:38,2026-05-20 23:40,2026-05-21 14:51,HN-HBT,WH-HN-02,BL-8778AF,Máy xay,Philips Blender,Mitsubishi,3,335000,1005000,GrabExpress,35000,Đã giao
SHIP20260500239,PICK20260500239,SO20260500239,2026-05-22 19:23,2026-05-23 01:45,2026-05-24 07:43,HCM-Q7,WH-HCM-02,FN-A7C1D9,Quạt,Asia,LG,2,1051000,2102000,Xe tải thuê ngoài,0,Đã giao
SHIP20260500240,PICK20260500240,SO20260500240,2026-05-08 15:11,2026-05-08 17:24,2026-05-09 17:02,BD-TDM,WH-BD-01,VC-9C3BA7,Máy hút bụi,Xiaomi G10,Xiaomi,3,1330000,3990000,GHN,35000,Đã giao
SHIP20260500241,PICK20260500241,SO20260500241,2026-05-08 09:11,2026-05-09 03:35,2026-05-10 10:09,HN-HBT,WH-HN-02,WM-758BD9,Máy giặt,Panasonic 8.5kg,Xiaomi,3,6120000,18360000,Xe tải thuê ngoài,115000,Giao lại
SHIP20260500242,PICK20260500242,SO20260500242,2026-05-04 20:44,2026-05-05 11:21,2026-05-06 04:21,HCM-Q1,WH-HCM-01,TV-3F699A,TV,LG OLED 48,Aqua,3,21269000,63807000,Xe tải thuê ngoài,145000,Đã giao
SHIP20260500243,PICK20260500243,SO20260500243,2026-05-18 14:37,2026-05-19 07:29,2026-05-20 07:23,HCM-Q7,WH-HCM-02,TV-BD30D1,TV,"TCL 50""",Asia,1,26532000,26532000,Ahamove,155000,Đã giao
SHIP20260500244,PICK20260500244,SO20260500244,2026-05-29 14:29,2026-05-30 00:26,2026-05-31 05:44,HCM-TB,WH-HCM-03,MW-E3450C,Lò vi sóng,Electrolux 23L,LG,3,3640000,10920000,GHN,65000,Đã giao
SHIP20260500245,PICK20260500245,SO20260500245,2026-05-21 17:53,2026-05-22 02:43,2026-05-23 09:15,HCM-Q7,WH-HCM-02,VC-4BDADC,Máy hút bụi,Philips FC,Electrolux,1,4805000,4805000,GrabExpress,45000,Hoàn tất
SHIP20260500246,PICK20260500246,SO20260500246,2026-05-16 12:19,2026-05-17 06:54,2026-05-18 19:41,HCM-Q1,WH-HCM-01,VC-A1C900,Máy hút bụi,Philips FC,Xiaomi,1,4419000,4419000,GrabExpress,90000,Đã giao
SHIP20260500247,PICK20260500247,SO20260500247,2026-05-07 19:22,2026-05-07 20:48,2026-05-08 21:53,HCM-Q7,WH-HCM-02,BL-95987D,Máy xay,Philips Blender,Asia,3,1414000,4242000,Xe tải thuê ngoài,65000,Giao lại
SHIP20260500248,PICK20260500248,SO20260500248,2026-05-24 13:59,2026-05-24 22:33,2026-05-25 04:07,CT-NK,WH-CT-01,AC-D3705C,Máy lạnh,Daikin 1HP,LG,1,7591000,7591000,GHN,120000,Đã giao
SHIP20260500249,PICK20260500249,SO20260500249,2026-05-24 11:43,2026-05-25 04:07,2026-05-25 12:18,HN-HBT,WH-HN-02,VC-AA028D,Máy hút bụi,Xiaomi G10,Daikin,2,3942000,7884000,GHN,120000,Đã giao
SHIP20260500250,PICK20260500250,SO20260500250,2026-05-12 14:30,2026-05-13 07:38,2026-05-13 19:36,HCM-Q1,WH-HCM-01,VC-8877C5,Máy hút bụi,Philips FC,Daikin,3,5019000,15057000,Ahamove,105000,Đã giao
SHIP20260500251,PICK20260500251,SO20260500251,2026-05-08 15:52,2026-05-09 06:23,2026-05-09 14:55,CT-NK,WH-CT-01,WM-016674,Máy giặt,Samsung 10kg,Sunhouse,2,9787000,19574000,Nội bộ,165000,Đã giao
SHIP20260500252,PICK20260500252,SO20260500252,2026-05-23 18:35,2026-05-24 03:42,2026-05-24 07:32,HN-CG,WH-HN-01,MW-5F52F7,Lò vi sóng,Sharp 20L,Toshiba,2,3486000,6972000,Nội bộ,65000,Hoàn tất
SHIP20260500253,PICK20260500253,SO20260500253,2026-05-23 11:52,2026-05-23 15:08,2026-05-24 02:22,HN-HBT,WH-HN-02,MW-CC5E2E,Lò vi sóng,Electrolux 23L,Electrolux,3,2900000,8700000,Xe tải thuê ngoài,65000,Đã giao
SHIP20260500254,PICK20260500254,SO20260500254,2026-05-13 10:03,2026-05-13 18:01,2026-05-14 11:57,HCM-Q7,WH-HCM-02,RF-37AAE4,Tủ lạnh,LG 420L,Philips,3,16974000,50922000,Ahamove,145000,Đã giao
SHIP20260500255,PICK20260500255,SO20260500255,2026-05-02 15:09,2026-05-02 18:08,2026-05-03 15:02,BD-TDM,WH-BD-01,KT-DB0B2F,Ấm siêu tốc,Sunhouse,Mitsubishi,2,199000,398000,GHN,45000,Giao lại
SHIP20260500256,PICK20260500256,SO20260500256,2026-05-03 15:38,2026-05-03 23:37,2026-05-05 01:19,HCM-TB,WH-HCM-03,FN-A4A668,Quạt,Asia,Cuckoo,1,676000,676000,Xe tải thuê ngoài,90000,Đã giao
SHIP20260500257,PICK20260500257,SO20260500257,2026-05-27 12:43,2026-05-28 01:59,2026-05-28 10:04,HCM-Q1,WH-HCM-01,FN-A7C1D9,Quạt,Asia,LG,3,470000,1410000,Nội bộ,25000,Đã giao
SHIP20260500258,PICK20260500258,SO20260500258,2026-05-21 20:32,2026-05-22 05:09,2026-05-23 10:43,HCM-TB,WH-HCM-03,FN-310542,Quạt,Senko,Casper,3,381000,1143000,Ahamove,25000,Đã giao
SHIP20260500259,PICK20260500259,SO20260500259,2026-05-19 13:27,2026-05-20 03:48,2026-05-21 01:33,HCM-Q1,WH-HCM-01,BL-BF3F30,Máy xay,Panasonic Blender,Casper,2,624000,1248000,Nội bộ,90000,Đã giao
SHIP20260500260,PICK20260500260,SO20260500260,2026-05-19 16:22,2026-05-20 10:51,2026-05-20 18:54,HN-CG,WH-HN-01,AC-D7C5BD,Máy lạnh,Daikin 1HP,Daikin,2,16346000,32692000,Xe tải thuê ngoài,205000,Đã giao
SHIP20260500261,PICK20260500261,SO20260500261,2026-05-12 17:55,2026-05-13 05:59,2026-05-13 21:01,HCM-Q7,WH-HCM-02,VC-96423F,Máy hút bụi,Dyson V8,Xiaomi,2,7232000,14464000,Nội bộ,115000,Đã giao
SHIP20260500262,PICK20260500262,SO20260500262,2026-05-11 15:40,2026-05-11 17:02,2026-05-11 20:59,CT-NK,WH-CT-01,AC-818A33,Máy lạnh,Casper 1HP,Electrolux,2,14242000,28484000,Ahamove,165000,Đã giao
SHIP20260500263,PICK20260500263,SO20260500263,2026-05-15 18:38,2026-05-16 01:10,2026-05-16 20:36,HCM-Q7,WH-HCM-02,RF-F74DE6,Tủ lạnh,LG 420L,Toshiba,3,19454000,58362000,GrabExpress,155000,Đã giao
SHIP20260500264,PICK20260500264,SO20260500264,2026-05-22 14:51,2026-05-23 07:47,2026-05-23 14:46,HCM-Q1,WH-HCM-01,RC-BCC6AD,Nồi cơm,Panasonic 1.8L,Sharp,1,2202000,2202000,GHN,25000,Đã giao
SHIP20260500265,PICK20260500265,SO20260500265,2026-05-19 14:15,2026-05-20 02:21,2026-05-20 06:32,HN-HBT,WH-HN-02,MW-A50B9A,Lò vi sóng,Electrolux 23L,Toshiba,2,3275000,6550000,GrabExpress,0,Giao lại
SHIP20260500266,PICK20260500266,SO20260500266,2026-05-08 17:42,2026-05-09 12:10,2026-05-10 22:20,HN-CG,WH-HN-01,MW-03CA06,Lò vi sóng,Electrolux 23L,Aqua,2,3426000,6852000,Xe tải thuê ngoài,25000,Đã giao
SHIP20260500267,PICK20260500267,SO20260500267,2026-05-06 10:26,2026-05-07 05:10,2026-05-07 12:38,HCM-Q1,WH-HCM-01,RC-588B19,Nồi cơm,Sunhouse 1.2L,Electrolux,1,823000,823000,GHN,90000,Đã giao
SHIP20260500268,PICK20260500268,SO20260500268,2026-05-17 11:57,2026-05-17 16:13,2026-05-18 14:19,HCM-Q1,WH-HCM-01,BL-267545,Máy xay,Panasonic Blender,Cuckoo,3,1455000,4365000,GrabExpress,120000,Đã giao
SHIP20260500269,PICK20260500269,SO20260500269,2026-05-09 13:39,2026-05-09 20:50,2026-05-10 13:06,DN-HC,WH-DN-01,KT-4D9F3E,Ấm siêu tốc,Kangaroo,Philips,3,531000,1593000,Ahamove,25000,Đã giao
SHIP20260500270,PICK20260500270,SO20260500270,2026-05-12 13:24,2026-05-13 03:38,2026-05-13 06:13,HCM-TB,WH-HCM-03,FN-C896F9,Quạt,Panasonic,Casper,3,679000,2037000,Nội bộ,120000,Giao lại
SHIP20260500271,PICK20260500271,SO20260500271,2026-05-24 17:34,2026-05-24 22:27,2026-05-25 19:51,HCM-Q1,WH-HCM-01,MW-83094B,Lò vi sóng,Sharp 20L,Casper,3,3527000,10581000,Nội bộ,35000,Đã giao
SHIP20260500272,PICK20260500272,SO20260500272,2026-05-29 20:07,2026-05-30 04:41,2026-05-31 14:06,BD-TDM,WH-BD-01,VC-B711CC,Máy hút bụi,Xiaomi G10,Panasonic,2,5842000,11684000,Xe tải thuê ngoài,0,Giao lại
SHIP20260500273,PICK20260500273,SO20260500273,2026-05-15 10:43,2026-05-15 14:04,2026-05-16 00:25,DN-HC,WH-DN-01,MW-83094B,Lò vi sóng,Sharp 20L,Casper,1,1851000,1851000,Ahamove,35000,Hoàn tất
SHIP20260500274,PICK20260500274,SO20260500274,2026-05-26 12:20,2026-05-26 23:02,2026-05-27 06:16,CT-NK,WH-CT-01,AC-8D2169,Máy lạnh,Panasonic 1.5HP,Sunhouse,1,12868000,12868000,Xe tải thuê ngoài,65000,Đã giao
SHIP20260500275,PICK20260500275,SO20260500275,2026-05-26 15:02,2026-05-27 02:42,2026-05-28 12:54,HCM-TB,WH-HCM-03,BL-BE1E34,Máy xay,Panasonic Blender,Senko,3,1328000,3984000,GHN,120000,Đã giao
SHIP20260500276,PICK20260500276,SO20260500276,2026-05-24 11:11,2026-05-24 20:53,2026-05-25 14:52,HCM-Q7,WH-HCM-02,WM-9170CB,Máy giặt,LG 9kg,LG,1,5267000,5267000,Nội bộ,90000,Hoàn tất
SHIP20260500277,PICK20260500277,SO20260500277,2026-05-16 14:37,2026-05-16 17:51,2026-05-17 18:53,HCM-TB,WH-HCM-03,RF-D3E578,Tủ lạnh,LG 420L,Xiaomi,1,8767000,8767000,Xe tải thuê ngoài,65000,Hoàn tất
SHIP20260500278,PICK20260500278,SO20260500278,2026-05-30 17:32,2026-05-31 00:31,2026-05-31 04:06,CT-NK,WH-CT-01,RC-A4D4BD,Nồi cơm,Sunhouse 1.2L,Cuckoo,2,2064000,4128000,GHN,65000,Giao lại
SHIP20260500279,PICK20260500279,SO20260500279,2026-05-19 17:55,2026-05-20 12:19,2026-05-20 17:35,BD-TDM,WH-BD-01,RF-8F66CC,Tủ lạnh,Aqua 250L,Xiaomi,2,17585000,35170000,GHN,180000,Giao lại
SHIP20260500280,PICK20260500280,SO20260500280,2026-05-26 16:48,2026-05-26 20:22,2026-05-27 22:30,HCM-TB,WH-HCM-03,VC-8A6FDF,Máy hút bụi,Dyson V8,Samsung,3,3766000,11298000,Ahamove,120000,Đã giao
SHIP20260500281,PICK20260500281,SO20260500281,2026-05-31 18:39,2026-06-01 13:21,2026-06-03 01:40,HN-CG,WH-HN-01,KT-BD9201,Ấm siêu tốc,Kangaroo,Aqua,2,494000,988000,Xe tải thuê ngoài,90000,Đã giao
SHIP20260500282,PICK20260500282,SO20260500282,2026-05-05 19:33,2026-05-06 00:12,2026-05-06 02:52,HCM-Q7,WH-HCM-02,WM-0EC5E7,Máy giặt,Toshiba 9kg,Sony,2,13548000,27096000,GHN,245000,Giao lại
SHIP20260500283,PICK20260500283,SO20260500283,2026-05-07 08:43,2026-05-07 20:02,2026-05-09 05:23,HN-CG,WH-HN-01,KT-225744,Ấm siêu tốc,Philips,Xiaomi,2,895000,1790000,Xe tải thuê ngoài,0,Giao lại
SHIP20260500284,PICK20260500284,SO20260500284,2026-05-07 17:14,2026-05-08 10:01,2026-05-09 18:42,CT-NK,WH-CT-01,KT-80B935,Ấm siêu tốc,Kangaroo,LG,2,367000,734000,Xe tải thuê ngoài,25000,Đã giao
SHIP20260500285,PICK20260500285,SO20260500285,2026-05-11 12:20,2026-05-12 00:57,2026-05-12 10:56,HCM-Q7,WH-HCM-02,BL-404E2E,Máy xay,Panasonic Blender,Daikin,3,589000,1767000,GrabExpress,90000,Giao lại
SHIP20260500286,PICK20260500286,SO20260500286,2026-05-06 17:11,2026-05-07 11:00,2026-05-08 08:01,HCM-Q7,WH-HCM-02,MW-8EA0CB,Lò vi sóng,Panasonic 25L,LG,1,2481000,2481000,GrabExpress,65000,Đã giao
SHIP20260500287,PICK20260500287,SO20260500287,2026-05-25 10:23,2026-05-25 16:16,2026-05-26 12:41,HCM-Q1,WH-HCM-01,VC-2544A1,Máy hút bụi,Dyson V8,Cuckoo,2,1497000,2994000,Ahamove,35000,Hoàn tất
SHIP20260500288,PICK20260500288,SO20260500288,2026-05-27 15:56,2026-05-27 16:59,2026-05-28 16:23,HCM-TB,WH-HCM-03,VC-B567E6,Máy hút bụi,Philips FC,Cuckoo,2,4593000,9186000,Nội bộ,45000,Hoàn tất
SHIP20260500289,PICK20260500289,SO20260500289,2026-05-15 16:49,2026-05-16 05:03,2026-05-17 11:50,HN-HBT,WH-HN-02,KT-8BE75F,Ấm siêu tốc,Kangaroo,Samsung,2,382000,764000,Xe tải thuê ngoài,90000,Đã giao
SHIP20260500290,PICK20260500290,SO20260500290,2026-05-02 10:16,2026-05-02 21:19,2026-05-03 08:32,CT-NK,WH-CT-01,AC-48A793,Máy lạnh,Panasonic 1.5HP,Sony,1,10934000,10934000,GHN,65000,Đã giao
SHIP20260500291,PICK20260500291,SO20260500291,2026-05-28 09:17,2026-05-28 16:28,2026-05-29 08:35,HCM-Q7,WH-HCM-02,BL-8778AF,Máy xay,Philips Blender,Mitsubishi,3,1764000,5292000,Ahamove,35000,Đã giao
SHIP20260500292,PICK20260500292,SO20260500292,2026-05-12 20:00,2026-05-13 11:01,2026-05-14 22:54,HCM-Q7,WH-HCM-02,FN-4806DD,Quạt,Panasonic,Mitsubishi,2,954000,1908000,Nội bộ,45000,Đã giao
SHIP20260500293,PICK20260500293,SO20260500293,2026-05-09 10:47,2026-05-09 15:19,2026-05-10 04:38,HN-HBT,WH-HN-02,FN-FC5CB1,Quạt,Asia,Asia,1,1239000,1239000,Nội bộ,0,Giao lại
SHIP20260500294,PICK20260500294,SO20260500294,2026-05-28 12:40,2026-05-29 01:28,2026-05-30 00:00,CT-NK,WH-CT-01,MW-D62048,Lò vi sóng,Panasonic 25L,Xiaomi,3,3677000,11031000,Nội bộ,180000,Đã giao
SHIP20260500295,PICK20260500295,SO20260500295,2026-05-22 10:46,2026-05-23 01:27,2026-05-23 23:10,HCM-TB,WH-HCM-03,RC-607743,Nồi cơm,Cuckoo 1.8L,LG,2,2194000,4388000,GrabExpress,35000,Đã giao
SHIP20260500296,PICK20260500296,SO20260500296,2026-05-24 11:04,2026-05-25 03:58,2026-05-26 06:38,HN-HBT,WH-HN-02,RC-13DEBA,Nồi cơm,Panasonic 1.8L,Mitsubishi,3,1503000,4509000,Nội bộ,25000,Đã giao
SHIP20260500297,PICK20260500297,SO20260500297,2026-05-12 17:15,2026-05-13 05:10,2026-05-13 12:03,BD-TDM,WH-BD-01,MW-7ABF96,Lò vi sóng,Electrolux 23L,Panasonic,3,3748000,11244000,Nội bộ,0,Hoàn tất
SHIP20260500298,PICK20260500298,SO20260500298,2026-05-23 10:44,2026-05-23 15:08,2026-05-24 00:42,DN-HC,WH-DN-01,TV-43937F,TV,"Sony 65""",Daikin,3,14877000,44631000,Ahamove,80000,Đã giao
SHIP20260500299,PICK20260500299,SO20260500299,2026-05-30 08:37,2026-05-30 11:50,2026-05-31 14:24,HN-HBT,WH-HN-02,TV-DD0514,TV,"Samsung 55"" 4K",Mitsubishi,1,12044000,12044000,GrabExpress,35000,Hoàn tất
SHIP20260500300,PICK20260500300,SO20260500300,2026-05-14 12:14,2026-05-14 18:28,2026-05-14 21:23,CT-NK,WH-CT-01,RC-607743,Nồi cơm,Cuckoo 1.8L,LG,3,1090000,3270000,GHN,90000,Giao lại
SHIP20260500301,PICK20260500301,SO20260500301,2026-05-06 15:59,2026-05-06 23:40,2026-05-08 06:32,HCM-Q7,WH-HCM-02,MW-62BD16,Lò vi sóng,Electrolux 23L,Philips,1,3160000,3160000,Nội bộ,120000,Đã giao
SHIP20260500302,PICK20260500302,SO20260500302,2026-05-03 20:01,2026-05-04 07:11,2026-05-05 14:22,CT-NK,WH-CT-01,BL-8AFBB7,Máy xay,Panasonic Blender,Xiaomi,1,1724000,1724000,Xe tải thuê ngoài,45000,Đã giao
SHIP20260500303,PICK20260500303,SO20260500303,2026-05-19 08:57,2026-05-19 15:38,2026-05-20 10:58,CT-NK,WH-CT-01,VC-F24900,Máy hút bụi,Xiaomi G10,Sunhouse,1,5818000,5818000,GrabExpress,120000,Giao lại
SHIP20260500304,PICK20260500304,SO20260500304,2026-05-22 17:24,2026-05-23 00:33,2026-05-23 04:52,BD-TDM,WH-BD-01,WM-513972,Máy giặt,Panasonic 8.5kg,LG,3,8833000,26499000,GrabExpress,180000,Hoàn tất
SHIP20260500305,PICK20260500305,SO20260500305,2026-05-14 16:53,2026-05-14 21:09,2026-05-15 15:56,HCM-Q7,WH-HCM-02,BL-BF3F30,Máy xay,Panasonic Blender,Casper,2,2005000,4010000,Nội bộ,25000,Đã giao
SHIP20260500306,PICK20260500306,SO20260500306,2026-05-10 20:10,2026-05-11 04:31,2026-05-11 13:52,CT-NK,WH-CT-01,KT-F72092,Ấm siêu tốc,Sunhouse,Casper,3,501000,1503000,Xe tải thuê ngoài,25000,Đã giao
SHIP20260500307,PICK20260500307,SO20260500307,2026-05-24 15:02,2026-05-25 02:35,2026-05-26 12:52,CT-NK,WH-CT-01,FN-FC4665,Quạt,Asia,Electrolux,1,369000,369000,GrabExpress,0,Hoàn tất
SHIP20260500308,PICK20260500308,SO20260500308,2026-05-23 12:55,2026-05-24 05:29,2026-05-24 22:21,HCM-Q7,WH-HCM-02,TV-367380,TV,"Sony 65""",Sharp,2,22292000,44584000,Nội bộ,215000,Đã giao
SHIP20260500309,PICK20260500309,SO20260500309,2026-05-07 15:56,2026-05-08 08:56,2026-05-09 10:38,HCM-Q7,WH-HCM-02,RF-0980E0,Tủ lạnh,Samsung Inverter 350L,Mitsubishi,3,10645000,31935000,GrabExpress,120000,Đã giao
SHIP20260500310,PICK20260500310,SO20260500310,2026-05-16 09:00,2026-05-16 11:04,2026-05-16 15:07,HN-HBT,WH-HN-02,RF-F64CD4,Tủ lạnh,Samsung Inverter 350L,Casper,2,15279000,30558000,Nội bộ,165000,Hoàn tất
SHIP20260500311,PICK20260500311,SO20260500311,2026-05-02 14:44,2026-05-03 00:47,2026-05-03 20:58,HN-CG,WH-HN-01,FN-FC5CB1,Quạt,Asia,Asia,3,614000,1842000,GHN,45000,Giao lại
SHIP20260500312,PICK20260500312,SO20260500312,2026-05-17 18:34,2026-05-17 21:22,2026-05-19 01:22,HCM-Q1,WH-HCM-01,TV-E37EE9,TV,"Samsung 55"" 4K",Casper,2,17342000,34684000,GHN,165000,Đã giao
SHIP20260500313,PICK20260500313,SO20260500313,2026-05-03 10:18,2026-05-03 15:42,2026-05-04 06:15,HN-HBT,WH-HN-02,VC-36242C,Máy hút bụi,Xiaomi G10,Sony,3,6897000,20691000,Xe tải thuê ngoài,180000,Hoàn tất
SHIP20260500314,PICK20260500314,SO20260500314,2026-05-17 14:18,2026-05-18 08:28,2026-05-18 22:00,BD-TDM,WH-BD-01,FN-FD271D,Quạt,Senko,Mitsubishi,2,632000,1264000,Xe tải thuê ngoài,25000,Đã giao
SHIP20260500315,PICK20260500315,SO20260500315,2026-05-07 16:48,2026-05-07 19:33,2026-05-09 03:33,HCM-Q1,WH-HCM-01,RF-A7BDBE,Tủ lạnh,Aqua 250L,Toshiba,1,11400000,11400000,Nội bộ,90000,Giao lại
SHIP20260500316,PICK20260500316,SO20260500316,2026-05-13 10:56,2026-05-13 15:52,2026-05-14 07:19,HCM-Q1,WH-HCM-01,TV-7BBB2A,TV,"TCL 50""",Aqua,3,20564000,61692000,GrabExpress,270000,Hoàn tất
SHIP20260500317,PICK20260500317,SO20260500317,2026-05-14 19:25,2026-05-15 13:21,2026-05-15 21:48,HCM-TB,WH-HCM-03,FN-441B27,Quạt,Senko,Samsung,2,1261000,2522000,Nội bộ,35000,Đã giao
SHIP20260500318,PICK20260500318,SO20260500318,2026-05-15 08:01,2026-05-16 02:27,2026-05-17 09:40,CT-NK,WH-CT-01,MW-B116A2,Lò vi sóng,Panasonic 25L,Senko,2,867000,1734000,Xe tải thuê ngoài,90000,Đã giao
SHIP20260500319,PICK20260500319,SO20260500319,2026-05-28 17:59,2026-05-29 09:06,2026-05-29 11:09,HCM-Q7,WH-HCM-02,BL-14DC96,Máy xay,Sunhouse Blender,Sony,3,2055000,6165000,Xe tải thuê ngoài,65000,Hoàn tất
SHIP20260500320,PICK20260500320,SO20260500320,2026-05-28 12:03,2026-05-28 16:41,2026-05-29 23:16,HCM-Q1,WH-HCM-01,FN-E10178,Quạt,Panasonic,Xiaomi,2,899000,1798000,Ahamove,120000,Đã giao
SHIP20260500321,PICK20260500321,SO20260500321,2026-05-15 16:22,2026-05-16 09:53,2026-05-16 18:31,HCM-TB,WH-HCM-03,TV-92EE57,TV,LG OLED 48,LG,3,19589000,58767000,Nội bộ,180000,Giao lại
SHIP20260500322,PICK20260500322,SO20260500322,2026-05-08 16:03,2026-05-08 20:03,2026-05-09 17:49,BD-TDM,WH-BD-01,WM-54F949,Máy giặt,Toshiba 9kg,Xiaomi,2,9493000,18986000,GHN,145000,Giao lại
SHIP20260500323,PICK20260500323,SO20260500323,2026-05-08 18:43,2026-05-09 12:10,2026-05-10 21:33,HCM-Q7,WH-HCM-02,VC-4B9FA6,Máy hút bụi,Philips FC,Aqua,2,2683000,5366000,Nội bộ,35000,Đã giao
SHIP20260500324,PICK20260500324,SO20260500324,2026-05-08 09:45,2026-05-09 01:09,2026-05-10 01:52,BD-TDM,WH-BD-01,RC-BC47CD,Nồi cơm,Sharp 1.8L,Aqua,2,1516000,3032000,GrabExpress,35000,Đã giao
SHIP20260500325,PICK20260500325,SO20260500325,2026-05-28 10:11,2026-05-29 05:04,2026-05-30 06:55,HN-HBT,WH-HN-02,RF-F6944C,Tủ lạnh,LG 420L,Sunhouse,2,11609000,23218000,Xe tải thuê ngoài,145000,Đã giao
SHIP20260500326,PICK20260500326,SO20260500326,2026-05-20 14:17,2026-05-20 20:39,2026-05-21 05:13,HN-HBT,WH-HN-02,BL-DF2EF5,Máy xay,Sunhouse Blender,LG,2,942000,1884000,Xe tải thuê ngoài,35000,Đã giao
SHIP20260500327,PICK20260500327,SO20260500327,2026-05-15 14:06,2026-05-15 19:54,2026-05-17 06:06,BD-TDM,WH-BD-01,RF-794862,Tủ lạnh,Samsung Inverter 350L,Aqua,2,12569000,25138000,Nội bộ,210000,Đã giao
SHIP20260500328,PICK20260500328,SO20260500328,2026-05-24 14:10,2026-05-24 20:25,2026-05-26 03:25,DN-HC,WH-DN-01,KT-F760AD,Ấm siêu tốc,Philips,LG,3,399000,1197000,Nội bộ,0,Đã giao
SHIP20260500329,PICK20260500329,SO20260500329,2026-05-19 20:44,2026-05-20 12:36,2026-05-21 17:28,BD-TDM,WH-BD-01,WM-4EAB5C,Máy giặt,Samsung 10kg,LG,2,4466000,8932000,Ahamove,90000,Hoàn tất
SHIP20260500330,PICK20260500330,SO20260500330,2026-05-09 11:39,2026-05-10 01:14,2026-05-10 21:40,DN-HC,WH-DN-01,VC-36242C,Máy hút bụi,Xiaomi G10,Sony,1,5509000,5509000,GHN,0,Đã giao
SHIP20260500331,PICK20260500331,SO20260500331,2026-05-12 08:20,2026-05-12 12:11,2026-05-12 15:53,DN-HC,WH-DN-01,TV-9A9F11,TV,"Samsung 55"" 4K",Toshiba,3,12937000,38811000,Xe tải thuê ngoài,170000,Đã giao
SHIP20260500332,PICK20260500332,SO20260500332,2026-05-07 13:58,2026-05-08 05:51,2026-05-09 00:01,HCM-TB,WH-HCM-03,WM-70D3A7,Máy giặt,Panasonic 8.5kg,Daikin,3,7031000,21093000,Ahamove,105000,Đã giao
SHIP20260500333,PICK20260500333,SO20260500333,2026-05-06 14:22,2026-05-06 22:54,2026-05-07 10:28,HCM-Q7,WH-HCM-02,WM-AF4A41,Máy giặt,Toshiba 9kg,Asia,2,13151000,26302000,GrabExpress,200000,Hoàn tất
SHIP20260500334,PICK20260500334,SO20260500334,2026-05-07 14:30,2026-05-07 21:44,2026-05-08 09:06,CT-NK,WH-CT-01,RF-191AF7,Tủ lạnh,Panasonic 300L,Toshiba,1,21096000,21096000,Xe tải thuê ngoài,105000,Hoàn tất
SHIP20260500335,PICK20260500335,SO20260500335,2026-05-27 19:21,2026-05-28 05:14,2026-05-29 15:15,HN-HBT,WH-HN-02,WM-513972,Máy giặt,Panasonic 8.5kg,LG,2,11463000,22926000,GrabExpress,210000,Đã giao
SHIP20260500336,PICK20260500336,SO20260500336,2026-05-28 11:57,2026-05-29 04:31,2026-05-29 18:15,BD-TDM,WH-BD-01,RF-709E60,Tủ lạnh,LG 420L,LG,2,6425000,12850000,Ahamove,300000,Hoàn tất
SHIP20260500337,PICK20260500337,SO20260500337,2026-05-06 13:37,2026-05-06 21:39,2026-05-07 06:13,HCM-TB,WH-HCM-03,RC-7DABD5,Nồi cơm,Sunhouse 1.2L,Mitsubishi,2,981000,1962000,GrabExpress,0,Đã giao
SHIP20260500338,PICK20260500338,SO20260500338,2026-05-12 17:42,2026-05-13 11:48,2026-05-13 23:30,HCM-Q7,WH-HCM-02,FN-422F6A,Quạt,Senko,Sharp,1,1099000,1099000,Nội bộ,65000,Giao lại
SHIP20260500339,PICK20260500339,SO20260500339,2026-05-26 09:24,2026-05-27 01:07,2026-05-28 08:29,CT-NK,WH-CT-01,VC-98037D,Máy hút bụi,Dyson V8,Sunhouse,3,3785000,11355000,GrabExpress,120000,Giao lại
SHIP20260500340,PICK20260500340,SO20260500340,2026-05-28 18:27,2026-05-29 12:19,2026-05-31 00:08,DN-HC,WH-DN-01,VC-852D6B,Máy hút bụi,Philips FC,Sunhouse,3,9124000,27372000,GHN,180000,Giao lại
SHIP20260500341,PICK20260500341,SO20260500341,2026-05-23 08:56,2026-05-24 00:30,2026-05-24 13:18,HN-CG,WH-HN-01,RC-BA76D0,Nồi cơm,Panasonic 1.8L,Daikin,3,1543000,4629000,GHN,0,Đã giao
SHIP20260500342,PICK20260500342,SO20260500342,2026-05-12 16:27,2026-05-13 08:29,2026-05-14 19:00,HCM-Q7,WH-HCM-02,FN-374368,Quạt,Senko,Panasonic,3,1219000,3657000,Ahamove,25000,Hoàn tất
SHIP20260500343,PICK20260500343,SO20260500343,2026-05-16 18:36,2026-05-17 12:53,2026-05-18 14:18,DN-HC,WH-DN-01,MW-1E7D48,Lò vi sóng,Sharp 20L,Xiaomi,3,2556000,7668000,GHN,65000,Hoàn tất
SHIP20260500344,PICK20260500344,SO20260500344,2026-05-08 11:47,2026-05-08 21:41,2026-05-09 12:35,DN-HC,WH-DN-01,RF-FA61AD,Tủ lạnh,Panasonic 300L,Samsung,3,8559000,25677000,Ahamove,240000,Hoàn tất
SHIP20260500345,PICK20260500345,SO20260500345,2026-05-26 12:47,2026-05-27 03:43,2026-05-27 22:30,BD-TDM,WH-BD-01,VC-6858E9,Máy hút bụi,Xiaomi G10,Sharp,1,3864000,3864000,Ahamove,35000,Giao lại
SHIP20260500346,PICK20260500346,SO20260500346,2026-05-18 08:53,2026-05-18 23:16,2026-05-19 11:49,HCM-TB,WH-HCM-03,WM-57BF8B,Máy giặt,LG 9kg,Panasonic,2,8329000,16658000,Nội bộ,105000,Giao lại
SHIP20260500347,PICK20260500347,SO20260500347,2026-05-11 08:52,2026-05-11 10:14,2026-05-12 22:59,HN-HBT,WH-HN-02,WM-B05DAD,Máy giặt,LG 9kg,Sony,2,10282000,20564000,Xe tải thuê ngoài,210000,Hoàn tất
SHIP20260500348,PICK20260500348,SO20260500348,2026-05-20 20:05,2026-05-21 04:25,2026-05-22 14:50,HN-HBT,WH-HN-02,VC-4DCE77,Máy hút bụi,Dyson V8,Toshiba,2,2830000,5660000,GHN,35000,Hoàn tất
SHIP20260500349,PICK20260500349,SO20260500349,2026-05-23 17:08,2026-05-24 09:51,2026-05-25 14:03,HCM-TB,WH-HCM-03,BL-BCB9B9,Máy xay,Panasonic Blender,Sunhouse,3,1607000,4821000,GHN,90000,Giao lại
SHIP20260500350,PICK20260500350,SO20260500350,2026-05-10 19:05,2026-05-11 12:46,2026-05-11 15:49,HN-CG,WH-HN-01,FN-310542,Quạt,Senko,Casper,1,1500000,1500000,Nội bộ,0,Đã giao
SHIP20260500351,PICK20260500351,SO20260500351,2026-05-30 18:53,2026-05-31 13:48,2026-06-01 22:56,HCM-Q1,WH-HCM-01,VC-FA3352,Máy hút bụi,Dyson V8,Aqua,1,7014000,7014000,Xe tải thuê ngoài,65000,Đã giao
SHIP20260500352,PICK20260500352,SO20260500352,2026-05-13 17:04,2026-05-14 01:57,2026-05-14 10:46,HCM-Q1,WH-HCM-01,BL-981E64,Máy xay,Sunhouse Blender,Samsung,2,385000,770000,GHN,65000,Hoàn tất
SHIP20260500353,PICK20260500353,SO20260500353,2026-05-07 08:38,2026-05-08 01:49,2026-05-09 09:51,DN-HC,WH-DN-01,TV-2A62F7,TV,"TCL 50""",Casper,2,9374000,18748000,Ahamove,115000,Đã giao
SHIP20260500354,PICK20260500354,SO20260500354,2026-05-04 13:25,2026-05-04 20:34,2026-05-06 05:22,HCM-TB,WH-HCM-03,MW-D098CC,Lò vi sóng,Sharp 20L,Mitsubishi,2,2485000,4970000,GHN,120000,Hoàn tất
SHIP20260500355,PICK20260500355,SO20260500355,2026-05-07 18:28,2026-05-08 12:42,2026-05-09 03:02,DN-HC,WH-DN-01,MW-8E4E78,Lò vi sóng,Panasonic 25L,Casper,1,2453000,2453000,Xe tải thuê ngoài,35000,Đã giao
SHIP20260500356,PICK20260500356,SO20260500356,2026-05-11 16:12,2026-05-11 20:10,2026-05-13 02:57,DN-HC,WH-DN-01,FN-166747,Quạt,Senko,LG,1,845000,845000,Nội bộ,65000,Đã giao
SHIP20260500357,PICK20260500357,SO20260500357,2026-05-01 15:49,2026-05-01 18:32,2026-05-01 22:28,DN-HC,WH-DN-01,BL-CB9EBE,Máy xay,Philips Blender,Philips,3,1387000,4161000,Nội bộ,90000,Đã giao
SHIP20260500358,PICK20260500358,SO20260500358,2026-05-01 18:17,2026-05-01 22:51,2026-05-03 02:14,BD-TDM,WH-BD-01,KT-F760AD,Ấm siêu tốc,Philips,LG,3,692000,2076000,Xe tải thuê ngoài,35000,Hoàn tất
SHIP20260500359,PICK20260500359,SO20260500359,2026-05-16 08:32,2026-05-16 10:45,2026-05-16 13:40,DN-HC,WH-DN-01,RF-BFD1C6,Tủ lạnh,Aqua 250L,Electrolux,3,18998000,56994000,Ahamove,145000,Đã giao
SHIP20260500360,PICK20260500360,SO20260500360,2026-05-06 14:09,2026-05-06 20:46,2026-05-07 12:15,DN-HC,WH-DN-01,KT-54AD13,Ấm siêu tốc,Philips,Samsung,1,701000,701000,Ahamove,120000,Đã giao
SHIP20260500361,PICK20260500361,SO20260500361,2026-05-17 13:08,2026-05-18 06:45,2026-05-18 22:34,DN-HC,WH-DN-01,RF-577C9B,Tủ lạnh,Panasonic 300L,LG,2,14651000,29302000,GrabExpress,170000,Đã giao
SHIP20260500362,PICK20260500362,SO20260500362,2026-05-08 09:18,2026-05-08 11:51,2026-05-09 03:42,CT-NK,WH-CT-01,AC-BBBEF9,Máy lạnh,Casper 1HP,Sharp,1,9526000,9526000,GrabExpress,90000,Hoàn tất
SHIP20260500363,PICK20260500363,SO20260500363,2026-05-28 15:41,2026-05-28 19:06,2026-05-30 00:42,HCM-Q7,WH-HCM-02,KT-8BE75F,Ấm siêu tốc,Kangaroo,Samsung,2,343000,686000,Ahamove,25000,Đã giao
SHIP20260500364,PICK20260500364,SO20260500364,2026-05-13 19:40,2026-05-14 04:02,2026-05-15 13:59,HN-HBT,WH-HN-02,FN-BA3069,Quạt,Senko,Sunhouse,2,870000,1740000,Nội bộ,45000,Đã giao
SHIP20260500365,PICK20260500365,SO20260500365,2026-05-04 15:18,2026-05-04 19:30,2026-05-05 07:07,HCM-Q7,WH-HCM-02,RC-BA76D0,Nồi cơm,Panasonic 1.8L,Daikin,2,1917000,3834000,Xe tải thuê ngoài,0,Hoàn tất
SHIP20260500366,PICK20260500366,SO20260500366,2026-05-07 14:05,2026-05-07 18:32,2026-05-08 04:40,CT-NK,WH-CT-01,RF-F005D7,Tủ lạnh,Aqua 250L,Sony,3,14860000,44580000,Nội bộ,300000,Đã giao
SHIP20260500367,PICK20260500367,SO20260500367,2026-05-08 09:41,2026-05-08 12:45,2026-05-09 11:02,HCM-Q1,WH-HCM-01,AC-029767,Máy lạnh,Daikin 1HP,Sunhouse,3,4975000,14925000,Nội bộ,145000,Giao lại
SHIP20260500368,PICK20260500368,SO20260500368,2026-05-14 17:58,2026-05-15 06:34,2026-05-15 21:30,HCM-Q1,WH-HCM-01,RC-454944,Nồi cơm,Sunhouse 1.2L,Sony,3,393000,1179000,Xe tải thuê ngoài,65000,Đã giao
SHIP20260500369,PICK20260500369,SO20260500369,2026-05-20 11:48,2026-05-20 20:33,2026-05-21 05:38,DN-HC,WH-DN-01,FN-896DEA,Quạt,Asia,Senko,2,985000,1970000,Ahamove,25000,Đã giao
SHIP20260500370,PICK20260500370,SO20260500370,2026-05-17 16:44,2026-05-17 18:32,2026-05-18 10:20,HN-HBT,WH-HN-02,AC-A3A658,Máy lạnh,Panasonic 1.5HP,Aqua,3,6687000,20061000,Xe tải thuê ngoài,125000,Đã giao
SHIP20260500371,PICK20260500371,SO20260500371,2026-05-13 15:48,2026-05-14 09:26,2026-05-15 18:28,HN-CG,WH-HN-01,TV-CC162B,TV,"TCL 50""",Sharp,2,7402000,14804000,Nội bộ,165000,Đã giao
SHIP20260500372,PICK20260500372,SO20260500372,2026-05-03 13:55,2026-05-03 20:56,2026-05-05 04:50,BD-TDM,WH-BD-01,AC-F6180D,Máy lạnh,Panasonic 1.5HP,Electrolux,1,5690000,5690000,GHN,65000,Đã giao
SHIP20260500373,PICK20260500373,SO20260500373,2026-05-22 19:24,2026-05-23 00:45,2026-05-24 10:27,HN-CG,WH-HN-01,FN-B2666C,Quạt,Panasonic,Daikin,1,729000,729000,Nội bộ,65000,Hoàn tất
SHIP20260500374,PICK20260500374,SO20260500374,2026-05-23 08:29,2026-05-23 16:09,2026-05-24 17:07,HN-HBT,WH-HN-02,VC-6858E9,Máy hút bụi,Xiaomi G10,Sharp,2,1953000,3906000,Nội bộ,25000,Đã giao
SHIP20260500375,PICK20260500375,SO20260500375,2026-05-26 15:25,2026-05-26 23:37,2026-05-27 06:30,BD-TDM,WH-BD-01,VC-6858E9,Máy hút bụi,Xiaomi G10,Sharp,2,4118000,8236000,Ahamove,45000,Giao lại
SHIP20260500376,PICK20260500376,SO20260500376,2026-05-15 10:27,2026-05-16 05:02,2026-05-17 11:50,HN-HBT,WH-HN-02,RF-86779E,Tủ lạnh,Panasonic 300L,Sony,2,17937000,35874000,GHN,180000,Đã giao
SHIP20260500377,PICK20260500377,SO20260500377,2026-05-19 08:44,2026-05-19 20:36,2026-05-21 07:22,HCM-Q7,WH-HCM-02,KT-4D9F3E,Ấm siêu tốc,Kangaroo,Philips,2,176000,352000,GrabExpress,35000,Đã giao
SHIP20260500378,PICK20260500378,SO20260500378,2026-05-17 20:50,2026-05-18 04:32,2026-05-18 20:53,HN-HBT,WH-HN-02,TV-CC162B,TV,"TCL 50""",Sharp,3,7206000,21618000,Nội bộ,210000,Đã giao
SHIP20260500379,PICK20260500379,SO20260500379,2026-05-18 17:32,2026-05-18 19:03,2026-05-19 18:09,CT-NK,WH-CT-01,BL-BE1E34,Máy xay,Panasonic Blender,Senko,1,890000,890000,Xe tải thuê ngoài,25000,Đã giao
SHIP20260500380,PICK20260500380,SO20260500380,2026-05-07 19:00,2026-05-08 13:29,2026-05-08 17:29,CT-NK,WH-CT-01,KT-25E86C,Ấm siêu tốc,Philips,Sharp,1,683000,683000,GrabExpress,45000,Hoàn tất
SHIP20260500381,PICK20260500381,SO20260500381,2026-05-23 08:28,2026-05-23 14:07,2026-05-24 21:57,HCM-TB,WH-HCM-03,RF-191AF7,Tủ lạnh,Panasonic 300L,Toshiba,2,15914000,31828000,GHN,270000,Đã giao
SHIP20260500382,PICK20260500382,SO20260500382,2026-05-05 19:28,2026-05-06 12:26,2026-05-06 17:20,HN-CG,WH-HN-01,AC-8D2169,Máy lạnh,Panasonic 1.5HP,Sunhouse,3,4677000,14031000,GHN,180000,Đã giao
SHIP20260500383,PICK20260500383,SO20260500383,2026-05-14 15:58,2026-05-14 21:37,2026-05-15 15:28,CT-NK,WH-CT-01,MW-21A949,Lò vi sóng,Panasonic 25L,Cuckoo,3,3824000,11472000,Xe tải thuê ngoài,180000,Đã giao
SHIP20260500384,PICK20260500384,SO20260500384,2026-05-02 08:46,2026-05-03 03:09,2026-05-04 01:55,HN-CG,WH-HN-01,BL-BF3F30,Máy xay,Panasonic Blender,Casper,1,956000,956000,GHN,35000,Đã giao
SHIP20260500385,PICK20260500385,SO20260500385,2026-05-27 16:28,2026-05-27 20:17,2026-05-28 05:00,HCM-TB,WH-HCM-03,TV-7839D5,TV,"TCL 50""",Xiaomi,2,18414000,36828000,GHN,210000,Đã giao
SHIP20260500386,PICK20260500386,SO20260500386,2026-05-26 08:35,2026-05-26 17:21,2026-05-27 21:17,HN-HBT,WH-HN-02,FN-1B187A,Quạt,Panasonic,Panasonic,3,260000,780000,GHN,0,Đã giao
SHIP20260500387,PICK20260500387,SO20260500387,2026-05-27 11:40,2026-05-27 16:58,2026-05-28 02:10,CT-NK,WH-CT-01,MW-D098CC,Lò vi sóng,Sharp 20L,Mitsubishi,2,3967000,7934000,Xe tải thuê ngoài,25000,Giao lại
SHIP20260500388,PICK20260500388,SO20260500388,2026-05-05 18:34,2026-05-06 00:46,2026-05-06 16:30,HCM-Q1,WH-HCM-01,VC-110A19,Máy hút bụi,Philips FC,Philips,1,3997000,3997000,GrabExpress,90000,Đã giao
SHIP20260500389,PICK20260500389,SO20260500389,2026-05-03 15:59,2026-05-04 08:08,2026-05-05 18:41,HN-HBT,WH-HN-02,MW-8EFC71,Lò vi sóng,Electrolux 23L,Cuckoo,1,1335000,1335000,Ahamove,90000,Giao lại
SHIP20260500390,PICK20260500390,SO20260500390,2026-05-10 12:43,2026-05-11 01:04,2026-05-11 12:54,HN-HBT,WH-HN-02,FN-077AB7,Quạt,Panasonic,Samsung,2,771000,1542000,GHN,65000,Hoàn tất
SHIP20260500391,PICK20260500391,SO20260500391,2026-05-02 15:25,2026-05-03 01:45,2026-05-03 21:18,DN-HC,WH-DN-01,RF-555CFD,Tủ lạnh,LG 420L,Cuckoo,2,14199000,28398000,GHN,205000,Hoàn tất
SHIP20260500392,PICK20260500392,SO20260500392,2026-05-27 08:35,2026-05-27 15:18,2026-05-29 04:06,HCM-TB,WH-HCM-03,MW-33B2FE,Lò vi sóng,Electrolux 23L,Samsung,1,1797000,1797000,Xe tải thuê ngoài,90000,Đã giao
SHIP20260500393,PICK20260500393,SO20260500393,2026-05-27 16:29,2026-05-27 18:03,2026-05-28 20:33,HN-CG,WH-HN-01,MW-1E7D48,Lò vi sóng,Sharp 20L,Xiaomi,1,2968000,2968000,Xe tải thuê ngoài,25000,Đã giao
SHIP20260500394,PICK20260500394,SO20260500394,2026-05-12 17:57,2026-05-13 01:30,2026-05-13 23:06,DN-HC,WH-DN-01,FN-633F9D,Quạt,Panasonic,Cuckoo,1,753000,753000,GrabExpress,45000,Đã giao
SHIP20260500395,PICK20260500395,SO20260500395,2026-05-06 12:22,2026-05-06 17:02,2026-05-06 21:22,HCM-TB,WH-HCM-03,WM-268F3D,Máy giặt,Panasonic 8.5kg,Samsung,1,11823000,11823000,Nội bộ,205000,Đã giao
SHIP20260500396,PICK20260500396,SO20260500396,2026-05-13 20:02,2026-05-14 13:58,2026-05-15 06:24,HCM-Q1,WH-HCM-01,TV-1B61A7,TV,LG OLED 48,Samsung,3,29704000,89112000,Ahamove,115000,Đã giao
SHIP20260500397,PICK20260500397,SO20260500397,2026-05-07 09:29,2026-05-07 22:08,2026-05-08 20:27,BD-TDM,WH-BD-01,VC-D4F050,Máy hút bụi,Xiaomi G10,Samsung,3,6012000,18036000,GrabExpress,80000,Đã giao
SHIP20260500398,PICK20260500398,SO20260500398,2026-05-11 18:32,2026-05-12 04:51,2026-05-12 22:33,HN-HBT,WH-HN-02,RC-FA47F8,Nồi cơm,Cuckoo 1.8L,Aqua,3,948000,2844000,GrabExpress,45000,Đã giao
SHIP20260500399,PICK20260500399,SO20260500399,2026-05-08 19:48,2026-05-09 06:07,2026-05-10 15:08,DN-HC,WH-DN-01,WM-54F949,Máy giặt,Toshiba 9kg,Xiaomi,2,9663000,19326000,Ahamove,115000,Đã giao
SHIP20260500400,PICK20260500400,SO20260500400,2026-05-05 17:21,2026-05-06 02:09,2026-05-07 14:49,HN-CG,WH-HN-01,BL-21A1FA,Máy xay,Sunhouse Blender,Electrolux,1,1380000,1380000,Xe tải thuê ngoài,0,Đã giao
SHIP20260500401,PICK20260500401,SO20260500401,2026-05-28 17:06,2026-05-28 21:50,2026-05-30 10:02,CT-NK,WH-CT-01,RF-794862,Tủ lạnh,Samsung Inverter 350L,Aqua,3,11615000,34845000,GHN,185000,Giao lại
SHIP20260500402,PICK20260500402,SO20260500402,2026-05-25 17:30,2026-05-25 23:41,2026-05-27 07:59,DN-HC,WH-DN-01,BL-AB2BDE,Máy xay,Sunhouse Blender,Senko,2,1290000,2580000,Nội bộ,45000,Hoàn tất
SHIP20260500403,PICK20260500403,SO20260500403,2026-05-05 13:50,2026-05-05 18:16,2026-05-06 00:55,HCM-Q7,WH-HCM-02,RC-588B19,Nồi cơm,Sunhouse 1.2L,Electrolux,1,917000,917000,Nội bộ,90000,Giao lại
SHIP20260500404,PICK20260500404,SO20260500404,2026-05-25 14:43,2026-05-26 04:58,2026-05-26 12:09,HCM-TB,WH-HCM-03,BL-6730F4,Máy xay,Panasonic Blender,Sharp,3,382000,1146000,Ahamove,120000,Đã giao
SHIP20260500405,PICK20260500405,SO20260500405,2026-05-14 13:33,2026-05-14 16:12,2026-05-16 03:33,DN-HC,WH-DN-01,BL-33ED9A,Máy xay,Philips Blender,Panasonic,3,1349000,4047000,Xe tải thuê ngoài,90000,Hoàn tất
SHIP20260500406,PICK20260500406,SO20260500406,2026-05-22 20:43,2026-05-23 13:36,2026-05-24 12:16,HCM-Q7,WH-HCM-02,MW-278BC7,Lò vi sóng,Electrolux 23L,Mitsubishi,3,2153000,6459000,Xe tải thuê ngoài,0,Đã giao
SHIP20260500407,PICK20260500407,SO20260500407,2026-05-17 20:42,2026-05-17 22:43,2026-05-18 18:48,HCM-TB,WH-HCM-03,FN-5366D0,Quạt,Senko,Senko,3,832000,2496000,Xe tải thuê ngoài,120000,Đã giao
SHIP20260500408,PICK20260500408,SO20260500408,2026-05-13 10:53,2026-05-14 01:48,2026-05-14 17:41,CT-NK,WH-CT-01,MW-E7A58E,Lò vi sóng,Panasonic 25L,Philips,2,4293000,8586000,GrabExpress,35000,Giao lại
SHIP20260500409,PICK20260500409,SO20260500409,2026-05-01 08:41,2026-05-01 17:21,2026-05-02 13:08,HCM-TB,WH-HCM-03,WM-E46895,Máy giặt,Toshiba 9kg,Electrolux,1,6682000,6682000,Nội bộ,120000,Đã giao
SHIP20260500410,PICK20260500410,SO20260500410,2026-05-18 12:57,2026-05-18 22:33,2026-05-19 10:13,HCM-Q1,WH-HCM-01,WM-B66625,Máy giặt,Panasonic 8.5kg,Sony,2,4070000,8140000,Ahamove,90000,Đã giao
SHIP20260500411,PICK20260500411,SO20260500411,2026-05-04 20:06,2026-05-05 00:55,2026-05-06 04:42,CT-NK,WH-CT-01,RF-6AEEF2,Tủ lạnh,Aqua 250L,Panasonic,1,18680000,18680000,GHN,120000,Giao lại
SHIP20260500412,PICK20260500412,SO20260500412,2026-05-11 14:44,2026-05-11 19:41,2026-05-12 06:36,HCM-Q1,WH-HCM-01,RF-A94B66,Tủ lạnh,Panasonic 300L,Xiaomi,1,9516000,9516000,Nội bộ,120000,Đã giao
SHIP20260500413,PICK20260500413,SO20260500413,2026-05-08 10:28,2026-05-08 15:51,2026-05-09 09:03,BD-TDM,WH-BD-01,WM-CFD2AA,Máy giặt,Toshiba 9kg,Philips,2,10150000,20300000,GHN,185000,Giao lại
SHIP20260500414,PICK20260500414,SO20260500414,2026-05-21 11:40,2026-05-21 13:50,2026-05-22 10:25,BD-TDM,WH-BD-01,RC-650938,Nồi cơm,Sunhouse 1.2L,LG,1,1296000,1296000,Ahamove,0,Đã giao
SHIP20260500415,PICK20260500415,SO20260500415,2026-05-05 15:22,2026-05-06 00:30,2026-05-07 01:34,HN-HBT,WH-HN-02,RF-AE1055,Tủ lạnh,Panasonic 300L,Mitsubishi,2,20713000,41426000,GHN,155000,Đã giao
SHIP20260500416,PICK20260500416,SO20260500416,2026-05-13 09:36,2026-05-14 03:45,2026-05-14 16:25,HN-HBT,WH-HN-02,KT-54AD13,Ấm siêu tốc,Philips,Samsung,2,907000,1814000,GHN,0,Đã giao
SHIP20260500417,PICK20260500417,SO20260500417,2026-05-20 09:20,2026-05-20 22:41,2026-05-21 22:26,CT-NK,WH-CT-01,RC-454944,Nồi cơm,Sunhouse 1.2L,Sony,3,1400000,4200000,GHN,120000,Đã giao
SHIP20260500418,PICK20260500418,SO20260500418,2026-05-31 13:22,2026-05-31 21:51,2026-06-02 01:52,HN-HBT,WH-HN-02,WM-345051,Máy giặt,LG 9kg,Senko,1,8850000,8850000,GrabExpress,0,Đã giao
SHIP20260500419,PICK20260500419,SO20260500419,2026-05-22 18:37,2026-05-23 05:22,2026-05-23 19:50,HCM-TB,WH-HCM-03,AC-E7C43D,Máy lạnh,Panasonic 1.5HP,Casper,1,7366000,7366000,GrabExpress,35000,Đã giao
SHIP20260500420,PICK20260500420,SO20260500420,2026-05-03 11:10,2026-05-04 03:09,2026-05-04 13:48,CT-NK,WH-CT-01,MW-8CD991,Lò vi sóng,Panasonic 25L,Toshiba,3,2676000,8028000,Xe tải thuê ngoài,45000,Đã giao
SHIP20260500421,PICK20260500421,SO20260500421,2026-05-27 18:00,2026-05-27 20:21,2026-05-28 09:14,HCM-Q7,WH-HCM-02,MW-062948,Lò vi sóng,Sharp 20L,Cuckoo,2,3439000,6878000,Nội bộ,0,Giao lại
SHIP20260500422,PICK20260500422,SO20260500422,2026-05-27 17:00,2026-05-28 10:09,2026-05-28 20:11,BD-TDM,WH-BD-01,FN-5D5A92,Quạt,Asia,Casper,3,322000,966000,Nội bộ,120000,Đã giao
SHIP20260500423,PICK20260500423,SO20260500423,2026-05-07 14:37,2026-05-08 08:42,2026-05-08 22:03,CT-NK,WH-CT-01,FN-464655,Quạt,Panasonic,Toshiba,3,1183000,3549000,GrabExpress,35000,Đã giao
SHIP20260500424,PICK20260500424,SO20260500424,2026-05-16 09:34,2026-05-16 12:24,2026-05-17 17:40,CT-NK,WH-CT-01,AC-3E9D78,Máy lạnh,Mitsubishi 1.5HP,Electrolux,1,11241000,11241000,Xe tải thuê ngoài,90000,Giao lại
SHIP20260500425,PICK20260500425,SO20260500425,2026-05-14 10:26,2026-05-14 23:24,2026-05-16 12:14,HN-CG,WH-HN-01,WM-4E5FAA,Máy giặt,Toshiba 9kg,Sharp,2,9584000,19168000,GHN,115000,Đã giao
SHIP20260500426,PICK20260500426,SO20260500426,2026-05-23 09:41,2026-05-23 13:37,2026-05-24 02:14,CT-NK,WH-CT-01,KT-897605,Ấm siêu tốc,Sunhouse,Toshiba,3,258000,774000,GrabExpress,0,Đã giao
SHIP20260500427,PICK20260500427,SO20260500427,2026-05-10 16:35,2026-05-10 21:51,2026-05-11 15:55,HCM-Q1,WH-HCM-01,VC-D86280,Máy hút bụi,Philips FC,Mitsubishi,1,6938000,6938000,Xe tải thuê ngoài,35000,Hoàn tất
SHIP20260500428,PICK20260500428,SO20260500428,2026-05-20 09:27,2026-05-20 13:41,2026-05-20 23:51,BD-TDM,WH-BD-01,VC-A4DECF,Máy hút bụi,Dyson V8,Mitsubishi,1,6267000,6267000,Xe tải thuê ngoài,45000,Hoàn tất
SHIP20260500429,PICK20260500429,SO20260500429,2026-05-10 10:33,2026-05-10 16:34,2026-05-11 00:41,HCM-Q1,WH-HCM-01,BL-3258EA,Máy xay,Panasonic Blender,Mitsubishi,2,532000,1064000,Nội bộ,120000,Hoàn tất
SHIP20260500430,PICK20260500430,SO20260500430,2026-05-08 13:31,2026-05-08 19:02,2026-05-09 00:59,HN-CG,WH-HN-01,RF-1BAC8F,Tủ lạnh,Panasonic 300L,Electrolux,3,16102000,48306000,Xe tải thuê ngoài,120000,Đã giao
SHIP20260500431,PICK20260500431,SO20260500431,2026-05-26 13:24,2026-05-26 17:05,2026-05-28 00:17,HCM-Q7,WH-HCM-02,VC-90E8C9,Máy hút bụi,Xiaomi G10,Electrolux,3,2162000,6486000,Ahamove,0,Đã giao
SHIP20260500432,PICK20260500432,SO20260500432,2026-05-13 12:17,2026-05-14 03:07,2026-05-15 04:09,CT-NK,WH-CT-01,RC-23C464,Nồi cơm,Sharp 1.8L,Xiaomi,3,1495000,4485000,GHN,25000,Giao lại
SHIP20260500433,PICK20260500433,SO20260500433,2026-05-07 18:27,2026-05-08 04:24,2026-05-08 09:09,HCM-Q7,WH-HCM-02,WM-725BDB,Máy giặt,Samsung 10kg,Toshiba,1,12441000,12441000,GrabExpress,120000,Đã giao
SHIP20260500434,PICK20260500434,SO20260500434,2026-05-14 16:30,2026-05-14 23:33,2026-05-16 06:25,CT-NK,WH-CT-01,FN-E10178,Quạt,Panasonic,Xiaomi,2,1677000,3354000,GrabExpress,90000,Giao lại
SHIP20260500435,PICK20260500435,SO20260500435,2026-05-25 17:45,2026-05-25 21:01,2026-05-26 08:36,HCM-TB,WH-HCM-03,WM-917ACE,Máy giặt,Panasonic 8.5kg,Philips,1,14335000,14335000,Ahamove,145000,Đã giao
SHIP20260500436,PICK20260500436,SO20260500436,2026-05-18 15:38,2026-05-19 02:58,2026-05-19 15:07,HN-CG,WH-HN-01,FN-B2666C,Quạt,Panasonic,Daikin,1,957000,957000,Ahamove,65000,Đã giao
SHIP20260500437,PICK20260500437,SO20260500437,2026-05-27 19:23,2026-05-28 05:02,2026-05-29 04:15,DN-HC,WH-DN-01,RC-007FFA,Nồi cơm,Sharp 1.8L,Cuckoo,3,772000,2316000,Ahamove,90000,Giao lại
SHIP20260500438,PICK20260500438,SO20260500438,2026-05-23 19:29,2026-05-24 09:51,2026-05-25 18:22,BD-TDM,WH-BD-01,KT-4F7F55,Ấm siêu tốc,Sunhouse,Electrolux,1,752000,752000,Ahamove,35000,Đã giao
SHIP20260500439,PICK20260500439,SO20260500439,2026-05-31 15:43,2026-05-31 23:37,2026-06-02 10:20,HN-CG,WH-HN-01,VC-110A19,Máy hút bụi,Philips FC,Philips,2,1131000,2262000,Xe tải thuê ngoài,25000,Hoàn tất
SHIP20260500440,PICK20260500440,SO20260500440,2026-05-02 18:47,2026-05-03 00:06,2026-05-03 02:47,HCM-Q1,WH-HCM-01,KT-C76795,Ấm siêu tốc,Philips,Aqua,3,249000,747000,Xe tải thuê ngoài,90000,Đã giao
SHIP20260500441,PICK20260500441,SO20260500441,2026-05-29 10:50,2026-05-29 14:09,2026-05-29 21:51,HN-CG,WH-HN-01,AC-A7840C,Máy lạnh,Mitsubishi 1.5HP,Panasonic,1,11145000,11145000,GrabExpress,165000,Hoàn tất
SHIP20260500442,PICK20260500442,SO20260500442,2026-05-28 11:36,2026-05-29 01:44,2026-05-30 07:45,BD-TDM,WH-BD-01,TV-7D99ED,TV,"Sony 65""",Philips,1,5863000,5863000,Ahamove,65000,Đã giao
SHIP20260500443,PICK20260500443,SO20260500443,2026-05-27 16:13,2026-05-27 19:41,2026-05-28 00:23,DN-HC,WH-DN-01,KT-EFA122,Ấm siêu tốc,Sunhouse,Daikin,3,685000,2055000,GHN,25000,Giao lại
SHIP20260500444,PICK20260500444,SO20260500444,2026-05-04 10:17,2026-05-04 23:07,2026-05-05 16:03,CT-NK,WH-CT-01,RF-0980E0,Tủ lạnh,Samsung Inverter 350L,Mitsubishi,1,16585000,16585000,Nội bộ,145000,Giao lại
SHIP20260500445,PICK20260500445,SO20260500445,2026-05-10 14:26,2026-05-11 04:27,2026-05-12 16:59,BD-TDM,WH-BD-01,WM-674B7B,Máy giặt,Samsung 10kg,Senko,3,11285000,33855000,Nội bộ,105000,Hoàn tất
SHIP20260500446,PICK20260500446,SO20260500446,2026-05-16 10:59,2026-05-17 05:52,2026-05-17 17:49,HN-HBT,WH-HN-02,WM-97FE8B,Máy giặt,Toshiba 9kg,Toshiba,1,11019000,11019000,Xe tải thuê ngoài,45000,Hoàn tất
SHIP20260500447,PICK20260500447,SO20260500447,2026-05-05 19:51,2026-05-06 06:44,2026-05-07 03:19,DN-HC,WH-DN-01,RF-555CFD,Tủ lạnh,LG 420L,Cuckoo,3,18176000,54528000,Ahamove,200000,Hoàn tất
SHIP20260500448,PICK20260500448,SO20260500448,2026-05-23 20:11,2026-05-24 07:44,2026-05-24 11:57,HCM-Q1,WH-HCM-01,BL-BE1E34,Máy xay,Panasonic Blender,Senko,3,401000,1203000,GHN,45000,Giao lại
SHIP20260500449,PICK20260500449,SO20260500449,2026-05-29 16:48,2026-05-30 05:03,2026-05-30 20:26,HN-HBT,WH-HN-02,TV-6CC437,TV,"TCL 50""",Samsung,1,25092000,25092000,GrabExpress,240000,Hoàn tất
SHIP20260500450,PICK20260500450,SO20260500450,2026-05-14 12:57,2026-05-15 02:08,2026-05-15 09:42,HN-HBT,WH-HN-02,MW-42D56C,Lò vi sóng,Electrolux 23L,Sony,2,2626000,5252000,Ahamove,35000,Giao lại
SHIP20260500451,PICK20260500451,SO20260500451,2026-05-08 08:16,2026-05-08 13:09,2026-05-08 15:53,DN-HC,WH-DN-01,KT-F760AD,Ấm siêu tốc,Philips,LG,2,932000,1864000,GHN,0,Đã giao
SHIP20260500452,PICK20260500452,SO20260500452,2026-05-24 19:50,2026-05-24 21:55,2026-05-26 07:16,CT-NK,WH-CT-01,RC-16E175,Nồi cơm,Cuckoo 1.8L,Panasonic,3,1978000,5934000,GrabExpress,0,Đã giao
SHIP20260500453,PICK20260500453,SO20260500453,2026-05-28 10:00,2026-05-28 19:49,2026-05-29 02:19,HCM-TB,WH-HCM-03,WM-0EC5E7,Máy giặt,Toshiba 9kg,Sony,3,7278000,21834000,Ahamove,240000,Đã giao
SHIP20260500454,PICK20260500454,SO20260500454,2026-05-10 09:27,2026-05-10 10:31,2026-05-11 20:44,HN-CG,WH-HN-01,WM-513972,Máy giặt,Panasonic 8.5kg,LG,2,6817000,13634000,Nội bộ,45000,Giao lại
SHIP20260500455,PICK20260500455,SO20260500455,2026-05-31 16:16,2026-06-01 01:03,2026-06-01 11:36,HCM-TB,WH-HCM-03,TV-6CC437,TV,"TCL 50""",Samsung,1,5750000,5750000,GHN,120000,Đã giao
SHIP20260500456,PICK20260500456,SO20260500456,2026-05-18 12:20,2026-05-18 21:19,2026-05-19 20:47,DN-HC,WH-DN-01,KT-F760AD,Ấm siêu tốc,Philips,LG,3,600000,1800000,Xe tải thuê ngoài,90000,Hoàn tất
SHIP20260500457,PICK20260500457,SO20260500457,2026-05-19 12:15,2026-05-19 20:15,2026-05-20 06:23,HCM-TB,WH-HCM-03,RC-189134,Nồi cơm,Sunhouse 1.2L,Samsung,2,1238000,2476000,Xe tải thuê ngoài,45000,Đã giao
SHIP20260500458,PICK20260500458,SO20260500458,2026-05-30 19:23,2026-05-31 13:12,2026-06-01 02:04,HCM-Q1,WH-HCM-01,AC-75386E,Máy lạnh,Mitsubishi 1.5HP,Cuckoo,2,14227000,28454000,Xe tải thuê ngoài,120000,Đã giao
SHIP20260500459,PICK20260500459,SO20260500459,2026-05-07 16:53,2026-05-08 11:33,2026-05-09 13:09,HN-CG,WH-HN-01,BL-14DC96,Máy xay,Sunhouse Blender,Sony,1,1423000,1423000,GrabExpress,0,Giao lại
SHIP20260500460,PICK20260500460,SO20260500460,2026-05-17 08:33,2026-05-17 16:14,2026-05-18 23:30,CT-NK,WH-CT-01,BL-33ED9A,Máy xay,Philips Blender,Panasonic,1,710000,710000,Xe tải thuê ngoài,0,Giao lại
SHIP20260500461,PICK20260500461,SO20260500461,2026-05-14 19:01,2026-05-15 12:28,2026-05-15 19:43,BD-TDM,WH-BD-01,TV-1B61A7,TV,LG OLED 48,Samsung,1,25166000,25166000,Ahamove,185000,Đã giao
SHIP20260500462,PICK20260500462,SO20260500462,2026-05-02 20:23,2026-05-02 23:22,2026-05-03 19:48,DN-HC,WH-DN-01,TV-299EB8,TV,LG OLED 48,Electrolux,3,17596000,52788000,Nội bộ,300000,Giao lại
SHIP20260500463,PICK20260500463,SO20260500463,2026-05-09 14:16,2026-05-10 08:19,2026-05-11 00:40,HCM-TB,WH-HCM-03,TV-C6321E,TV,"Sony 65""",Asia,3,9166000,27498000,Xe tải thuê ngoài,170000,Đã giao
SHIP20260500464,PICK20260500464,SO20260500464,2026-05-03 10:51,2026-05-03 17:08,2026-05-04 05:39,HN-HBT,WH-HN-02,VC-09CEE7,Máy hút bụi,Dyson V8,Philips,1,3483000,3483000,GHN,35000,Đã giao
SHIP20260500465,PICK20260500465,SO20260500465,2026-05-24 18:01,2026-05-25 06:34,2026-05-26 00:26,BD-TDM,WH-BD-01,FN-5366D0,Quạt,Senko,Senko,3,935000,2805000,Nội bộ,90000,Đã giao
SHIP20260500466,PICK20260500466,SO20260500466,2026-05-02 14:21,2026-05-02 18:14,2026-05-04 00:25,HN-CG,WH-HN-01,AC-9A4340,Máy lạnh,Panasonic 1.5HP,Daikin,2,9668000,19336000,Xe tải thuê ngoài,105000,Đã giao
SHIP20260500467,PICK20260500467,SO20260500467,2026-05-14 13:13,2026-05-15 00:39,2026-05-16 01:43,HN-HBT,WH-HN-02,FN-D8D699,Quạt,Asia,Sunhouse,3,495000,1485000,GHN,90000,Giao lại
SHIP20260500468,PICK20260500468,SO20260500468,2026-05-25 15:19,2026-05-26 02:59,2026-05-27 10:18,BD-TDM,WH-BD-01,TV-BD30D1,TV,"TCL 50""",Asia,2,19285000,38570000,GHN,80000,Đã giao
SHIP20260500469,PICK20260500469,SO20260500469,2026-05-07 19:03,2026-05-07 23:11,2026-05-08 08:51,HN-HBT,WH-HN-02,RF-3465A9,Tủ lạnh,Aqua 250L,Samsung,3,17980000,53940000,Ahamove,210000,Đã giao
SHIP20260500470,PICK20260500470,SO20260500470,2026-05-09 13:56,2026-05-09 20:48,2026-05-10 17:06,DN-HC,WH-DN-01,MW-9E4FC6,Lò vi sóng,Sharp 20L,Electrolux,2,2816000,5632000,Ahamove,0,Giao lại
SHIP20260500471,PICK20260500471,SO20260500471,2026-05-21 19:32,2026-05-22 04:59,2026-05-22 11:37,HCM-Q7,WH-HCM-02,WM-796B06,Máy giặt,LG 9kg,Aqua,3,13973000,41919000,Xe tải thuê ngoài,80000,Giao lại
SHIP20260500472,PICK20260500472,SO20260500472,2026-05-23 13:53,2026-05-23 19:41,2026-05-23 22:00,HN-CG,WH-HN-01,TV-C528C6,TV,LG OLED 48,Cuckoo,3,16024000,48072000,Xe tải thuê ngoài,155000,Đã giao
SHIP20260500473,PICK20260500473,SO20260500473,2026-05-21 10:17,2026-05-21 16:09,2026-05-21 23:35,HN-HBT,WH-HN-02,FN-A7C1D9,Quạt,Asia,LG,1,946000,946000,GHN,90000,Giao lại
SHIP20260500474,PICK20260500474,SO20260500474,2026-05-14 15:58,2026-05-15 07:09,2026-05-15 22:20,CT-NK,WH-CT-01,MW-B116A2,Lò vi sóng,Panasonic 25L,Senko,2,4186000,8372000,Nội bộ,45000,Giao lại
SHIP20260500475,PICK20260500475,SO20260500475,2026-05-05 17:17,2026-05-06 10:22,2026-05-07 02:08,HN-CG,WH-HN-01,AC-B03170,Máy lạnh,Casper 1HP,Casper,2,15818000,31636000,GrabExpress,200000,Hoàn tất
SHIP20260500476,PICK20260500476,SO20260500476,2026-05-07 18:10,2026-05-08 05:53,2026-05-09 17:23,CT-NK,WH-CT-01,MW-397FED,Lò vi sóng,Electrolux 23L,Asia,2,1236000,2472000,Nội bộ,120000,Đã giao
SHIP20260500477,PICK20260500477,SO20260500477,2026-05-14 19:29,2026-05-15 09:23,2026-05-15 19:35,CT-NK,WH-CT-01,KT-F760AD,Ấm siêu tốc,Philips,LG,3,790000,2370000,Xe tải thuê ngoài,25000,Hoàn tất
SHIP20260500478,PICK20260500478,SO20260500478,2026-05-18 18:58,2026-05-19 11:09,2026-05-20 10:33,DN-HC,WH-DN-01,AC-8D2169,Máy lạnh,Panasonic 1.5HP,Sunhouse,1,5426000,5426000,GrabExpress,25000,Đã giao
SHIP20260500479,PICK20260500479,SO20260500479,2026-05-03 13:42,2026-05-04 07:35,2026-05-05 18:46,BD-TDM,WH-BD-01,VC-A60FBD,Máy hút bụi,Philips FC,Asia,3,9221000,27663000,Ahamove,165000,Đã giao
SHIP20260500480,PICK20260500480,SO20260500480,2026-05-02 15:18,2026-05-03 05:44,2026-05-03 20:55,HN-CG,WH-HN-01,AC-E60FB6,Máy lạnh,Mitsubishi 1.5HP,Aqua,1,4941000,4941000,GrabExpress,120000,Đã giao
SHIP20260500481,PICK20260500481,SO20260500481,2026-05-10 15:17,2026-05-10 17:44,2026-05-11 07:34,HN-CG,WH-HN-01,RF-A0C9D4,Tủ lạnh,LG 420L,Panasonic,1,13679000,13679000,Ahamove,270000,Hoàn tất
SHIP20260500482,PICK20260500482,SO20260500482,2026-05-24 18:22,2026-05-25 01:52,2026-05-26 10:23,BD-TDM,WH-BD-01,AC-9D4B2B,Máy lạnh,Mitsubishi 1.5HP,Sony,2,13483000,26966000,Ahamove,125000,Đã giao
SHIP20260500483,PICK20260500483,SO20260500483,2026-05-18 11:26,2026-05-18 23:50,2026-05-19 11:54,CT-NK,WH-CT-01,VC-AA028D,Máy hút bụi,Xiaomi G10,Daikin,1,7688000,7688000,GrabExpress,0,Đã giao
SHIP20260500484,PICK20260500484,SO20260500484,2026-05-27 17:15,2026-05-28 11:27,2026-05-29 17:34,DN-HC,WH-DN-01,VC-7AF11E,Máy hút bụi,Philips FC,Panasonic,3,2129000,6387000,GHN,45000,Đã giao
SHIP20260500485,PICK20260500485,SO20260500485,2026-05-26 12:55,2026-05-27 06:31,2026-05-28 18:40,DN-HC,WH-DN-01,VC-9224B5,Máy hút bụi,Philips FC,Samsung,1,4634000,4634000,Nội bộ,35000,Đã giao
SHIP20260500486,PICK20260500486,SO20260500486,2026-05-03 11:13,2026-05-03 14:44,2026-05-04 13:47,HCM-TB,WH-HCM-03,MW-807E15,Lò vi sóng,Panasonic 25L,Asia,3,3475000,10425000,Xe tải thuê ngoài,90000,Đã giao
SHIP20260500487,PICK20260500487,SO20260500487,2026-05-29 17:28,2026-05-30 12:02,2026-05-31 15:52,DN-HC,WH-DN-01,RC-CCF100,Nồi cơm,Sharp 1.8L,Sunhouse,1,2497000,2497000,Ahamove,120000,Đã giao
SHIP20260500488,PICK20260500488,SO20260500488,2026-05-11 10:51,2026-05-12 03:06,2026-05-13 03:35,HCM-TB,WH-HCM-03,BL-653303,Máy xay,Sunhouse Blender,Philips,3,367000,1101000,Nội bộ,25000,Giao lại
SHIP20260500489,PICK20260500489,SO20260500489,2026-05-08 19:47,2026-05-09 11:05,2026-05-10 03:56,HN-HBT,WH-HN-02,RC-607743,Nồi cơm,Cuckoo 1.8L,LG,1,915000,915000,GHN,35000,Giao lại
SHIP20260500490,PICK20260500490,SO20260500490,2026-05-12 13:10,2026-05-13 05:05,2026-05-14 17:20,DN-HC,WH-DN-01,BL-CB9EBE,Máy xay,Philips Blender,Philips,2,469000,938000,Xe tải thuê ngoài,120000,Đã giao
SHIP20260500491,PICK20260500491,SO20260500491,2026-05-19 12:56,2026-05-20 06:43,2026-05-20 12:06,BD-TDM,WH-BD-01,RC-7580B4,Nồi cơm,Panasonic 1.8L,Panasonic,2,1092000,2184000,GrabExpress,90000,Đã giao
SHIP20260500492,PICK20260500492,SO20260500492,2026-05-14 15:54,2026-05-15 01:52,2026-05-16 03:41,HCM-Q7,WH-HCM-02,MW-9A4EF9,Lò vi sóng,Panasonic 25L,Sharp,2,4030000,8060000,GHN,90000,Đã giao
SHIP20260500493,PICK20260500493,SO20260500493,2026-05-31 16:32,2026-06-01 09:36,2026-06-02 14:39,DN-HC,WH-DN-01,FN-FB4782,Quạt,Panasonic,Electrolux,1,1826000,1826000,Ahamove,35000,Giao lại
SHIP20260500494,PICK20260500494,SO20260500494,2026-05-21 08:45,2026-05-22 02:49,2026-05-22 20:52,HCM-Q1,WH-HCM-01,KT-F7FE04,Ấm siêu tốc,Kangaroo,Sony,3,921000,2763000,GHN,90000,Đã giao
SHIP20260500495,PICK20260500495,SO20260500495,2026-05-08 11:17,2026-05-08 18:37,2026-05-09 10:13,HCM-TB,WH-HCM-03,WM-B368C2,Máy giặt,Samsung 10kg,Casper,3,11677000,35031000,GrabExpress,180000,Giao lại
SHIP20260500496,PICK20260500496,SO20260500496,2026-05-02 15:03,2026-05-03 03:55,2026-05-04 00:42,DN-HC,WH-DN-01,MW-D62048,Lò vi sóng,Panasonic 25L,Xiaomi,2,772000,1544000,Nội bộ,120000,Giao lại
SHIP20260500497,PICK20260500497,SO20260500497,2026-05-14 15:10,2026-05-14 16:36,2026-05-16 00:37,HN-HBT,WH-HN-02,FN-422F6A,Quạt,Senko,Sharp,3,438000,1314000,Xe tải thuê ngoài,35000,Đã giao
SHIP20260500498,PICK20260500498,SO20260500498,2026-05-31 09:03,2026-05-31 18:22,2026-06-01 18:02,HCM-Q7,WH-HCM-02,VC-2D4AC5,Máy hút bụi,Philips FC,Toshiba,2,4100000,8200000,Nội bộ,35000,Đã giao
SHIP20260500499,PICK20260500499,SO20260500499,2026-05-29 11:27,2026-05-29 18:30,2026-05-30 06:42,HCM-TB,WH-HCM-03,RC-469C5D,Nồi cơm,Cuckoo 1.8L,Philips,1,488000,488000,Nội bộ,65000,Hoàn tất
SHIP20260500500,PICK20260500500,SO20260500500,2026-05-07 17:24,2026-05-08 01:07,2026-05-08 16:39,HCM-Q7,WH-HCM-02,AC-B03170,Máy lạnh,Casper 1HP,Casper,3,9294000,27882000,GHN,115000,Đã giao
SHIP20260500501,PICK20260500501,SO20260500501,2026-05-02 18:09,2026-05-03 11:25,2026-05-03 15:15,HCM-Q1,WH-HCM-01,WM-65B7F8,Máy giặt,Samsung 10kg,Sony,3,9688000,29064000,GHN,105000,Giao lại
SHIP20260500502,PICK20260500502,SO20260500502,2026-05-05 19:28,2026-05-05 22:43,2026-05-07 06:14,HCM-Q1,WH-HCM-01,WM-E0B483,Máy giặt,Panasonic 8.5kg,Asia,2,8605000,17210000,Ahamove,145000,Đã giao
SHIP20260500503,PICK20260500503,SO20260500503,2026-05-03 08:11,2026-05-03 14:32,2026-05-04 20:14,HCM-Q7,WH-HCM-02,BL-A4802F,Máy xay,Philips Blender,Daikin,1,534000,534000,Xe tải thuê ngoài,65000,Hoàn tất
SHIP20260500504,PICK20260500504,SO20260500504,2026-05-16 18:28,2026-05-17 07:12,2026-05-18 19:21,BD-TDM,WH-BD-01,VC-4BDADC,Máy hút bụi,Philips FC,Electrolux,3,5658000,16974000,Xe tải thuê ngoài,180000,Đã giao
SHIP20260500505,PICK20260500505,SO20260500505,2026-05-09 20:26,2026-05-10 04:07,2026-05-10 18:26,DN-HC,WH-DN-01,WM-EE77C3,Máy giặt,Toshiba 9kg,Panasonic,3,9735000,29205000,GHN,210000,Đã giao
SHIP20260500506,PICK20260500506,SO20260500506,2026-05-07 09:16,2026-05-07 19:38,2026-05-08 17:43,CT-NK,WH-CT-01,WM-2257EF,Máy giặt,Samsung 10kg,Panasonic,2,10094000,20188000,Xe tải thuê ngoài,300000,Giao lại
SHIP20260500507,PICK20260500507,SO20260500507,2026-05-09 19:28,2026-05-10 08:10,2026-05-11 01:52,HCM-Q1,WH-HCM-01,RF-F005D7,Tủ lạnh,Aqua 250L,Sony,1,6405000,6405000,Nội bộ,25000,Giao lại
SHIP20260500508,PICK20260500508,SO20260500508,2026-05-10 16:34,2026-05-10 22:08,2026-05-11 02:38,HN-CG,WH-HN-01,MW-E7A58E,Lò vi sóng,Panasonic 25L,Philips,1,3995000,3995000,GrabExpress,45000,Đã giao
SHIP20260500509,PICK20260500509,SO20260500509,2026-05-05 15:05,2026-05-06 07:06,2026-05-07 16:46,HCM-Q1,WH-HCM-01,RF-F74DE6,Tủ lạnh,LG 420L,Toshiba,3,5716000,17148000,GHN,245000,Giao lại
SHIP20260500510,PICK20260500510,SO20260500510,2026-05-03 15:13,2026-05-04 04:46,2026-05-04 09:58,CT-NK,WH-CT-01,AC-F47F82,Máy lạnh,Panasonic 1.5HP,LG,1,10898000,10898000,Ahamove,25000,Giao lại
SHIP20260500511,PICK20260500511,SO20260500511,2026-05-24 19:04,2026-05-25 06:42,2026-05-25 15:09,DN-HC,WH-DN-01,AC-691AE0,Máy lạnh,Casper 1HP,LG,1,15201000,15201000,Nội bộ,180000,Đã giao
SHIP20260500512,PICK20260500512,SO20260500512,2026-05-26 17:37,2026-05-27 02:06,2026-05-28 04:36,HN-HBT,WH-HN-02,KT-988AF8,Ấm siêu tốc,Kangaroo,Senko,3,716000,2148000,Nội bộ,25000,Đã giao
SHIP20260500513,PICK20260500513,SO20260500513,2026-05-01 15:02,2026-05-01 20:42,2026-05-02 10:22,HCM-Q7,WH-HCM-02,RC-16E175,Nồi cơm,Cuckoo 1.8L,Panasonic,1,2178000,2178000,GHN,65000,Hoàn tất
SHIP20260500514,PICK20260500514,SO20260500514,2026-05-20 20:59,2026-05-21 05:41,2026-05-22 17:58,DN-HC,WH-DN-01,WM-54F949,Máy giặt,Toshiba 9kg,Xiaomi,2,10571000,21142000,Nội bộ,145000,Giao lại
SHIP20260500515,PICK20260500515,SO20260500515,2026-05-22 18:26,2026-05-23 01:49,2026-05-24 12:55,HCM-Q1,WH-HCM-01,RC-666E15,Nồi cơm,Sunhouse 1.2L,Panasonic,3,1107000,3321000,Xe tải thuê ngoài,90000,Đã giao
SHIP20260500516,PICK20260500516,SO20260500516,2026-05-21 18:05,2026-05-21 20:14,2026-05-22 23:45,HN-HBT,WH-HN-02,AC-EA5153,Máy lạnh,Casper 1HP,Sunhouse,1,12060000,12060000,Nội bộ,0,Đã giao
SHIP20260500517,PICK20260500517,SO20260500517,2026-05-22 10:40,2026-05-23 04:52,2026-05-24 00:04,HCM-TB,WH-HCM-03,VC-B567E6,Máy hút bụi,Philips FC,Cuckoo,1,4230000,4230000,Nội bộ,35000,Đã giao
SHIP20260500518,PICK20260500518,SO20260500518,2026-05-05 18:56,2026-05-06 12:39,2026-05-06 23:54,HCM-Q7,WH-HCM-02,AC-AF103F,Máy lạnh,Daikin 1HP,Senko,1,7800000,7800000,Xe tải thuê ngoài,45000,Giao lại
SHIP20260500519,PICK20260500519,SO20260500519,2026-05-03 12:32,2026-05-03 18:10,2026-05-04 03:39,HN-CG,WH-HN-01,RF-B94164,Tủ lạnh,LG 420L,Aqua,2,8053000,16106000,Ahamove,125000,Đã giao
SHIP20260500520,PICK20260500520,SO20260500520,2026-05-25 11:52,2026-05-25 21:43,2026-05-27 04:12,CT-NK,WH-CT-01,RF-CAB84B,Tủ lạnh,Samsung Inverter 350L,Senko,1,13113000,13113000,Xe tải thuê ngoài,145000,Giao lại
SHIP20260500521,PICK20260500521,SO20260500521,2026-05-23 11:29,2026-05-24 04:13,2026-05-25 07:48,HCM-TB,WH-HCM-03,MW-278BC7,Lò vi sóng,Electrolux 23L,Mitsubishi,3,2974000,8922000,Ahamove,35000,Giao lại
SHIP20260500522,PICK20260500522,SO20260500522,2026-05-01 09:38,2026-05-02 03:10,2026-05-03 08:57,HN-CG,WH-HN-01,WM-694A64,Máy giặt,Toshiba 9kg,Mitsubishi,3,11214000,33642000,GHN,205000,Đã giao
SHIP20260500523,PICK20260500523,SO20260500523,2026-05-16 08:01,2026-05-16 15:12,2026-05-17 05:18,HCM-TB,WH-HCM-03,TV-12CDFD,TV,"Samsung 55"" 4K",Sunhouse,1,13650000,13650000,GHN,35000,Giao lại
SHIP20260500524,PICK20260500524,SO20260500524,2026-05-14 17:59,2026-05-15 03:35,2026-05-16 11:38,CT-NK,WH-CT-01,VC-FDD792,Máy hút bụi,Philips FC,Casper,2,7509000,15018000,GHN,210000,Hoàn tất
SHIP20260500525,PICK20260500525,SO20260500525,2026-05-13 14:08,2026-05-14 04:46,2026-05-15 14:18,HCM-Q7,WH-HCM-02,RC-189134,Nồi cơm,Sunhouse 1.2L,Samsung,1,470000,470000,Xe tải thuê ngoài,0,Đã giao
SHIP20260500526,PICK20260500526,SO20260500526,2026-05-31 17:14,2026-05-31 23:11,2026-06-01 21:10,BD-TDM,WH-BD-01,RF-40AAB7,Tủ lạnh,Samsung Inverter 350L,Electrolux,2,16054000,32108000,Xe tải thuê ngoài,300000,Giao lại
SHIP20260500527,PICK20260500527,SO20260500527,2026-05-16 14:52,2026-05-17 05:04,2026-05-18 17:45,BD-TDM,WH-BD-01,TV-BD30D1,TV,"TCL 50""",Asia,2,7523000,15046000,GHN,200000,Hoàn tất
SHIP20260500528,PICK20260500528,SO20260500528,2026-05-26 13:43,2026-05-26 23:40,2026-05-27 15:56,CT-NK,WH-CT-01,FN-BA3069,Quạt,Senko,Sunhouse,2,457000,914000,Nội bộ,35000,Hoàn tất
SHIP20260500529,PICK20260500529,SO20260500529,2026-05-01 15:29,2026-05-02 03:55,2026-05-02 23:22,HCM-Q1,WH-HCM-01,RF-42BDE8,Tủ lạnh,LG 420L,Senko,2,7732000,15464000,Ahamove,80000,Đã giao
SHIP20260500530,PICK20260500530,SO20260500530,2026-05-29 16:57,2026-05-30 04:55,2026-05-31 07:31,BD-TDM,WH-BD-01,WM-AA0941,Máy giặt,Panasonic 8.5kg,Aqua,1,5174000,5174000,GHN,45000,Đã giao
SHIP20260500531,PICK20260500531,SO20260500531,2026-05-08 14:56,2026-05-09 00:30,2026-05-09 10:56,BD-TDM,WH-BD-01,RC-F33CDE,Nồi cơm,Panasonic 1.8L,Senko,3,1329000,3987000,Nội bộ,120000,Đã giao
SHIP20260500532,PICK20260500532,SO20260500532,2026-05-12 11:20,2026-05-12 20:51,2026-05-13 06:01,HCM-Q1,WH-HCM-01,RC-007FFA,Nồi cơm,Sharp 1.8L,Cuckoo,3,1495000,4485000,Nội bộ,25000,Giao lại
SHIP20260500533,PICK20260500533,SO20260500533,2026-05-12 08:54,2026-05-12 17:20,2026-05-13 04:33,HCM-Q7,WH-HCM-02,RC-7AB9A8,Nồi cơm,Panasonic 1.8L,Electrolux,3,855000,2565000,Xe tải thuê ngoài,65000,Hoàn tất
SHIP20260500534,PICK20260500534,SO20260500534,2026-05-03 16:37,2026-05-04 09:09,2026-05-04 13:24,HN-HBT,WH-HN-02,KT-F7FE04,Ấm siêu tốc,Kangaroo,Sony,1,625000,625000,Ahamove,35000,Đã giao
SHIP20260500535,PICK20260500535,SO20260500535,2026-05-13 17:02,2026-05-14 03:42,2026-05-14 09:38,CT-NK,WH-CT-01,TV-4795B7,TV,"Samsung 55"" 4K",Electrolux,2,22314000,44628000,Ahamove,80000,Đã giao
SHIP20260500536,PICK20260500536,SO20260500536,2026-05-21 19:16,2026-05-22 00:51,2026-05-22 15:33,HCM-Q1,WH-HCM-01,RC-120EAC,Nồi cơm,Sunhouse 1.2L,Sharp,1,2413000,2413000,GrabExpress,90000,Đã giao
SHIP20260500537,PICK20260500537,SO20260500537,2026-05-23 09:48,2026-05-24 04:40,2026-05-25 04:25,HN-HBT,WH-HN-02,MW-C368CC,Lò vi sóng,Sharp 20L,Sunhouse,1,2229000,2229000,Xe tải thuê ngoài,65000,Đã giao
SHIP20260500538,PICK20260500538,SO20260500538,2026-05-13 10:31,2026-05-13 14:04,2026-05-14 05:43,HCM-TB,WH-HCM-03,AC-6D8176,Máy lạnh,Casper 1HP,Xiaomi,3,15163000,45489000,GrabExpress,105000,Giao lại
SHIP20260500539,PICK20260500539,SO20260500539,2026-05-27 10:09,2026-05-27 17:32,2026-05-27 23:01,HN-HBT,WH-HN-02,WM-CD87CF,Máy giặt,Toshiba 9kg,Aqua,2,5245000,10490000,Xe tải thuê ngoài,120000,Giao lại
SHIP20260500540,PICK20260500540,SO20260500540,2026-05-04 18:27,2026-05-05 03:20,2026-05-05 10:48,HN-HBT,WH-HN-02,TV-1C16CC,TV,"Samsung 55"" 4K",Sony,1,27187000,27187000,Ahamove,180000,Đã giao
SHIP20260500541,PICK20260500541,SO20260500541,2026-05-25 20:59,2026-05-26 09:35,2026-05-26 21:00,CT-NK,WH-CT-01,TV-9C2852,TV,LG OLED 48,Mitsubishi,1,13412000,13412000,Ahamove,25000,Đã giao
SHIP20260500542,PICK20260500542,SO20260500542,2026-05-21 09:38,2026-05-22 03:11,2026-05-22 20:08,HCM-Q7,WH-HCM-02,MW-E3450C,Lò vi sóng,Electrolux 23L,LG,2,3009000,6018000,Ahamove,65000,Đã giao
SHIP20260500543,PICK20260500543,SO20260500543,2026-05-16 16:29,2026-05-17 03:30,2026-05-18 08:16,CT-NK,WH-CT-01,WM-758BD9,Máy giặt,Panasonic 8.5kg,Xiaomi,1,6971000,6971000,Xe tải thuê ngoài,120000,Hoàn tất
SHIP20260500544,PICK20260500544,SO20260500544,2026-05-13 16:22,2026-05-13 19:54,2026-05-14 23:21,HN-CG,WH-HN-01,MW-D098CC,Lò vi sóng,Sharp 20L,Mitsubishi,2,1047000,2094000,Ahamove,25000,Đã giao
SHIP20260500545,PICK20260500545,SO20260500545,2026-05-29 08:41,2026-05-29 22:42,2026-05-31 04:01,DN-HC,WH-DN-01,KT-C76795,Ấm siêu tốc,Philips,Aqua,2,267000,534000,Ahamove,120000,Đã giao
SHIP20260500546,PICK20260500546,SO20260500546,2026-05-12 10:00,2026-05-12 15:41,2026-05-13 16:53,DN-HC,WH-DN-01,WM-41CB2E,Máy giặt,Panasonic 8.5kg,Toshiba,3,12406000,37218000,GrabExpress,170000,Đã giao
SHIP20260500547,PICK20260500547,SO20260500547,2026-05-12 09:54,2026-05-12 11:13,2026-05-13 22:48,HN-CG,WH-HN-01,TV-92EE57,TV,LG OLED 48,LG,3,19572000,58716000,GrabExpress,185000,Hoàn tất
SHIP20260500548,PICK20260500548,SO20260500548,2026-05-19 10:57,2026-05-20 03:19,2026-05-20 18:28,HCM-Q1,WH-HCM-01,RC-879C8C,Nồi cơm,Sharp 1.8L,Panasonic,2,995000,1990000,Ahamove,45000,Đã giao
SHIP20260500549,PICK20260500549,SO20260500549,2026-05-15 16:45,2026-05-15 17:58,2026-05-16 23:25,HN-HBT,WH-HN-02,VC-F24900,Máy hút bụi,Xiaomi G10,Sunhouse,1,3484000,3484000,GrabExpress,25000,Đã giao
SHIP20260500550,PICK20260500550,SO20260500550,2026-05-13 16:57,2026-05-13 20:06,2026-05-14 02:05,CT-NK,WH-CT-01,WM-255403,Máy giặt,LG 9kg,Daikin,1,5358000,5358000,GHN,35000,Đã giao
SHIP20260500551,PICK20260500551,SO20260500551,2026-05-22 14:50,2026-05-23 08:20,2026-05-24 02:44,HCM-TB,WH-HCM-03,KT-4D9F3E,Ấm siêu tốc,Kangaroo,Philips,3,863000,2589000,GrabExpress,35000,Đã giao
SHIP20260500552,PICK20260500552,SO20260500552,2026-05-25 16:21,2026-05-25 19:48,2026-05-26 01:59,BD-TDM,WH-BD-01,RF-709E60,Tủ lạnh,LG 420L,LG,3,12503000,37509000,Ahamove,300000,Giao lại
SHIP20260500553,PICK20260500553,SO20260500553,2026-05-16 15:02,2026-05-17 02:58,2026-05-18 13:16,HCM-Q1,WH-HCM-01,KT-633C48,Ấm siêu tốc,Philips,Asia,1,316000,316000,Ahamove,25000,Hoàn tất
SHIP20260500554,PICK20260500554,SO20260500554,2026-05-05 11:46,2026-05-05 23:16,2026-05-06 02:08,HN-CG,WH-HN-01,RF-AA103D,Tủ lạnh,Panasonic 300L,Sunhouse,2,15967000,31934000,Xe tải thuê ngoài,300000,Giao lại
SHIP20260500555,PICK20260500555,SO20260500555,2026-05-18 19:45,2026-05-19 00:59,2026-05-20 02:00,HCM-TB,WH-HCM-03,RC-E521C4,Nồi cơm,Sharp 1.8L,Electrolux,2,1857000,3714000,Ahamove,120000,Hoàn tất
SHIP20260500556,PICK20260500556,SO20260500556,2026-05-06 13:25,2026-05-06 23:40,2026-05-08 00:04,HCM-TB,WH-HCM-03,BL-958487,Máy xay,Philips Blender,Toshiba,3,910000,2730000,Ahamove,65000,Đã giao
SHIP20260500557,PICK20260500557,SO20260500557,2026-05-28 09:37,2026-05-28 13:41,2026-05-29 22:11,HN-CG,WH-HN-01,RC-3298C0,Nồi cơm,Sunhouse 1.2L,Asia,1,1934000,1934000,Ahamove,25000,Đã giao
SHIP20260500558,PICK20260500558,SO20260500558,2026-05-26 16:49,2026-05-27 08:38,2026-05-27 13:25,BD-TDM,WH-BD-01,VC-490623,Máy hút bụi,Philips FC,LG,3,8198000,24594000,GHN,210000,Hoàn tất
SHIP20260500559,PICK20260500559,SO20260500559,2026-05-14 13:07,2026-05-14 18:05,2026-05-14 21:41,BD-TDM,WH-BD-01,TV-ED601B,TV,"TCL 50""",Panasonic,1,23336000,23336000,Xe tải thuê ngoài,185000,Đã giao
SHIP20260500560,PICK20260500560,SO20260500560,2026-05-23 11:46,2026-05-24 05:29,2026-05-24 19:43,HCM-Q1,WH-HCM-01,WM-90270D,Máy giặt,Toshiba 9kg,Senko,2,7181000,14362000,Nội bộ,155000,Đã giao
SHIP20260500561,PICK20260500561,SO20260500561,2026-05-16 16:15,2026-05-17 00:20,2026-05-17 21:34,DN-HC,WH-DN-01,AC-EA5153,Máy lạnh,Casper 1HP,Sunhouse,3,13920000,41760000,GHN,300000,Hoàn tất
SHIP20260500562,PICK20260500562,SO20260500562,2026-05-02 15:04,2026-05-02 20:28,2026-05-04 09:10,HCM-Q1,WH-HCM-01,KT-10A77D,Ấm siêu tốc,Philips,Philips,3,773000,2319000,Xe tải thuê ngoài,90000,Đã giao
SHIP20260500563,PICK20260500563,SO20260500563,2026-05-13 13:30,2026-05-14 06:25,2026-05-14 12:01,HCM-Q7,WH-HCM-02,FN-E03923,Quạt,Asia,Samsung,3,779000,2337000,Xe tải thuê ngoài,35000,Đã giao
SHIP20260500564,PICK20260500564,SO20260500564,2026-05-01 18:02,2026-05-02 01:30,2026-05-02 15:42,HCM-Q1,WH-HCM-01,TV-F84775,TV,"Sony 65""",Xiaomi,3,18951000,56853000,Nội bộ,115000,Đã giao
SHIP20260500565,PICK20260500565,SO20260500565,2026-05-10 09:25,2026-05-10 19:44,2026-05-11 02:25,HCM-Q7,WH-HCM-02,BL-C9164C,Máy xay,Philips Blender,Senko,2,344000,688000,Nội bộ,35000,Đã giao
SHIP20260500566,PICK20260500566,SO20260500566,2026-05-28 20:30,2026-05-29 02:42,2026-05-30 03:42,CT-NK,WH-CT-01,BL-3646DD,Máy xay,Panasonic Blender,LG,3,1557000,4671000,Nội bộ,90000,Hoàn tất
SHIP20260500567,PICK20260500567,SO20260500567,2026-05-09 20:56,2026-05-10 06:38,2026-05-11 05:25,DN-HC,WH-DN-01,RF-4A3E4F,Tủ lạnh,Aqua 250L,Daikin,3,17790000,53370000,GrabExpress,245000,Giao lại
SHIP20260500568,PICK20260500568,SO20260500568,2026-05-08 09:12,2026-05-08 18:58,2026-05-10 06:04,DN-HC,WH-DN-01,BL-86D7E5,Máy xay,Philips Blender,Aqua,2,642000,1284000,Nội bộ,65000,Hoàn tất
SHIP20260500569,PICK20260500569,SO20260500569,2026-05-26 19:22,2026-05-27 14:05,2026-05-27 20:47,DN-HC,WH-DN-01,RC-7B93E8,Nồi cơm,Cuckoo 1.8L,Sharp,3,788000,2364000,Nội bộ,45000,Hoàn tất
SHIP20260500570,PICK20260500570,SO20260500570,2026-05-17 12:24,2026-05-18 02:42,2026-05-19 11:25,HCM-TB,WH-HCM-03,FN-AEDFD9,Quạt,Panasonic,Sony,1,1483000,1483000,GrabExpress,90000,Đã giao
SHIP20260500571,PICK20260500571,SO20260500571,2026-05-29 15:12,2026-05-30 08:57,2026-05-30 21:32,HCM-TB,WH-HCM-03,VC-AA028D,Máy hút bụi,Xiaomi G10,Daikin,1,5299000,5299000,GHN,45000,Đã giao
SHIP20260500572,PICK20260500572,SO20260500572,2026-05-26 11:29,2026-05-27 00:51,2026-05-27 03:14,HCM-TB,WH-HCM-03,VC-FA3352,Máy hút bụi,Dyson V8,Aqua,3,4213000,12639000,Xe tải thuê ngoài,45000,Đã giao
SHIP20260500573,PICK20260500573,SO20260500573,2026-05-06 15:04,2026-05-06 17:52,2026-05-07 13:59,HCM-Q1,WH-HCM-01,MW-F8E59D,Lò vi sóng,Sharp 20L,Sharp,3,1763000,5289000,Ahamove,45000,Đã giao
SHIP20260500574,PICK20260500574,SO20260500574,2026-05-24 08:38,2026-05-24 19:56,2026-05-25 09:34,HN-HBT,WH-HN-02,BL-27A8DA,Máy xay,Philips Blender,Sharp,3,278000,834000,Ahamove,120000,Đã giao
SHIP20260500575,PICK20260500575,SO20260500575,2026-05-02 15:50,2026-05-02 21:45,2026-05-03 06:53,DN-HC,WH-DN-01,RC-1B752E,Nồi cơm,Panasonic 1.8L,Toshiba,3,1761000,5283000,Ahamove,45000,Hoàn tất
SHIP20260500576,PICK20260500576,SO20260500576,2026-05-24 09:42,2026-05-25 02:28,2026-05-26 12:25,HCM-Q1,WH-HCM-01,VC-D86280,Máy hút bụi,Philips FC,Mitsubishi,1,4359000,4359000,GrabExpress,65000,Đã giao
SHIP20260500577,PICK20260500577,SO20260500577,2026-05-17 17:45,2026-05-18 03:04,2026-05-19 15:43,HN-CG,WH-HN-01,FN-47B1B0,Quạt,Senko,Toshiba,1,1424000,1424000,Xe tải thuê ngoài,120000,Hoàn tất
SHIP20260500578,PICK20260500578,SO20260500578,2026-05-14 08:13,2026-05-14 16:11,2026-05-15 01:03,BD-TDM,WH-BD-01,AC-076657,Máy lạnh,Mitsubishi 1.5HP,Xiaomi,1,14086000,14086000,Nội bộ,155000,Hoàn tất
SHIP20260500579,PICK20260500579,SO20260500579,2026-05-28 09:30,2026-05-29 02:26,2026-05-29 21:27,HCM-Q1,WH-HCM-01,BL-63B96E,Máy xay,Panasonic Blender,Panasonic,2,1414000,2828000,Nội bộ,65000,Đã giao
SHIP20260500580,PICK20260500580,SO20260500580,2026-05-12 19:18,2026-05-12 23:46,2026-05-14 10:36,HCM-TB,WH-HCM-03,MW-640EAD,Lò vi sóng,Sharp 20L,LG,1,2632000,2632000,Nội bộ,65000,Giao lại
SHIP20260500581,PICK20260500581,SO20260500581,2026-05-24 08:13,2026-05-24 10:53,2026-05-25 13:00,HCM-Q7,WH-HCM-02,RF-096A78,Tủ lạnh,LG 420L,Asia,3,14526000,43578000,Nội bộ,215000,Giao lại
SHIP20260500582,PICK20260500582,SO20260500582,2026-05-01 16:35,2026-05-01 22:21,2026-05-02 04:10,HN-HBT,WH-HN-02,AC-9D4B2B,Máy lạnh,Mitsubishi 1.5HP,Sony,1,7965000,7965000,Nội bộ,0,Đã giao
SHIP20260500583,PICK20260500583,SO20260500583,2026-05-07 10:47,2026-05-07 13:28,2026-05-08 21:35,HCM-TB,WH-HCM-03,TV-9A9F11,TV,"Samsung 55"" 4K",Toshiba,3,19158000,57474000,Nội bộ,145000,Hoàn tất
SHIP20260500584,PICK20260500584,SO20260500584,2026-05-24 13:26,2026-05-24 22:34,2026-05-25 18:28,HN-CG,WH-HN-01,VC-F24900,Máy hút bụi,Xiaomi G10,Sunhouse,3,2882000,8646000,Ahamove,45000,Đã giao
SHIP20260500585,PICK20260500585,SO20260500585,2026-05-31 10:05,2026-05-31 14:16,2026-06-01 17:55,DN-HC,WH-DN-01,FN-2D5413,Quạt,Senko,Aqua,3,1374000,4122000,GHN,90000,Đã giao
SHIP20260500586,PICK20260500586,SO20260500586,2026-05-15 10:53,2026-05-15 15:57,2026-05-15 22:04,HCM-TB,WH-HCM-03,MW-62BD16,Lò vi sóng,Electrolux 23L,Philips,3,2260000,6780000,GrabExpress,45000,Hoàn tất
SHIP20260500587,PICK20260500587,SO20260500587,2026-05-05 17:04,2026-05-05 22:19,2026-05-06 14:14,HN-CG,WH-HN-01,AC-48B1DF,Máy lạnh,Panasonic 1.5HP,Senko,1,11881000,11881000,Xe tải thuê ngoài,120000,Đã giao
SHIP20260500588,PICK20260500588,SO20260500588,2026-05-08 11:31,2026-05-08 22:21,2026-05-09 23:11,DN-HC,WH-DN-01,WM-0EC5E7,Máy giặt,Toshiba 9kg,Sony,3,6434000,19302000,Xe tải thuê ngoài,120000,Giao lại
SHIP20260500589,PICK20260500589,SO20260500589,2026-05-07 14:02,2026-05-07 19:55,2026-05-09 05:59,DN-HC,WH-DN-01,RC-C8DD6A,Nồi cơm,Panasonic 1.8L,LG,1,727000,727000,GHN,0,Giao lại
SHIP20260500590,PICK20260500590,SO20260500590,2026-05-09 12:48,2026-05-10 04:19,2026-05-10 12:34,CT-NK,WH-CT-01,BL-08E06D,Máy xay,Philips Blender,Casper,2,941000,1882000,GrabExpress,45000,Giao lại
SHIP20260500591,PICK20260500591,SO20260500591,2026-05-04 16:24,2026-05-05 02:53,2026-05-06 11:02,HN-CG,WH-HN-01,AC-E4FCBF,Máy lạnh,Daikin 1HP,Sharp,3,9599000,28797000,GrabExpress,165000,Đã giao
SHIP20260500592,PICK20260500592,SO20260500592,2026-05-18 13:41,2026-05-18 16:12,2026-05-19 10:15,DN-HC,WH-DN-01,VC-96423F,Máy hút bụi,Dyson V8,Xiaomi,3,5712000,17136000,GrabExpress,170000,Giao lại
SHIP20260500593,PICK20260500593,SO20260500593,2026-05-11 13:01,2026-05-11 15:48,2026-05-13 02:27,HN-HBT,WH-HN-02,KT-54AD13,Ấm siêu tốc,Philips,Samsung,1,485000,485000,Nội bộ,90000,Giao lại
SHIP20260500594,PICK20260500594,SO20260500594,2026-05-02 10:10,2026-05-03 01:04,2026-05-04 00:06,HN-CG,WH-HN-01,RC-3298C0,Nồi cơm,Sunhouse 1.2L,Asia,2,505000,1010000,GHN,0,Đã giao
SHIP20260500595,PICK20260500595,SO20260500595,2026-05-08 19:56,2026-05-09 11:16,2026-05-10 11:55,HCM-Q7,WH-HCM-02,VC-D4F050,Máy hút bụi,Xiaomi G10,Samsung,1,7934000,7934000,GrabExpress,0,Hoàn tất
SHIP20260500596,PICK20260500596,SO20260500596,2026-05-21 19:56,2026-05-22 12:45,2026-05-24 00:17,DN-HC,WH-DN-01,VC-09CEE7,Máy hút bụi,Dyson V8,Philips,2,1414000,2828000,GrabExpress,90000,Giao lại
SHIP20260500597,PICK20260500597,SO20260500597,2026-05-20 10:27,2026-05-20 14:24,2026-05-20 19:23,DN-HC,WH-DN-01,RC-19766E,Nồi cơm,Panasonic 1.8L,Sunhouse,1,1861000,1861000,Ahamove,90000,Đã giao
SHIP20260500598,PICK20260500598,SO20260500598,2026-05-16 19:09,2026-05-17 00:51,2026-05-18 02:09,BD-TDM,WH-BD-01,TV-249EF8,TV,"Samsung 55"" 4K",Samsung,1,25396000,25396000,Nội bộ,240000,Đã giao
SHIP20260500599,PICK20260500599,SO20260500599,2026-05-23 08:24,2026-05-23 10:24,2026-05-24 16:47,HN-CG,WH-HN-01,WM-90270D,Máy giặt,Toshiba 9kg,Senko,3,13619000,40857000,Ahamove,145000,Giao lại
SHIP20260500600,PICK20260500600,SO20260500600,2026-05-28 19:53,2026-05-29 01:06,2026-05-29 10:39,DN-HC,WH-DN-01,WM-57BF8B,Máy giặt,LG 9kg,Panasonic,2,4538000,9076000,GHN,120000,Đã giao
SHIP20260500601,PICK20260500601,SO20260500601,2026-05-11 13:58,2026-05-11 19:12,2026-05-11 22:15,HCM-Q7,WH-HCM-02,TV-8A011F,TV,LG OLED 48,Philips,1,23732000,23732000,Xe tải thuê ngoài,205000,Đã giao
SHIP20260500602,PICK20260500602,SO20260500602,2026-05-09 14:02,2026-05-09 15:28,2026-05-11 03:09,HCM-Q1,WH-HCM-01,AC-9068F8,Máy lạnh,Panasonic 1.5HP,Cuckoo,2,5198000,10396000,GrabExpress,65000,Đã giao
SHIP20260500603,PICK20260500603,SO20260500603,2026-05-23 13:36,2026-05-23 23:36,2026-05-24 22:47,HCM-Q7,WH-HCM-02,BL-63B96E,Máy xay,Panasonic Blender,Panasonic,1,1555000,1555000,GHN,25000,Đã giao
SHIP20260500604,PICK20260500604,SO20260500604,2026-05-11 17:12,2026-05-12 10:20,2026-05-13 12:10,HN-CG,WH-HN-01,RC-A5EAB1,Nồi cơm,Cuckoo 1.8L,Sony,2,657000,1314000,Xe tải thuê ngoài,65000,Đã giao
SHIP20260500605,PICK20260500605,SO20260500605,2026-05-01 14:30,2026-05-02 03:12,2026-05-03 05:46,BD-TDM,WH-BD-01,KT-7A47B5,Ấm siêu tốc,Sunhouse,Sunhouse,3,556000,1668000,GHN,25000,Giao lại
SHIP20260500606,PICK20260500606,SO20260500606,2026-05-29 20:22,2026-05-30 06:00,2026-05-30 10:38,HN-HBT,WH-HN-02,FN-B2666C,Quạt,Panasonic,Daikin,2,1241000,2482000,GHN,45000,Đã giao
SHIP20260500607,PICK20260500607,SO20260500607,2026-05-30 15:54,2026-05-31 06:04,2026-05-31 23:32,HN-CG,WH-HN-01,MW-7ABF96,Lò vi sóng,Electrolux 23L,Panasonic,3,2763000,8289000,GHN,120000,Đã giao
SHIP20260500608,PICK20260500608,SO20260500608,2026-05-15 11:06,2026-05-15 19:45,2026-05-15 22:19,HN-HBT,WH-HN-02,TV-DCF290,TV,"Sony 65""",Sony,3,25055000,75165000,GHN,180000,Hoàn tất
SHIP20260500609,PICK20260500609,SO20260500609,2026-05-02 20:18,2026-05-03 03:21,2026-05-03 06:06,HN-HBT,WH-HN-02,MW-A83E5A,Lò vi sóng,Electrolux 23L,Sunhouse,3,4110000,12330000,Nội bộ,105000,Giao lại
SHIP20260500610,PICK20260500610,SO20260500610,2026-05-10 19:02,2026-05-11 14:01,2026-05-12 04:25,HN-HBT,WH-HN-02,MW-A50B9A,Lò vi sóng,Electrolux 23L,Toshiba,3,1036000,3108000,Nội bộ,90000,Hoàn tất
SHIP20260500611,PICK20260500611,SO20260500611,2026-05-14 16:22,2026-05-15 02:54,2026-05-15 15:59,HCM-Q1,WH-HCM-01,RF-CAB84B,Tủ lạnh,Samsung Inverter 350L,Senko,3,16880000,50640000,Nội bộ,105000,Giao lại
SHIP20260500612,PICK20260500612,SO20260500612,2026-05-29 18:28,2026-05-30 06:07,2026-05-30 08:10,HN-CG,WH-HN-01,FN-E10178,Quạt,Panasonic,Xiaomi,2,1578000,3156000,GrabExpress,0,Giao lại
SHIP20260500613,PICK20260500613,SO20260500613,2026-05-07 17:43,2026-05-07 21:15,2026-05-09 01:59,DN-HC,WH-DN-01,FN-310542,Quạt,Senko,Casper,3,1802000,5406000,GrabExpress,120000,Hoàn tất
SHIP20260500614,PICK20260500614,SO20260500614,2026-05-09 16:41,2026-05-10 09:34,2026-05-11 09:37,BD-TDM,WH-BD-01,VC-A4DECF,Máy hút bụi,Dyson V8,Mitsubishi,3,3832000,11496000,GHN,0,Đã giao
SHIP20260500615,PICK20260500615,SO20260500615,2026-05-06 16:02,2026-05-07 06:47,2026-05-08 06:21,HCM-TB,WH-HCM-03,KT-01C6B2,Ấm siêu tốc,Kangaroo,Electrolux,1,345000,345000,GrabExpress,120000,Đã giao
SHIP20260500616,PICK20260500616,SO20260500616,2026-05-31 13:00,2026-06-01 02:52,2026-06-01 22:38,HCM-Q7,WH-HCM-02,BL-8778AF,Máy xay,Philips Blender,Mitsubishi,2,658000,1316000,Nội bộ,45000,Đã giao
SHIP20260500617,PICK20260500617,SO20260500617,2026-05-09 12:51,2026-05-10 05:25,2026-05-11 11:36,HCM-TB,WH-HCM-03,VC-2544A1,Máy hút bụi,Dyson V8,Cuckoo,2,2823000,5646000,GrabExpress,25000,Giao lại
SHIP20260500618,PICK20260500618,SO20260500618,2026-05-04 09:30,2026-05-05 03:44,2026-05-05 18:54,DN-HC,WH-DN-01,VC-51D140,Máy hút bụi,Xiaomi G10,Casper,1,2179000,2179000,Nội bộ,90000,Đã giao
SHIP20260500619,PICK20260500619,SO20260500619,2026-05-16 14:19,2026-05-17 01:12,2026-05-17 07:46,HN-HBT,WH-HN-02,RF-4D4BA4,Tủ lạnh,Aqua 250L,Philips,1,8491000,8491000,Xe tải thuê ngoài,65000,Đã giao
SHIP20260500620,PICK20260500620,SO20260500620,2026-05-01 09:55,2026-05-01 20:47,2026-05-02 18:55,HN-CG,WH-HN-01,BL-95987D,Máy xay,Philips Blender,Asia,2,1787000,3574000,GHN,120000,Đã giao
SHIP20260500621,PICK20260500621,SO20260500621,2026-05-19 15:09,2026-05-19 22:40,2026-05-20 11:28,HCM-TB,WH-HCM-03,MW-83094B,Lò vi sóng,Sharp 20L,Casper,3,2613000,7839000,Xe tải thuê ngoài,25000,Hoàn tất
SHIP20260500622,PICK20260500622,SO20260500622,2026-05-29 12:35,2026-05-29 13:57,2026-05-31 01:08,DN-HC,WH-DN-01,MW-806B87,Lò vi sóng,Electrolux 23L,Daikin,3,4236000,12708000,Ahamove,120000,Đã giao
SHIP20260500623,PICK20260500623,SO20260500623,2026-05-11 11:01,2026-05-12 01:06,2026-05-13 07:59,HN-HBT,WH-HN-02,VC-36242C,Máy hút bụi,Xiaomi G10,Sony,2,7241000,14482000,Xe tải thuê ngoài,240000,Đã giao
SHIP20260500624,PICK20260500624,SO20260500624,2026-05-22 14:13,2026-05-23 05:28,2026-05-23 17:53,HCM-Q1,WH-HCM-01,TV-57E353,TV,LG OLED 48,Sony,2,28216000,56432000,Xe tải thuê ngoài,210000,Đã giao
SHIP20260500625,PICK20260500625,SO20260500625,2026-05-02 13:05,2026-05-02 22:06,2026-05-03 11:55,HCM-Q1,WH-HCM-01,TV-3C8911,TV,LG OLED 48,Sharp,3,8763000,26289000,GrabExpress,245000,Hoàn tất
SHIP20260500626,PICK20260500626,SO20260500626,2026-05-12 08:14,2026-05-13 01:25,2026-05-14 06:10,CT-NK,WH-CT-01,MW-9F1382,Lò vi sóng,Panasonic 25L,Aqua,1,1310000,1310000,Ahamove,90000,Đã giao
SHIP20260500627,PICK20260500627,SO20260500627,2026-05-24 14:03,2026-05-24 18:56,2026-05-25 06:47,HN-HBT,WH-HN-02,TV-74BDA3,TV,LG OLED 48,Sunhouse,2,20167000,40334000,Ahamove,115000,Giao lại
SHIP20260500628,PICK20260500628,SO20260500628,2026-05-29 19:27,2026-05-30 09:42,2026-05-30 14:13,HCM-TB,WH-HCM-03,BL-8AFBB7,Máy xay,Panasonic Blender,Xiaomi,3,917000,2751000,GrabExpress,90000,Đã giao
SHIP20260500629,PICK20260500629,SO20260500629,2026-05-31 19:07,2026-06-01 03:42,2026-06-01 20:23,HCM-Q7,WH-HCM-02,FN-04019E,Quạt,Senko,Philips,2,1047000,2094000,GrabExpress,120000,Hoàn tất
SHIP20260500630,PICK20260500630,SO20260500630,2026-05-26 13:52,2026-05-26 17:37,2026-05-27 19:06,BD-TDM,WH-BD-01,FN-077AB7,Quạt,Panasonic,Samsung,3,702000,2106000,GrabExpress,90000,Đã giao
SHIP20260500631,PICK20260500631,SO20260500631,2026-05-22 14:54,2026-05-23 05:31,2026-05-24 10:32,HN-HBT,WH-HN-02,VC-4BDADC,Máy hút bụi,Philips FC,Electrolux,3,5160000,15480000,Ahamove,180000,Đã giao
SHIP20260500632,PICK20260500632,SO20260500632,2026-05-23 16:04,2026-05-23 20:52,2026-05-24 10:55,DN-HC,WH-DN-01,BL-01E9C7,Máy xay,Panasonic Blender,Samsung,1,1755000,1755000,GHN,35000,Hoàn tất
SHIP20260500633,PICK20260500633,SO20260500633,2026-05-02 18:43,2026-05-03 04:36,2026-05-03 08:37,HN-HBT,WH-HN-02,WM-C8CAA6,Máy giặt,Toshiba 9kg,Daikin,1,8525000,8525000,GrabExpress,25000,Hoàn tất
SHIP20260500634,PICK20260500634,SO20260500634,2026-05-19 08:23,2026-05-20 02:39,2026-05-21 11:21,BD-TDM,WH-BD-01,MW-FB2461,Lò vi sóng,Electrolux 23L,Senko,3,1242000,3726000,GHN,25000,Giao lại
SHIP20260500635,PICK20260500635,SO20260500635,2026-05-22 13:55,2026-05-22 18:53,2026-05-23 19:27,BD-TDM,WH-BD-01,MW-4F3182,Lò vi sóng,Panasonic 25L,Daikin,3,2487000,7461000,Nội bộ,45000,Giao lại
SHIP20260500636,PICK20260500636,SO20260500636,2026-05-17 18:35,2026-05-17 23:54,2026-05-18 16:23,CT-NK,WH-CT-01,BL-C9164C,Máy xay,Philips Blender,Senko,3,802000,2406000,Xe tải thuê ngoài,90000,Đã giao
SHIP20260500637,PICK20260500637,SO20260500637,2026-05-03 14:43,2026-05-04 05:04,2026-05-05 10:18,HN-CG,WH-HN-01,KT-C76795,Ấm siêu tốc,Philips,Aqua,1,310000,310000,GrabExpress,45000,Đã giao
SHIP20260500638,PICK20260500638,SO20260500638,2026-05-05 16:55,2026-05-06 05:26,2026-05-06 15:12,HCM-Q1,WH-HCM-01,RF-096A78,Tủ lạnh,LG 420L,Asia,2,16248000,32496000,Xe tải thuê ngoài,165000,Đã giao
SHIP20260500639,PICK20260500639,SO20260500639,2026-05-04 20:53,2026-05-05 12:16,2026-05-06 16:59,BD-TDM,WH-BD-01,VC-8A6FDF,Máy hút bụi,Dyson V8,Samsung,1,7104000,7104000,Ahamove,65000,Hoàn tất
SHIP20260500640,PICK20260500640,SO20260500640,2026-05-25 10:32,2026-05-25 17:55,2026-05-26 22:58,HCM-TB,WH-HCM-03,WM-758BD9,Máy giặt,Panasonic 8.5kg,Xiaomi,3,9881000,29643000,Xe tải thuê ngoài,145000,Hoàn tất
SHIP20260500641,PICK20260500641,SO20260500641,2026-05-27 12:05,2026-05-27 17:49,2026-05-27 20:27,CT-NK,WH-CT-01,BL-404E2E,Máy xay,Panasonic Blender,Daikin,3,1980000,5940000,Xe tải thuê ngoài,120000,Hoàn tất
SHIP20260500642,PICK20260500642,SO20260500642,2026-05-14 19:42,2026-05-15 13:09,2026-05-15 23:42,CT-NK,WH-CT-01,TV-BD30D1,TV,"TCL 50""",Asia,1,6153000,6153000,Ahamove,90000,Hoàn tất
SHIP20260500643,PICK20260500643,SO20260500643,2026-05-21 10:32,2026-05-21 22:38,2026-05-22 19:57,HCM-Q1,WH-HCM-01,KT-619E7F,Ấm siêu tốc,Sunhouse,Cuckoo,3,911000,2733000,Xe tải thuê ngoài,35000,Đã giao
SHIP20260500644,PICK20260500644,SO20260500644,2026-05-07 16:25,2026-05-08 09:43,2026-05-09 18:57,HCM-Q7,WH-HCM-02,RF-20BB5C,Tủ lạnh,Panasonic 300L,Sharp,2,7507000,15014000,Ahamove,120000,Đã giao
SHIP20260500645,PICK20260500645,SO20260500645,2026-05-08 11:13,2026-05-09 00:59,2026-05-10 09:12,CT-NK,WH-CT-01,AC-8D2169,Máy lạnh,Panasonic 1.5HP,Sunhouse,1,10310000,10310000,Xe tải thuê ngoài,65000,Hoàn tất
SHIP20260500646,PICK20260500646,SO20260500646,2026-05-03 10:52,2026-05-03 23:34,2026-05-04 21:36,HN-HBT,WH-HN-02,RC-A61405,Nồi cơm,Sunhouse 1.2L,Senko,1,1309000,1309000,Ahamove,45000,Hoàn tất
SHIP20260500647,PICK20260500647,SO20260500647,2026-05-12 10:39,2026-05-13 03:44,2026-05-13 11:05,HN-CG,WH-HN-01,TV-DCF290,TV,"Sony 65""",Sony,3,29651000,88953000,Ahamove,210000,Đã giao
SHIP20260500648,PICK20260500648,SO20260500648,2026-05-26 09:28,2026-05-26 13:56,2026-05-27 18:11,HCM-Q7,WH-HCM-02,FN-166747,Quạt,Senko,LG,3,760000,2280000,Nội bộ,25000,Đã giao
SHIP20260500649,PICK20260500649,SO20260500649,2026-05-26 15:32,2026-05-27 09:50,2026-05-27 18:22,HCM-TB,WH-HCM-03,RF-8A361D,Tủ lạnh,Aqua 250L,Sharp,2,11095000,22190000,GHN,225000,Giao lại
SHIP20260500650,PICK20260500650,SO20260500650,2026-05-11 18:33,2026-05-12 02:14,2026-05-12 19:06,HCM-Q1,WH-HCM-01,BL-981E64,Máy xay,Sunhouse Blender,Samsung,3,523000,1569000,Nội bộ,35000,Giao lại
SHIP20260500651,PICK20260500651,SO20260500651,2026-05-19 16:12,2026-05-20 07:43,2026-05-21 02:06,BD-TDM,WH-BD-01,AC-818A33,Máy lạnh,Casper 1HP,Electrolux,3,14540000,43620000,GHN,155000,Đã giao
SHIP20260500652,PICK20260500652,SO20260500652,2026-05-11 10:46,2026-05-11 12:36,2026-05-12 12:39,HCM-Q1,WH-HCM-01,AC-DB17BC,Máy lạnh,Casper 1HP,Aqua,1,8638000,8638000,GHN,65000,Đã giao
SHIP20260500653,PICK20260500653,SO20260500653,2026-05-10 08:22,2026-05-11 00:26,2026-05-12 11:07,HCM-Q7,WH-HCM-02,TV-8AC34D,TV,LG OLED 48,Daikin,3,21883000,65649000,GrabExpress,145000,Giao lại
SHIP20260500654,PICK20260500654,SO20260500654,2026-05-02 17:30,2026-05-03 06:31,2026-05-03 10:49,HN-CG,WH-HN-01,AC-AF103F,Máy lạnh,Daikin 1HP,Senko,1,13204000,13204000,Xe tải thuê ngoài,210000,Đã giao
SHIP20260500655,PICK20260500655,SO20260500655,2026-05-04 20:58,2026-05-05 15:35,2026-05-06 11:15,CT-NK,WH-CT-01,BL-21A1FA,Máy xay,Sunhouse Blender,Electrolux,3,736000,2208000,GHN,0,Đã giao
SHIP20260500656,PICK20260500656,SO20260500656,2026-05-30 12:42,2026-05-31 02:19,2026-05-31 21:38,DN-HC,WH-DN-01,MW-8411BA,Lò vi sóng,Panasonic 25L,Electrolux,3,2359000,7077000,GrabExpress,35000,Giao lại
SHIP20260500657,PICK20260500657,SO20260500657,2026-05-17 19:10,2026-05-18 10:52,2026-05-18 20:45,CT-NK,WH-CT-01,TV-652BA6,TV,LG OLED 48,Senko,2,28214000,56428000,GrabExpress,300000,Đã giao
SHIP20260500658,PICK20260500658,SO20260500658,2026-05-31 12:42,2026-06-01 00:37,2026-06-01 14:30,BD-TDM,WH-BD-01,BL-DF2EF5,Máy xay,Sunhouse Blender,LG,2,498000,996000,GrabExpress,120000,Giao lại
SHIP20260500659,PICK20260500659,SO20260500659,2026-05-12 16:18,2026-05-12 20:21,2026-05-14 06:14,HCM-Q1,WH-HCM-01,KT-E95C23,Ấm siêu tốc,Philips,Sunhouse,1,734000,734000,Nội bộ,120000,Đã giao
SHIP20260500660,PICK20260500660,SO20260500660,2026-05-28 09:45,2026-05-29 01:59,2026-05-30 11:22,CT-NK,WH-CT-01,BL-BF3F30,Máy xay,Panasonic Blender,Casper,2,1878000,3756000,Ahamove,0,Hoàn tất
SHIP20260500661,PICK20260500661,SO20260500661,2026-05-16 08:22,2026-05-16 22:14,2026-05-18 09:01,HN-CG,WH-HN-01,TV-8A011F,TV,LG OLED 48,Philips,1,27686000,27686000,GrabExpress,180000,Đã giao
SHIP20260500662,PICK20260500662,SO20260500662,2026-05-09 12:17,2026-05-09 22:57,2026-05-10 02:15,DN-HC,WH-DN-01,WM-0D19E6,Máy giặt,Toshiba 9kg,Samsung,2,10876000,21752000,Nội bộ,115000,Đã giao
SHIP20260500663,PICK20260500663,SO20260500663,2026-05-28 20:54,2026-05-28 22:13,2026-05-29 13:24,HN-HBT,WH-HN-02,FN-166747,Quạt,Senko,LG,2,475000,950000,GHN,120000,Đã giao
SHIP20260500664,PICK20260500664,SO20260500664,2026-05-06 19:56,2026-05-07 04:07,2026-05-08 00:01,HCM-Q7,WH-HCM-02,MW-806B87,Lò vi sóng,Electrolux 23L,Daikin,1,2406000,2406000,Ahamove,45000,Đã giao
SHIP20260500665,PICK20260500665,SO20260500665,2026-05-30 14:35,2026-05-31 05:46,2026-06-01 10:24,HN-CG,WH-HN-01,BL-981E64,Máy xay,Sunhouse Blender,Samsung,1,1637000,1637000,GrabExpress,120000,Hoàn tất
SHIP20260500666,PICK20260500666,SO20260500666,2026-05-16 10:15,2026-05-16 15:00,2026-05-17 11:37,HN-HBT,WH-HN-02,MW-E148C6,Lò vi sóng,Electrolux 23L,Casper,3,2755000,8265000,Nội bộ,90000,Giao lại
SHIP20260500667,PICK20260500667,SO20260500667,2026-05-10 11:25,2026-05-10 23:22,2026-05-11 10:05,HCM-TB,WH-HCM-03,KT-01C6B2,Ấm siêu tốc,Kangaroo,Electrolux,1,768000,768000,Nội bộ,0,Đã giao
SHIP20260500668,PICK20260500668,SO20260500668,2026-05-21 20:46,2026-05-22 04:04,2026-05-22 10:00,HCM-Q7,WH-HCM-02,TV-4795B7,TV,"Samsung 55"" 4K",Electrolux,3,23493000,70479000,Ahamove,205000,Hoàn tất
SHIP20260500669,PICK20260500669,SO20260500669,2026-05-07 14:19,2026-05-07 18:39,2026-05-08 20:35,BD-TDM,WH-BD-01,BL-CB9EBE,Máy xay,Philips Blender,Philips,1,1683000,1683000,GrabExpress,25000,Đã giao
SHIP20260500670,PICK20260500670,SO20260500670,2026-05-22 08:39,2026-05-22 14:22,2026-05-23 08:26,CT-NK,WH-CT-01,KT-897605,Ấm siêu tốc,Sunhouse,Toshiba,3,724000,2172000,GHN,45000,Đã giao
SHIP20260500671,PICK20260500671,SO20260500671,2026-05-05 14:17,2026-05-06 03:22,2026-05-06 21:15,HCM-Q7,WH-HCM-02,RC-120EAC,Nồi cơm,Sunhouse 1.2L,Sharp,2,1508000,3016000,Nội bộ,120000,Giao lại
SHIP20260500672,PICK20260500672,SO20260500672,2026-05-30 10:33,2026-05-30 16:28,2026-05-31 09:05,BD-TDM,WH-BD-01,RC-DDFD41,Nồi cơm,Cuckoo 1.8L,Casper,1,1225000,1225000,GrabExpress,65000,Đã giao
SHIP20260500673,PICK20260500673,SO20260500673,2026-05-20 10:44,2026-05-21 00:53,2026-05-22 00:58,HCM-Q1,WH-HCM-01,BL-848064,Máy xay,Sunhouse Blender,Xiaomi,3,1896000,5688000,Nội bộ,35000,Đã giao
SHIP20260500674,PICK20260500674,SO20260500674,2026-05-17 11:37,2026-05-17 14:38,2026-05-18 14:13,HN-HBT,WH-HN-02,KT-E95C23,Ấm siêu tốc,Philips,Sunhouse,2,547000,1094000,Nội bộ,120000,Hoàn tất
SHIP20260500675,PICK20260500675,SO20260500675,2026-05-03 09:13,2026-05-03 16:25,2026-05-04 15:04,HCM-Q1,WH-HCM-01,WM-758BD9,Máy giặt,Panasonic 8.5kg,Xiaomi,3,8711000,26133000,GrabExpress,80000,Đã giao
SHIP20260500676,PICK20260500676,SO20260500676,2026-05-31 11:57,2026-05-31 19:14,2026-06-01 13:53,HCM-Q1,WH-HCM-01,TV-2A62F7,TV,"TCL 50""",Casper,1,8965000,8965000,Ahamove,25000,Đã giao
SHIP20260500677,PICK20260500677,SO20260500677,2026-05-04 20:14,2026-05-05 14:27,2026-05-05 18:52,HN-CG,WH-HN-01,BL-A4BCD6,Máy xay,Philips Blender,Sunhouse,2,835000,1670000,GHN,65000,Đã giao
SHIP20260500678,PICK20260500678,SO20260500678,2026-05-26 15:39,2026-05-27 09:01,2026-05-28 11:36,HCM-Q7,WH-HCM-02,RC-19766E,Nồi cơm,Panasonic 1.8L,Sunhouse,2,837000,1674000,GrabExpress,65000,Đã giao
SHIP20260500679,PICK20260500679,SO20260500679,2026-05-26 09:12,2026-05-27 02:11,2026-05-28 01:06,HCM-Q1,WH-HCM-01,TV-BE7A4B,TV,"TCL 50""",Sunhouse,2,11602000,23204000,Xe tải thuê ngoài,205000,Đã giao
SHIP20260500680,PICK20260500680,SO20260500680,2026-05-22 16:51,2026-05-22 21:35,2026-05-23 22:02,BD-TDM,WH-BD-01,VC-B711CC,Máy hút bụi,Xiaomi G10,Panasonic,1,4746000,4746000,Nội bộ,0,Đã giao
SHIP20260500681,PICK20260500681,SO20260500681,2026-05-01 20:31,2026-05-02 09:42,2026-05-02 13:04,HCM-Q7,WH-HCM-02,TV-C6321E,TV,"Sony 65""",Asia,2,20763000,41526000,Nội bộ,165000,Đã giao
SHIP20260500682,PICK20260500682,SO20260500682,2026-05-08 09:25,2026-05-08 15:50,2026-05-09 16:30,HN-HBT,WH-HN-02,TV-9C2852,TV,LG OLED 48,Mitsubishi,1,16275000,16275000,Ahamove,145000,Đã giao
SHIP20260500683,PICK20260500683,SO20260500683,2026-05-06 08:16,2026-05-06 13:19,2026-05-07 23:45,DN-HC,WH-DN-01,FN-4806DD,Quạt,Panasonic,Mitsubishi,1,1241000,1241000,Nội bộ,35000,Hoàn tất
SHIP20260500684,PICK20260500684,SO20260500684,2026-05-16 19:23,2026-05-17 10:15,2026-05-18 06:36,HCM-Q7,WH-HCM-02,TV-299EB8,TV,LG OLED 48,Electrolux,2,18560000,37120000,Nội bộ,200000,Đã giao
SHIP20260500685,PICK20260500685,SO20260500685,2026-05-26 10:09,2026-05-26 15:25,2026-05-27 13:48,HCM-Q7,WH-HCM-02,RC-4F65B1,Nồi cơm,Sunhouse 1.2L,Casper,1,2425000,2425000,Ahamove,25000,Hoàn tất
SHIP20260500686,PICK20260500686,SO20260500686,2026-05-14 17:01,2026-05-14 20:21,2026-05-15 12:50,HCM-TB,WH-HCM-03,VC-933DDD,Máy hút bụi,Philips FC,Sharp,1,5028000,5028000,Ahamove,25000,Hoàn tất
SHIP20260500687,PICK20260500687,SO20260500687,2026-05-05 16:05,2026-05-06 02:21,2026-05-07 03:20,BD-TDM,WH-BD-01,FN-FC4665,Quạt,Asia,Electrolux,1,797000,797000,Nội bộ,35000,Đã giao
SHIP20260500688,PICK20260500688,SO20260500688,2026-05-01 12:06,2026-05-02 06:03,2026-05-03 15:20,BD-TDM,WH-BD-01,TV-BE7A4B,TV,"TCL 50""",Sunhouse,2,17290000,34580000,Xe tải thuê ngoài,170000,Hoàn tất
SHIP20260500689,PICK20260500689,SO20260500689,2026-05-11 18:43,2026-05-12 09:32,2026-05-13 21:45,HCM-Q1,WH-HCM-01,AC-B90290,Máy lạnh,Panasonic 1.5HP,Mitsubishi,1,8289000,8289000,Ahamove,35000,Hoàn tất
SHIP20260500690,PICK20260500690,SO20260500690,2026-05-19 08:48,2026-05-19 18:37,2026-05-19 22:13,HCM-Q1,WH-HCM-01,RC-3C975D,Nồi cơm,Panasonic 1.8L,Samsung,3,1803000,5409000,GrabExpress,0,Đã giao
SHIP20260500691,PICK20260500691,SO20260500691,2026-05-04 19:10,2026-05-05 13:03,2026-05-06 03:35,HN-HBT,WH-HN-02,FN-633F9D,Quạt,Panasonic,Cuckoo,1,507000,507000,Ahamove,35000,Đã giao
SHIP20260500692,PICK20260500692,SO20260500692,2026-05-02 17:33,2026-05-03 00:37,2026-05-04 03:55,HN-CG,WH-HN-01,VC-2544A1,Máy hút bụi,Dyson V8,Cuckoo,2,3468000,6936000,Xe tải thuê ngoài,0,Đã giao
SHIP20260500693,PICK20260500693,SO20260500693,2026-05-29 19:08,2026-05-30 03:56,2026-05-30 10:03,HN-CG,WH-HN-01,WM-57BF8B,Máy giặt,LG 9kg,Panasonic,2,7833000,15666000,GrabExpress,205000,Đã giao
SHIP20260500694,PICK20260500694,SO20260500694,2026-05-06 09:18,2026-05-07 03:38,2026-05-07 18:48,HN-HBT,WH-HN-02,MW-D098CC,Lò vi sóng,Sharp 20L,Mitsubishi,2,1627000,3254000,Xe tải thuê ngoài,0,Đã giao
SHIP20260500695,PICK20260500695,SO20260500695,2026-05-15 19:13,2026-05-16 08:11,2026-05-17 11:51,HCM-Q1,WH-HCM-01,BL-267545,Máy xay,Panasonic Blender,Cuckoo,1,1050000,1050000,Xe tải thuê ngoài,25000,Giao lại
SHIP20260500696,PICK20260500696,SO20260500696,2026-05-14 10:22,2026-05-14 18:38,2026-05-16 07:36,HCM-Q7,WH-HCM-02,AC-9162CC,Máy lạnh,Mitsubishi 1.5HP,Philips,2,15513000,31026000,Ahamove,240000,Giao lại
SHIP20260500697,PICK20260500697,SO20260500697,2026-05-06 19:15,2026-05-07 01:27,2026-05-08 05:33,HCM-Q1,WH-HCM-01,KT-25E86C,Ấm siêu tốc,Philips,Sharp,1,884000,884000,Xe tải thuê ngoài,90000,Hoàn tất
SHIP20260500698,PICK20260500698,SO20260500698,2026-05-04 16:21,2026-05-04 23:52,2026-05-05 22:55,HCM-Q7,WH-HCM-02,FN-5AA0F8,Quạt,Senko,Cuckoo,2,735000,1470000,Xe tải thuê ngoài,45000,Đã giao
SHIP20260500699,PICK20260500699,SO20260500699,2026-05-11 09:46,2026-05-11 17:38,2026-05-13 04:58,CT-NK,WH-CT-01,VC-87EB59,Máy hút bụi,Dyson V8,Sony,3,6726000,20178000,Xe tải thuê ngoài,210000,Đã giao
SHIP20260500700,PICK20260500700,SO20260500700,2026-05-04 19:25,2026-05-05 07:42,2026-05-05 12:26,CT-NK,WH-CT-01,VC-490623,Máy hút bụi,Philips FC,LG,3,7436000,22308000,GHN,80000,Đã giao
SHIP20260500701,PICK20260500701,SO20260500701,2026-05-09 19:01,2026-05-09 22:49,2026-05-11 06:52,BD-TDM,WH-BD-01,FN-896DEA,Quạt,Asia,Senko,3,1186000,3558000,GHN,25000,Đã giao
SHIP20260500702,PICK20260500702,SO20260500702,2026-05-11 19:33,2026-05-12 10:44,2026-05-13 00:57,HCM-TB,WH-HCM-03,WM-9F9723,Máy giặt,LG 9kg,Mitsubishi,1,6382000,6382000,GrabExpress,35000,Giao lại
SHIP20260500703,PICK20260500703,SO20260500703,2026-05-21 11:41,2026-05-21 22:24,2026-05-22 07:51,HCM-Q1,WH-HCM-01,BL-54E269,Máy xay,Philips Blender,Xiaomi,1,726000,726000,GHN,0,Giao lại
SHIP20260500704,PICK20260500704,SO20260500704,2026-05-15 15:00,2026-05-16 07:39,2026-05-17 11:44,HCM-Q7,WH-HCM-02,KT-9065A4,Ấm siêu tốc,Philips,Mitsubishi,3,311000,933000,Ahamove,120000,Đã giao
SHIP20260500705,PICK20260500705,SO20260500705,2026-05-16 10:49,2026-05-16 19:20,2026-05-17 19:47,HCM-Q7,WH-HCM-02,VC-4B9FA6,Máy hút bụi,Philips FC,Aqua,2,3045000,6090000,GHN,0,Đã giao
SHIP20260500706,PICK20260500706,SO20260500706,2026-05-14 15:09,2026-05-14 17:41,2026-05-15 16:27,HN-HBT,WH-HN-02,RF-8F66CC,Tủ lạnh,Aqua 250L,Xiaomi,1,11431000,11431000,Xe tải thuê ngoài,45000,Đã giao
SHIP20260500707,PICK20260500707,SO20260500707,2026-05-03 17:04,2026-05-04 06:59,2026-05-04 16:18,HN-HBT,WH-HN-02,MW-6902E3,Lò vi sóng,Sharp 20L,Sony,3,4149000,12447000,GrabExpress,125000,Đã giao
SHIP20260500708,PICK20260500708,SO20260500708,2026-05-16 20:00,2026-05-17 11:23,2026-05-18 10:04,HCM-Q7,WH-HCM-02,KT-4207FB,Ấm siêu tốc,Sunhouse,Asia,3,872000,2616000,Xe tải thuê ngoài,0,Đã giao
SHIP20260500709,PICK20260500709,SO20260500709,2026-05-25 18:03,2026-05-25 21:01,2026-05-27 03:50,HCM-TB,WH-HCM-03,RF-AA103D,Tủ lạnh,Panasonic 300L,Sunhouse,1,15373000,15373000,Ahamove,125000,Hoàn tất
SHIP20260500710,PICK20260500710,SO20260500710,2026-05-18 10:40,2026-05-19 03:16,2026-05-20 05:21,CT-NK,WH-CT-01,VC-D4F050,Máy hút bụi,Xiaomi G10,Samsung,3,4576000,13728000,Xe tải thuê ngoài,105000,Giao lại
SHIP20260500711,PICK20260500711,SO20260500711,2026-05-13 19:49,2026-05-14 02:47,2026-05-15 01:58,HCM-Q7,WH-HCM-02,BL-267545,Máy xay,Panasonic Blender,Cuckoo,2,1516000,3032000,Xe tải thuê ngoài,120000,Đã giao
SHIP20260500712,PICK20260500712,SO20260500712,2026-05-25 20:29,2026-05-26 05:20,2026-05-27 02:25,DN-HC,WH-DN-01,AC-4EC148,Máy lạnh,Mitsubishi 1.5HP,Toshiba,2,15445000,30890000,GHN,155000,Đã giao
SHIP20260500713,PICK20260500713,SO20260500713,2026-05-03 20:17,2026-05-04 11:17,2026-05-04 20:32,CT-NK,WH-CT-01,VC-2544A1,Máy hút bụi,Dyson V8,Cuckoo,1,2870000,2870000,GHN,45000,Đã giao
SHIP20260500714,PICK20260500714,SO20260500714,2026-05-14 09:42,2026-05-14 14:08,2026-05-15 19:03,HN-HBT,WH-HN-02,RF-A0C9D4,Tủ lạnh,LG 420L,Panasonic,2,15276000,30552000,Ahamove,125000,Đã giao
SHIP20260500715,PICK20260500715,SO20260500715,2026-05-05 17:43,2026-05-05 21:41,2026-05-07 06:13,HCM-Q1,WH-HCM-01,TV-DD0514,TV,"Samsung 55"" 4K",Mitsubishi,1,21234000,21234000,Xe tải thuê ngoài,125000,Hoàn tất
SHIP20260500716,PICK20260500716,SO20260500716,2026-05-03 14:21,2026-05-04 00:25,2026-05-05 02:12,DN-HC,WH-DN-01,AC-A7840C,Máy lạnh,Mitsubishi 1.5HP,Panasonic,2,9397000,18794000,Ahamove,240000,Đã giao
SHIP20260500717,PICK20260500717,SO20260500717,2026-05-23 16:59,2026-05-24 07:32,2026-05-25 15:13,CT-NK,WH-CT-01,TV-DD0514,TV,"Samsung 55"" 4K",Mitsubishi,1,8627000,8627000,Nội bộ,35000,Hoàn tất
SHIP20260500718,PICK20260500718,SO20260500718,2026-05-23 18:19,2026-05-24 06:15,2026-05-25 17:32,HN-CG,WH-HN-01,TV-91B89E,TV,"TCL 50""",Toshiba,3,9259000,27777000,Xe tải thuê ngoài,145000,Giao lại
SHIP20260500719,PICK20260500719,SO20260500719,2026-05-11 17:58,2026-05-12 12:31,2026-05-13 13:24,HN-HBT,WH-HN-02,AC-75386E,Máy lạnh,Mitsubishi 1.5HP,Cuckoo,3,10262000,30786000,Xe tải thuê ngoài,240000,Hoàn tất
SHIP20260500720,PICK20260500720,SO20260500720,2026-05-15 13:58,2026-05-16 02:46,2026-05-17 02:51,HN-CG,WH-HN-01,VC-FA3352,Máy hút bụi,Dyson V8,Aqua,1,7390000,7390000,GHN,120000,Đã giao
SHIP20260500721,PICK20260500721,SO20260500721,2026-05-29 16:09,2026-05-30 02:33,2026-05-30 07:53,HN-CG,WH-HN-01,RF-5ECF76,Tủ lạnh,LG 420L,Mitsubishi,3,12442000,37326000,Xe tải thuê ngoài,125000,Giao lại
SHIP20260500722,PICK20260500722,SO20260500722,2026-05-28 09:06,2026-05-28 18:54,2026-05-30 02:37,CT-NK,WH-CT-01,VC-90E8C9,Máy hút bụi,Xiaomi G10,Electrolux,2,2617000,5234000,GrabExpress,65000,Đã giao
SHIP20260500723,PICK20260500723,SO20260500723,2026-05-16 09:24,2026-05-16 10:40,2026-05-17 19:25,HCM-Q1,WH-HCM-01,WM-65B7F8,Máy giặt,Samsung 10kg,Sony,1,11308000,11308000,Ahamove,120000,Giao lại
SHIP20260500724,PICK20260500724,SO20260500724,2026-05-06 17:38,2026-05-07 08:49,2026-05-08 04:13,HN-CG,WH-HN-01,AC-B3192D,Máy lạnh,Panasonic 1.5HP,Panasonic,3,9351000,28053000,Ahamove,245000,Đã giao
SHIP20260500725,PICK20260500725,SO20260500725,2026-05-28 15:32,2026-05-29 10:05,2026-05-30 10:04,HCM-Q1,WH-HCM-01,FN-0333B4,Quạt,Asia,Daikin,2,800000,1600000,Xe tải thuê ngoài,90000,Đã giao
SHIP20260500726,PICK20260500726,SO20260500726,2026-05-23 19:29,2026-05-24 04:24,2026-05-24 09:59,DN-HC,WH-DN-01,RC-189134,Nồi cơm,Sunhouse 1.2L,Samsung,1,519000,519000,Nội bộ,0,Giao lại
SHIP20260500727,PICK20260500727,SO20260500727,2026-05-22 20:44,2026-05-23 06:54,2026-05-24 09:46,CT-NK,WH-CT-01,VC-09CEE7,Máy hút bụi,Dyson V8,Philips,3,5672000,17016000,Nội bộ,200000,Đã giao
SHIP20260500728,PICK20260500728,SO20260500728,2026-05-23 19:20,2026-05-24 01:36,2026-05-24 19:41,HCM-Q7,WH-HCM-02,TV-3C8911,TV,LG OLED 48,Sharp,1,27115000,27115000,GrabExpress,145000,Đã giao
SHIP20260500729,PICK20260500729,SO20260500729,2026-05-11 13:18,2026-05-12 03:04,2026-05-12 21:03,CT-NK,WH-CT-01,RF-E1EA3E,Tủ lạnh,Samsung Inverter 350L,Sunhouse,3,5662000,16986000,Nội bộ,225000,Đã giao
SHIP20260500730,PICK20260500730,SO20260500730,2026-05-28 15:41,2026-05-28 21:01,2026-05-28 23:25,HCM-Q1,WH-HCM-01,TV-3D03C9,TV,"Samsung 55"" 4K",Senko,1,11795000,11795000,Ahamove,0,Giao lại
SHIP20260500731,PICK20260500731,SO20260500731,2026-05-08 10:50,2026-05-08 17:39,2026-05-09 07:09,HN-CG,WH-HN-01,TV-0CE747,TV,"Sony 65""",Casper,2,16923000,33846000,Xe tải thuê ngoài,115000,Đã giao
SHIP20260500732,PICK20260500732,SO20260500732,2026-05-24 16:54,2026-05-24 19:59,2026-05-25 23:06,HN-HBT,WH-HN-02,AC-B03170,Máy lạnh,Casper 1HP,Casper,1,5514000,5514000,Xe tải thuê ngoài,120000,Đã giao
SHIP20260500733,PICK20260500733,SO20260500733,2026-05-27 08:01,2026-05-27 16:29,2026-05-28 17:45,HCM-Q1,WH-HCM-01,WM-345051,Máy giặt,LG 9kg,Senko,3,13942000,41826000,Xe tải thuê ngoài,170000,Giao lại
SHIP20260500734,PICK20260500734,SO20260500734,2026-05-29 09:33,2026-05-29 13:24,2026-05-29 18:28,HCM-Q7,WH-HCM-02,FN-A4A668,Quạt,Asia,Cuckoo,3,293000,879000,GHN,65000,Đã giao
SHIP20260500735,PICK20260500735,SO20260500735,2026-05-01 18:09,2026-05-02 05:57,2026-05-02 18:59,DN-HC,WH-DN-01,BL-958487,Máy xay,Philips Blender,Toshiba,1,1549000,1549000,GHN,45000,Đã giao
SHIP20260500736,PICK20260500736,SO20260500736,2026-05-06 10:55,2026-05-06 15:47,2026-05-06 18:42,HCM-Q7,WH-HCM-02,BL-CB9EBE,Máy xay,Philips Blender,Philips,1,1840000,1840000,Ahamove,25000,Đã giao
SHIP20260500737,PICK20260500737,SO20260500737,2026-05-02 10:27,2026-05-02 23:14,2026-05-03 17:53,HCM-Q1,WH-HCM-01,TV-74BDA3,TV,LG OLED 48,Sunhouse,1,17315000,17315000,Xe tải thuê ngoài,270000,Đã giao
SHIP20260500738,PICK20260500738,SO20260500738,2026-05-22 11:22,2026-05-22 22:33,2026-05-24 10:41,HN-HBT,WH-HN-02,FN-A270E1,Quạt,Asia,Sony,2,1252000,2504000,Ahamove,45000,Giao lại
SHIP20260500739,PICK20260500739,SO20260500739,2026-05-16 10:03,2026-05-16 11:21,2026-05-17 18:56,HCM-TB,WH-HCM-03,WM-41CB2E,Máy giặt,Panasonic 8.5kg,Toshiba,2,12654000,25308000,Nội bộ,200000,Đã giao
SHIP20260500740,PICK20260500740,SO20260500740,2026-05-27 09:16,2026-05-27 12:24,2026-05-27 16:12,HN-CG,WH-HN-01,MW-278BC7,Lò vi sóng,Electrolux 23L,Mitsubishi,2,1793000,3586000,Xe tải thuê ngoài,35000,Hoàn tất
SHIP20260500741,PICK20260500741,SO20260500741,2026-05-01 14:25,2026-05-01 19:55,2026-05-02 10:51,HCM-Q1,WH-HCM-01,MW-D098CC,Lò vi sóng,Sharp 20L,Mitsubishi,2,830000,1660000,GHN,90000,Đã giao
SHIP20260500742,PICK20260500742,SO20260500742,2026-05-01 11:35,2026-05-02 04:43,2026-05-02 16:00,BD-TDM,WH-BD-01,WM-917ACE,Máy giặt,Panasonic 8.5kg,Philips,3,13165000,39495000,GrabExpress,240000,Đã giao
SHIP20260500743,PICK20260500743,SO20260500743,2026-05-21 08:51,2026-05-21 10:29,2026-05-21 15:20,HCM-Q7,WH-HCM-02,TV-249EF8,TV,"Samsung 55"" 4K",Samsung,1,22502000,22502000,GrabExpress,155000,Đã giao
SHIP20260500744,PICK20260500744,SO20260500744,2026-05-28 09:55,2026-05-29 00:17,2026-05-30 04:48,HCM-Q7,WH-HCM-02,BL-A4802F,Máy xay,Philips Blender,Daikin,2,1870000,3740000,Xe tải thuê ngoài,65000,Giao lại
SHIP20260500745,PICK20260500745,SO20260500745,2026-05-10 08:12,2026-05-10 16:25,2026-05-11 21:49,HN-CG,WH-HN-01,AC-50CBA5,Máy lạnh,Daikin 1HP,Aqua,2,7482000,14964000,Nội bộ,225000,Giao lại
SHIP20260500746,PICK20260500746,SO20260500746,2026-05-03 14:01,2026-05-04 00:20,2026-05-04 04:21,HCM-Q1,WH-HCM-01,VC-EF7A18,Máy hút bụi,Xiaomi G10,Aqua,1,3321000,3321000,GHN,90000,Hoàn tất
SHIP20260500747,PICK20260500747,SO20260500747,2026-05-30 14:50,2026-05-30 17:36,2026-05-31 20:19,CT-NK,WH-CT-01,RF-742B7E,Tủ lạnh,Samsung Inverter 350L,Asia,1,12266000,12266000,Nội bộ,90000,Hoàn tất
SHIP20260500748,PICK20260500748,SO20260500748,2026-05-19 09:51,2026-05-20 02:15,2026-05-20 10:43,HCM-TB,WH-HCM-03,RC-23C464,Nồi cơm,Sharp 1.8L,Xiaomi,3,968000,2904000,Nội bộ,25000,Đã giao
SHIP20260500749,PICK20260500749,SO20260500749,2026-05-13 15:35,2026-05-14 01:01,2026-05-15 12:36,HN-CG,WH-HN-01,KT-4D110F,Ấm siêu tốc,Kangaroo,Toshiba,2,857000,1714000,GrabExpress,35000,Đã giao
SHIP20260500750,PICK20260500750,SO20260500750,2026-05-05 08:12,2026-05-06 02:06,2026-05-07 05:15,HCM-Q1,WH-HCM-01,TV-65B17D,TV,"Sony 65""",Samsung,3,17439000,52317000,GrabExpress,210000,Giao lại
SHIP20260500751,PICK20260500751,SO20260500751,2026-05-11 12:58,2026-05-12 06:41,2026-05-13 00:19,HN-HBT,WH-HN-02,VC-933DDD,Máy hút bụi,Philips FC,Sharp,2,8932000,17864000,Nội bộ,245000,Giao lại
SHIP20260500752,PICK20260500752,SO20260500752,2026-05-07 11:22,2026-05-07 21:52,2026-05-08 04:44,HCM-TB,WH-HCM-03,WM-781AD9,Máy giặt,Samsung 10kg,Sharp,2,10062000,20124000,Xe tải thuê ngoài,185000,Đã giao
SHIP20260500753,PICK20260500753,SO20260500753,2026-05-20 12:31,2026-05-21 07:22,2026-05-21 17:44,HCM-TB,WH-HCM-03,AC-DF5234,Máy lạnh,Daikin 1HP,Asia,3,10630000,31890000,Nội bộ,185000,Hoàn tất
SHIP20260500754,PICK20260500754,SO20260500754,2026-05-29 11:44,2026-05-30 05:29,2026-05-30 10:06,HN-HBT,WH-HN-02,TV-DE1879,TV,"Samsung 55"" 4K",Asia,2,20944000,41888000,Xe tải thuê ngoài,120000,Đã giao
SHIP20260500755,PICK20260500755,SO20260500755,2026-05-21 20:49,2026-05-22 00:17,2026-05-22 19:17,HN-HBT,WH-HN-02,BL-8778AF,Máy xay,Philips Blender,Mitsubishi,1,1197000,1197000,Nội bộ,90000,Đã giao
SHIP20260500756,PICK20260500756,SO20260500756,2026-05-20 13:32,2026-05-20 23:28,2026-05-21 05:24,HCM-Q1,WH-HCM-01,RF-42BDE8,Tủ lạnh,LG 420L,Senko,2,14948000,29896000,GHN,120000,Giao lại
SHIP20260500757,PICK20260500757,SO20260500757,2026-05-30 08:28,2026-05-30 10:11,2026-05-31 00:46,CT-NK,WH-CT-01,VC-87EB59,Máy hút bụi,Dyson V8,Sony,2,3483000,6966000,GHN,25000,Hoàn tất
SHIP20260500758,PICK20260500758,SO20260500758,2026-05-29 11:23,2026-05-29 12:55,2026-05-31 00:20,HCM-Q1,WH-HCM-01,FN-63D039,Quạt,Asia,Mitsubishi,1,930000,930000,Ahamove,90000,Đã giao
SHIP20260500759,PICK20260500759,SO20260500759,2026-05-05 08:48,2026-05-05 22:10,2026-05-07 00:16,DN-HC,WH-DN-01,AC-AF103F,Máy lạnh,Daikin 1HP,Senko,2,10137000,20274000,GrabExpress,155000,Đã giao
SHIP20260500760,PICK20260500760,SO20260500760,2026-05-24 14:59,2026-05-25 08:04,2026-05-26 05:23,CT-NK,WH-CT-01,WM-0EC5E7,Máy giặt,Toshiba 9kg,Sony,3,14106000,42318000,GrabExpress,145000,Đã giao
SHIP20260500761,PICK20260500761,SO20260500761,2026-05-04 09:03,2026-05-04 10:07,2026-05-04 20:49,BD-TDM,WH-BD-01,KT-A1FEF1,Ấm siêu tốc,Sunhouse,Xiaomi,3,799000,2397000,Nội bộ,25000,Hoàn tất
SHIP20260500762,PICK20260500762,SO20260500762,2026-05-13 17:12,2026-05-13 22:38,2026-05-15 07:14,HN-CG,WH-HN-01,WM-0EC5E7,Máy giặt,Toshiba 9kg,Sony,2,13952000,27904000,GrabExpress,145000,Đã giao
SHIP20260500763,PICK20260500763,SO20260500763,2026-05-12 13:52,2026-05-12 17:02,2026-05-12 23:57,CT-NK,WH-CT-01,MW-4DBCB2,Lò vi sóng,Sharp 20L,Daikin,2,2277000,4554000,GHN,65000,Đã giao
SHIP20260500764,PICK20260500764,SO20260500764,2026-05-02 13:41,2026-05-03 01:22,2026-05-04 05:31,DN-HC,WH-DN-01,TV-1C16CC,TV,"Samsung 55"" 4K",Sony,1,19397000,19397000,GrabExpress,240000,Đã giao
SHIP20260500765,PICK20260500765,SO20260500765,2026-05-25 14:44,2026-05-25 20:12,2026-05-26 15:42,HCM-TB,WH-HCM-03,AC-F47F82,Máy lạnh,Panasonic 1.5HP,LG,3,6825000,20475000,Xe tải thuê ngoài,210000,Đã giao
SHIP20260500766,PICK20260500766,SO20260500766,2026-05-11 09:43,2026-05-12 03:53,2026-05-13 12:40,DN-HC,WH-DN-01,VC-354E06,Máy hút bụi,Dyson V8,Senko,1,3954000,3954000,GrabExpress,65000,Hoàn tất
SHIP20260500767,PICK20260500767,SO20260500767,2026-05-22 10:09,2026-05-22 11:22,2026-05-23 06:23,HCM-TB,WH-HCM-03,KT-E95C23,Ấm siêu tốc,Philips,Sunhouse,1,495000,495000,GHN,0,Đã giao
SHIP20260500768,PICK20260500768,SO20260500768,2026-05-02 17:46,2026-05-02 20:32,2026-05-04 03:40,DN-HC,WH-DN-01,AC-190181,Máy lạnh,Mitsubishi 1.5HP,Sharp,3,8338000,25014000,Ahamove,210000,Đã giao
SHIP20260500769,PICK20260500769,SO20260500769,2026-05-24 20:25,2026-05-25 11:09,2026-05-26 03:55,HN-HBT,WH-HN-02,KT-C02AC0,Ấm siêu tốc,Kangaroo,Asia,3,509000,1527000,GHN,120000,Đã giao
SHIP20260500770,PICK20260500770,SO20260500770,2026-05-16 10:31,2026-05-17 03:31,2026-05-17 23:03,CT-NK,WH-CT-01,AC-4EC148,Máy lạnh,Mitsubishi 1.5HP,Toshiba,1,13130000,13130000,Xe tải thuê ngoài,300000,Hoàn tất
SHIP20260500771,PICK20260500771,SO20260500771,2026-05-13 20:34,2026-05-14 03:52,2026-05-14 14:36,HCM-Q7,WH-HCM-02,AC-D2FD31,Máy lạnh,Panasonic 1.5HP,Toshiba,1,11319000,11319000,Nội bộ,25000,Đã giao
SHIP20260500772,PICK20260500772,SO20260500772,2026-05-17 19:53,2026-05-17 21:22,2026-05-18 03:04,HCM-Q7,WH-HCM-02,BL-E21F60,Máy xay,Philips Blender,Electrolux,1,1484000,1484000,GHN,65000,Đã giao
SHIP20260500773,PICK20260500773,SO20260500773,2026-05-06 15:16,2026-05-07 01:12,2026-05-08 00:35,DN-HC,WH-DN-01,KT-C02AC0,Ấm siêu tốc,Kangaroo,Asia,2,610000,1220000,Xe tải thuê ngoài,25000,Đã giao
SHIP20260500774,PICK20260500774,SO20260500774,2026-05-29 18:27,2026-05-30 00:36,2026-05-31 05:59,HN-HBT,WH-HN-02,FN-B2666C,Quạt,Panasonic,Daikin,1,480000,480000,Xe tải thuê ngoài,0,Hoàn tất
SHIP20260500775,PICK20260500775,SO20260500775,2026-05-03 20:11,2026-05-04 11:52,2026-05-05 18:03,HCM-Q1,WH-HCM-01,MW-640EAD,Lò vi sóng,Sharp 20L,LG,3,3971000,11913000,GHN,145000,Hoàn tất
SHIP20260500776,PICK20260500776,SO20260500776,2026-05-30 08:52,2026-05-31 03:24,2026-06-01 08:44,DN-HC,WH-DN-01,KT-925318,Ấm siêu tốc,Philips,Toshiba,2,224000,448000,GrabExpress,0,Đã giao
SHIP20260500777,PICK20260500777,SO20260500777,2026-05-20 19:39,2026-05-21 11:47,2026-05-22 18:48,HCM-TB,WH-HCM-03,RC-666E15,Nồi cơm,Sunhouse 1.2L,Panasonic,3,2231000,6693000,GHN,65000,Giao lại
SHIP20260500778,PICK20260500778,SO20260500778,2026-05-08 08:28,2026-05-08 18:26,2026-05-10 00:45,HN-CG,WH-HN-01,AC-A7840C,Máy lạnh,Mitsubishi 1.5HP,Panasonic,2,10081000,20162000,GrabExpress,170000,Đã giao
SHIP20260500779,PICK20260500779,SO20260500779,2026-05-03 19:26,2026-05-04 07:54,2026-05-05 14:23,HCM-Q1,WH-HCM-01,RC-F33CDE,Nồi cơm,Panasonic 1.8L,Senko,2,989000,1978000,GrabExpress,120000,Đã giao
SHIP20260500780,PICK20260500780,SO20260500780,2026-05-16 08:11,2026-05-16 15:25,2026-05-16 18:08,HN-CG,WH-HN-01,WM-917ACE,Máy giặt,Panasonic 8.5kg,Philips,3,8577000,25731000,Ahamove,165000,Hoàn tất
SHIP20260500781,PICK20260500781,SO20260500781,2026-05-29 16:18,2026-05-30 02:28,2026-05-30 18:28,HCM-Q7,WH-HCM-02,VC-09CEE7,Máy hút bụi,Dyson V8,Philips,2,5463000,10926000,Ahamove,65000,Đã giao
SHIP20260500782,PICK20260500782,SO20260500782,2026-05-04 20:39,2026-05-05 00:52,2026-05-05 12:17,HCM-TB,WH-HCM-03,BL-D2FACB,Máy xay,Panasonic Blender,Toshiba,3,1085000,3255000,Xe tải thuê ngoài,25000,Đã giao
SHIP20260500783,PICK20260500783,SO20260500783,2026-05-08 17:19,2026-05-08 23:13,2026-05-09 15:27,DN-HC,WH-DN-01,BL-3258EA,Máy xay,Panasonic Blender,Mitsubishi,3,690000,2070000,Xe tải thuê ngoài,0,Đã giao
SHIP20260500784,PICK20260500784,SO20260500784,2026-05-11 15:58,2026-05-12 01:22,2026-05-13 13:10,HN-CG,WH-HN-01,FN-63D039,Quạt,Asia,Mitsubishi,1,1236000,1236000,Nội bộ,65000,Đã giao
SHIP20260500785,PICK20260500785,SO20260500785,2026-05-21 14:48,2026-05-22 07:46,2026-05-23 01:30,HN-HBT,WH-HN-02,KT-2036D6,Ấm siêu tốc,Kangaroo,Panasonic,3,319000,957000,Ahamove,25000,Hoàn tất
SHIP20260500786,PICK20260500786,SO20260500786,2026-05-31 12:29,2026-05-31 18:02,2026-06-01 00:23,HN-HBT,WH-HN-02,RF-281021,Tủ lạnh,Samsung Inverter 350L,Cuckoo,1,19633000,19633000,GHN,210000,Đã giao
SHIP20260500787,PICK20260500787,SO20260500787,2026-05-30 10:57,2026-05-31 05:29,2026-05-31 18:04,HN-CG,WH-HN-01,VC-F4F02F,Máy hút bụi,Xiaomi G10,Senko,3,8140000,24420000,Nội bộ,205000,Giao lại
SHIP20260500788,PICK20260500788,SO20260500788,2026-05-23 13:58,2026-05-24 07:35,2026-05-24 14:20,CT-NK,WH-CT-01,VC-E19461,Máy hút bụi,Dyson V8,Panasonic,3,1481000,4443000,GrabExpress,45000,Đã giao
SHIP20260500789,PICK20260500789,SO20260500789,2026-05-20 10:00,2026-05-20 22:45,2026-05-22 06:39,CT-NK,WH-CT-01,WM-B2AB72,Máy giặt,Toshiba 9kg,Casper,3,12911000,38733000,GrabExpress,115000,Hoàn tất
SHIP20260500790,PICK20260500790,SO20260500790,2026-05-09 19:12,2026-05-10 06:27,2026-05-10 10:26,HN-CG,WH-HN-01,VC-933DDD,Máy hút bụi,Philips FC,Sharp,2,3677000,7354000,Ahamove,45000,Đã giao
SHIP20260500791,PICK20260500791,SO20260500791,2026-05-08 18:28,2026-05-08 23:00,2026-05-09 14:35,BD-TDM,WH-BD-01,AC-75386E,Máy lạnh,Mitsubishi 1.5HP,Cuckoo,2,10561000,21122000,GrabExpress,120000,Đã giao
SHIP20260500792,PICK20260500792,SO20260500792,2026-05-27 08:01,2026-05-28 00:26,2026-05-29 06:00,HN-HBT,WH-HN-02,BL-A0575F,Máy xay,Sunhouse Blender,Sunhouse,1,679000,679000,GrabExpress,35000,Giao lại
SHIP20260500793,PICK20260500793,SO20260500793,2026-05-28 17:59,2026-05-29 10:10,2026-05-29 20:38,CT-NK,WH-CT-01,KT-80B935,Ấm siêu tốc,Kangaroo,LG,3,709000,2127000,GHN,90000,Giao lại
SHIP20260500794,PICK20260500794,SO20260500794,2026-05-13 19:41,2026-05-14 00:48,2026-05-14 03:26,HCM-Q1,WH-HCM-01,FN-441B27,Quạt,Senko,Samsung,3,1315000,3945000,GrabExpress,0,Đã giao
SHIP20260500795,PICK20260500795,SO20260500795,2026-05-22 10:18,2026-05-22 12:02,2026-05-23 18:25,CT-NK,WH-CT-01,KT-BD9201,Ấm siêu tốc,Kangaroo,Aqua,3,329000,987000,GHN,120000,Đã giao
SHIP20260500796,PICK20260500796,SO20260500796,2026-05-29 09:07,2026-05-29 19:08,2026-05-30 19:57,HCM-Q7,WH-HCM-02,WM-AF1676,Máy giặt,Toshiba 9kg,Sunhouse,3,5264000,15792000,Nội bộ,215000,Giao lại
SHIP20260500797,PICK20260500797,SO20260500797,2026-05-17 15:43,2026-05-17 23:13,2026-05-19 06:43,HCM-Q7,WH-HCM-02,MW-8E4E78,Lò vi sóng,Panasonic 25L,Casper,2,1528000,3056000,Ahamove,35000,Giao lại
SHIP20260500798,PICK20260500798,SO20260500798,2026-05-04 16:17,2026-05-05 10:59,2026-05-06 13:21,HCM-Q7,WH-HCM-02,KT-930F94,Ấm siêu tốc,Philips,Sony,3,765000,2295000,Ahamove,65000,Đã giao
SHIP20260500799,PICK20260500799,SO20260500799,2026-05-22 18:01,2026-05-22 19:44,2026-05-22 21:49,DN-HC,WH-DN-01,KT-8BE75F,Ấm siêu tốc,Kangaroo,Samsung,3,907000,2721000,Nội bộ,0,Hoàn tất
SHIP20260500800,PICK20260500800,SO20260500800,2026-05-15 19:35,2026-05-16 12:25,2026-05-17 02:56,HCM-Q1,WH-HCM-01,KT-633C48,Ấm siêu tốc,Philips,Asia,2,456000,912000,Xe tải thuê ngoài,120000,Giao lại
SHIP20260500801,PICK20260500801,SO20260500801,2026-05-30 18:22,2026-05-31 06:44,2026-05-31 21:25,HCM-Q7,WH-HCM-02,MW-AE2881,Lò vi sóng,Panasonic 25L,Panasonic,3,4245000,12735000,Ahamove,45000,Đã giao
SHIP20260500802,PICK20260500802,SO20260500802,2026-05-26 17:14,2026-05-27 09:07,2026-05-28 18:28,HCM-Q1,WH-HCM-01,MW-6902E3,Lò vi sóng,Sharp 20L,Sony,3,2685000,8055000,GHN,65000,Hoàn tất
SHIP20260500803,PICK20260500803,SO20260500803,2026-05-05 09:29,2026-05-05 16:27,2026-05-06 01:10,HN-CG,WH-HN-01,WM-233DAD,Máy giặt,LG 9kg,Toshiba,2,10014000,20028000,GHN,185000,Giao lại
SHIP20260500804,PICK20260500804,SO20260500804,2026-05-10 12:57,2026-05-10 20:10,2026-05-11 05:38,HCM-Q1,WH-HCM-01,RC-CA9512,Nồi cơm,Sharp 1.8L,Philips,3,1681000,5043000,GrabExpress,0,Đã giao
SHIP20260500805,PICK20260500805,SO20260500805,2026-05-18 10:32,2026-05-19 05:12,2026-05-19 11:05,CT-NK,WH-CT-01,KT-4D9F3E,Ấm siêu tốc,Kangaroo,Philips,1,268000,268000,GrabExpress,120000,Đã giao
SHIP20260500806,PICK20260500806,SO20260500806,2026-05-20 18:38,2026-05-21 03:42,2026-05-22 00:39,DN-HC,WH-DN-01,RF-F96CEA,Tủ lạnh,LG 420L,Sharp,3,11681000,35043000,GHN,165000,Hoàn tất
SHIP20260500807,PICK20260500807,SO20260500807,2026-05-13 08:26,2026-05-13 21:30,2026-05-14 20:56,CT-NK,WH-CT-01,AC-029767,Máy lạnh,Daikin 1HP,Sunhouse,2,12756000,25512000,Xe tải thuê ngoài,200000,Đã giao
SHIP20260500808,PICK20260500808,SO20260500808,2026-05-27 17:00,2026-05-27 19:42,2026-05-29 05:47,HN-CG,WH-HN-01,KT-63AE81,Ấm siêu tốc,Kangaroo,Daikin,3,651000,1953000,Nội bộ,120000,Hoàn tất
SHIP20260500809,PICK20260500809,SO20260500809,2026-05-02 09:16,2026-05-03 03:08,2026-05-03 21:43,HN-HBT,WH-HN-02,BL-7C418A,Máy xay,Panasonic Blender,Asia,3,720000,2160000,Ahamove,65000,Đã giao
SHIP20260500810,PICK20260500810,SO20260500810,2026-05-14 17:25,2026-05-14 20:23,2026-05-15 18:22,HCM-TB,WH-HCM-03,VC-7AF11E,Máy hút bụi,Philips FC,Panasonic,1,1845000,1845000,GrabExpress,0,Hoàn tất
SHIP20260500811,PICK20260500811,SO20260500811,2026-05-13 09:27,2026-05-13 14:52,2026-05-14 07:43,HCM-Q7,WH-HCM-02,VC-51D140,Máy hút bụi,Xiaomi G10,Casper,3,3103000,9309000,GHN,65000,Giao lại
SHIP20260500812,PICK20260500812,SO20260500812,2026-05-24 19:02,2026-05-25 06:34,2026-05-25 16:08,HN-CG,WH-HN-01,KT-F760AD,Ấm siêu tốc,Philips,LG,2,970000,1940000,Xe tải thuê ngoài,90000,Giao lại
SHIP20260500813,PICK20260500813,SO20260500813,2026-05-01 12:46,2026-05-01 21:29,2026-05-02 09:02,HCM-Q1,WH-HCM-01,WM-AD6A90,Máy giặt,Panasonic 8.5kg,Electrolux,2,6111000,12222000,Ahamove,200000,Đã giao
SHIP20260500814,PICK20260500814,SO20260500814,2026-05-12 18:43,2026-05-13 00:03,2026-05-14 04:58,HN-CG,WH-HN-01,KT-F760AD,Ấm siêu tốc,Philips,LG,2,210000,420000,GrabExpress,0,Đã giao
SHIP20260500815,PICK20260500815,SO20260500815,2026-05-14 20:51,2026-05-15 03:44,2026-05-16 16:20,HCM-Q7,WH-HCM-02,KT-4BFC34,Ấm siêu tốc,Kangaroo,Sunhouse,3,620000,1860000,Xe tải thuê ngoài,25000,Hoàn tất
SHIP20260500816,PICK20260500816,SO20260500816,2026-05-19 11:28,2026-05-19 18:22,2026-05-20 22:02,HCM-TB,WH-HCM-03,FN-A2F97E,Quạt,Senko,Xiaomi,1,1062000,1062000,GrabExpress,120000,Giao lại
SHIP20260500817,PICK20260500817,SO20260500817,2026-05-14 18:42,2026-05-15 11:37,2026-05-16 02:03,HN-CG,WH-HN-01,RC-13DEBA,Nồi cơm,Panasonic 1.8L,Mitsubishi,2,1051000,2102000,GrabExpress,90000,Đã giao
SHIP20260500818,PICK20260500818,SO20260500818,2026-05-27 20:28,2026-05-28 01:13,2026-05-28 12:33,CT-NK,WH-CT-01,VC-A4DECF,Máy hút bụi,Dyson V8,Mitsubishi,1,6551000,6551000,Xe tải thuê ngoài,0,Đã giao
SHIP20260500819,PICK20260500819,SO20260500819,2026-05-28 18:07,2026-05-28 22:30,2026-05-30 03:07,BD-TDM,WH-BD-01,MW-4F3182,Lò vi sóng,Panasonic 25L,Daikin,1,1691000,1691000,Ahamove,35000,Hoàn tất
SHIP20260500820,PICK20260500820,SO20260500820,2026-05-02 20:00,2026-05-03 10:51,2026-05-04 11:51,BD-TDM,WH-BD-01,BL-9D0A0A,Máy xay,Sunhouse Blender,Cuckoo,1,722000,722000,Ahamove,25000,Đã giao
SHIP20260500821,PICK20260500821,SO20260500821,2026-05-03 15:05,2026-05-04 02:36,2026-05-05 13:22,HN-CG,WH-HN-01,KT-912978,Ấm siêu tốc,Sunhouse,Philips,2,969000,1938000,GrabExpress,45000,Đã giao
SHIP20260500822,PICK20260500822,SO20260500822,2026-05-29 09:02,2026-05-29 14:48,2026-05-30 22:14,CT-NK,WH-CT-01,RC-DDFD41,Nồi cơm,Cuckoo 1.8L,Casper,3,1308000,3924000,Xe tải thuê ngoài,45000,Giao lại
SHIP20260500823,PICK20260500823,SO20260500823,2026-05-25 17:19,2026-05-25 19:08,2026-05-26 20:42,HCM-Q7,WH-HCM-02,AC-462093,Máy lạnh,Casper 1HP,Daikin,1,8499000,8499000,Nội bộ,120000,Đã giao
SHIP20260500824,PICK20260500824,SO20260500824,2026-05-28 18:04,2026-05-29 07:50,2026-05-29 12:39,BD-TDM,WH-BD-01,VC-490623,Máy hút bụi,Philips FC,LG,1,5508000,5508000,Ahamove,25000,Đã giao
SHIP20260500825,PICK20260500825,SO20260500825,2026-05-01 15:55,2026-05-01 21:44,2026-05-02 07:52,CT-NK,WH-CT-01,RC-1B752E,Nồi cơm,Panasonic 1.8L,Toshiba,2,2225000,4450000,Nội bộ,120000,Đã giao
SHIP20260500826,PICK20260500826,SO20260500826,2026-05-16 09:23,2026-05-16 10:55,2026-05-17 21:35,HCM-Q7,WH-HCM-02,VC-98037D,Máy hút bụi,Dyson V8,Sunhouse,1,4278000,4278000,Xe tải thuê ngoài,35000,Đã giao
SHIP20260500827,PICK20260500827,SO20260500827,2026-05-14 18:39,2026-05-15 00:08,2026-05-15 22:16,CT-NK,WH-CT-01,AC-F05394,Máy lạnh,Casper 1HP,Cuckoo,3,10587000,31761000,GrabExpress,145000,Hoàn tất
SHIP20260500828,PICK20260500828,SO20260500828,2026-05-10 11:25,2026-05-10 23:30,2026-05-11 08:03,HCM-TB,WH-HCM-03,MW-2091D9,Lò vi sóng,Electrolux 23L,Sharp,3,3572000,10716000,Nội bộ,35000,Đã giao
SHIP20260500829,PICK20260500829,SO20260500829,2026-05-17 09:53,2026-05-17 21:37,2026-05-17 23:51,BD-TDM,WH-BD-01,VC-A1C900,Máy hút bụi,Philips FC,Xiaomi,1,2397000,2397000,Xe tải thuê ngoài,65000,Đã giao
SHIP20260500830,PICK20260500830,SO20260500830,2026-05-15 14:11,2026-05-15 19:19,2026-05-17 05:00,DN-HC,WH-DN-01,BL-653303,Máy xay,Sunhouse Blender,Philips,2,1385000,2770000,Xe tải thuê ngoài,35000,Đã giao
SHIP20260500831,PICK20260500831,SO20260500831,2026-05-21 12:04,2026-05-21 23:08,2026-05-22 06:30,CT-NK,WH-CT-01,WM-65B7F8,Máy giặt,Samsung 10kg,Sony,3,11800000,35400000,GrabExpress,125000,Hoàn tất
SHIP20260500832,PICK20260500832,SO20260500832,2026-05-24 15:59,2026-05-25 01:21,2026-05-25 09:27,HCM-Q7,WH-HCM-02,BL-E08C31,Máy xay,Panasonic Blender,Philips,3,1563000,4689000,Ahamove,45000,Giao lại
SHIP20260500833,PICK20260500833,SO20260500833,2026-05-24 11:52,2026-05-25 03:06,2026-05-26 05:18,HCM-Q1,WH-HCM-01,AC-496EEC,Máy lạnh,Casper 1HP,Philips,3,6328000,18984000,GHN,240000,Giao lại
SHIP20260500834,PICK20260500834,SO20260500834,2026-05-17 14:30,2026-05-18 04:07,2026-05-19 15:40,HN-CG,WH-HN-01,TV-E37EE9,TV,"Samsung 55"" 4K",Casper,2,20475000,40950000,Xe tải thuê ngoài,170000,Đã giao
SHIP20260500835,PICK20260500835,SO20260500835,2026-05-10 08:58,2026-05-11 00:54,2026-05-12 10:22,DN-HC,WH-DN-01,TV-3A9F5F,TV,LG OLED 48,Casper,2,23828000,47656000,GrabExpress,185000,Hoàn tất
SHIP20260500836,PICK20260500836,SO20260500836,2026-05-17 14:58,2026-05-17 23:19,2026-05-19 04:48,HCM-Q1,WH-HCM-01,FN-5366D0,Quạt,Senko,Senko,2,627000,1254000,Xe tải thuê ngoài,35000,Đã giao
SHIP20260500837,PICK20260500837,SO20260500837,2026-05-10 17:29,2026-05-11 10:34,2026-05-11 17:41,HCM-TB,WH-HCM-03,MW-3E4330,Lò vi sóng,Sharp 20L,Samsung,2,1671000,3342000,GHN,0,Đã giao
SHIP20260500838,PICK20260500838,SO20260500838,2026-05-04 12:36,2026-05-04 16:57,2026-05-06 01:21,HN-CG,WH-HN-01,AC-C1535B,Máy lạnh,Panasonic 1.5HP,Asia,3,16301000,48903000,GHN,210000,Đã giao
SHIP20260500839,PICK20260500839,SO20260500839,2026-05-05 13:36,2026-05-05 19:13,2026-05-06 15:40,DN-HC,WH-DN-01,AC-9EB347,Máy lạnh,Panasonic 1.5HP,Xiaomi,1,10059000,10059000,GrabExpress,35000,Đã giao
SHIP20260500840,PICK20260500840,SO20260500840,2026-05-29 20:10,2026-05-30 07:44,2026-05-30 09:57,HN-HBT,WH-HN-02,KT-4F7F55,Ấm siêu tốc,Sunhouse,Electrolux,3,843000,2529000,Xe tải thuê ngoài,45000,Hoàn tất
SHIP20260500841,PICK20260500841,SO20260500841,2026-05-24 18:26,2026-05-25 02:33,2026-05-26 11:35,HN-HBT,WH-HN-02,VC-852D6B,Máy hút bụi,Philips FC,Sunhouse,3,1640000,4920000,Ahamove,25000,Đã giao
SHIP20260500842,PICK20260500842,SO20260500842,2026-05-11 18:43,2026-05-12 05:25,2026-05-13 07:39,HCM-Q1,WH-HCM-01,AC-4E849A,Máy lạnh,Daikin 1HP,Philips,3,5181000,15543000,GrabExpress,155000,Đã giao
SHIP20260500843,PICK20260500843,SO20260500843,2026-05-09 11:45,2026-05-10 05:07,2026-05-10 08:25,CT-NK,WH-CT-01,TV-3A9F5F,TV,LG OLED 48,Casper,1,22600000,22600000,Nội bộ,200000,Đã giao
SHIP20260500844,PICK20260500844,SO20260500844,2026-05-31 12:15,2026-06-01 00:57,2026-06-02 00:15,CT-NK,WH-CT-01,BL-C9164C,Máy xay,Philips Blender,Senko,1,578000,578000,Ahamove,0,Đã giao
SHIP20260500845,PICK20260500845,SO20260500845,2026-05-23 16:32,2026-05-24 03:41,2026-05-24 19:51,HCM-TB,WH-HCM-03,TV-C528C6,TV,LG OLED 48,Cuckoo,3,18811000,56433000,GrabExpress,80000,Đã giao
SHIP20260500846,PICK20260500846,SO20260500846,2026-05-31 10:29,2026-06-01 02:45,2026-06-02 12:36,HN-HBT,WH-HN-02,RC-469C5D,Nồi cơm,Cuckoo 1.8L,Philips,1,1380000,1380000,Xe tải thuê ngoài,35000,Hoàn tất
SHIP20260500847,PICK20260500847,SO20260500847,2026-05-28 18:33,2026-05-29 10:09,2026-05-30 18:15,CT-NK,WH-CT-01,RC-DFEBAA,Nồi cơm,Sharp 1.8L,LG,2,410000,820000,Ahamove,0,Đã giao
SHIP20260500848,PICK20260500848,SO20260500848,2026-05-16 14:38,2026-05-16 16:36,2026-05-16 20:52,HCM-Q1,WH-HCM-01,RC-DBD450,Nồi cơm,Cuckoo 1.8L,Senko,2,1165000,2330000,Ahamove,120000,Đã giao
SHIP20260500849,PICK20260500849,SO20260500849,2026-05-18 12:08,2026-05-19 01:58,2026-05-19 10:18,HCM-Q1,WH-HCM-01,FN-230559,Quạt,Asia,Sharp,1,814000,814000,GrabExpress,120000,Đã giao
SHIP20260500850,PICK20260500850,SO20260500850,2026-05-15 16:51,2026-05-16 03:41,2026-05-17 08:20,DN-HC,WH-DN-01,WM-85FDED,Máy giặt,Samsung 10kg,Asia,3,10426000,31278000,GHN,245000,Giao lại
SHIP20260500851,PICK20260500851,SO20260500851,2026-05-21 19:49,2026-05-22 04:00,2026-05-23 12:18,DN-HC,WH-DN-01,BL-A4802F,Máy xay,Philips Blender,Daikin,3,405000,1215000,Ahamove,120000,Hoàn tất
SHIP20260500852,PICK20260500852,SO20260500852,2026-05-25 13:05,2026-05-26 05:08,2026-05-27 00:33,HCM-TB,WH-HCM-03,TV-9A9F11,TV,"Samsung 55"" 4K",Toshiba,2,23362000,46724000,Xe tải thuê ngoài,165000,Đã giao
SHIP20260500853,PICK20260500853,SO20260500853,2026-05-14 19:03,2026-05-15 12:35,2026-05-15 19:02,HN-HBT,WH-HN-02,BL-A928A4,Máy xay,Philips Blender,LG,3,1603000,4809000,Nội bộ,45000,Đã giao
SHIP20260500854,PICK20260500854,SO20260500854,2026-05-29 20:15,2026-05-30 05:11,2026-05-31 13:09,HCM-TB,WH-HCM-03,AC-1FFCA0,Máy lạnh,Mitsubishi 1.5HP,Asia,3,15416000,46248000,GrabExpress,245000,Đã giao
SHIP20260500855,PICK20260500855,SO20260500855,2026-05-23 09:56,2026-05-24 00:48,2026-05-25 09:34,CT-NK,WH-CT-01,FN-A2F97E,Quạt,Senko,Xiaomi,3,1250000,3750000,Ahamove,120000,Hoàn tất
SHIP20260500856,PICK20260500856,SO20260500856,2026-05-12 09:20,2026-05-12 17:03,2026-05-13 11:34,HN-CG,WH-HN-01,VC-BEE8C8,Máy hút bụi,Xiaomi G10,Asia,2,8473000,16946000,Ahamove,205000,Hoàn tất
SHIP20260500857,PICK20260500857,SO20260500857,2026-05-05 12:29,2026-05-06 02:01,2026-05-06 16:51,HCM-Q7,WH-HCM-02,FN-FC4665,Quạt,Asia,Electrolux,2,1824000,3648000,GrabExpress,65000,Đã giao
SHIP20260500858,PICK20260500858,SO20260500858,2026-05-31 17:55,2026-05-31 22:03,2026-06-01 01:24,HCM-Q1,WH-HCM-01,WM-9170CB,Máy giặt,LG 9kg,LG,2,12304000,24608000,Xe tải thuê ngoài,185000,Đã giao
SHIP20260500859,PICK20260500859,SO20260500859,2026-05-18 12:11,2026-05-19 03:05,2026-05-19 07:28,HN-CG,WH-HN-01,AC-F32BBC,Máy lạnh,Mitsubishi 1.5HP,Mitsubishi,2,12414000,24828000,GrabExpress,215000,Giao lại
SHIP20260500860,PICK20260500860,SO20260500860,2026-05-24 09:57,2026-05-24 17:24,2026-05-25 11:27,CT-NK,WH-CT-01,WM-233DAD,Máy giặt,LG 9kg,Toshiba,1,6089000,6089000,GrabExpress,0,Đã giao
SHIP20260500861,PICK20260500861,SO20260500861,2026-05-09 13:44,2026-05-09 18:20,2026-05-10 15:35,CT-NK,WH-CT-01,BL-63B96E,Máy xay,Panasonic Blender,Panasonic,3,1659000,4977000,GHN,25000,Đã giao
SHIP20260500862,PICK20260500862,SO20260500862,2026-05-31 08:26,2026-05-31 17:52,2026-06-01 13:44,HN-CG,WH-HN-01,VC-DAE72D,Máy hút bụi,Dyson V8,Sharp,3,5434000,16302000,Nội bộ,125000,Đã giao
SHIP20260500863,PICK20260500863,SO20260500863,2026-05-12 14:51,2026-05-12 21:11,2026-05-13 18:59,HCM-Q7,WH-HCM-02,KT-8BE75F,Ấm siêu tốc,Kangaroo,Samsung,1,730000,730000,GHN,90000,Hoàn tất
SHIP20260500864,PICK20260500864,SO20260500864,2026-05-05 16:04,2026-05-05 19:00,2026-05-06 18:15,HCM-TB,WH-HCM-03,AC-4AA281,Máy lạnh,Casper 1HP,Samsung,1,6430000,6430000,Nội bộ,120000,Giao lại
SHIP20260500865,PICK20260500865,SO20260500865,2026-05-12 17:14,2026-05-12 19:04,2026-05-14 02:12,HCM-TB,WH-HCM-03,RC-19766E,Nồi cơm,Panasonic 1.8L,Sunhouse,1,1810000,1810000,Nội bộ,45000,Hoàn tất
SHIP20260500866,PICK20260500866,SO20260500866,2026-05-31 19:57,2026-05-31 21:48,2026-06-01 13:07,HCM-TB,WH-HCM-03,AC-310514,Máy lạnh,Daikin 1HP,Cuckoo,2,8750000,17500000,Ahamove,245000,Đã giao
SHIP20260500867,PICK20260500867,SO20260500867,2026-05-05 08:08,2026-05-05 12:51,2026-05-06 22:10,HCM-TB,WH-HCM-03,RC-4F65B1,Nồi cơm,Sunhouse 1.2L,Casper,1,1417000,1417000,Nội bộ,120000,Đã giao
SHIP20260500868,PICK20260500868,SO20260500868,2026-05-07 13:06,2026-05-07 20:06,2026-05-09 07:15,HN-HBT,WH-HN-02,FN-FC5CB1,Quạt,Asia,Asia,1,1400000,1400000,Ahamove,0,Hoàn tất
SHIP20260500869,PICK20260500869,SO20260500869,2026-05-13 08:37,2026-05-13 16:53,2026-05-14 08:53,HCM-Q1,WH-HCM-01,VC-D89B2B,Máy hút bụi,Xiaomi G10,LG,1,7487000,7487000,Nội bộ,65000,Giao lại
SHIP20260500870,PICK20260500870,SO20260500870,2026-05-23 16:42,2026-05-24 10:56,2026-05-24 14:03,HCM-Q1,WH-HCM-01,MW-8E4E78,Lò vi sóng,Panasonic 25L,Casper,1,954000,954000,GrabExpress,120000,Giao lại
SHIP20260500871,PICK20260500871,SO20260500871,2026-05-24 12:24,2026-05-25 07:00,2026-05-25 14:56,HCM-Q1,WH-HCM-01,RC-D51252,Nồi cơm,Sharp 1.8L,Daikin,2,375000,750000,Xe tải thuê ngoài,65000,Đã giao
SHIP20260500872,PICK20260500872,SO20260500872,2026-05-09 10:17,2026-05-10 03:13,2026-05-11 08:12,HCM-Q1,WH-HCM-01,BL-3258EA,Máy xay,Panasonic Blender,Mitsubishi,2,1067000,2134000,Xe tải thuê ngoài,45000,Giao lại
SHIP20260500873,PICK20260500873,SO20260500873,2026-05-18 16:13,2026-05-19 02:53,2026-05-20 05:32,HCM-TB,WH-HCM-03,VC-D86280,Máy hút bụi,Philips FC,Mitsubishi,2,5904000,11808000,GrabExpress,115000,Đã giao
SHIP20260500874,PICK20260500874,SO20260500874,2026-05-09 18:56,2026-05-09 20:10,2026-05-10 18:28,HCM-Q1,WH-HCM-01,BL-01E9C7,Máy xay,Panasonic Blender,Samsung,2,1643000,3286000,Ahamove,35000,Đã giao
SHIP20260500875,PICK20260500875,SO20260500875,2026-05-29 17:54,2026-05-30 09:13,2026-05-31 21:42,DN-HC,WH-DN-01,MW-4DBCB2,Lò vi sóng,Sharp 20L,Daikin,3,2465000,7395000,Xe tải thuê ngoài,0,Giao lại
SHIP20260500876,PICK20260500876,SO20260500876,2026-05-13 11:34,2026-05-14 00:17,2026-05-14 07:37,DN-HC,WH-DN-01,FN-02E143,Quạt,Senko,Sony,3,1583000,4749000,GHN,25000,Đã giao
SHIP20260500877,PICK20260500877,SO20260500877,2026-05-15 08:09,2026-05-15 18:33,2026-05-16 19:16,HN-CG,WH-HN-01,RF-6AEEF2,Tủ lạnh,Aqua 250L,Panasonic,2,16131000,32262000,Nội bộ,215000,Đã giao
SHIP20260500878,PICK20260500878,SO20260500878,2026-05-19 13:33,2026-05-20 03:05,2026-05-20 16:00,DN-HC,WH-DN-01,BL-08E06D,Máy xay,Philips Blender,Casper,3,1148000,3444000,Ahamove,25000,Đã giao
SHIP20260500879,PICK20260500879,SO20260500879,2026-05-18 12:25,2026-05-19 02:06,2026-05-19 14:41,HCM-TB,WH-HCM-03,KT-4207FB,Ấm siêu tốc,Sunhouse,Asia,1,317000,317000,GrabExpress,25000,Hoàn tất
SHIP20260500880,PICK20260500880,SO20260500880,2026-05-11 10:02,2026-05-11 22:01,2026-05-13 08:19,HCM-Q1,WH-HCM-01,MW-2666B6,Lò vi sóng,Panasonic 25L,Mitsubishi,1,1984000,1984000,Nội bộ,25000,Đã giao
SHIP20260500881,PICK20260500881,SO20260500881,2026-05-21 09:13,2026-05-21 17:19,2026-05-22 14:59,HCM-Q1,WH-HCM-01,BL-653303,Máy xay,Sunhouse Blender,Philips,3,753000,2259000,Xe tải thuê ngoài,45000,Đã giao
SHIP20260500882,PICK20260500882,SO20260500882,2026-05-08 17:50,2026-05-09 10:59,2026-05-09 17:02,DN-HC,WH-DN-01,MW-9A4EF9,Lò vi sóng,Panasonic 25L,Sharp,1,2013000,2013000,Nội bộ,35000,Đã giao
SHIP20260500883,PICK20260500883,SO20260500883,2026-05-15 12:00,2026-05-15 13:29,2026-05-16 20:42,BD-TDM,WH-BD-01,KT-912978,Ấm siêu tốc,Sunhouse,Philips,2,584000,1168000,Ahamove,90000,Đã giao
SHIP20260500884,PICK20260500884,SO20260500884,2026-05-24 20:18,2026-05-25 09:25,2026-05-25 19:59,HCM-TB,WH-HCM-03,AC-6D8176,Máy lạnh,Casper 1HP,Xiaomi,1,14447000,14447000,Nội bộ,105000,Hoàn tất
SHIP20260500885,PICK20260500885,SO20260500885,2026-05-13 14:08,2026-05-13 16:03,2026-05-14 13:17,HN-CG,WH-HN-01,FN-1B187A,Quạt,Panasonic,Panasonic,2,558000,1116000,Nội bộ,45000,Đã giao
SHIP20260500886,PICK20260500886,SO20260500886,2026-05-01 20:47,2026-05-02 10:36,2026-05-03 22:04,BD-TDM,WH-BD-01,KT-C02AC0,Ấm siêu tốc,Kangaroo,Asia,2,460000,920000,Nội bộ,65000,Đã giao
SHIP20260500887,PICK20260500887,SO20260500887,2026-05-03 18:11,2026-05-04 12:35,2026-05-05 07:08,DN-HC,WH-DN-01,BL-8A2ABB,Máy xay,Sunhouse Blender,Aqua,2,304000,608000,Xe tải thuê ngoài,120000,Đã giao
SHIP20260500888,PICK20260500888,SO20260500888,2026-05-01 20:29,2026-05-02 14:19,2026-05-02 18:18,BD-TDM,WH-BD-01,WM-80E146,Máy giặt,Panasonic 8.5kg,Mitsubishi,3,6806000,20418000,Nội bộ,245000,Giao lại
SHIP20260500889,PICK20260500889,SO20260500889,2026-05-14 08:02,2026-05-14 11:30,2026-05-15 19:19,HN-HBT,WH-HN-02,VC-7AF11E,Máy hút bụi,Philips FC,Panasonic,2,5515000,11030000,GrabExpress,240000,Hoàn tất
SHIP20260500890,PICK20260500890,SO20260500890,2026-05-19 14:59,2026-05-19 23:14,2026-05-20 18:05,DN-HC,WH-DN-01,WM-F25444,Máy giặt,LG 9kg,Xiaomi,3,6951000,20853000,Xe tải thuê ngoài,105000,Đã giao
SHIP20260500891,PICK20260500891,SO20260500891,2026-05-04 13:51,2026-05-04 15:54,2026-05-05 11:36,HCM-Q1,WH-HCM-01,RC-4F65B1,Nồi cơm,Sunhouse 1.2L,Casper,3,1413000,4239000,Xe tải thuê ngoài,90000,Đã giao
SHIP20260500892,PICK20260500892,SO20260500892,2026-05-06 19:26,2026-05-07 07:50,2026-05-08 17:48,BD-TDM,WH-BD-01,WM-B66625,Máy giặt,Panasonic 8.5kg,Sony,3,6981000,20943000,Nội bộ,125000,Hoàn tất
SHIP20260500893,PICK20260500893,SO20260500893,2026-05-23 18:52,2026-05-23 21:57,2026-05-25 10:17,CT-NK,WH-CT-01,AC-9068F8,Máy lạnh,Panasonic 1.5HP,Cuckoo,1,15823000,15823000,GrabExpress,120000,Đã giao
SHIP20260500894,PICK20260500894,SO20260500894,2026-05-12 12:15,2026-05-12 15:23,2026-05-13 22:41,HN-HBT,WH-HN-02,WM-4642FB,Máy giặt,LG 9kg,Asia,1,5503000,5503000,Xe tải thuê ngoài,25000,Đã giao
SHIP20260500895,PICK20260500895,SO20260500895,2026-05-05 15:58,2026-05-06 01:47,2026-05-07 02:15,BD-TDM,WH-BD-01,RF-D9A75C,Tủ lạnh,Samsung Inverter 350L,Sony,1,11174000,11174000,Nội bộ,45000,Đã giao
SHIP20260500896,PICK20260500896,SO20260500896,2026-05-17 19:31,2026-05-18 02:14,2026-05-18 16:54,HCM-Q1,WH-HCM-01,RF-577C9B,Tủ lạnh,Panasonic 300L,LG,3,15287000,45861000,Nội bộ,225000,Đã giao
SHIP20260500897,PICK20260500897,SO20260500897,2026-05-21 16:57,2026-05-22 08:46,2026-05-23 12:16,DN-HC,WH-DN-01,TV-E37EE9,TV,"Samsung 55"" 4K",Casper,3,24551000,73653000,Xe tải thuê ngoài,225000,Giao lại
SHIP20260500898,PICK20260500898,SO20260500898,2026-05-17 10:30,2026-05-18 03:53,2026-05-19 12:28,CT-NK,WH-CT-01,RF-263030,Tủ lạnh,Samsung Inverter 350L,Toshiba,1,14328000,14328000,Ahamove,270000,Đã giao
SHIP20260500899,PICK20260500899,SO20260500899,2026-05-29 09:22,2026-05-29 14:31,2026-05-30 07:56,HN-HBT,WH-HN-02,WM-41CB2E,Máy giặt,Panasonic 8.5kg,Toshiba,2,11245000,22490000,Nội bộ,120000,Giao lại
SHIP20260500900,PICK20260500900,SO20260500900,2026-05-01 08:29,2026-05-01 13:35,2026-05-02 06:16,HCM-Q7,WH-HCM-02,AC-48A793,Máy lạnh,Panasonic 1.5HP,Sony,1,14834000,14834000,Ahamove,105000,Đã giao
SHIP20260500901,PICK20260500901,SO20260500901,2026-05-29 20:35,2026-05-30 09:54,2026-05-31 14:52,HCM-Q7,WH-HCM-02,FN-AEDFD9,Quạt,Panasonic,Sony,1,526000,526000,Xe tải thuê ngoài,35000,Đã giao
SHIP20260500902,PICK20260500902,SO20260500902,2026-05-18 10:38,2026-05-19 02:26,2026-05-20 03:25,CT-NK,WH-CT-01,RF-F64CD4,Tủ lạnh,Samsung Inverter 350L,Casper,2,5731000,11462000,Nội bộ,65000,Hoàn tất
SHIP20260500903,PICK20260500903,SO20260500903,2026-05-02 15:52,2026-05-02 18:13,2026-05-03 11:22,HCM-TB,WH-HCM-03,TV-8A011F,TV,LG OLED 48,Philips,1,16525000,16525000,Nội bộ,170000,Hoàn tất
SHIP20260500904,PICK20260500904,SO20260500904,2026-05-05 17:50,2026-05-06 07:51,2026-05-07 19:32,HCM-TB,WH-HCM-03,RC-19766E,Nồi cơm,Panasonic 1.8L,Sunhouse,3,722000,2166000,Nội bộ,45000,Đã giao
SHIP20260500905,PICK20260500905,SO20260500905,2026-05-01 09:02,2026-05-01 18:12,2026-05-02 23:16,HN-CG,WH-HN-01,RF-F6944C,Tủ lạnh,LG 420L,Sunhouse,3,17356000,52068000,Ahamove,300000,Đã giao
SHIP20260500906,PICK20260500906,SO20260500906,2026-05-29 12:11,2026-05-29 14:28,2026-05-31 00:32,BD-TDM,WH-BD-01,KT-D30F74,Ấm siêu tốc,Kangaroo,Casper,2,722000,1444000,Xe tải thuê ngoài,65000,Hoàn tất
SHIP20260500907,PICK20260500907,SO20260500907,2026-05-18 09:58,2026-05-18 17:11,2026-05-19 15:27,HCM-Q7,WH-HCM-02,TV-8AC34D,TV,LG OLED 48,Daikin,3,8250000,24750000,Ahamove,125000,Đã giao
SHIP20260500908,PICK20260500908,SO20260500908,2026-05-05 16:58,2026-05-06 06:27,2026-05-06 11:01,CT-NK,WH-CT-01,BL-E08C31,Máy xay,Panasonic Blender,Philips,2,1319000,2638000,GrabExpress,65000,Đã giao
SHIP20260500909,PICK20260500909,SO20260500909,2026-05-04 09:24,2026-05-04 16:47,2026-05-06 04:29,HCM-Q1,WH-HCM-01,RC-BFF843,Nồi cơm,Cuckoo 1.8L,Xiaomi,2,1621000,3242000,Nội bộ,35000,Hoàn tất
SHIP20260500910,PICK20260500910,SO20260500910,2026-05-23 13:11,2026-05-24 04:55,2026-05-25 08:44,HN-HBT,WH-HN-02,VC-FDD792,Máy hút bụi,Philips FC,Casper,2,2344000,4688000,GrabExpress,0,Đã giao
SHIP20260500911,PICK20260500911,SO20260500911,2026-05-19 10:02,2026-05-19 19:51,2026-05-21 04:38,DN-HC,WH-DN-01,TV-8AC34D,TV,LG OLED 48,Daikin,1,28517000,28517000,Nội bộ,225000,Đã giao
SHIP20260500912,PICK20260500912,SO20260500912,2026-05-05 16:30,2026-05-05 18:32,2026-05-06 07:44,CT-NK,WH-CT-01,AC-076657,Máy lạnh,Mitsubishi 1.5HP,Xiaomi,2,13591000,27182000,Xe tải thuê ngoài,270000,Đã giao
SHIP20260500913,PICK20260500913,SO20260500913,2026-05-21 10:17,2026-05-21 17:47,2026-05-22 10:58,HCM-Q7,WH-HCM-02,RF-AA103D,Tủ lạnh,Panasonic 300L,Sunhouse,3,14976000,44928000,Nội bộ,300000,Đã giao
SHIP20260500914,PICK20260500914,SO20260500914,2026-05-15 13:10,2026-05-15 22:30,2026-05-16 03:00,HCM-Q7,WH-HCM-02,TV-24D9E9,TV,"Samsung 55"" 4K",Panasonic,2,23417000,46834000,Xe tải thuê ngoài,205000,Giao lại
SHIP20260500915,PICK20260500915,SO20260500915,2026-05-07 18:24,2026-05-08 10:37,2026-05-08 23:14,DN-HC,WH-DN-01,BL-A928A4,Máy xay,Philips Blender,LG,2,1437000,2874000,Nội bộ,65000,Đã giao
SHIP20260500916,PICK20260500916,SO20260500916,2026-05-30 10:54,2026-05-31 05:28,2026-06-01 05:30,CT-NK,WH-CT-01,KT-4D110F,Ấm siêu tốc,Kangaroo,Toshiba,3,307000,921000,GHN,90000,Đã giao
SHIP20260500917,PICK20260500917,SO20260500917,2026-05-09 08:39,2026-05-09 18:03,2026-05-10 12:18,HCM-Q7,WH-HCM-02,WM-F9045A,Máy giặt,LG 9kg,Casper,2,5821000,11642000,GrabExpress,120000,Giao lại
SHIP20260500918,PICK20260500918,SO20260500918,2026-05-07 16:32,2026-05-08 04:03,2026-05-09 13:24,HCM-TB,WH-HCM-03,KT-DB0B2F,Ấm siêu tốc,Sunhouse,Mitsubishi,1,206000,206000,GrabExpress,65000,Giao lại
SHIP20260500919,PICK20260500919,SO20260500919,2026-05-22 19:24,2026-05-23 14:19,2026-05-24 18:56,HCM-Q7,WH-HCM-02,AC-7543C2,Máy lạnh,Casper 1HP,Panasonic,3,8234000,24702000,Xe tải thuê ngoài,145000,Đã giao
SHIP20260500920,PICK20260500920,SO20260500920,2026-05-04 13:31,2026-05-05 03:15,2026-05-05 14:47,CT-NK,WH-CT-01,WM-5CD83A,Máy giặt,LG 9kg,Samsung,2,11427000,22854000,Ahamove,125000,Giao lại
SHIP20260500921,PICK20260500921,SO20260500921,2026-05-17 19:09,2026-05-18 06:29,2026-05-18 12:56,DN-HC,WH-DN-01,TV-7D99ED,TV,"Sony 65""",Philips,3,18272000,54816000,Nội bộ,180000,Giao lại
SHIP20260500922,PICK20260500922,SO20260500922,2026-05-27 20:00,2026-05-27 22:08,2026-05-28 07:57,BD-TDM,WH-BD-01,TV-5243F8,TV,"Samsung 55"" 4K",LG,3,25481000,76443000,GrabExpress,205000,Hoàn tất
SHIP20260500923,PICK20260500923,SO20260500923,2026-05-14 13:21,2026-05-14 18:43,2026-05-14 21:37,HCM-TB,WH-HCM-03,KT-4F7F55,Ấm siêu tốc,Sunhouse,Electrolux,1,238000,238000,Xe tải thuê ngoài,25000,Đã giao
SHIP20260500924,PICK20260500924,SO20260500924,2026-05-08 13:49,2026-05-09 02:59,2026-05-09 10:07,HCM-TB,WH-HCM-03,MW-D62048,Lò vi sóng,Panasonic 25L,Xiaomi,1,1818000,1818000,Xe tải thuê ngoài,0,Giao lại
SHIP20260500925,PICK20260500925,SO20260500925,2026-05-02 14:17,2026-05-02 23:47,2026-05-03 07:15,BD-TDM,WH-BD-01,RC-73BA31,Nồi cơm,Cuckoo 1.8L,Toshiba,1,1181000,1181000,Xe tải thuê ngoài,65000,Đã giao
SHIP20260500926,PICK20260500926,SO20260500926,2026-05-07 11:34,2026-05-08 01:56,2026-05-09 09:26,CT-NK,WH-CT-01,VC-B567E6,Máy hút bụi,Philips FC,Cuckoo,2,1597000,3194000,Xe tải thuê ngoài,0,Đã giao
SHIP20260500927,PICK20260500927,SO20260500927,2026-05-24 19:37,2026-05-25 13:44,2026-05-26 09:37,DN-HC,WH-DN-01,VC-90E8C9,Máy hút bụi,Xiaomi G10,Electrolux,2,4148000,8296000,GrabExpress,45000,Đã giao
SHIP20260500928,PICK20260500928,SO20260500928,2026-05-05 13:23,2026-05-05 17:02,2026-05-06 23:28,BD-TDM,WH-BD-01,RC-007FFA,Nồi cơm,Sharp 1.8L,Cuckoo,3,604000,1812000,GHN,65000,Đã giao
SHIP20260500929,PICK20260500929,SO20260500929,2026-05-11 14:05,2026-05-12 01:23,2026-05-13 07:29,HCM-Q7,WH-HCM-02,FN-FF4EE8,Quạt,Panasonic,Sunhouse,2,1324000,2648000,GrabExpress,35000,Giao lại
SHIP20260500930,PICK20260500930,SO20260500930,2026-05-21 16:14,2026-05-22 06:43,2026-05-22 19:11,HCM-Q7,WH-HCM-02,RC-18F162,Nồi cơm,Sharp 1.8L,Toshiba,2,2576000,5152000,Nội bộ,120000,Đã giao
SHIP20260500931,PICK20260500931,SO20260500931,2026-05-03 15:00,2026-05-04 03:04,2026-05-04 06:12,DN-HC,WH-DN-01,RC-24D4CE,Nồi cơm,Sunhouse 1.2L,Philips,1,1161000,1161000,GHN,65000,Đã giao
SHIP20260500932,PICK20260500932,SO20260500932,2026-05-27 20:16,2026-05-28 10:44,2026-05-29 23:19,BD-TDM,WH-BD-01,RF-082E8A,Tủ lạnh,Panasonic 300L,Senko,3,7116000,21348000,Ahamove,205000,Hoàn tất
SHIP20260500933,PICK20260500933,SO20260500933,2026-05-29 11:40,2026-05-30 00:15,2026-05-30 17:51,HCM-TB,WH-HCM-03,WM-565F25,Máy giặt,Samsung 10kg,Daikin,2,10707000,21414000,Nội bộ,240000,Đã giao
SHIP20260500934,PICK20260500934,SO20260500934,2026-05-17 16:06,2026-05-18 07:47,2026-05-19 06:39,HN-CG,WH-HN-01,VC-87EB59,Máy hút bụi,Dyson V8,Sony,1,4999000,4999000,GrabExpress,120000,Đã giao
SHIP20260500935,PICK20260500935,SO20260500935,2026-05-15 15:32,2026-05-16 00:26,2026-05-16 07:12,HN-HBT,WH-HN-02,TV-12CDFD,TV,"Samsung 55"" 4K",Sunhouse,3,27875000,83625000,Ahamove,165000,Đã giao
SHIP20260500936,PICK20260500936,SO20260500936,2026-05-27 11:57,2026-05-27 22:21,2026-05-28 13:30,CT-NK,WH-CT-01,WM-694A64,Máy giặt,Toshiba 9kg,Mitsubishi,1,5955000,5955000,GrabExpress,0,Hoàn tất
SHIP20260500937,PICK20260500937,SO20260500937,2026-05-25 17:23,2026-05-26 00:47,2026-05-26 16:14,HCM-Q7,WH-HCM-02,WM-2B1470,Máy giặt,Samsung 10kg,Philips,3,4874000,14622000,Nội bộ,240000,Hoàn tất
SHIP20260500938,PICK20260500938,SO20260500938,2026-05-24 11:40,2026-05-24 20:18,2026-05-25 09:59,HN-HBT,WH-HN-02,FN-A4A668,Quạt,Asia,Cuckoo,3,963000,2889000,Xe tải thuê ngoài,65000,Hoàn tất
SHIP20260500939,PICK20260500939,SO20260500939,2026-05-23 13:13,2026-05-23 20:27,2026-05-25 05:56,HN-CG,WH-HN-01,VC-96423F,Máy hút bụi,Dyson V8,Xiaomi,2,2762000,5524000,Ahamove,120000,Đã giao
SHIP20260500940,PICK20260500940,SO20260500940,2026-05-06 10:48,2026-05-06 12:42,2026-05-07 03:39,HCM-Q1,WH-HCM-01,AC-A3A658,Máy lạnh,Panasonic 1.5HP,Aqua,1,9740000,9740000,Xe tải thuê ngoài,90000,Đã giao
SHIP20260500941,PICK20260500941,SO20260500941,2026-05-03 12:02,2026-05-04 05:19,2026-05-05 02:58,CT-NK,WH-CT-01,FN-4806DD,Quạt,Panasonic,Mitsubishi,2,1099000,2198000,GHN,25000,Giao lại
SHIP20260500942,PICK20260500942,SO20260500942,2026-05-14 11:05,2026-05-14 15:35,2026-05-15 22:18,HCM-Q7,WH-HCM-02,AC-389085,Máy lạnh,Mitsubishi 1.5HP,Samsung,2,15533000,31066000,Nội bộ,105000,Giao lại
SHIP20260500943,PICK20260500943,SO20260500943,2026-05-14 13:51,2026-05-14 17:45,2026-05-14 20:46,HN-CG,WH-HN-01,KT-80B935,Ấm siêu tốc,Kangaroo,LG,1,943000,943000,Ahamove,65000,Đã giao
SHIP20260500944,PICK20260500944,SO20260500944,2026-05-14 10:55,2026-05-14 18:59,2026-05-16 06:55,HN-CG,WH-HN-01,WM-57BF8B,Máy giặt,LG 9kg,Panasonic,3,13458000,40374000,Xe tải thuê ngoài,125000,Đã giao
SHIP20260500945,PICK20260500945,SO20260500945,2026-05-12 15:23,2026-05-13 09:27,2026-05-14 20:32,BD-TDM,WH-BD-01,TV-F84775,TV,"Sony 65""",Xiaomi,3,23937000,71811000,GHN,170000,Đã giao
SHIP20260500946,PICK20260500946,SO20260500946,2026-05-01 18:31,2026-05-01 20:19,2026-05-02 18:13,HCM-Q7,WH-HCM-02,MW-807E15,Lò vi sóng,Panasonic 25L,Asia,2,3696000,7392000,Nội bộ,25000,Đã giao
SHIP20260500947,PICK20260500947,SO20260500947,2026-05-30 16:44,2026-05-30 19:10,2026-05-31 03:50,HN-HBT,WH-HN-02,WM-57BF8B,Máy giặt,LG 9kg,Panasonic,2,8308000,16616000,GrabExpress,120000,Hoàn tất
SHIP20260500948,PICK20260500948,SO20260500948,2026-05-26 17:56,2026-05-27 01:38,2026-05-28 06:42,BD-TDM,WH-BD-01,BL-2439D2,Máy xay,Philips Blender,Sony,3,1081000,3243000,GHN,120000,Giao lại
SHIP20260500949,PICK20260500949,SO20260500949,2026-05-17 19:09,2026-05-17 20:17,2026-05-18 22:52,BD-TDM,WH-BD-01,RF-7A08B1,Tủ lạnh,Samsung Inverter 350L,Xiaomi,2,15304000,30608000,GHN,210000,Hoàn tất
SHIP20260500950,PICK20260500950,SO20260500950,2026-05-17 08:00,2026-05-17 10:40,2026-05-18 21:26,DN-HC,WH-DN-01,FN-B2666C,Quạt,Panasonic,Daikin,2,597000,1194000,GHN,90000,Giao lại
SHIP20260500951,PICK20260500951,SO20260500951,2026-05-31 14:31,2026-06-01 07:57,2026-06-02 02:43,BD-TDM,WH-BD-01,RC-DDFD41,Nồi cơm,Cuckoo 1.8L,Casper,1,1123000,1123000,Nội bộ,25000,Đã giao
SHIP20260500952,PICK20260500952,SO20260500952,2026-05-27 15:45,2026-05-27 21:33,2026-05-29 03:40,HCM-Q1,WH-HCM-01,VC-FDD792,Máy hút bụi,Philips FC,Casper,1,6773000,6773000,Nội bộ,90000,Giao lại
SHIP20260500953,PICK20260500953,SO20260500953,2026-05-13 08:59,2026-05-13 10:39,2026-05-14 06:38,HN-CG,WH-HN-01,FN-441B27,Quạt,Senko,Samsung,3,1108000,3324000,Nội bộ,120000,Đã giao
SHIP20260500954,PICK20260500954,SO20260500954,2026-05-06 18:04,2026-05-07 11:13,2026-05-08 02:39,HCM-TB,WH-HCM-03,MW-6902E3,Lò vi sóng,Sharp 20L,Sony,3,3095000,9285000,Ahamove,90000,Đã giao
SHIP20260500955,PICK20260500955,SO20260500955,2026-05-06 14:05,2026-05-07 03:20,2026-05-07 12:06,HN-CG,WH-HN-01,RF-3465A9,Tủ lạnh,Aqua 250L,Samsung,1,5077000,5077000,Ahamove,45000,Đã giao
SHIP20260500956,PICK20260500956,SO20260500956,2026-05-25 20:56,2026-05-26 03:38,2026-05-27 00:54,HCM-Q7,WH-HCM-02,AC-4EC148,Máy lạnh,Mitsubishi 1.5HP,Toshiba,2,10057000,20114000,GrabExpress,225000,Giao lại
SHIP20260500957,PICK20260500957,SO20260500957,2026-05-15 18:45,2026-05-16 04:09,2026-05-16 21:09,HCM-TB,WH-HCM-03,RF-6FD99B,Tủ lạnh,Panasonic 300L,Casper,1,6010000,6010000,GrabExpress,35000,Đã giao
SHIP20260500958,PICK20260500958,SO20260500958,2026-05-24 18:22,2026-05-25 09:57,2026-05-26 13:32,BD-TDM,WH-BD-01,TV-92EE57,TV,LG OLED 48,LG,3,29763000,89289000,Ahamove,205000,Đã giao
SHIP20260500959,PICK20260500959,SO20260500959,2026-05-16 08:07,2026-05-16 10:35,2026-05-17 20:20,HN-HBT,WH-HN-02,FN-310542,Quạt,Senko,Casper,2,949000,1898000,Nội bộ,25000,Giao lại
SHIP20260500960,PICK20260500960,SO20260500960,2026-05-20 12:43,2026-05-21 07:23,2026-05-21 23:51,HCM-Q1,WH-HCM-01,TV-DD0514,TV,"Samsung 55"" 4K",Mitsubishi,2,28483000,56966000,Nội bộ,170000,Đã giao
SHIP20260500961,PICK20260500961,SO20260500961,2026-05-01 08:32,2026-05-02 00:04,2026-05-03 01:09,HCM-Q1,WH-HCM-01,KT-881318,Ấm siêu tốc,Sunhouse,Sony,1,832000,832000,GrabExpress,35000,Đã giao
SHIP20260500962,PICK20260500962,SO20260500962,2026-05-03 17:37,2026-05-04 05:41,2026-05-04 12:34,BD-TDM,WH-BD-01,BL-21A1FA,Máy xay,Sunhouse Blender,Electrolux,2,669000,1338000,Ahamove,120000,Đã giao
SHIP20260500963,PICK20260500963,SO20260500963,2026-05-04 19:29,2026-05-05 07:51,2026-05-05 14:21,HN-HBT,WH-HN-02,VC-AA028D,Máy hút bụi,Xiaomi G10,Daikin,3,4803000,14409000,Ahamove,165000,Hoàn tất
SHIP20260500964,PICK20260500964,SO20260500964,2026-05-09 17:58,2026-05-10 07:05,2026-05-10 11:24,HN-CG,WH-HN-01,MW-E3450C,Lò vi sóng,Electrolux 23L,LG,3,1064000,3192000,GrabExpress,90000,Giao lại
SHIP20260500965,PICK20260500965,SO20260500965,2026-05-03 17:49,2026-05-04 04:47,2026-05-04 11:47,CT-NK,WH-CT-01,FN-422F6A,Quạt,Senko,Sharp,3,845000,2535000,Nội bộ,120000,Giao lại
SHIP20260500966,PICK20260500966,SO20260500966,2026-05-30 16:52,2026-05-31 04:07,2026-06-01 09:37,CT-NK,WH-CT-01,AC-6D8176,Máy lạnh,Casper 1HP,Xiaomi,1,4825000,4825000,Ahamove,65000,Đã giao
SHIP20260500967,PICK20260500967,SO20260500967,2026-05-26 13:04,2026-05-26 18:45,2026-05-27 15:38,BD-TDM,WH-BD-01,RC-DA441E,Nồi cơm,Cuckoo 1.8L,Asia,2,778000,1556000,GHN,45000,Giao lại
SHIP20260500968,PICK20260500968,SO20260500968,2026-05-23 15:40,2026-05-24 07:10,2026-05-24 11:25,HCM-Q1,WH-HCM-01,BL-271795,Máy xay,Panasonic Blender,Sony,3,1327000,3981000,Nội bộ,65000,Giao lại
SHIP20260500969,PICK20260500969,SO20260500969,2026-05-01 14:26,2026-05-02 02:40,2026-05-03 04:03,CT-NK,WH-CT-01,BL-21A1FA,Máy xay,Sunhouse Blender,Electrolux,1,999000,999000,GHN,65000,Hoàn tất
SHIP20260500970,PICK20260500970,SO20260500970,2026-05-01 15:14,2026-05-01 21:24,2026-05-02 21:40,HCM-Q7,WH-HCM-02,WM-2257EF,Máy giặt,Samsung 10kg,Panasonic,2,10590000,21180000,GHN,240000,Đã giao
SHIP20260500971,PICK20260500971,SO20260500971,2026-05-06 14:51,2026-05-06 20:22,2026-05-08 07:50,DN-HC,WH-DN-01,RC-30A967,Nồi cơm,Sharp 1.8L,Mitsubishi,3,786000,2358000,GHN,90000,Hoàn tất
SHIP20260500972,PICK20260500972,SO20260500972,2026-05-03 13:24,2026-05-03 19:35,2026-05-04 00:31,BD-TDM,WH-BD-01,MW-6902E3,Lò vi sóng,Sharp 20L,Sony,3,974000,2922000,GrabExpress,25000,Đã giao
SHIP20260500973,PICK20260500973,SO20260500973,2026-05-22 19:06,2026-05-23 12:34,2026-05-23 17:08,HN-CG,WH-HN-01,RC-CA9512,Nồi cơm,Sharp 1.8L,Philips,3,634000,1902000,GrabExpress,25000,Đã giao
SHIP20260500974,PICK20260500974,SO20260500974,2026-05-09 13:35,2026-05-09 20:17,2026-05-10 16:55,HCM-TB,WH-HCM-03,FN-E10178,Quạt,Panasonic,Xiaomi,3,1432000,4296000,GrabExpress,25000,Giao lại
SHIP20260500975,PICK20260500975,SO20260500975,2026-05-12 10:17,2026-05-12 22:29,2026-05-14 07:12,HCM-Q7,WH-HCM-02,FN-E10178,Quạt,Panasonic,Xiaomi,3,666000,1998000,Xe tải thuê ngoài,35000,Đã giao
SHIP20260500976,PICK20260500976,SO20260500976,2026-05-29 17:43,2026-05-29 20:47,2026-05-31 06:00,DN-HC,WH-DN-01,RC-C8DD6A,Nồi cơm,Panasonic 1.8L,LG,2,1094000,2188000,GrabExpress,35000,Đã giao
SHIP20260500977,PICK20260500977,SO20260500977,2026-05-18 11:50,2026-05-18 15:53,2026-05-20 03:26,HCM-Q7,WH-HCM-02,RC-3972B5,Nồi cơm,Sharp 1.8L,Samsung,1,1234000,1234000,Ahamove,65000,Giao lại
SHIP20260500978,PICK20260500978,SO20260500978,2026-05-07 19:43,2026-05-08 13:59,2026-05-09 01:54,BD-TDM,WH-BD-01,TV-BE7A4B,TV,"TCL 50""",Sunhouse,1,10844000,10844000,Xe tải thuê ngoài,65000,Đã giao
SHIP20260500979,PICK20260500979,SO20260500979,2026-05-13 17:01,2026-05-14 07:40,2026-05-14 12:22,BD-TDM,WH-BD-01,KT-925318,Ấm siêu tốc,Philips,Toshiba,2,509000,1018000,GrabExpress,25000,Đã giao
SHIP20260500980,PICK20260500980,SO20260500980,2026-05-18 19:01,2026-05-19 12:10,2026-05-20 18:01,BD-TDM,WH-BD-01,RF-8A361D,Tủ lạnh,Aqua 250L,Sharp,1,14199000,14199000,GrabExpress,65000,Đã giao
SHIP20260500981,PICK20260500981,SO20260500981,2026-05-30 15:55,2026-05-30 17:50,2026-05-31 18:38,HN-CG,WH-HN-01,RF-ECA283,Tủ lạnh,Panasonic 300L,Panasonic,2,10654000,21308000,GHN,210000,Đã giao
SHIP20260500982,PICK20260500982,SO20260500982,2026-05-20 11:30,2026-05-20 14:49,2026-05-22 00:53,HCM-Q1,WH-HCM-01,VC-DE537A,Máy hút bụi,Dyson V8,Electrolux,3,6696000,20088000,Nội bộ,145000,Hoàn tất
SHIP20260500983,PICK20260500983,SO20260500983,2026-05-11 11:00,2026-05-12 03:27,2026-05-12 08:39,HCM-Q1,WH-HCM-01,RC-5D6078,Nồi cơm,Cuckoo 1.8L,Sunhouse,3,2281000,6843000,GHN,90000,Giao lại
SHIP20260500984,PICK20260500984,SO20260500984,2026-05-25 14:06,2026-05-26 00:40,2026-05-26 08:30,HCM-Q7,WH-HCM-02,FN-FE30E7,Quạt,Panasonic,Senko,2,1358000,2716000,Nội bộ,25000,Đã giao
SHIP20260500985,PICK20260500985,SO20260500985,2026-05-23 19:33,2026-05-24 02:21,2026-05-25 11:32,HN-HBT,WH-HN-02,WM-B05DAD,Máy giặt,LG 9kg,Sony,1,12670000,12670000,GHN,120000,Đã giao
SHIP20260500986,PICK20260500986,SO20260500986,2026-05-16 12:13,2026-05-16 15:16,2026-05-16 19:51,HN-HBT,WH-HN-02,RF-37AAE4,Tủ lạnh,LG 420L,Philips,3,11512000,34536000,Xe tải thuê ngoài,105000,Đã giao
SHIP20260500987,PICK20260500987,SO20260500987,2026-05-11 17:39,2026-05-11 20:12,2026-05-12 05:49,HCM-Q7,WH-HCM-02,WM-70D3A7,Máy giặt,Panasonic 8.5kg,Daikin,1,5176000,5176000,Xe tải thuê ngoài,65000,Hoàn tất
SHIP20260500988,PICK20260500988,SO20260500988,2026-05-19 14:40,2026-05-19 23:50,2026-05-20 01:50,DN-HC,WH-DN-01,WM-0EC5E7,Máy giặt,Toshiba 9kg,Sony,2,5725000,11450000,Nội bộ,65000,Đã giao
SHIP20260500989,PICK20260500989,SO20260500989,2026-05-29 14:03,2026-05-30 03:11,2026-05-30 17:57,BD-TDM,WH-BD-01,AC-D15C8F,Máy lạnh,Daikin 1HP,Xiaomi,1,14169000,14169000,GHN,145000,Giao lại
SHIP20260500990,PICK20260500990,SO20260500990,2026-05-20 09:28,2026-05-21 02:54,2026-05-22 09:11,HN-HBT,WH-HN-02,FN-077AB7,Quạt,Panasonic,Samsung,2,771000,1542000,GrabExpress,65000,Đã giao
SHIP20260500991,PICK20260500991,SO20260500991,2026-05-19 11:20,2026-05-20 02:30,2026-05-21 08:04,HCM-Q1,WH-HCM-01,KT-9065A4,Ấm siêu tốc,Philips,Mitsubishi,1,746000,746000,GrabExpress,120000,Đã giao
SHIP20260500992,PICK20260500992,SO20260500992,2026-05-17 11:37,2026-05-18 03:32,2026-05-19 05:49,DN-HC,WH-DN-01,BL-9D0A0A,Máy xay,Sunhouse Blender,Cuckoo,3,797000,2391000,Nội bộ,0,Đã giao
SHIP20260500993,PICK20260500993,SO20260500993,2026-05-04 11:38,2026-05-04 16:20,2026-05-05 13:43,CT-NK,WH-CT-01,RC-7580B4,Nồi cơm,Panasonic 1.8L,Panasonic,1,2688000,2688000,Nội bộ,45000,Hoàn tất
SHIP20260500994,PICK20260500994,SO20260500994,2026-05-27 08:31,2026-05-27 19:16,2026-05-28 01:33,BD-TDM,WH-BD-01,MW-F8E59D,Lò vi sóng,Sharp 20L,Sharp,3,4020000,12060000,GHN,45000,Đã giao
SHIP20260500995,PICK20260500995,SO20260500995,2026-05-27 20:38,2026-05-28 12:21,2026-05-29 01:12,HN-HBT,WH-HN-02,RF-263030,Tủ lạnh,Samsung Inverter 350L,Toshiba,2,13390000,26780000,Nội bộ,165000,Đã giao
SHIP20260500996,PICK20260500996,SO20260500996,2026-05-05 10:27,2026-05-05 22:58,2026-05-06 22:01,HCM-TB,WH-HCM-03,FN-A2F97E,Quạt,Senko,Xiaomi,1,707000,707000,Nội bộ,35000,Giao lại
SHIP20260500997,PICK20260500997,SO20260500997,2026-05-24 10:35,2026-05-25 04:58,2026-05-25 09:38,HCM-TB,WH-HCM-03,BL-3258EA,Máy xay,Panasonic Blender,Mitsubishi,3,592000,1776000,GrabExpress,35000,Đã giao
SHIP20260500998,PICK20260500998,SO20260500998,2026-05-28 12:37,2026-05-29 01:41,2026-05-30 02:52,HN-CG,WH-HN-01,MW-8EFC71,Lò vi sóng,Electrolux 23L,Cuckoo,3,2488000,7464000,GHN,35000,Đã giao
SHIP20260500999,PICK20260500999,SO20260500999,2026-05-04 11:01,2026-05-04 14:07,2026-05-05 20:55,HCM-Q1,WH-HCM-01,TV-3C8911,TV,LG OLED 48,Sharp,2,28443000,56886000,Nội bộ,155000,Đã giao
SHIP20260501000,PICK20260501000,SO20260501000,2026-05-24 16:07,2026-05-24 23:13,2026-05-25 17:48,BD-TDM,WH-BD-01,MW-2666B6,Lò vi sóng,Panasonic 25L,Mitsubishi,2,2217000,4434000,Ahamove,45000,Giao lại
SHIP20260501001,PICK20260501001,SO20260501001,2026-05-07 08:54,2026-05-07 13:24,2026-05-07 18:13,DN-HC,WH-DN-01,MW-4F3182,Lò vi sóng,Panasonic 25L,Daikin,1,1633000,1633000,GHN,0,Hoàn tất
SHIP20260501002,PICK20260501002,SO20260501002,2026-05-04 16:26,2026-05-05 08:30,2026-05-06 15:09,HCM-TB,WH-HCM-03,MW-8E4E78,Lò vi sóng,Panasonic 25L,Casper,2,4190000,8380000,GHN,25000,Đã giao
SHIP20260501003,PICK20260501003,SO20260501003,2026-05-08 12:52,2026-05-08 19:04,2026-05-09 19:07,CT-NK,WH-CT-01,AC-1FFCA0,Máy lạnh,Mitsubishi 1.5HP,Asia,3,12732000,38196000,GHN,215000,Đã giao
SHIP20260501004,PICK20260501004,SO20260501004,2026-05-22 14:21,2026-05-22 22:06,2026-05-23 19:59,HCM-Q7,WH-HCM-02,MW-42D56C,Lò vi sóng,Electrolux 23L,Sony,1,2795000,2795000,GHN,25000,Giao lại
SHIP20260501005,PICK20260501005,SO20260501005,2026-05-04 16:33,2026-05-05 02:52,2026-05-05 09:04,BD-TDM,WH-BD-01,AC-4EC148,Máy lạnh,Mitsubishi 1.5HP,Toshiba,2,5179000,10358000,Xe tải thuê ngoài,0,Hoàn tất
SHIP20260501006,PICK20260501006,SO20260501006,2026-05-05 20:14,2026-05-06 07:47,2026-05-07 20:18,DN-HC,WH-DN-01,RC-3298C0,Nồi cơm,Sunhouse 1.2L,Asia,2,1093000,2186000,Xe tải thuê ngoài,0,Hoàn tất
SHIP20260501007,PICK20260501007,SO20260501007,2026-05-28 11:22,2026-05-29 01:48,2026-05-29 08:48,HN-CG,WH-HN-01,BL-3258EA,Máy xay,Panasonic Blender,Mitsubishi,1,1446000,1446000,GHN,65000,Đã giao
SHIP20260501008,PICK20260501008,SO20260501008,2026-05-12 14:49,2026-05-12 21:19,2026-05-14 03:34,HCM-Q1,WH-HCM-01,VC-F24900,Máy hút bụi,Xiaomi G10,Sunhouse,1,7467000,7467000,Nội bộ,35000,Đã giao
SHIP20260501009,PICK20260501009,SO20260501009,2026-05-05 16:10,2026-05-06 05:23,2026-05-07 18:17,HN-HBT,WH-HN-02,KT-A97869,Ấm siêu tốc,Sunhouse,LG,1,497000,497000,GHN,120000,Đã giao
SHIP20260501010,PICK20260501010,SO20260501010,2026-05-30 16:33,2026-05-31 01:10,2026-05-31 09:21,CT-NK,WH-CT-01,AC-E8C723,Máy lạnh,Casper 1HP,Mitsubishi,3,10438000,31314000,Ahamove,270000,Đã giao
SHIP20260501011,PICK20260501011,SO20260501011,2026-05-05 14:45,2026-05-05 16:08,2026-05-06 04:53,HN-CG,WH-HN-01,RF-F74DE6,Tủ lạnh,LG 420L,Toshiba,3,8033000,24099000,GHN,80000,Đã giao
SHIP20260501012,PICK20260501012,SO20260501012,2026-05-15 08:49,2026-05-15 23:29,2026-05-16 13:08,DN-HC,WH-DN-01,BL-BE1E34,Máy xay,Panasonic Blender,Senko,1,1004000,1004000,Nội bộ,65000,Đã giao
SHIP20260501013,PICK20260501013,SO20260501013,2026-05-01 09:38,2026-05-02 00:10,2026-05-02 21:28,HN-HBT,WH-HN-02,RC-3298C0,Nồi cơm,Sunhouse 1.2L,Asia,2,603000,1206000,Nội bộ,45000,Đã giao
SHIP20260501014,PICK20260501014,SO20260501014,2026-05-11 20:17,2026-05-12 01:44,2026-05-13 02:45,HN-HBT,WH-HN-02,FN-5D5A92,Quạt,Asia,Casper,1,686000,686000,Xe tải thuê ngoài,25000,Đã giao
SHIP20260501015,PICK20260501015,SO20260501015,2026-05-27 12:14,2026-05-27 23:16,2026-05-28 23:53,BD-TDM,WH-BD-01,MW-8E4E78,Lò vi sóng,Panasonic 25L,Casper,2,3130000,6260000,Nội bộ,90000,Đã giao
SHIP20260501016,PICK20260501016,SO20260501016,2026-05-04 20:47,2026-05-05 15:07,2026-05-06 12:06,HN-CG,WH-HN-01,TV-7839D5,TV,"TCL 50""",Xiaomi,1,19943000,19943000,GHN,245000,Giao lại
SHIP20260501017,PICK20260501017,SO20260501017,2026-05-22 15:47,2026-05-22 22:03,2026-05-23 16:53,CT-NK,WH-CT-01,MW-B116A2,Lò vi sóng,Panasonic 25L,Senko,1,3314000,3314000,GHN,0,Đã giao
SHIP20260501018,PICK20260501018,SO20260501018,2026-05-28 18:13,2026-05-29 06:44,2026-05-29 11:51,HN-CG,WH-HN-01,RC-A61405,Nồi cơm,Sunhouse 1.2L,Senko,2,2689000,5378000,Ahamove,120000,Hoàn tất
SHIP20260501019,PICK20260501019,SO20260501019,2026-05-17 18:34,2026-05-18 10:43,2026-05-18 23:21,HN-CG,WH-HN-01,MW-E7A58E,Lò vi sóng,Panasonic 25L,Philips,1,1070000,1070000,GrabExpress,25000,Đã giao
SHIP20260501020,PICK20260501020,SO20260501020,2026-05-01 16:37,2026-05-02 10:28,2026-05-02 14:43,HCM-Q7,WH-HCM-02,WM-54F949,Máy giặt,Toshiba 9kg,Xiaomi,3,10868000,32604000,Xe tải thuê ngoài,165000,Giao lại
SHIP20260501021,PICK20260501021,SO20260501021,2026-05-01 11:00,2026-05-02 02:23,2026-05-02 23:42,HCM-Q7,WH-HCM-02,RF-38030B,Tủ lạnh,Panasonic 300L,Daikin,2,19864000,39728000,Xe tải thuê ngoài,170000,Hoàn tất
SHIP20260501022,PICK20260501022,SO20260501022,2026-05-17 10:26,2026-05-17 12:23,2026-05-19 00:12,DN-HC,WH-DN-01,RF-0980E0,Tủ lạnh,Samsung Inverter 350L,Mitsubishi,3,9836000,29508000,Ahamove,270000,Đã giao
SHIP20260501023,PICK20260501023,SO20260501023,2026-05-17 08:38,2026-05-17 23:37,2026-05-18 03:32,HCM-Q7,WH-HCM-02,TV-43365F,TV,"Samsung 55"" 4K",Cuckoo,1,23327000,23327000,Xe tải thuê ngoài,240000,Đã giao
SHIP20260501024,PICK20260501024,SO20260501024,2026-05-04 16:16,2026-05-04 18:49,2026-05-05 21:15,DN-HC,WH-DN-01,WM-0EC5E7,Máy giặt,Toshiba 9kg,Sony,3,4608000,13824000,GrabExpress,245000,Đã giao
SHIP20260501025,PICK20260501025,SO20260501025,2026-05-15 17:05,2026-05-16 04:14,2026-05-17 07:18,BD-TDM,WH-BD-01,KT-EFA122,Ấm siêu tốc,Sunhouse,Daikin,1,1037000,1037000,Xe tải thuê ngoài,35000,Giao lại
SHIP20260501026,PICK20260501026,SO20260501026,2026-05-06 08:21,2026-05-06 21:04,2026-05-07 15:55,BD-TDM,WH-BD-01,AC-691AE0,Máy lạnh,Casper 1HP,LG,2,9628000,19256000,Ahamove,145000,Đã giao
SHIP20260501027,PICK20260501027,SO20260501027,2026-05-29 13:05,2026-05-29 19:13,2026-05-31 03:06,HN-HBT,WH-HN-02,BL-267545,Máy xay,Panasonic Blender,Cuckoo,1,822000,822000,Xe tải thuê ngoài,90000,Đã giao
SHIP20260501028,PICK20260501028,SO20260501028,2026-05-12 12:47,2026-05-13 06:17,2026-05-13 19:26,HCM-Q1,WH-HCM-01,BL-E08C31,Máy xay,Panasonic Blender,Philips,3,1176000,3528000,Xe tải thuê ngoài,65000,Đã giao
SHIP20260501029,PICK20260501029,SO20260501029,2026-05-04 14:31,2026-05-05 01:53,2026-05-05 14:35,HN-HBT,WH-HN-02,TV-DCF290,TV,"Sony 65""",Sony,1,21477000,21477000,Nội bộ,145000,Hoàn tất
SHIP20260501030,PICK20260501030,SO20260501030,2026-05-25 08:42,2026-05-25 18:27,2026-05-26 14:50,DN-HC,WH-DN-01,KT-C76795,Ấm siêu tốc,Philips,Aqua,3,370000,1110000,GHN,90000,Đã giao
SHIP20260501031,PICK20260501031,SO20260501031,2026-05-20 17:37,2026-05-21 10:54,2026-05-22 04:17,HCM-Q7,WH-HCM-02,MW-CC5E2E,Lò vi sóng,Electrolux 23L,Electrolux,2,3551000,7102000,Xe tải thuê ngoài,90000,Hoàn tất
SHIP20260501032,PICK20260501032,SO20260501032,2026-05-25 18:07,2026-05-25 19:11,2026-05-26 20:19,CT-NK,WH-CT-01,FN-166747,Quạt,Senko,LG,3,836000,2508000,Ahamove,0,Hoàn tất
SHIP20260501033,PICK20260501033,SO20260501033,2026-05-01 10:43,2026-05-01 21:03,2026-05-02 16:46,HCM-TB,WH-HCM-03,KT-EFA122,Ấm siêu tốc,Sunhouse,Daikin,3,453000,1359000,GHN,0,Đã giao
SHIP20260501034,PICK20260501034,SO20260501034,2026-05-06 13:58,2026-05-07 00:02,2026-05-07 11:27,HCM-Q1,WH-HCM-01,FN-E6A9CC,Quạt,Panasonic,Asia,2,1752000,3504000,GHN,90000,Giao lại
SHIP20260501035,PICK20260501035,SO20260501035,2026-05-25 18:22,2026-05-25 20:03,2026-05-27 00:50,HN-HBT,WH-HN-02,AC-E8C723,Máy lạnh,Casper 1HP,Mitsubishi,2,12548000,25096000,Nội bộ,215000,Đã giao
SHIP20260501036,PICK20260501036,SO20260501036,2026-05-25 17:47,2026-05-25 20:47,2026-05-26 18:54,DN-HC,WH-DN-01,RF-1BAC8F,Tủ lạnh,Panasonic 300L,Electrolux,2,13172000,26344000,GrabExpress,205000,Giao lại
SHIP20260501037,PICK20260501037,SO20260501037,2026-05-22 14:03,2026-05-23 08:51,2026-05-23 12:01,HN-CG,WH-HN-01,WM-E0B483,Máy giặt,Panasonic 8.5kg,Asia,1,13677000,13677000,Ahamove,45000,Giao lại
SHIP20260501038,PICK20260501038,SO20260501038,2026-05-16 20:21,2026-05-17 08:07,2026-05-17 18:50,BD-TDM,WH-BD-01,RC-3C3427,Nồi cơm,Sharp 1.8L,Senko,3,1467000,4401000,Ahamove,25000,Giao lại
SHIP20260501039,PICK20260501039,SO20260501039,2026-05-10 13:09,2026-05-11 00:08,2026-05-11 20:18,HN-CG,WH-HN-01,FN-0333B4,Quạt,Asia,Daikin,3,671000,2013000,GHN,90000,Đã giao
SHIP20260501040,PICK20260501040,SO20260501040,2026-05-08 10:32,2026-05-09 04:03,2026-05-10 02:41,HN-CG,WH-HN-01,FN-47B1B0,Quạt,Senko,Toshiba,2,558000,1116000,Ahamove,0,Hoàn tất
SHIP20260501041,PICK20260501041,SO20260501041,2026-05-23 08:59,2026-05-23 15:32,2026-05-24 23:42,BD-TDM,WH-BD-01,BL-3258EA,Máy xay,Panasonic Blender,Mitsubishi,1,483000,483000,Ahamove,0,Đã giao
SHIP20260501042,PICK20260501042,SO20260501042,2026-05-07 10:54,2026-05-07 13:55,2026-05-08 21:12,CT-NK,WH-CT-01,TV-7D99ED,TV,"Sony 65""",Philips,1,27757000,27757000,GrabExpress,245000,Đã giao
SHIP20260501043,PICK20260501043,SO20260501043,2026-05-21 14:18,2026-05-22 03:47,2026-05-23 11:23,HCM-Q1,WH-HCM-01,RF-F64CD4,Tủ lạnh,Samsung Inverter 350L,Casper,2,10528000,21056000,Ahamove,105000,Đã giao
SHIP20260501044,PICK20260501044,SO20260501044,2026-05-31 09:47,2026-05-31 16:39,2026-06-01 21:46,HCM-Q7,WH-HCM-02,VC-EF7A18,Máy hút bụi,Xiaomi G10,Aqua,3,6540000,19620000,Nội bộ,145000,Đã giao
SHIP20260501045,PICK20260501045,SO20260501045,2026-05-19 13:35,2026-05-19 23:13,2026-05-20 04:27,HCM-Q7,WH-HCM-02,MW-8EA0CB,Lò vi sóng,Panasonic 25L,LG,3,804000,2412000,Ahamove,35000,Hoàn tất
SHIP20260501046,PICK20260501046,SO20260501046,2026-05-25 20:06,2026-05-26 07:41,2026-05-27 19:19,HN-HBT,WH-HN-02,VC-6858E9,Máy hút bụi,Xiaomi G10,Sharp,1,5344000,5344000,GrabExpress,45000,Giao lại
SHIP20260501047,PICK20260501047,SO20260501047,2026-05-15 16:56,2026-05-16 09:00,2026-05-16 22:23,HCM-Q7,WH-HCM-02,KT-63AE81,Ấm siêu tốc,Kangaroo,Daikin,2,576000,1152000,Ahamove,0,Đã giao
SHIP20260501048,PICK20260501048,SO20260501048,2026-05-28 17:20,2026-05-28 22:01,2026-05-29 10:20,BD-TDM,WH-BD-01,MW-CC5E2E,Lò vi sóng,Electrolux 23L,Electrolux,3,1905000,5715000,Ahamove,25000,Đã giao
SHIP20260501049,PICK20260501049,SO20260501049,2026-05-14 18:54,2026-05-14 21:15,2026-05-16 07:03,HN-CG,WH-HN-01,MW-95E139,Lò vi sóng,Sharp 20L,Philips,2,4167000,8334000,Ahamove,65000,Đã giao
SHIP20260501050,PICK20260501050,SO20260501050,2026-05-20 13:17,2026-05-21 05:57,2026-05-21 19:32,HCM-Q1,WH-HCM-01,RC-F33150,Nồi cơm,Panasonic 1.8L,Casper,2,2423000,4846000,GrabExpress,120000,Đã giao
SHIP20260501051,PICK20260501051,SO20260501051,2026-05-11 11:20,2026-05-12 03:15,2026-05-12 15:42,HN-HBT,WH-HN-02,RC-3972B5,Nồi cơm,Sharp 1.8L,Samsung,2,2438000,4876000,Nội bộ,25000,Giao lại
SHIP20260501052,PICK20260501052,SO20260501052,2026-05-20 12:04,2026-05-20 21:13,2026-05-21 19:48,HCM-Q7,WH-HCM-02,WM-EE77C3,Máy giặt,Toshiba 9kg,Panasonic,2,12162000,24324000,Ahamove,200000,Đã giao
SHIP20260501053,PICK20260501053,SO20260501053,2026-05-31 11:09,2026-05-31 21:31,2026-06-02 04:53,HCM-Q1,WH-HCM-01,VC-FDD792,Máy hút bụi,Philips FC,Casper,2,6047000,12094000,Xe tải thuê ngoài,165000,Giao lại
SHIP20260501054,PICK20260501054,SO20260501054,2026-05-22 12:00,2026-05-22 23:34,2026-05-23 05:33,HCM-Q1,WH-HCM-01,RF-CBE628,Tủ lạnh,Aqua 250L,Casper,1,17101000,17101000,Xe tải thuê ngoài,145000,Đã giao
SHIP20260501055,PICK20260501055,SO20260501055,2026-05-06 17:19,2026-05-06 19:03,2026-05-08 03:16,HCM-Q1,WH-HCM-01,VC-6858E9,Máy hút bụi,Xiaomi G10,Sharp,1,7524000,7524000,GHN,35000,Hoàn tất
SHIP20260501056,PICK20260501056,SO20260501056,2026-05-02 14:15,2026-05-02 19:21,2026-05-03 01:35,HCM-Q1,WH-HCM-01,RC-607743,Nồi cơm,Cuckoo 1.8L,LG,2,1852000,3704000,GrabExpress,90000,Hoàn tất
SHIP20260501057,PICK20260501057,SO20260501057,2026-05-12 18:56,2026-05-13 12:24,2026-05-15 01:23,HCM-Q7,WH-HCM-02,MW-03CA06,Lò vi sóng,Electrolux 23L,Aqua,2,3072000,6144000,Ahamove,120000,Đã giao
SHIP20260501058,PICK20260501058,SO20260501058,2026-05-27 12:15,2026-05-28 05:48,2026-05-28 12:27,DN-HC,WH-DN-01,RF-80782C,Tủ lạnh,Samsung Inverter 350L,LG,2,5147000,10294000,GrabExpress,120000,Hoàn tất
SHIP20260501059,PICK20260501059,SO20260501059,2026-05-20 18:12,2026-05-21 01:11,2026-05-22 04:32,HCM-Q7,WH-HCM-02,RC-7AB9A8,Nồi cơm,Panasonic 1.8L,Electrolux,3,662000,1986000,Nội bộ,45000,Đã giao
SHIP20260501060,PICK20260501060,SO20260501060,2026-05-28 14:49,2026-05-28 23:26,2026-05-29 15:14,HN-HBT,WH-HN-02,MW-CC5E2E,Lò vi sóng,Electrolux 23L,Electrolux,2,3336000,6672000,Nội bộ,25000,Đã giao
SHIP20260501061,PICK20260501061,SO20260501061,2026-05-29 09:58,2026-05-30 02:08,2026-05-31 00:20,CT-NK,WH-CT-01,FN-E6A9CC,Quạt,Panasonic,Asia,3,1570000,4710000,GHN,90000,Đã giao
SHIP20260501062,PICK20260501062,SO20260501062,2026-05-02 18:10,2026-05-02 23:00,2026-05-03 07:00,CT-NK,WH-CT-01,FN-D8D699,Quạt,Asia,Sunhouse,3,485000,1455000,GrabExpress,45000,Đã giao
SHIP20260501063,PICK20260501063,SO20260501063,2026-05-27 20:27,2026-05-28 10:49,2026-05-29 02:00,DN-HC,WH-DN-01,KT-087F26,Ấm siêu tốc,Philips,Cuckoo,3,959000,2877000,Xe tải thuê ngoài,65000,Đã giao
SHIP20260501064,PICK20260501064,SO20260501064,2026-05-04 19:17,2026-05-05 01:05,2026-05-05 09:18,HCM-TB,WH-HCM-03,KT-80B935,Ấm siêu tốc,Kangaroo,LG,2,567000,1134000,Ahamove,120000,Giao lại
SHIP20260501065,PICK20260501065,SO20260501065,2026-05-30 15:27,2026-05-31 04:10,2026-06-01 13:25,HN-CG,WH-HN-01,FN-C25C4D,Quạt,Senko,Asia,1,454000,454000,Ahamove,0,Giao lại
SHIP20260501066,PICK20260501066,SO20260501066,2026-05-10 11:44,2026-05-10 17:07,2026-05-10 19:53,DN-HC,WH-DN-01,MW-9E4FC6,Lò vi sóng,Sharp 20L,Electrolux,3,2730000,8190000,Ahamove,45000,Đã giao
SHIP20260501067,PICK20260501067,SO20260501067,2026-05-07 13:50,2026-05-08 00:47,2026-05-08 05:13,HN-CG,WH-HN-01,KT-63AE81,Ấm siêu tốc,Kangaroo,Daikin,3,605000,1815000,GrabExpress,65000,Giao lại
SHIP20260501068,PICK20260501068,SO20260501068,2026-05-16 16:03,2026-05-16 18:05,2026-05-18 03:56,HCM-Q7,WH-HCM-02,MW-E148C6,Lò vi sóng,Electrolux 23L,Casper,2,3103000,6206000,GHN,35000,Đã giao
SHIP20260501069,PICK20260501069,SO20260501069,2026-05-11 14:54,2026-05-12 09:34,2026-05-13 20:15,HN-CG,WH-HN-01,AC-0877C5,Máy lạnh,Daikin 1HP,Sony,3,7169000,21507000,GHN,170000,Hoàn tất
SHIP20260501070,PICK20260501070,SO20260501070,2026-05-02 11:44,2026-05-02 13:01,2026-05-02 15:48,DN-HC,WH-DN-01,TV-7BABFF,TV,"Sony 65""",Aqua,3,8655000,25965000,GHN,125000,Giao lại
SHIP20260501071,PICK20260501071,SO20260501071,2026-05-21 09:18,2026-05-22 01:28,2026-05-22 09:37,HCM-Q1,WH-HCM-01,BL-6730F4,Máy xay,Panasonic Blender,Sharp,2,580000,1160000,Xe tải thuê ngoài,35000,Đã giao
SHIP20260501072,PICK20260501072,SO20260501072,2026-05-18 09:23,2026-05-18 22:10,2026-05-20 03:11,HCM-Q7,WH-HCM-02,TV-507A1B,TV,"Samsung 55"" 4K",Sharp,3,25950000,77850000,Xe tải thuê ngoài,80000,Giao lại
SHIP20260501073,PICK20260501073,SO20260501073,2026-05-21 10:00,2026-05-22 00:15,2026-05-22 10:20,HCM-TB,WH-HCM-03,RF-847D79,Tủ lạnh,Samsung Inverter 350L,Panasonic,2,10276000,20552000,Xe tải thuê ngoài,205000,Đã giao
SHIP20260501074,PICK20260501074,SO20260501074,2026-05-30 17:57,2026-05-30 21:06,2026-05-31 01:13,DN-HC,WH-DN-01,RC-18F162,Nồi cơm,Sharp 1.8L,Toshiba,1,2588000,2588000,GrabExpress,45000,Đã giao
SHIP20260501075,PICK20260501075,SO20260501075,2026-05-02 17:11,2026-05-03 00:28,2026-05-03 10:09,HCM-Q7,WH-HCM-02,RF-709E60,Tủ lạnh,LG 420L,LG,2,19046000,38092000,Ahamove,225000,Đã giao
SHIP20260501076,PICK20260501076,SO20260501076,2026-05-26 09:35,2026-05-27 01:43,2026-05-27 08:06,HN-HBT,WH-HN-02,AC-4EC148,Máy lạnh,Mitsubishi 1.5HP,Toshiba,3,15608000,46824000,Nội bộ,145000,Đã giao
SHIP20260501077,PICK20260501077,SO20260501077,2026-05-10 17:23,2026-05-11 11:38,2026-05-12 20:27,BD-TDM,WH-BD-01,VC-9C3BA7,Máy hút bụi,Xiaomi G10,Xiaomi,1,7874000,7874000,GHN,35000,Đã giao
SHIP20260501078,PICK20260501078,SO20260501078,2026-05-20 16:09,2026-05-20 20:34,2026-05-21 21:06,HN-HBT,WH-HN-02,KT-F7FE04,Ấm siêu tốc,Kangaroo,Sony,3,623000,1869000,Nội bộ,35000,Đã giao
SHIP20260501079,PICK20260501079,SO20260501079,2026-05-01 11:33,2026-05-01 15:23,2026-05-02 05:44,CT-NK,WH-CT-01,BL-F15989,Máy xay,Philips Blender,Samsung,3,1654000,4962000,Xe tải thuê ngoài,90000,Đã giao
SHIP20260501080,PICK20260501080,SO20260501080,2026-05-18 16:38,2026-05-18 21:48,2026-05-20 04:53,BD-TDM,WH-BD-01,AC-B90290,Máy lạnh,Panasonic 1.5HP,Mitsubishi,2,15050000,30100000,Xe tải thuê ngoài,200000,Đã giao
SHIP20260501081,PICK20260501081,SO20260501081,2026-05-16 17:30,2026-05-16 19:45,2026-05-17 22:26,HCM-TB,WH-HCM-03,RF-BA6E3E,Tủ lạnh,Aqua 250L,Mitsubishi,3,9301000,27903000,Xe tải thuê ngoài,215000,Đã giao
SHIP20260501082,PICK20260501082,SO20260501082,2026-05-20 18:53,2026-05-21 09:56,2026-05-22 00:40,HN-CG,WH-HN-01,MW-E3450C,Lò vi sóng,Electrolux 23L,LG,2,1883000,3766000,Xe tải thuê ngoài,0,Giao lại
SHIP20260501083,PICK20260501083,SO20260501083,2026-05-07 09:19,2026-05-07 21:15,2026-05-08 22:27,DN-HC,WH-DN-01,WM-4EAB5C,Máy giặt,Samsung 10kg,LG,1,11168000,11168000,Nội bộ,35000,Hoàn tất
SHIP20260501084,PICK20260501084,SO20260501084,2026-05-12 11:47,2026-05-13 04:15,2026-05-13 09:03,DN-HC,WH-DN-01,FN-310542,Quạt,Senko,Casper,3,766000,2298000,GHN,25000,Đã giao
SHIP20260501085,PICK20260501085,SO20260501085,2026-05-12 19:14,2026-05-13 12:19,2026-05-14 18:49,BD-TDM,WH-BD-01,RC-7B93E8,Nồi cơm,Cuckoo 1.8L,Sharp,3,919000,2757000,Nội bộ,120000,Giao lại
SHIP20260501086,PICK20260501086,SO20260501086,2026-05-30 18:55,2026-05-31 03:34,2026-05-31 11:03,HN-HBT,WH-HN-02,WM-233DAD,Máy giặt,LG 9kg,Toshiba,1,6266000,6266000,GHN,45000,Đã giao
SHIP20260501087,PICK20260501087,SO20260501087,2026-05-29 08:08,2026-05-29 20:43,2026-05-30 13:49,HN-HBT,WH-HN-02,VC-D86280,Máy hút bụi,Philips FC,Mitsubishi,2,7595000,15190000,Nội bộ,200000,Đã giao
SHIP20260501088,PICK20260501088,SO20260501088,2026-05-05 09:20,2026-05-05 15:07,2026-05-06 16:52,HN-CG,WH-HN-01,RC-BA76D0,Nồi cơm,Panasonic 1.8L,Daikin,2,1285000,2570000,Xe tải thuê ngoài,90000,Đã giao
SHIP20260501089,PICK20260501089,SO20260501089,2026-05-20 19:00,2026-05-21 05:20,2026-05-22 16:12,HN-HBT,WH-HN-02,RC-645E6F,Nồi cơm,Sunhouse 1.2L,Xiaomi,2,2203000,4406000,Ahamove,120000,Đã giao
SHIP20260501090,PICK20260501090,SO20260501090,2026-05-25 17:51,2026-05-25 23:11,2026-05-26 20:57,HCM-Q7,WH-HCM-02,RF-ECA283,Tủ lạnh,Panasonic 300L,Panasonic,2,17421000,34842000,GrabExpress,80000,Đã giao
SHIP20260501091,PICK20260501091,SO20260501091,2026-05-01 12:03,2026-05-01 18:49,2026-05-03 00:59,DN-HC,WH-DN-01,BL-D2FACB,Máy xay,Panasonic Blender,Toshiba,1,359000,359000,GrabExpress,45000,Đã giao
SHIP20260501092,PICK20260501092,SO20260501092,2026-05-24 11:02,2026-05-24 13:11,2026-05-25 23:53,HCM-TB,WH-HCM-03,TV-65B17D,TV,"Sony 65""",Samsung,1,21501000,21501000,Nội bộ,205000,Đã giao
SHIP20260501093,PICK20260501093,SO20260501093,2026-05-06 13:44,2026-05-07 01:48,2026-05-08 14:15,HCM-Q1,WH-HCM-01,KT-4BFC34,Ấm siêu tốc,Kangaroo,Sunhouse,3,682000,2046000,GHN,120000,Giao lại
SHIP20260501094,PICK20260501094,SO20260501094,2026-05-11 15:29,2026-05-11 20:59,2026-05-12 14:11,BD-TDM,WH-BD-01,WM-54F949,Máy giặt,Toshiba 9kg,Xiaomi,3,6626000,19878000,GrabExpress,270000,Đã giao
SHIP20260501095,PICK20260501095,SO20260501095,2026-05-16 10:06,2026-05-16 19:48,2026-05-17 22:48,HN-HBT,WH-HN-02,RF-F6A178,Tủ lạnh,LG 420L,Sony,3,6927000,20781000,Xe tải thuê ngoài,120000,Đã giao
SHIP20260501096,PICK20260501096,SO20260501096,2026-05-15 12:03,2026-05-15 14:23,2026-05-15 19:57,HCM-Q1,WH-HCM-01,AC-496EEC,Máy lạnh,Casper 1HP,Philips,2,8947000,17894000,GrabExpress,125000,Đã giao
SHIP20260501097,PICK20260501097,SO20260501097,2026-05-06 15:57,2026-05-06 22:15,2026-05-07 04:37,CT-NK,WH-CT-01,VC-F24900,Máy hút bụi,Xiaomi G10,Sunhouse,3,2730000,8190000,GrabExpress,0,Hoàn tất
SHIP20260501098,PICK20260501098,SO20260501098,2026-05-14 09:04,2026-05-14 11:38,2026-05-14 14:50,HCM-Q1,WH-HCM-01,VC-A4DECF,Máy hút bụi,Dyson V8,Mitsubishi,2,6410000,12820000,Nội bộ,45000,Đã giao
SHIP20260501099,PICK20260501099,SO20260501099,2026-05-17 14:07,2026-05-17 17:44,2026-05-18 07:53,DN-HC,WH-DN-01,WM-C38973,Máy giặt,Samsung 10kg,Aqua,2,8813000,17626000,GHN,300000,Giao lại
SHIP20260501100,PICK20260501100,SO20260501100,2026-05-17 15:17,2026-05-18 00:21,2026-05-18 10:45,BD-TDM,WH-BD-01,BL-653303,Máy xay,Sunhouse Blender,Philips,3,797000,2391000,Nội bộ,35000,Hoàn tất
SHIP20260501101,PICK20260501101,SO20260501101,2026-05-14 19:52,2026-05-15 05:40,2026-05-16 16:18,HN-HBT,WH-HN-02,FN-A2F97E,Quạt,Senko,Xiaomi,3,1200000,3600000,GrabExpress,25000,Đã giao
SHIP20260501102,PICK20260501102,SO20260501102,2026-05-19 18:21,2026-05-19 20:21,2026-05-20 23:31,HN-HBT,WH-HN-02,TV-74BDA3,TV,LG OLED 48,Sunhouse,3,21352000,64056000,Ahamove,170000,Giao lại
SHIP20260501103,PICK20260501103,SO20260501103,2026-05-13 19:26,2026-05-14 02:34,2026-05-14 22:10,HCM-TB,WH-HCM-03,KT-081E4B,Ấm siêu tốc,Kangaroo,Xiaomi,1,300000,300000,GHN,45000,Đã giao
SHIP20260501104,PICK20260501104,SO20260501104,2026-05-25 13:40,2026-05-25 21:00,2026-05-26 14:13,HCM-Q7,WH-HCM-02,KT-897605,Ấm siêu tốc,Sunhouse,Toshiba,2,426000,852000,Xe tải thuê ngoài,90000,Đã giao
SHIP20260501105,PICK20260501105,SO20260501105,2026-05-25 17:46,2026-05-26 09:45,2026-05-27 05:44,CT-NK,WH-CT-01,MW-0108FD,Lò vi sóng,Sharp 20L,Senko,1,3826000,3826000,Nội bộ,45000,Đã giao
SHIP20260501106,PICK20260501106,SO20260501106,2026-05-19 17:43,2026-05-19 21:22,2026-05-20 20:44,CT-NK,WH-CT-01,KT-3F3135,Ấm siêu tốc,Sunhouse,Sharp,1,257000,257000,GrabExpress,45000,Đã giao
SHIP20260501107,PICK20260501107,SO20260501107,2026-05-13 12:40,2026-05-14 05:16,2026-05-15 18:03,DN-HC,WH-DN-01,FN-FF4EE8,Quạt,Panasonic,Sunhouse,3,1205000,3615000,Ahamove,0,Hoàn tất
SHIP20260501108,PICK20260501108,SO20260501108,2026-05-03 13:42,2026-05-03 15:02,2026-05-03 23:20,HN-CG,WH-HN-01,WM-90270D,Máy giặt,Toshiba 9kg,Senko,2,6317000,12634000,GrabExpress,120000,Hoàn tất
SHIP20260501109,PICK20260501109,SO20260501109,2026-05-11 18:47,2026-05-12 00:52,2026-05-13 13:12,HCM-TB,WH-HCM-03,TV-ED601B,TV,"TCL 50""",Panasonic,3,22532000,67596000,Xe tải thuê ngoài,145000,Đã giao
SHIP20260501110,PICK20260501110,SO20260501110,2026-05-18 17:31,2026-05-19 01:51,2026-05-19 10:22,HN-CG,WH-HN-01,RF-FBF6F9,Tủ lạnh,Panasonic 300L,Cuckoo,2,5620000,11240000,GrabExpress,120000,Giao lại
SHIP20260501111,PICK20260501111,SO20260501111,2026-05-28 16:29,2026-05-28 20:45,2026-05-30 09:13,HN-CG,WH-HN-01,RC-DF1FB9,Nồi cơm,Sunhouse 1.2L,Sunhouse,1,703000,703000,Xe tải thuê ngoài,45000,Giao lại
SHIP20260501112,PICK20260501112,SO20260501112,2026-05-20 18:36,2026-05-21 00:47,2026-05-21 13:52,HN-CG,WH-HN-01,KT-63AE81,Ấm siêu tốc,Kangaroo,Daikin,1,734000,734000,Xe tải thuê ngoài,45000,Đã giao
SHIP20260501113,PICK20260501113,SO20260501113,2026-05-07 12:28,2026-05-08 01:02,2026-05-08 17:57,HCM-Q7,WH-HCM-02,VC-933DDD,Máy hút bụi,Philips FC,Sharp,1,7249000,7249000,GrabExpress,65000,Đã giao
SHIP20260501114,PICK20260501114,SO20260501114,2026-05-05 09:30,2026-05-05 20:21,2026-05-07 03:28,HN-HBT,WH-HN-02,MW-62BD16,Lò vi sóng,Electrolux 23L,Philips,3,2334000,7002000,Xe tải thuê ngoài,35000,Giao lại
SHIP20260501115,PICK20260501115,SO20260501115,2026-05-01 20:20,2026-05-02 12:37,2026-05-02 18:21,HCM-TB,WH-HCM-03,KT-4BFC34,Ấm siêu tốc,Kangaroo,Sunhouse,2,518000,1036000,GrabExpress,45000,Giao lại
SHIP20260501116,PICK20260501116,SO20260501116,2026-05-29 16:20,2026-05-29 18:50,2026-05-30 17:23,HN-CG,WH-HN-01,MW-42D56C,Lò vi sóng,Electrolux 23L,Sony,1,2169000,2169000,GrabExpress,0,Hoàn tất
SHIP20260501117,PICK20260501117,SO20260501117,2026-05-10 11:45,2026-05-10 22:33,2026-05-11 17:15,CT-NK,WH-CT-01,RF-D9A75C,Tủ lạnh,Samsung Inverter 350L,Sony,1,19890000,19890000,Nội bộ,165000,Giao lại
SHIP20260501118,PICK20260501118,SO20260501118,2026-05-26 15:53,2026-05-27 05:52,2026-05-28 03:44,HCM-Q7,WH-HCM-02,BL-848064,Máy xay,Sunhouse Blender,Xiaomi,3,1024000,3072000,Ahamove,25000,Đã giao
SHIP20260501119,PICK20260501119,SO20260501119,2026-05-21 10:23,2026-05-21 16:21,2026-05-22 03:47,HN-HBT,WH-HN-02,VC-D4F050,Máy hút bụi,Xiaomi G10,Samsung,1,2296000,2296000,GrabExpress,120000,Hoàn tất
SHIP20260501120,PICK20260501120,SO20260501120,2026-05-14 18:07,2026-05-14 19:19,2026-05-15 09:53,HCM-Q7,WH-HCM-02,TV-551869,TV,"TCL 50""",Senko,1,11192000,11192000,Xe tải thuê ngoài,35000,Giao lại
SHIP20260501121,PICK20260501121,SO20260501121,2026-05-10 19:40,2026-05-11 01:56,2026-05-12 05:30,HN-HBT,WH-HN-02,KT-25E86C,Ấm siêu tốc,Philips,Sharp,1,907000,907000,GrabExpress,25000,Đã giao
SHIP20260501122,PICK20260501122,SO20260501122,2026-05-10 11:27,2026-05-11 00:32,2026-05-11 03:33,HN-HBT,WH-HN-02,TV-DD340F,TV,"TCL 50""",LG,1,25146000,25146000,GHN,125000,Đã giao
SHIP20260501123,PICK20260501123,SO20260501123,2026-05-29 08:21,2026-05-29 17:44,2026-05-30 06:37,HCM-Q1,WH-HCM-01,MW-03CA06,Lò vi sóng,Electrolux 23L,Aqua,3,2959000,8877000,GHN,25000,Đã giao
SHIP20260501124,PICK20260501124,SO20260501124,2026-05-30 19:29,2026-05-31 06:29,2026-05-31 21:41,DN-HC,WH-DN-01,KT-4D110F,Ấm siêu tốc,Kangaroo,Toshiba,3,543000,1629000,Xe tải thuê ngoài,45000,Đã giao
SHIP20260501125,PICK20260501125,SO20260501125,2026-05-18 16:58,2026-05-19 03:24,2026-05-19 09:34,HCM-TB,WH-HCM-03,RF-FA61AD,Tủ lạnh,Panasonic 300L,Samsung,2,19376000,38752000,GHN,165000,Đã giao
SHIP20260501126,PICK20260501126,SO20260501126,2026-05-03 17:26,2026-05-03 22:02,2026-05-05 04:59,CT-NK,WH-CT-01,RC-73BA31,Nồi cơm,Cuckoo 1.8L,Toshiba,2,2451000,4902000,Nội bộ,90000,Đã giao
SHIP20260501127,PICK20260501127,SO20260501127,2026-05-22 15:59,2026-05-22 23:22,2026-05-23 10:57,DN-HC,WH-DN-01,KT-930F94,Ấm siêu tốc,Philips,Sony,1,540000,540000,Xe tải thuê ngoài,0,Đã giao
SHIP20260501128,PICK20260501128,SO20260501128,2026-05-14 16:16,2026-05-14 19:56,2026-05-15 02:58,HN-HBT,WH-HN-02,BL-8AFBB7,Máy xay,Panasonic Blender,Xiaomi,3,1563000,4689000,GrabExpress,120000,Đã giao
SHIP20260501129,PICK20260501129,SO20260501129,2026-05-05 19:49,2026-05-06 10:49,2026-05-07 14:03,BD-TDM,WH-BD-01,WM-233DAD,Máy giặt,LG 9kg,Toshiba,2,5208000,10416000,GHN,45000,Hoàn tất
SHIP20260501130,PICK20260501130,SO20260501130,2026-05-22 17:00,2026-05-23 01:24,2026-05-23 10:05,CT-NK,WH-CT-01,BL-E21F60,Máy xay,Philips Blender,Electrolux,1,1779000,1779000,GrabExpress,65000,Đã giao
SHIP20260501131,PICK20260501131,SO20260501131,2026-05-08 14:28,2026-05-09 00:54,2026-05-10 00:39,BD-TDM,WH-BD-01,MW-A83E5A,Lò vi sóng,Electrolux 23L,Sunhouse,1,1137000,1137000,Xe tải thuê ngoài,25000,Giao lại
SHIP20260501132,PICK20260501132,SO20260501132,2026-05-14 08:39,2026-05-14 18:40,2026-05-15 05:21,HN-HBT,WH-HN-02,RF-AE1055,Tủ lạnh,Panasonic 300L,Mitsubishi,3,10930000,32790000,GHN,170000,Giao lại
SHIP20260501133,PICK20260501133,SO20260501133,2026-05-16 15:37,2026-05-16 21:33,2026-05-17 12:33,HCM-Q7,WH-HCM-02,TV-BE7A4B,TV,"TCL 50""",Sunhouse,2,22068000,44136000,Xe tải thuê ngoài,270000,Đã giao
SHIP20260501134,PICK20260501134,SO20260501134,2026-05-03 11:13,2026-05-04 06:09,2026-05-04 13:19,BD-TDM,WH-BD-01,FN-05A833,Quạt,Asia,Aqua,2,765000,1530000,GHN,25000,Đã giao
SHIP20260501135,PICK20260501135,SO20260501135,2026-05-26 08:37,2026-05-26 22:05,2026-05-27 11:20,DN-HC,WH-DN-01,RF-80782C,Tủ lạnh,Samsung Inverter 350L,LG,2,17602000,35204000,GHN,120000,Giao lại
SHIP20260501136,PICK20260501136,SO20260501136,2026-05-03 18:23,2026-05-04 02:43,2026-05-04 22:50,HCM-Q7,WH-HCM-02,TV-3D03C9,TV,"Samsung 55"" 4K",Senko,3,17322000,51966000,Nội bộ,125000,Đã giao
SHIP20260501137,PICK20260501137,SO20260501137,2026-05-02 09:07,2026-05-02 22:49,2026-05-03 20:51,DN-HC,WH-DN-01,AC-7543C2,Máy lạnh,Casper 1HP,Panasonic,2,6089000,12178000,Nội bộ,115000,Giao lại
SHIP20260501138,PICK20260501138,SO20260501138,2026-05-30 12:56,2026-05-31 07:25,2026-06-01 00:11,CT-NK,WH-CT-01,VC-852D6B,Máy hút bụi,Philips FC,Sunhouse,2,9417000,18834000,Ahamove,245000,Giao lại
SHIP20260501139,PICK20260501139,SO20260501139,2026-05-20 16:21,2026-05-21 07:02,2026-05-21 19:26,DN-HC,WH-DN-01,WM-57BF8B,Máy giặt,LG 9kg,Panasonic,3,9058000,27174000,GrabExpress,105000,Đã giao
SHIP20260501140,PICK20260501140,SO20260501140,2026-05-21 15:41,2026-05-21 17:58,2026-05-22 15:28,BD-TDM,WH-BD-01,AC-8636EE,Máy lạnh,Casper 1HP,Sony,1,13639000,13639000,Nội bộ,210000,Đã giao
SHIP20260501141,PICK20260501141,SO20260501141,2026-05-11 14:47,2026-05-12 01:44,2026-05-13 06:47,CT-NK,WH-CT-01,TV-9BDABC,TV,"Sony 65""",Electrolux,3,7032000,21096000,Nội bộ,120000,Đã giao
SHIP20260501142,PICK20260501142,SO20260501142,2026-05-21 13:53,2026-05-22 00:57,2026-05-22 22:50,HN-HBT,WH-HN-02,RC-53400C,Nồi cơm,Panasonic 1.8L,Aqua,3,2402000,7206000,Nội bộ,25000,Đã giao
SHIP20260501143,PICK20260501143,SO20260501143,2026-05-01 18:55,2026-05-01 21:01,2026-05-02 19:12,HCM-TB,WH-HCM-03,KT-9065A4,Ấm siêu tốc,Philips,Mitsubishi,3,396000,1188000,GHN,45000,Đã giao
SHIP20260501144,PICK20260501144,SO20260501144,2026-05-09 13:01,2026-05-10 05:20,2026-05-10 20:36,HCM-TB,WH-HCM-03,TV-E2DD63,TV,LG OLED 48,Panasonic,1,6165000,6165000,GrabExpress,65000,Đã giao
SHIP20260501145,PICK20260501145,SO20260501145,2026-05-04 17:11,2026-05-05 04:25,2026-05-06 07:03,HN-HBT,WH-HN-02,RC-443576,Nồi cơm,Sharp 1.8L,Asia,2,2488000,4976000,GHN,65000,Đã giao
SHIP20260501146,PICK20260501146,SO20260501146,2026-05-21 19:22,2026-05-22 08:29,2026-05-23 08:43,HCM-TB,WH-HCM-03,TV-C6321E,TV,"Sony 65""",Asia,1,24207000,24207000,Xe tải thuê ngoài,245000,Đã giao
SHIP20260501147,PICK20260501147,SO20260501147,2026-05-02 15:23,2026-05-02 21:18,2026-05-04 07:31,HCM-Q1,WH-HCM-01,VC-490623,Máy hút bụi,Philips FC,LG,3,5379000,16137000,Xe tải thuê ngoài,115000,Giao lại
SHIP20260501148,PICK20260501148,SO20260501148,2026-05-09 11:25,2026-05-10 02:40,2026-05-11 08:52,HN-HBT,WH-HN-02,RF-263030,Tủ lạnh,Samsung Inverter 350L,Toshiba,2,18714000,37428000,GrabExpress,115000,Hoàn tất
SHIP20260501149,PICK20260501149,SO20260501149,2026-05-15 09:06,2026-05-16 04:05,2026-05-17 13:30,HCM-TB,WH-HCM-03,WM-54F949,Máy giặt,Toshiba 9kg,Xiaomi,3,13952000,41856000,Xe tải thuê ngoài,80000,Giao lại
SHIP20260501150,PICK20260501150,SO20260501150,2026-05-07 16:06,2026-05-08 02:16,2026-05-08 16:40,CT-NK,WH-CT-01,BL-3646DD,Máy xay,Panasonic Blender,LG,3,357000,1071000,Nội bộ,25000,Đã giao
SHIP20260501151,PICK20260501151,SO20260501151,2026-05-04 10:07,2026-05-04 17:07,2026-05-05 20:01,HCM-Q1,WH-HCM-01,TV-299EB8,TV,LG OLED 48,Electrolux,1,17485000,17485000,GrabExpress,105000,Đã giao
SHIP20260501152,PICK20260501152,SO20260501152,2026-05-26 15:28,2026-05-27 01:34,2026-05-27 09:08,CT-NK,WH-CT-01,AC-84F331,Máy lạnh,Mitsubishi 1.5HP,Daikin,2,6397000,12794000,Ahamove,45000,Đã giao
SHIP20260501153,PICK20260501153,SO20260501153,2026-05-16 11:22,2026-05-16 12:35,2026-05-17 10:25,HN-HBT,WH-HN-02,TV-3A3210,TV,LG OLED 48,Xiaomi,1,18048000,18048000,Ahamove,105000,Đã giao
SHIP20260501154,PICK20260501154,SO20260501154,2026-05-18 19:43,2026-05-19 13:37,2026-05-20 14:55,CT-NK,WH-CT-01,AC-190181,Máy lạnh,Mitsubishi 1.5HP,Sharp,2,8403000,16806000,Nội bộ,170000,Hoàn tất
SHIP20260501155,PICK20260501155,SO20260501155,2026-05-09 19:09,2026-05-10 01:13,2026-05-11 04:25,CT-NK,WH-CT-01,TV-9A9F11,TV,"Samsung 55"" 4K",Toshiba,2,23891000,47782000,Xe tải thuê ngoài,300000,Đã giao
SHIP20260501156,PICK20260501156,SO20260501156,2026-05-25 08:14,2026-05-25 11:41,2026-05-26 07:43,BD-TDM,WH-BD-01,FN-63D039,Quạt,Asia,Mitsubishi,1,803000,803000,Nội bộ,90000,Đã giao
SHIP20260501157,PICK20260501157,SO20260501157,2026-05-18 12:52,2026-05-19 05:41,2026-05-20 14:09,HCM-Q1,WH-HCM-01,KT-4D110F,Ấm siêu tốc,Kangaroo,Toshiba,3,705000,2115000,Nội bộ,65000,Đã giao
SHIP20260501158,PICK20260501158,SO20260501158,2026-05-15 16:48,2026-05-15 21:49,2026-05-17 00:08,HCM-TB,WH-HCM-03,RF-80782C,Tủ lạnh,Samsung Inverter 350L,LG,2,11522000,23044000,GHN,240000,Đã giao
SHIP20260501159,PICK20260501159,SO20260501159,2026-05-08 14:59,2026-05-09 04:58,2026-05-10 00:20,HN-HBT,WH-HN-02,RC-A4D4BD,Nồi cơm,Sunhouse 1.2L,Cuckoo,3,2068000,6204000,GrabExpress,0,Đã giao
SHIP20260501160,PICK20260501160,SO20260501160,2026-05-07 14:08,2026-05-07 23:31,2026-05-09 09:47,HCM-Q1,WH-HCM-01,RC-1B752E,Nồi cơm,Panasonic 1.8L,Toshiba,1,916000,916000,GrabExpress,45000,Đã giao
SHIP20260501161,PICK20260501161,SO20260501161,2026-05-06 19:35,2026-05-06 23:42,2026-05-07 13:22,HN-CG,WH-HN-01,WM-CFD2AA,Máy giặt,Toshiba 9kg,Philips,3,6631000,19893000,GrabExpress,185000,Giao lại
SHIP20260501162,PICK20260501162,SO20260501162,2026-05-04 09:58,2026-05-04 17:00,2026-05-06 02:12,HN-HBT,WH-HN-02,RF-37AAE4,Tủ lạnh,LG 420L,Philips,2,14384000,28768000,GHN,105000,Đã giao
SHIP20260501163,PICK20260501163,SO20260501163,2026-05-09 10:00,2026-05-09 22:42,2026-05-11 02:59,HN-CG,WH-HN-01,RC-23C464,Nồi cơm,Sharp 1.8L,Xiaomi,1,2095000,2095000,Nội bộ,0,Đã giao
SHIP20260501164,PICK20260501164,SO20260501164,2026-05-08 15:26,2026-05-09 01:24,2026-05-09 16:01,HN-HBT,WH-HN-02,AC-B3192D,Máy lạnh,Panasonic 1.5HP,Panasonic,3,10227000,30681000,Nội bộ,185000,Đã giao
SHIP20260501165,PICK20260501165,SO20260501165,2026-05-23 19:16,2026-05-24 01:28,2026-05-24 08:10,DN-HC,WH-DN-01,TV-249EF8,TV,"Samsung 55"" 4K",Samsung,1,7103000,7103000,Ahamove,65000,Đã giao
SHIP20260501166,PICK20260501166,SO20260501166,2026-05-04 13:28,2026-05-04 16:11,2026-05-04 23:42,HCM-Q1,WH-HCM-01,TV-EB02E5,TV,"Sony 65""",Mitsubishi,2,23595000,47190000,Nội bộ,105000,Đã giao
SHIP20260501167,PICK20260501167,SO20260501167,2026-05-18 13:10,2026-05-18 19:20,2026-05-19 02:16,HN-CG,WH-HN-01,TV-7839D5,TV,"TCL 50""",Xiaomi,3,30136000,90408000,Nội bộ,270000,Hoàn tất
SHIP20260501168,PICK20260501168,SO20260501168,2026-05-23 17:22,2026-05-24 00:12,2026-05-24 19:14,BD-TDM,WH-BD-01,RF-3465A9,Tủ lạnh,Aqua 250L,Samsung,2,13712000,27424000,GrabExpress,210000,Giao lại
SHIP20260501169,PICK20260501169,SO20260501169,2026-05-23 16:48,2026-05-24 09:20,2026-05-25 13:48,HCM-TB,WH-HCM-03,KT-E95C23,Ấm siêu tốc,Philips,Sunhouse,2,550000,1100000,Nội bộ,90000,Đã giao
SHIP20260501170,PICK20260501170,SO20260501170,2026-05-30 15:08,2026-05-30 23:50,2026-05-31 13:54,HCM-Q7,WH-HCM-02,WM-B2AB72,Máy giặt,Toshiba 9kg,Casper,3,3608000,10824000,GHN,65000,Đã giao
SHIP20260501171,PICK20260501171,SO20260501171,2026-05-04 17:26,2026-05-05 06:33,2026-05-06 15:19,HCM-Q1,WH-HCM-01,RC-18F162,Nồi cơm,Sharp 1.8L,Toshiba,2,1254000,2508000,Xe tải thuê ngoài,35000,Đã giao
SHIP20260501172,PICK20260501172,SO20260501172,2026-05-31 10:50,2026-05-31 13:34,2026-05-31 22:51,HCM-TB,WH-HCM-03,RF-3FC132,Tủ lạnh,LG 420L,Daikin,3,18655000,55965000,GrabExpress,300000,Hoàn tất
SHIP20260501173,PICK20260501173,SO20260501173,2026-05-26 13:37,2026-05-26 20:06,2026-05-26 23:35,HCM-Q7,WH-HCM-02,TV-7BBB2A,TV,"TCL 50""",Aqua,1,14742000,14742000,GHN,25000,Giao lại
SHIP20260501174,PICK20260501174,SO20260501174,2026-05-20 20:20,2026-05-21 12:38,2026-05-22 18:45,HCM-Q1,WH-HCM-01,AC-9EB347,Máy lạnh,Panasonic 1.5HP,Xiaomi,2,11595000,23190000,Xe tải thuê ngoài,240000,Hoàn tất
SHIP20260501175,PICK20260501175,SO20260501175,2026-05-07 08:40,2026-05-08 02:06,2026-05-08 09:35,HCM-TB,WH-HCM-03,WM-694A64,Máy giặt,Toshiba 9kg,Mitsubishi,1,12087000,12087000,Ahamove,65000,Đã giao
SHIP20260501176,PICK20260501176,SO20260501176,2026-05-23 13:47,2026-05-24 03:33,2026-05-24 12:23,HCM-TB,WH-HCM-03,VC-4F893C,Máy hút bụi,Dyson V8,Daikin,1,8855000,8855000,Ahamove,35000,Đã giao
SHIP20260501177,PICK20260501177,SO20260501177,2026-05-01 18:05,2026-05-02 11:03,2026-05-02 18:30,CT-NK,WH-CT-01,WM-0D19E6,Máy giặt,Toshiba 9kg,Samsung,1,6420000,6420000,GrabExpress,35000,Đã giao
SHIP20260501178,PICK20260501178,SO20260501178,2026-05-01 17:36,2026-05-02 05:47,2026-05-02 09:48,BD-TDM,WH-BD-01,BL-8778AF,Máy xay,Philips Blender,Mitsubishi,1,1564000,1564000,Nội bộ,0,Giao lại
SHIP20260501179,PICK20260501179,SO20260501179,2026-05-15 16:39,2026-05-15 21:37,2026-05-17 06:46,BD-TDM,WH-BD-01,AC-3E9D78,Máy lạnh,Mitsubishi 1.5HP,Electrolux,2,8073000,16146000,Nội bộ,115000,Giao lại
SHIP20260501180,PICK20260501180,SO20260501180,2026-05-24 08:33,2026-05-24 13:14,2026-05-25 06:43,HN-CG,WH-HN-01,AC-7543C2,Máy lạnh,Casper 1HP,Panasonic,2,14731000,29462000,Nội bộ,155000,Đã giao
SHIP20260501181,PICK20260501181,SO20260501181,2026-05-03 11:18,2026-05-03 17:33,2026-05-04 01:30,BD-TDM,WH-BD-01,TV-2A62F7,TV,"TCL 50""",Casper,1,24875000,24875000,Nội bộ,165000,Đã giao
SHIP20260501182,PICK20260501182,SO20260501182,2026-05-27 18:28,2026-05-28 13:26,2026-05-29 03:36,DN-HC,WH-DN-01,AC-A7840C,Máy lạnh,Mitsubishi 1.5HP,Panasonic,2,12428000,24856000,GHN,185000,Đã giao
SHIP20260501183,PICK20260501183,SO20260501183,2026-05-18 12:42,2026-05-18 15:47,2026-05-19 12:05,BD-TDM,WH-BD-01,RF-37AAE4,Tủ lạnh,LG 420L,Philips,1,5129000,5129000,GrabExpress,90000,Hoàn tất
SHIP20260501184,PICK20260501184,SO20260501184,2026-05-23 11:07,2026-05-24 01:52,2026-05-24 11:34,CT-NK,WH-CT-01,BL-267545,Máy xay,Panasonic Blender,Cuckoo,2,1650000,3300000,GHN,90000,Giao lại
SHIP20260501185,PICK20260501185,SO20260501185,2026-05-13 19:33,2026-05-13 23:10,2026-05-14 17:03,HCM-Q1,WH-HCM-01,KT-80B935,Ấm siêu tốc,Kangaroo,LG,2,432000,864000,GrabExpress,35000,Đã giao
SHIP20260501186,PICK20260501186,SO20260501186,2026-05-15 20:18,2026-05-16 05:59,2026-05-17 02:47,DN-HC,WH-DN-01,VC-9C3BA7,Máy hút bụi,Xiaomi G10,Xiaomi,1,2474000,2474000,GrabExpress,90000,Hoàn tất
SHIP20260501187,PICK20260501187,SO20260501187,2026-05-08 18:28,2026-05-09 11:46,2026-05-10 13:24,HN-CG,WH-HN-01,TV-469414,TV,"Sony 65""",LG,2,15777000,31554000,Xe tải thuê ngoài,270000,Đã giao
SHIP20260501188,PICK20260501188,SO20260501188,2026-05-08 08:57,2026-05-08 18:47,2026-05-10 02:42,HCM-TB,WH-HCM-03,VC-B567E6,Máy hút bụi,Philips FC,Cuckoo,2,2799000,5598000,Nội bộ,45000,Giao lại
SHIP20260501189,PICK20260501189,SO20260501189,2026-05-17 11:23,2026-05-18 03:32,2026-05-18 06:54,DN-HC,WH-DN-01,FN-A4A668,Quạt,Asia,Cuckoo,2,1008000,2016000,Nội bộ,0,Hoàn tất
SHIP20260501190,PICK20260501190,SO20260501190,2026-05-18 11:51,2026-05-19 00:05,2026-05-19 20:40,HCM-TB,WH-HCM-03,RC-3C975D,Nồi cơm,Panasonic 1.8L,Samsung,2,1811000,3622000,Ahamove,90000,Đã giao
SHIP20260501191,PICK20260501191,SO20260501191,2026-05-12 15:43,2026-05-12 22:16,2026-05-13 21:43,HCM-Q1,WH-HCM-01,BL-A4802F,Máy xay,Philips Blender,Daikin,1,821000,821000,Ahamove,25000,Đã giao
SHIP20260501192,PICK20260501192,SO20260501192,2026-05-03 19:20,2026-05-03 23:49,2026-05-04 07:01,CT-NK,WH-CT-01,VC-933DDD,Máy hút bụi,Philips FC,Sharp,1,6206000,6206000,Nội bộ,25000,Giao lại
SHIP20260501193,PICK20260501193,SO20260501193,2026-05-31 19:13,2026-05-31 22:05,2026-06-02 03:08,DN-HC,WH-DN-01,VC-FA3352,Máy hút bụi,Dyson V8,Aqua,2,7152000,14304000,Nội bộ,210000,Đã giao
SHIP20260501194,PICK20260501194,SO20260501194,2026-05-30 19:13,2026-05-30 21:46,2026-05-31 22:35,HCM-Q7,WH-HCM-02,RC-73BA31,Nồi cơm,Cuckoo 1.8L,Toshiba,2,1736000,3472000,Xe tải thuê ngoài,25000,Đã giao
SHIP20260501195,PICK20260501195,SO20260501195,2026-05-01 08:45,2026-05-01 17:36,2026-05-02 21:08,HCM-Q7,WH-HCM-02,KT-54AD13,Ấm siêu tốc,Philips,Samsung,1,483000,483000,Ahamove,45000,Đã giao
SHIP20260501196,PICK20260501196,SO20260501196,2026-05-28 15:29,2026-05-29 00:17,2026-05-30 04:41,DN-HC,WH-DN-01,TV-65942A,TV,"Sony 65""",Toshiba,2,14700000,29400000,Nội bộ,155000,Giao lại
SHIP20260501197,PICK20260501197,SO20260501197,2026-05-03 12:12,2026-05-03 18:21,2026-05-04 16:25,HCM-TB,WH-HCM-03,TV-6DF2DA,TV,"TCL 50""",Electrolux,1,28457000,28457000,GrabExpress,155000,Giao lại
SHIP20260501198,PICK20260501198,SO20260501198,2026-05-04 09:55,2026-05-04 23:04,2026-05-05 12:31,CT-NK,WH-CT-01,TV-CC162B,TV,"TCL 50""",Sharp,2,11762000,23524000,GrabExpress,105000,Hoàn tất
SHIP20260501199,PICK20260501199,SO20260501199,2026-05-15 08:47,2026-05-15 16:17,2026-05-15 19:40,HCM-Q7,WH-HCM-02,TV-65B17D,TV,"Sony 65""",Samsung,1,29920000,29920000,Nội bộ,205000,Đã giao
SHIP20260501200,PICK20260501200,SO20260501200,2026-05-17 16:27,2026-05-17 20:25,2026-05-18 15:02,HN-CG,WH-HN-01,RF-CAB84B,Tủ lạnh,Samsung Inverter 350L,Senko,3,14831000,44493000,Nội bộ,165000,Đã giao
SHIP20260501201,PICK20260501201,SO20260501201,2026-05-25 11:09,2026-05-25 23:33,2026-05-26 04:41,DN-HC,WH-DN-01,RC-C7DE50,Nồi cơm,Cuckoo 1.8L,Cuckoo,2,1706000,3412000,GHN,35000,Giao lại
SHIP20260501202,PICK20260501202,SO20260501202,2026-05-04 15:45,2026-05-04 23:52,2026-05-06 11:46,HCM-Q1,WH-HCM-01,RC-5D6078,Nồi cơm,Cuckoo 1.8L,Sunhouse,3,909000,2727000,GHN,0,Đã giao
SHIP20260501203,PICK20260501203,SO20260501203,2026-05-31 08:54,2026-06-01 03:03,2026-06-02 03:21,HN-CG,WH-HN-01,TV-8A011F,TV,LG OLED 48,Philips,1,18219000,18219000,Xe tải thuê ngoài,215000,Hoàn tất
SHIP20260501204,PICK20260501204,SO20260501204,2026-05-30 16:43,2026-05-30 20:56,2026-05-31 11:17,BD-TDM,WH-BD-01,MW-5F52F7,Lò vi sóng,Sharp 20L,Toshiba,1,4045000,4045000,GHN,65000,Đã giao
SHIP20260501205,PICK20260501205,SO20260501205,2026-05-28 16:09,2026-05-29 02:47,2026-05-29 10:42,HCM-Q7,WH-HCM-02,MW-7ABF96,Lò vi sóng,Electrolux 23L,Panasonic,3,2901000,8703000,GHN,45000,Đã giao
SHIP20260501206,PICK20260501206,SO20260501206,2026-05-07 09:49,2026-05-07 11:02,2026-05-07 13:24,HN-HBT,WH-HN-02,VC-049BC9,Máy hút bụi,Xiaomi G10,Mitsubishi,1,8501000,8501000,Ahamove,90000,Hoàn tất
SHIP20260501207,PICK20260501207,SO20260501207,2026-05-12 18:47,2026-05-13 10:56,2026-05-14 19:04,HCM-Q7,WH-HCM-02,WM-E62700,Máy giặt,Samsung 10kg,Xiaomi,3,11456000,34368000,Xe tải thuê ngoài,145000,Đã giao
SHIP20260501208,PICK20260501208,SO20260501208,2026-05-18 19:05,2026-05-19 11:15,2026-05-20 00:08,HN-HBT,WH-HN-02,MW-21A949,Lò vi sóng,Panasonic 25L,Cuckoo,3,2963000,8889000,Xe tải thuê ngoài,90000,Hoàn tất
SHIP20260501209,PICK20260501209,SO20260501209,2026-05-31 15:41,2026-06-01 09:10,2026-06-01 16:02,DN-HC,WH-DN-01,FN-6CD351,Quạt,Panasonic,Aqua,3,523000,1569000,Nội bộ,35000,Hoàn tất
SHIP20260501210,PICK20260501210,SO20260501210,2026-05-26 14:23,2026-05-26 19:31,2026-05-28 04:18,DN-HC,WH-DN-01,FN-422F6A,Quạt,Senko,Sharp,1,1405000,1405000,Nội bộ,45000,Đã giao
SHIP20260501211,PICK20260501211,SO20260501211,2026-05-20 12:51,2026-05-21 06:45,2026-05-21 19:28,BD-TDM,WH-BD-01,AC-4CE3DD,Máy lạnh,Panasonic 1.5HP,Samsung,2,11700000,23400000,Xe tải thuê ngoài,215000,Đã giao
SHIP20260501212,PICK20260501212,SO20260501212,2026-05-21 20:34,2026-05-22 12:57,2026-05-22 18:48,HCM-Q7,WH-HCM-02,MW-806B87,Lò vi sóng,Electrolux 23L,Daikin,2,2522000,5044000,GrabExpress,65000,Đã giao
SHIP20260501213,PICK20260501213,SO20260501213,2026-05-17 08:08,2026-05-17 20:21,2026-05-18 03:18,HCM-TB,WH-HCM-03,RC-1B752E,Nồi cơm,Panasonic 1.8L,Toshiba,2,1761000,3522000,Ahamove,65000,Đã giao
SHIP20260501214,PICK20260501214,SO20260501214,2026-05-22 13:26,2026-05-22 22:06,2026-05-23 19:35,HN-HBT,WH-HN-02,AC-D7C5BD,Máy lạnh,Daikin 1HP,Daikin,1,14657000,14657000,Ahamove,115000,Hoàn tất
SHIP20260501215,PICK20260501215,SO20260501215,2026-05-26 09:04,2026-05-26 16:18,2026-05-27 02:38,HN-HBT,WH-HN-02,FN-077AB7,Quạt,Panasonic,Samsung,2,926000,1852000,GHN,65000,Hoàn tất
SHIP20260501216,PICK20260501216,SO20260501216,2026-05-19 11:54,2026-05-19 14:08,2026-05-19 19:50,HCM-TB,WH-HCM-03,KT-4BFC34,Ấm siêu tốc,Kangaroo,Sunhouse,3,549000,1647000,GrabExpress,45000,Hoàn tất
SHIP20260501217,PICK20260501217,SO20260501217,2026-05-11 09:30,2026-05-11 16:48,2026-05-13 01:34,HN-CG,WH-HN-01,RC-C7DE50,Nồi cơm,Cuckoo 1.8L,Cuckoo,3,1693000,5079000,GHN,65000,Đã giao
SHIP20260501218,PICK20260501218,SO20260501218,2026-05-15 18:51,2026-05-16 03:11,2026-05-17 03:22,HCM-TB,WH-HCM-03,TV-74BDA3,TV,LG OLED 48,Sunhouse,1,21118000,21118000,Nội bộ,300000,Hoàn tất
SHIP20260501219,PICK20260501219,SO20260501219,2026-05-29 13:40,2026-05-29 16:08,2026-05-30 23:17,HN-HBT,WH-HN-02,FN-05A833,Quạt,Asia,Aqua,1,1207000,1207000,GHN,90000,Đã giao
SHIP20260501220,PICK20260501220,SO20260501220,2026-05-18 14:54,2026-05-18 17:58,2026-05-20 01:24,CT-NK,WH-CT-01,KT-10A77D,Ấm siêu tốc,Philips,Philips,3,456000,1368000,GrabExpress,45000,Đã giao
SHIP20260501221,PICK20260501221,SO20260501221,2026-05-17 18:14,2026-05-18 03:54,2026-05-18 20:15,HN-CG,WH-HN-01,BL-653303,Máy xay,Sunhouse Blender,Philips,3,697000,2091000,Xe tải thuê ngoài,90000,Đã giao
SHIP20260501222,PICK20260501222,SO20260501222,2026-05-26 19:05,2026-05-27 05:04,2026-05-28 09:49,HCM-Q7,WH-HCM-02,WM-758BD9,Máy giặt,Panasonic 8.5kg,Xiaomi,3,9587000,28761000,GHN,145000,Đã giao
SHIP20260501223,PICK20260501223,SO20260501223,2026-05-05 20:46,2026-05-06 08:23,2026-05-07 15:11,HCM-Q7,WH-HCM-02,RC-D3B39E,Nồi cơm,Sharp 1.8L,Sony,3,1202000,3606000,Xe tải thuê ngoài,0,Đã giao
SHIP20260501224,PICK20260501224,SO20260501224,2026-05-25 09:29,2026-05-25 23:13,2026-05-27 07:09,BD-TDM,WH-BD-01,MW-D62048,Lò vi sóng,Panasonic 25L,Xiaomi,3,1979000,5937000,Nội bộ,35000,Đã giao
SHIP20260501225,PICK20260501225,SO20260501225,2026-05-29 20:30,2026-05-30 08:05,2026-05-30 15:04,HCM-Q7,WH-HCM-02,RF-0F4B6D,Tủ lạnh,Panasonic 300L,Aqua,3,5717000,17151000,GHN,215000,Đã giao
SHIP20260501226,PICK20260501226,SO20260501226,2026-05-24 08:29,2026-05-24 13:24,2026-05-25 14:19,HCM-TB,WH-HCM-03,KT-54AD13,Ấm siêu tốc,Philips,Samsung,3,775000,2325000,GrabExpress,65000,Giao lại
SHIP20260501227,PICK20260501227,SO20260501227,2026-05-06 12:34,2026-05-06 22:45,2026-05-07 05:07,CT-NK,WH-CT-01,AC-50CBA5,Máy lạnh,Daikin 1HP,Aqua,2,11576000,23152000,Nội bộ,300000,Hoàn tất
SHIP20260501228,PICK20260501228,SO20260501228,2026-05-14 11:22,2026-05-14 16:19,2026-05-16 02:34,DN-HC,WH-DN-01,KT-4315C1,Ấm siêu tốc,Sunhouse,Aqua,1,703000,703000,Xe tải thuê ngoài,120000,Đã giao
SHIP20260501229,PICK20260501229,SO20260501229,2026-05-15 10:22,2026-05-15 15:21,2026-05-16 01:58,CT-NK,WH-CT-01,FN-4806DD,Quạt,Panasonic,Mitsubishi,1,1476000,1476000,Nội bộ,45000,Giao lại
SHIP20260501230,PICK20260501230,SO20260501230,2026-05-02 15:09,2026-05-03 05:52,2026-05-03 09:06,HCM-TB,WH-HCM-03,WM-CFD2AA,Máy giặt,Toshiba 9kg,Philips,1,5078000,5078000,Nội bộ,25000,Đã giao
SHIP20260501231,PICK20260501231,SO20260501231,2026-05-08 19:21,2026-05-08 23:22,2026-05-09 12:33,DN-HC,WH-DN-01,RC-23C464,Nồi cơm,Sharp 1.8L,Xiaomi,2,438000,876000,Ahamove,120000,Đã giao
SHIP20260501232,PICK20260501232,SO20260501232,2026-05-21 20:10,2026-05-21 23:54,2026-05-23 11:49,CT-NK,WH-CT-01,AC-BBBEF9,Máy lạnh,Casper 1HP,Sharp,2,12036000,24072000,Nội bộ,120000,Giao lại
SHIP20260501233,PICK20260501233,SO20260501233,2026-05-31 15:45,2026-06-01 08:58,2026-06-01 15:42,HCM-Q1,WH-HCM-01,WM-4F93AF,Máy giặt,LG 9kg,Sunhouse,3,4108000,12324000,Nội bộ,25000,Đã giao
SHIP20260501234,PICK20260501234,SO20260501234,2026-05-10 17:58,2026-05-11 02:05,2026-05-12 01:45,HN-HBT,WH-HN-02,RC-879C8C,Nồi cơm,Sharp 1.8L,Panasonic,2,651000,1302000,GHN,25000,Đã giao
SHIP20260501235,PICK20260501235,SO20260501235,2026-05-17 09:27,2026-05-17 23:35,2026-05-18 19:00,HN-CG,WH-HN-01,BL-653303,Máy xay,Sunhouse Blender,Philips,2,379000,758000,GrabExpress,25000,Giao lại
SHIP20260501236,PICK20260501236,SO20260501236,2026-05-18 15:03,2026-05-19 02:51,2026-05-20 05:07,HN-HBT,WH-HN-02,WM-781AD9,Máy giặt,Samsung 10kg,Sharp,2,11013000,22026000,GHN,210000,Đã giao
SHIP20260501237,PICK20260501237,SO20260501237,2026-05-06 10:35,2026-05-07 02:15,2026-05-07 09:19,CT-NK,WH-CT-01,BL-21A1FA,Máy xay,Sunhouse Blender,Electrolux,2,1279000,2558000,Xe tải thuê ngoài,35000,Đã giao
SHIP20260501238,PICK20260501238,SO20260501238,2026-05-11 20:57,2026-05-12 06:29,2026-05-13 14:54,DN-HC,WH-DN-01,VC-4BDADC,Máy hút bụi,Philips FC,Electrolux,2,1329000,2658000,GHN,65000,Giao lại
SHIP20260501239,PICK20260501239,SO20260501239,2026-05-07 18:21,2026-05-08 10:55,2026-05-09 12:50,HN-CG,WH-HN-01,VC-933DDD,Máy hút bụi,Philips FC,Sharp,1,6070000,6070000,Nội bộ,0,Đã giao
SHIP20260501240,PICK20260501240,SO20260501240,2026-05-27 10:39,2026-05-28 02:37,2026-05-28 16:30,HCM-Q7,WH-HCM-02,RC-A5EAB1,Nồi cơm,Cuckoo 1.8L,Sony,1,1120000,1120000,Ahamove,0,Đã giao
SHIP20260501241,PICK20260501241,SO20260501241,2026-05-02 11:40,2026-05-03 03:55,2026-05-04 14:09,HN-CG,WH-HN-01,BL-E08C31,Máy xay,Panasonic Blender,Philips,3,1194000,3582000,Xe tải thuê ngoài,45000,Đã giao
SHIP20260501242,PICK20260501242,SO20260501242,2026-05-11 08:38,2026-05-12 01:59,2026-05-13 00:48,BD-TDM,WH-BD-01,KT-4F7F55,Ấm siêu tốc,Sunhouse,Electrolux,3,977000,2931000,Ahamove,35000,Giao lại
SHIP20260501243,PICK20260501243,SO20260501243,2026-05-26 18:56,2026-05-27 12:18,2026-05-28 07:41,DN-HC,WH-DN-01,TV-E37EE9,TV,"Samsung 55"" 4K",Casper,2,16718000,33436000,Xe tải thuê ngoài,180000,Đã giao
SHIP20260501244,PICK20260501244,SO20260501244,2026-05-25 14:15,2026-05-25 18:30,2026-05-26 11:31,HN-HBT,WH-HN-02,VC-2544A1,Máy hút bụi,Dyson V8,Cuckoo,2,3042000,6084000,Nội bộ,120000,Đã giao
SHIP20260501245,PICK20260501245,SO20260501245,2026-05-02 09:56,2026-05-02 23:11,2026-05-03 02:36,BD-TDM,WH-BD-01,AC-C1535B,Máy lạnh,Panasonic 1.5HP,Asia,3,13673000,41019000,Nội bộ,270000,Đã giao
SHIP20260501246,PICK20260501246,SO20260501246,2026-05-12 14:12,2026-05-13 06:44,2026-05-14 06:00,CT-NK,WH-CT-01,RF-A4EB7F,Tủ lạnh,Aqua 250L,Asia,1,10761000,10761000,Ahamove,45000,Hoàn tất
SHIP20260501247,PICK20260501247,SO20260501247,2026-05-10 08:54,2026-05-10 23:12,2026-05-11 10:17,CT-NK,WH-CT-01,AC-D15C8F,Máy lạnh,Daikin 1HP,Xiaomi,3,10697000,32091000,GHN,245000,Đã giao
SHIP20260501248,PICK20260501248,SO20260501248,2026-05-14 08:13,2026-05-14 14:58,2026-05-14 20:46,DN-HC,WH-DN-01,BL-BCB9B9,Máy xay,Panasonic Blender,Sunhouse,3,911000,2733000,GrabExpress,90000,Đã giao
SHIP20260501249,PICK20260501249,SO20260501249,2026-05-07 10:19,2026-05-07 18:03,2026-05-08 23:55,HCM-Q7,WH-HCM-02,FN-5AA0F8,Quạt,Senko,Cuckoo,3,355000,1065000,Ahamove,90000,Hoàn tất
SHIP20260501250,PICK20260501250,SO20260501250,2026-05-06 14:09,2026-05-06 21:51,2026-05-07 17:15,DN-HC,WH-DN-01,RC-1B752E,Nồi cơm,Panasonic 1.8L,Toshiba,3,417000,1251000,GHN,45000,Giao lại
SHIP20260501251,PICK20260501251,SO20260501251,2026-05-22 13:11,2026-05-23 06:45,2026-05-24 06:13,HCM-Q1,WH-HCM-01,KT-EFA122,Ấm siêu tốc,Sunhouse,Daikin,2,442000,884000,GHN,90000,Đã giao
SHIP20260501252,PICK20260501252,SO20260501252,2026-05-03 17:46,2026-05-04 11:58,2026-05-05 15:03,HN-HBT,WH-HN-02,BL-271795,Máy xay,Panasonic Blender,Sony,3,311000,933000,Nội bộ,25000,Đã giao
SHIP20260501253,PICK20260501253,SO20260501253,2026-05-10 18:02,2026-05-11 10:13,2026-05-12 18:27,HN-HBT,WH-HN-02,RF-7AFE5C,Tủ lạnh,LG 420L,Electrolux,2,13835000,27670000,Nội bộ,155000,Đã giao
SHIP20260501254,PICK20260501254,SO20260501254,2026-05-24 14:02,2026-05-25 01:21,2026-05-26 05:44,CT-NK,WH-CT-01,WM-674B7B,Máy giặt,Samsung 10kg,Senko,3,9870000,29610000,GHN,125000,Đã giao
SHIP20260501255,PICK20260501255,SO20260501255,2026-05-29 16:42,2026-05-29 19:35,2026-05-30 18:46,DN-HC,WH-DN-01,WM-016674,Máy giặt,Samsung 10kg,Sunhouse,3,7713000,23139000,Xe tải thuê ngoài,115000,Hoàn tất
SHIP20260501256,PICK20260501256,SO20260501256,2026-05-30 18:23,2026-05-31 13:20,2026-06-01 05:42,HCM-Q7,WH-HCM-02,AC-48A793,Máy lạnh,Panasonic 1.5HP,Sony,1,13614000,13614000,Nội bộ,0,Giao lại
SHIP20260501257,PICK20260501257,SO20260501257,2026-05-28 18:45,2026-05-28 20:36,2026-05-29 02:24,DN-HC,WH-DN-01,RF-7A08B1,Tủ lạnh,Samsung Inverter 350L,Xiaomi,2,15108000,30216000,Nội bộ,210000,Đã giao
SHIP20260501258,PICK20260501258,SO20260501258,2026-05-02 10:00,2026-05-02 12:05,2026-05-02 20:30,HCM-TB,WH-HCM-03,AC-4CE3DD,Máy lạnh,Panasonic 1.5HP,Samsung,2,10637000,21274000,GHN,145000,Giao lại
SHIP20260501259,PICK20260501259,SO20260501259,2026-05-05 12:22,2026-05-05 16:39,2026-05-05 20:14,BD-TDM,WH-BD-01,RC-BCC6AD,Nồi cơm,Panasonic 1.8L,Sharp,1,1483000,1483000,Ahamove,0,Đã giao
SHIP20260501260,PICK20260501260,SO20260501260,2026-05-06 10:27,2026-05-06 15:15,2026-05-06 19:05,HCM-Q7,WH-HCM-02,BL-3646DD,Máy xay,Panasonic Blender,LG,2,1223000,2446000,Xe tải thuê ngoài,25000,Giao lại
SHIP20260501261,PICK20260501261,SO20260501261,2026-05-06 17:58,2026-05-07 07:04,2026-05-08 19:28,BD-TDM,WH-BD-01,RF-7646CC,Tủ lạnh,Samsung Inverter 350L,Philips,3,8428000,25284000,GrabExpress,120000,Đã giao
SHIP20260501262,PICK20260501262,SO20260501262,2026-05-23 10:15,2026-05-23 14:18,2026-05-24 01:39,HN-CG,WH-HN-01,RF-4D4BA4,Tủ lạnh,Aqua 250L,Philips,3,7579000,22737000,Nội bộ,225000,Đã giao
SHIP20260501263,PICK20260501263,SO20260501263,2026-05-12 13:48,2026-05-13 04:17,2026-05-13 23:08,DN-HC,WH-DN-01,FN-A7C1D9,Quạt,Asia,LG,2,476000,952000,GrabExpress,90000,Đã giao
SHIP20260501264,PICK20260501264,SO20260501264,2026-05-31 17:09,2026-06-01 09:22,2026-06-02 20:05,HCM-TB,WH-HCM-03,TV-74BDA3,TV,LG OLED 48,Sunhouse,3,28194000,84582000,GrabExpress,300000,Hoàn tất
SHIP20260501265,PICK20260501265,SO20260501265,2026-05-11 20:03,2026-05-12 01:57,2026-05-13 12:40,HN-HBT,WH-HN-02,TV-3A3210,TV,LG OLED 48,Xiaomi,2,23537000,47074000,GHN,185000,Hoàn tất
SHIP20260501266,PICK20260501266,SO20260501266,2026-05-21 13:05,2026-05-22 04:59,2026-05-23 15:59,BD-TDM,WH-BD-01,WM-6AF796,Máy giặt,Panasonic 8.5kg,Senko,1,5519000,5519000,Ahamove,120000,Giao lại
SHIP20260501267,PICK20260501267,SO20260501267,2026-05-26 11:55,2026-05-27 06:30,2026-05-27 23:23,HN-CG,WH-HN-01,RF-BF179F,Tủ lạnh,Aqua 250L,Sunhouse,3,11556000,34668000,GHN,180000,Đã giao
SHIP20260501268,PICK20260501268,SO20260501268,2026-05-09 16:47,2026-05-09 18:55,2026-05-10 22:55,HCM-Q1,WH-HCM-01,RC-BFF843,Nồi cơm,Cuckoo 1.8L,Xiaomi,1,2632000,2632000,Nội bộ,65000,Đã giao
SHIP20260501269,PICK20260501269,SO20260501269,2026-05-23 09:08,2026-05-24 01:11,2026-05-24 16:31,CT-NK,WH-CT-01,WM-70D3A7,Máy giặt,Panasonic 8.5kg,Daikin,1,5327000,5327000,Nội bộ,120000,Đã giao
SHIP20260501270,PICK20260501270,SO20260501270,2026-05-11 19:05,2026-05-12 06:38,2026-05-13 17:56,HCM-Q7,WH-HCM-02,RC-CCF100,Nồi cơm,Sharp 1.8L,Sunhouse,1,1327000,1327000,GHN,0,Hoàn tất
SHIP20260501271,PICK20260501271,SO20260501271,2026-05-31 09:45,2026-05-31 21:58,2026-06-01 16:56,CT-NK,WH-CT-01,RC-DFEBAA,Nồi cơm,Sharp 1.8L,LG,2,1771000,3542000,Xe tải thuê ngoài,45000,Đã giao
SHIP20260501272,PICK20260501272,SO20260501272,2026-05-01 18:08,2026-05-02 08:46,2026-05-02 12:45,HCM-TB,WH-HCM-03,VC-FA3352,Máy hút bụi,Dyson V8,Aqua,1,4930000,4930000,Ahamove,25000,Hoàn tất
SHIP20260501273,PICK20260501273,SO20260501273,2026-05-28 12:28,2026-05-29 01:27,2026-05-30 01:44,HCM-Q7,WH-HCM-02,KT-9BE99C,Ấm siêu tốc,Philips,Panasonic,3,169000,507000,GrabExpress,35000,Đã giao
SHIP20260501274,PICK20260501274,SO20260501274,2026-05-03 19:18,2026-05-04 01:49,2026-05-04 16:54,CT-NK,WH-CT-01,MW-5F52F7,Lò vi sóng,Sharp 20L,Toshiba,3,1288000,3864000,Xe tải thuê ngoài,65000,Đã giao
SHIP20260501275,PICK20260501275,SO20260501275,2026-05-14 19:45,2026-05-15 02:24,2026-05-15 18:47,DN-HC,WH-DN-01,TV-1C16CC,TV,"Samsung 55"" 4K",Sony,3,16955000,50865000,GHN,300000,Đã giao
SHIP20260501276,PICK20260501276,SO20260501276,2026-05-25 16:33,2026-05-26 08:54,2026-05-26 20:40,HCM-TB,WH-HCM-03,AC-D8DA6B,Máy lạnh,Daikin 1HP,Casper,1,13200000,13200000,GrabExpress,115000,Hoàn tất
SHIP20260501277,PICK20260501277,SO20260501277,2026-05-14 17:16,2026-05-14 22:08,2026-05-16 02:03,HCM-Q1,WH-HCM-01,FN-66B168,Quạt,Panasonic,Philips,2,371000,742000,Nội bộ,120000,Giao lại
SHIP20260501278,PICK20260501278,SO20260501278,2026-05-07 08:30,2026-05-07 19:09,2026-05-08 16:47,BD-TDM,WH-BD-01,MW-AE2881,Lò vi sóng,Panasonic 25L,Panasonic,1,4100000,4100000,Ahamove,0,Đã giao
SHIP20260501279,PICK20260501279,SO20260501279,2026-05-19 08:14,2026-05-19 23:52,2026-05-21 12:17,DN-HC,WH-DN-01,WM-EE77C3,Máy giặt,Toshiba 9kg,Panasonic,3,9364000,28092000,Ahamove,180000,Đã giao
SHIP20260501280,PICK20260501280,SO20260501280,2026-05-13 11:53,2026-05-13 14:40,2026-05-15 01:08,CT-NK,WH-CT-01,FN-FB4782,Quạt,Panasonic,Electrolux,1,373000,373000,GrabExpress,25000,Đã giao
SHIP20260501281,PICK20260501281,SO20260501281,2026-05-06 13:22,2026-05-06 18:52,2026-05-07 14:01,DN-HC,WH-DN-01,FN-A270E1,Quạt,Asia,Sony,3,1252000,3756000,GrabExpress,0,Đã giao
SHIP20260501282,PICK20260501282,SO20260501282,2026-05-19 20:10,2026-05-20 06:33,2026-05-20 12:41,HN-CG,WH-HN-01,BL-2DE930,Máy xay,Sunhouse Blender,Toshiba,1,342000,342000,GrabExpress,65000,Đã giao
SHIP20260501283,PICK20260501283,SO20260501283,2026-05-22 13:38,2026-05-22 14:51,2026-05-24 00:03,HCM-Q7,WH-HCM-02,BL-AB2BDE,Máy xay,Sunhouse Blender,Senko,2,1613000,3226000,GrabExpress,65000,Đã giao
SHIP20260501284,PICK20260501284,SO20260501284,2026-05-24 13:00,2026-05-24 18:25,2026-05-25 17:05,BD-TDM,WH-BD-01,RF-A7BDBE,Tủ lạnh,Aqua 250L,Toshiba,1,19500000,19500000,Ahamove,215000,Hoàn tất
SHIP20260501285,PICK20260501285,SO20260501285,2026-05-01 15:26,2026-05-01 20:41,2026-05-02 19:15,HN-CG,WH-HN-01,VC-2544A1,Máy hút bụi,Dyson V8,Cuckoo,2,1692000,3384000,Ahamove,45000,Đã giao
SHIP20260501286,PICK20260501286,SO20260501286,2026-05-08 18:12,2026-05-08 20:35,2026-05-09 15:55,HCM-Q1,WH-HCM-01,FN-985D6E,Quạt,Panasonic,Sharp,2,721000,1442000,GrabExpress,35000,Đã giao
SHIP20260501287,PICK20260501287,SO20260501287,2026-05-14 10:43,2026-05-14 20:18,2026-05-16 04:57,HN-CG,WH-HN-01,WM-E62700,Máy giặt,Samsung 10kg,Xiaomi,2,11773000,23546000,GHN,200000,Hoàn tất
SHIP20260501288,PICK20260501288,SO20260501288,2026-05-05 17:49,2026-05-06 04:08,2026-05-07 12:06,HCM-Q7,WH-HCM-02,TV-299EB8,TV,LG OLED 48,Electrolux,3,26651000,79953000,Ahamove,245000,Đã giao
SHIP20260501289,PICK20260501289,SO20260501289,2026-05-25 13:54,2026-05-26 01:49,2026-05-26 12:47,HN-CG,WH-HN-01,WM-CD87CF,Máy giặt,Toshiba 9kg,Aqua,3,6957000,20871000,Nội bộ,270000,Đã giao
SHIP20260501290,PICK20260501290,SO20260501290,2026-05-17 19:45,2026-05-18 09:19,2026-05-18 17:46,HCM-Q7,WH-HCM-02,RF-3465A9,Tủ lạnh,Aqua 250L,Samsung,3,16162000,48486000,Ahamove,155000,Đã giao
SHIP20260501291,PICK20260501291,SO20260501291,2026-05-20 20:56,2026-05-21 02:11,2026-05-22 10:12,CT-NK,WH-CT-01,AC-F32BBC,Máy lạnh,Mitsubishi 1.5HP,Mitsubishi,2,4791000,9582000,Nội bộ,35000,Đã giao
SHIP20260501292,PICK20260501292,SO20260501292,2026-05-13 18:36,2026-05-13 23:03,2026-05-14 07:50,CT-NK,WH-CT-01,TV-65B17D,TV,"Sony 65""",Samsung,1,19709000,19709000,Ahamove,155000,Đã giao
SHIP20260501293,PICK20260501293,SO20260501293,2026-05-21 13:49,2026-05-22 03:52,2026-05-23 06:11,HCM-Q7,WH-HCM-02,RC-BCC6AD,Nồi cơm,Panasonic 1.8L,Sharp,1,2152000,2152000,GHN,90000,Đã giao
SHIP20260501294,PICK20260501294,SO20260501294,2026-05-24 11:48,2026-05-25 01:17,2026-05-25 10:03,DN-HC,WH-DN-01,RF-3FC132,Tủ lạnh,LG 420L,Daikin,3,7086000,21258000,GHN,80000,Đã giao
SHIP20260501295,PICK20260501295,SO20260501295,2026-05-31 14:46,2026-06-01 08:14,2026-06-02 01:37,DN-HC,WH-DN-01,WM-41CB2E,Máy giặt,Panasonic 8.5kg,Toshiba,3,5505000,16515000,GrabExpress,170000,Đã giao
SHIP20260501296,PICK20260501296,SO20260501296,2026-05-03 17:11,2026-05-04 10:58,2026-05-05 22:48,BD-TDM,WH-BD-01,VC-8877C5,Máy hút bụi,Philips FC,Daikin,1,5580000,5580000,GrabExpress,45000,Hoàn tất
SHIP20260501297,PICK20260501297,SO20260501297,2026-05-23 12:04,2026-05-24 00:57,2026-05-25 01:55,HCM-Q1,WH-HCM-01,FN-FC4665,Quạt,Asia,Electrolux,3,1021000,3063000,GHN,120000,Giao lại
SHIP20260501298,PICK20260501298,SO20260501298,2026-05-15 17:00,2026-05-16 10:52,2026-05-17 12:35,HCM-Q7,WH-HCM-02,TV-1B61A7,TV,LG OLED 48,Samsung,1,7243000,7243000,GHN,25000,Đã giao
SHIP20260501299,PICK20260501299,SO20260501299,2026-05-30 15:23,2026-05-31 09:52,2026-05-31 15:15,HN-CG,WH-HN-01,VC-6858E9,Máy hút bụi,Xiaomi G10,Sharp,1,3918000,3918000,GHN,25000,Đã giao
SHIP20260501300,PICK20260501300,SO20260501300,2026-05-27 18:11,2026-05-28 09:43,2026-05-29 02:10,CT-NK,WH-CT-01,VC-D89B2B,Máy hút bụi,Xiaomi G10,LG,2,3936000,7872000,GrabExpress,65000,Hoàn tất
SHIP20260501301,PICK20260501301,SO20260501301,2026-05-02 11:35,2026-05-02 19:41,2026-05-03 08:52,HN-CG,WH-HN-01,MW-B116A2,Lò vi sóng,Panasonic 25L,Senko,3,1899000,5697000,Xe tải thuê ngoài,0,Đã giao
SHIP20260501302,PICK20260501302,SO20260501302,2026-05-16 10:28,2026-05-16 18:50,2026-05-17 05:25,CT-NK,WH-CT-01,RF-CAB84B,Tủ lạnh,Samsung Inverter 350L,Senko,2,19598000,39196000,Ahamove,115000,Đã giao
SHIP20260501303,PICK20260501303,SO20260501303,2026-05-09 19:54,2026-05-10 01:03,2026-05-10 04:54,HCM-Q1,WH-HCM-01,FN-C25C4D,Quạt,Senko,Asia,1,1228000,1228000,GrabExpress,45000,Giao lại
SHIP20260501304,PICK20260501304,SO20260501304,2026-05-25 18:49,2026-05-26 13:35,2026-05-27 00:58,HCM-Q7,WH-HCM-02,MW-95E139,Lò vi sóng,Sharp 20L,Philips,2,2553000,5106000,GrabExpress,45000,Giao lại
SHIP20260501305,PICK20260501305,SO20260501305,2026-05-31 19:38,2026-06-01 08:03,2026-06-02 15:29,HN-CG,WH-HN-01,TV-3C8911,TV,LG OLED 48,Sharp,1,9515000,9515000,GHN,90000,Đã giao
SHIP20260501306,PICK20260501306,SO20260501306,2026-05-16 18:58,2026-05-17 05:32,2026-05-18 07:21,DN-HC,WH-DN-01,RF-3FC132,Tủ lạnh,LG 420L,Daikin,2,18284000,36568000,GrabExpress,155000,Đã giao
SHIP20260501307,PICK20260501307,SO20260501307,2026-05-28 16:20,2026-05-29 01:23,2026-05-29 08:00,HCM-Q7,WH-HCM-02,KT-4BFC34,Ấm siêu tốc,Kangaroo,Sunhouse,3,280000,840000,Xe tải thuê ngoài,65000,Hoàn tất
SHIP20260501308,PICK20260501308,SO20260501308,2026-05-04 20:52,2026-05-05 03:11,2026-05-06 09:06,CT-NK,WH-CT-01,BL-63B96E,Máy xay,Panasonic Blender,Panasonic,2,1344000,2688000,GHN,90000,Đã giao
SHIP20260501309,PICK20260501309,SO20260501309,2026-05-26 11:15,2026-05-26 21:09,2026-05-28 03:07,HN-CG,WH-HN-01,VC-36242C,Máy hút bụi,Xiaomi G10,Sony,3,6138000,18414000,Nội bộ,115000,Giao lại
SHIP20260501310,PICK20260501310,SO20260501310,2026-05-02 08:27,2026-05-02 18:39,2026-05-03 07:20,HCM-Q7,WH-HCM-02,VC-FA3352,Máy hút bụi,Dyson V8,Aqua,3,3633000,10899000,Xe tải thuê ngoài,120000,Đã giao
SHIP20260501311,PICK20260501311,SO20260501311,2026-05-15 14:28,2026-05-16 01:46,2026-05-16 06:25,HCM-Q1,WH-HCM-01,WM-758BD9,Máy giặt,Panasonic 8.5kg,Xiaomi,1,8495000,8495000,GHN,25000,Giao lại
SHIP20260501312,PICK20260501312,SO20260501312,2026-05-21 15:11,2026-05-22 02:22,2026-05-23 08:42,BD-TDM,WH-BD-01,RC-5D6078,Nồi cơm,Cuckoo 1.8L,Sunhouse,2,617000,1234000,Ahamove,45000,Hoàn tất
SHIP20260501313,PICK20260501313,SO20260501313,2026-05-27 16:20,2026-05-28 01:36,2026-05-29 05:59,CT-NK,WH-CT-01,MW-397FED,Lò vi sóng,Electrolux 23L,Asia,1,3272000,3272000,Nội bộ,25000,Đã giao
SHIP20260501314,PICK20260501314,SO20260501314,2026-05-03 16:40,2026-05-04 02:15,2026-05-05 00:20,CT-NK,WH-CT-01,VC-6858E9,Máy hút bụi,Xiaomi G10,Sharp,1,6918000,6918000,Nội bộ,0,Hoàn tất
SHIP20260501315,PICK20260501315,SO20260501315,2026-05-09 14:13,2026-05-09 21:37,2026-05-10 17:36,HCM-TB,WH-HCM-03,MW-A83E5A,Lò vi sóng,Electrolux 23L,Sunhouse,1,3244000,3244000,Nội bộ,90000,Đã giao
SHIP20260501316,PICK20260501316,SO20260501316,2026-05-14 18:48,2026-05-15 03:36,2026-05-15 16:44,CT-NK,WH-CT-01,RF-5ECF76,Tủ lạnh,LG 420L,Mitsubishi,3,11616000,34848000,Xe tải thuê ngoài,115000,Hoàn tất
SHIP20260501317,PICK20260501317,SO20260501317,2026-05-14 15:07,2026-05-14 21:03,2026-05-16 08:03,HN-CG,WH-HN-01,BL-E21F60,Máy xay,Philips Blender,Electrolux,3,1275000,3825000,Xe tải thuê ngoài,90000,Đã giao
SHIP20260501318,PICK20260501318,SO20260501318,2026-05-22 13:29,2026-05-22 15:24,2026-05-23 17:37,DN-HC,WH-DN-01,BL-21A1FA,Máy xay,Sunhouse Blender,Electrolux,1,1865000,1865000,GrabExpress,65000,Đã giao
SHIP20260501319,PICK20260501319,SO20260501319,2026-05-19 12:40,2026-05-19 21:42,2026-05-21 03:11,HCM-Q1,WH-HCM-01,MW-D3DB9C,Lò vi sóng,Sharp 20L,Aqua,2,3539000,7078000,GrabExpress,120000,Đã giao
SHIP20260501320,PICK20260501320,SO20260501320,2026-05-26 15:00,2026-05-27 01:47,2026-05-27 04:08,CT-NK,WH-CT-01,RF-40AAB7,Tủ lạnh,Samsung Inverter 350L,Electrolux,2,11239000,22478000,Xe tải thuê ngoài,210000,Đã giao
SHIP20260501321,PICK20260501321,SO20260501321,2026-05-19 15:59,2026-05-19 17:36,2026-05-20 13:18,HN-HBT,WH-HN-02,TV-9A9F11,TV,"Samsung 55"" 4K",Toshiba,3,16125000,48375000,GHN,145000,Hoàn tất
SHIP20260501322,PICK20260501322,SO20260501322,2026-05-29 14:23,2026-05-29 16:24,2026-05-30 18:15,HCM-Q1,WH-HCM-01,RF-A94B66,Tủ lạnh,Panasonic 300L,Xiaomi,2,18971000,37942000,GrabExpress,170000,Đã giao
SHIP20260501323,PICK20260501323,SO20260501323,2026-05-01 08:46,2026-05-01 11:55,2026-05-01 14:48,HCM-TB,WH-HCM-03,RF-B94164,Tủ lạnh,LG 420L,Aqua,3,15475000,46425000,Ahamove,155000,Đã giao
SHIP20260501324,PICK20260501324,SO20260501324,2026-05-31 20:15,2026-06-01 08:14,2026-06-01 18:29,BD-TDM,WH-BD-01,AC-9EB347,Máy lạnh,Panasonic 1.5HP,Xiaomi,2,10599000,21198000,Nội bộ,120000,Đã giao
SHIP20260501325,PICK20260501325,SO20260501325,2026-05-13 10:18,2026-05-13 21:27,2026-05-14 01:07,HCM-Q1,WH-HCM-01,FN-5AA0F8,Quạt,Senko,Cuckoo,3,601000,1803000,Ahamove,35000,Đã giao
SHIP20260501326,PICK20260501326,SO20260501326,2026-05-28 14:44,2026-05-29 04:06,2026-05-29 09:30,HN-CG,WH-HN-01,KT-F7FE04,Ấm siêu tốc,Kangaroo,Sony,1,305000,305000,Ahamove,0,Đã giao
SHIP20260501327,PICK20260501327,SO20260501327,2026-05-27 15:44,2026-05-27 23:31,2026-05-28 22:10,CT-NK,WH-CT-01,TV-DD0514,TV,"Samsung 55"" 4K",Mitsubishi,2,16857000,33714000,GHN,155000,Đã giao
SHIP20260501328,PICK20260501328,SO20260501328,2026-05-30 20:26,2026-05-31 10:55,2026-06-01 11:30,CT-NK,WH-CT-01,WM-85FDED,Máy giặt,Samsung 10kg,Asia,1,8703000,8703000,GHN,65000,Đã giao
SHIP20260501329,PICK20260501329,SO20260501329,2026-05-05 13:08,2026-05-05 22:06,2026-05-06 03:26,HN-HBT,WH-HN-02,WM-781AD9,Máy giặt,Samsung 10kg,Sharp,3,6004000,18012000,Ahamove,170000,Đã giao
SHIP20260501330,PICK20260501330,SO20260501330,2026-05-11 18:49,2026-05-12 09:09,2026-05-13 13:18,HN-HBT,WH-HN-02,BL-95987D,Máy xay,Philips Blender,Asia,3,798000,2394000,Nội bộ,35000,Hoàn tất
SHIP20260501331,PICK20260501331,SO20260501331,2026-05-21 17:22,2026-05-21 21:50,2026-05-23 06:03,HCM-Q7,WH-HCM-02,BL-33ED9A,Máy xay,Philips Blender,Panasonic,1,1222000,1222000,Xe tải thuê ngoài,45000,Giao lại
SHIP20260501332,PICK20260501332,SO20260501332,2026-05-03 15:50,2026-05-04 07:11,2026-05-05 19:51,HN-CG,WH-HN-01,TV-24D9E9,TV,"Samsung 55"" 4K",Panasonic,1,10780000,10780000,Nội bộ,45000,Đã giao
SHIP20260501333,PICK20260501333,SO20260501333,2026-05-11 20:27,2026-05-12 06:13,2026-05-12 12:21,HN-HBT,WH-HN-02,TV-F84775,TV,"Sony 65""",Xiaomi,3,13698000,41094000,GHN,80000,Đã giao
SHIP20260501334,PICK20260501334,SO20260501334,2026-05-31 12:26,2026-06-01 04:25,2026-06-02 04:47,HN-CG,WH-HN-01,RF-4A3E4F,Tủ lạnh,Aqua 250L,Daikin,3,16427000,49281000,Ahamove,165000,Giao lại
SHIP20260501335,PICK20260501335,SO20260501335,2026-05-03 14:33,2026-05-04 02:02,2026-05-05 08:55,HCM-Q7,WH-HCM-02,BL-BE1E34,Máy xay,Panasonic Blender,Senko,2,432000,864000,Ahamove,90000,Đã giao
SHIP20260501336,PICK20260501336,SO20260501336,2026-05-07 11:10,2026-05-07 23:40,2026-05-08 04:41,CT-NK,WH-CT-01,AC-EB66B0,Máy lạnh,Casper 1HP,Asia,2,5934000,11868000,GHN,155000,Đã giao
SHIP20260501337,PICK20260501337,SO20260501337,2026-05-14 20:50,2026-05-15 08:36,2026-05-16 17:49,HCM-Q7,WH-HCM-02,WM-B2AB72,Máy giặt,Toshiba 9kg,Casper,1,10773000,10773000,Xe tải thuê ngoài,65000,Đã giao
SHIP20260501338,PICK20260501338,SO20260501338,2026-05-31 13:18,2026-05-31 19:58,2026-06-02 04:56,CT-NK,WH-CT-01,WM-725BDB,Máy giặt,Samsung 10kg,Toshiba,2,13337000,26674000,Xe tải thuê ngoài,80000,Đã giao
SHIP20260501339,PICK20260501339,SO20260501339,2026-05-19 09:10,2026-05-19 11:02,2026-05-20 15:41,HCM-TB,WH-HCM-03,BL-54E269,Máy xay,Philips Blender,Xiaomi,3,1076000,3228000,Ahamove,45000,Đã giao
SHIP20260501340,PICK20260501340,SO20260501340,2026-05-23 08:20,2026-05-23 22:16,2026-05-25 02:40,DN-HC,WH-DN-01,RF-ECA283,Tủ lạnh,Panasonic 300L,Panasonic,1,4160000,4160000,GHN,90000,Giao lại
SHIP20260501341,PICK20260501341,SO20260501341,2026-05-17 10:59,2026-05-17 20:08,2026-05-18 11:00,HCM-Q7,WH-HCM-02,TV-F84775,TV,"Sony 65""",Xiaomi,2,27496000,54992000,GHN,155000,Đã giao
SHIP20260501342,PICK20260501342,SO20260501342,2026-05-15 20:07,2026-05-16 13:33,2026-05-17 01:40,HN-HBT,WH-HN-02,TV-888A32,TV,"TCL 50""",Mitsubishi,3,8006000,24018000,GHN,205000,Đã giao
SHIP20260501343,PICK20260501343,SO20260501343,2026-05-13 08:53,2026-05-14 01:33,2026-05-15 08:22,CT-NK,WH-CT-01,AC-496EEC,Máy lạnh,Casper 1HP,Philips,2,7066000,14132000,Ahamove,205000,Đã giao
SHIP20260501344,PICK20260501344,SO20260501344,2026-05-25 08:39,2026-05-26 02:16,2026-05-26 18:02,HCM-Q7,WH-HCM-02,RC-454944,Nồi cơm,Sunhouse 1.2L,Sony,3,764000,2292000,Nội bộ,25000,Hoàn tất
SHIP20260501345,PICK20260501345,SO20260501345,2026-05-18 16:43,2026-05-19 08:14,2026-05-20 12:27,DN-HC,WH-DN-01,KT-8BE75F,Ấm siêu tốc,Kangaroo,Samsung,2,199000,398000,Nội bộ,120000,Đã giao
SHIP20260501346,PICK20260501346,SO20260501346,2026-05-09 13:28,2026-05-10 02:51,2026-05-11 07:30,HCM-TB,WH-HCM-03,WM-345051,Máy giặt,LG 9kg,Senko,1,4660000,4660000,Ahamove,35000,Hoàn tất
SHIP20260501347,PICK20260501347,SO20260501347,2026-05-09 15:47,2026-05-10 01:13,2026-05-10 04:56,HCM-Q7,WH-HCM-02,VC-B711CC,Máy hút bụi,Xiaomi G10,Panasonic,3,6174000,18522000,Nội bộ,170000,Đã giao
SHIP20260501348,PICK20260501348,SO20260501348,2026-05-28 17:32,2026-05-29 00:28,2026-05-29 12:33,CT-NK,WH-CT-01,VC-98D4CD,Máy hút bụi,Xiaomi G10,Cuckoo,1,1879000,1879000,Nội bộ,0,Đã giao
SHIP20260501349,PICK20260501349,SO20260501349,2026-05-09 10:52,2026-05-09 16:13,2026-05-10 08:13,HN-CG,WH-HN-01,FN-6CD351,Quạt,Panasonic,Aqua,2,350000,700000,Nội bộ,90000,Đã giao
SHIP20260501350,PICK20260501350,SO20260501350,2026-05-06 08:42,2026-05-06 14:57,2026-05-08 02:28,CT-NK,WH-CT-01,RF-8F66CC,Tủ lạnh,Aqua 250L,Xiaomi,2,18024000,36048000,GHN,115000,Đã giao
SHIP20260501351,PICK20260501351,SO20260501351,2026-05-19 13:06,2026-05-19 19:52,2026-05-20 00:13,HCM-Q7,WH-HCM-02,FN-0333B4,Quạt,Asia,Daikin,2,1306000,2612000,Ahamove,120000,Hoàn tất
SHIP20260501352,PICK20260501352,SO20260501352,2026-05-03 20:05,2026-05-04 08:09,2026-05-05 18:09,HCM-Q1,WH-HCM-01,AC-F1CE55,Máy lạnh,Mitsubishi 1.5HP,Sunhouse,2,17679000,35358000,Xe tải thuê ngoài,155000,Đã giao
SHIP20260501353,PICK20260501353,SO20260501353,2026-05-31 19:45,2026-05-31 23:15,2026-06-01 04:47,HCM-Q1,WH-HCM-01,AC-B90290,Máy lạnh,Panasonic 1.5HP,Mitsubishi,1,14854000,14854000,Xe tải thuê ngoài,225000,Giao lại
SHIP20260501354,PICK20260501354,SO20260501354,2026-05-26 11:36,2026-05-26 19:01,2026-05-27 16:34,BD-TDM,WH-BD-01,WM-6CA151,Máy giặt,LG 9kg,Philips,1,10395000,10395000,GrabExpress,120000,Giao lại
SHIP20260501355,PICK20260501355,SO20260501355,2026-05-10 19:25,2026-05-11 08:54,2026-05-12 10:36,BD-TDM,WH-BD-01,MW-3E4330,Lò vi sóng,Sharp 20L,Samsung,3,2980000,8940000,Ahamove,0,Hoàn tất
SHIP20260501356,PICK20260501356,SO20260501356,2026-05-10 19:26,2026-05-11 10:36,2026-05-12 08:32,DN-HC,WH-DN-01,RC-3C3427,Nồi cơm,Sharp 1.8L,Senko,3,2054000,6162000,Xe tải thuê ngoài,120000,Đã giao
SHIP20260501357,PICK20260501357,SO20260501357,2026-05-09 14:25,2026-05-10 06:00,2026-05-11 14:26,HCM-Q7,WH-HCM-02,MW-D62048,Lò vi sóng,Panasonic 25L,Xiaomi,1,1905000,1905000,GrabExpress,90000,Đã giao
SHIP20260501358,PICK20260501358,SO20260501358,2026-05-17 12:40,2026-05-18 00:30,2026-05-18 04:00,HCM-TB,WH-HCM-03,RC-7580B4,Nồi cơm,Panasonic 1.8L,Panasonic,2,1700000,3400000,Xe tải thuê ngoài,90000,Đã giao
SHIP20260501359,PICK20260501359,SO20260501359,2026-05-20 14:46,2026-05-20 22:09,2026-05-21 23:13,HCM-Q1,WH-HCM-01,MW-6902E3,Lò vi sóng,Sharp 20L,Sony,2,2115000,4230000,Xe tải thuê ngoài,45000,Đã giao
SHIP20260501360,PICK20260501360,SO20260501360,2026-05-17 16:40,2026-05-18 02:31,2026-05-18 04:33,HCM-TB,WH-HCM-03,WM-D9AB8A,Máy giặt,Samsung 10kg,Mitsubishi,2,8318000,16636000,GrabExpress,80000,Đã giao
SHIP20260501361,PICK20260501361,SO20260501361,2026-05-20 15:01,2026-05-21 03:31,2026-05-22 12:46,HN-CG,WH-HN-01,TV-91B89E,TV,"TCL 50""",Toshiba,3,25710000,77130000,GrabExpress,120000,Đã giao
SHIP20260501362,PICK20260501362,SO20260501362,2026-05-26 20:16,2026-05-27 06:48,2026-05-28 08:35,HCM-Q7,WH-HCM-02,KT-9065A4,Ấm siêu tốc,Philips,Mitsubishi,2,640000,1280000,Nội bộ,120000,Đã giao
SHIP20260501363,PICK20260501363,SO20260501363,2026-05-20 09:40,2026-05-20 14:18,2026-05-21 16:25,CT-NK,WH-CT-01,TV-0CE747,TV,"Sony 65""",Casper,1,15597000,15597000,Xe tải thuê ngoài,200000,Hoàn tất
SHIP20260501364,PICK20260501364,SO20260501364,2026-05-27 14:23,2026-05-27 19:22,2026-05-27 23:57,DN-HC,WH-DN-01,VC-51D140,Máy hút bụi,Xiaomi G10,Casper,3,5789000,17367000,Xe tải thuê ngoài,240000,Hoàn tất
SHIP20260501365,PICK20260501365,SO20260501365,2026-05-19 13:23,2026-05-20 01:48,2026-05-20 09:44,HCM-Q7,WH-HCM-02,WM-4EAB5C,Máy giặt,Samsung 10kg,LG,3,6935000,20805000,Nội bộ,105000,Hoàn tất
SHIP20260501366,PICK20260501366,SO20260501366,2026-05-20 17:56,2026-05-20 19:41,2026-05-21 23:04,HN-CG,WH-HN-01,BL-271795,Máy xay,Panasonic Blender,Sony,1,576000,576000,Nội bộ,25000,Đã giao
SHIP20260501367,PICK20260501367,SO20260501367,2026-05-07 15:23,2026-05-07 23:29,2026-05-08 09:58,BD-TDM,WH-BD-01,TV-E2DD63,TV,LG OLED 48,Panasonic,2,10452000,20904000,Xe tải thuê ngoài,105000,Đã giao
SHIP20260501368,PICK20260501368,SO20260501368,2026-05-21 20:11,2026-05-22 07:13,2026-05-22 21:18,CT-NK,WH-CT-01,MW-C368CC,Lò vi sóng,Sharp 20L,Sunhouse,3,2938000,8814000,GrabExpress,90000,Hoàn tất
SHIP20260501369,PICK20260501369,SO20260501369,2026-05-24 11:03,2026-05-24 14:10,2026-05-25 13:00,BD-TDM,WH-BD-01,FN-C43CC3,Quạt,Senko,Electrolux,3,984000,2952000,GHN,120000,Đã giao
SHIP20260501370,PICK20260501370,SO20260501370,2026-05-21 15:49,2026-05-22 04:30,2026-05-23 14:55,HN-HBT,WH-HN-02,VC-9C3BA7,Máy hút bụi,Xiaomi G10,Xiaomi,3,3869000,11607000,Ahamove,145000,Đã giao
SHIP20260501371,PICK20260501371,SO20260501371,2026-05-17 15:39,2026-05-18 05:18,2026-05-19 14:51,BD-TDM,WH-BD-01,TV-6DF2DA,TV,"TCL 50""",Electrolux,2,12525000,25050000,Nội bộ,180000,Giao lại
SHIP20260501372,PICK20260501372,SO20260501372,2026-05-20 20:56,2026-05-21 13:59,2026-05-22 00:41,CT-NK,WH-CT-01,RF-082E8A,Tủ lạnh,Panasonic 300L,Senko,2,10298000,20596000,Ahamove,215000,Giao lại
SHIP20260501373,PICK20260501373,SO20260501373,2026-05-13 13:56,2026-05-13 18:45,2026-05-14 13:33,DN-HC,WH-DN-01,VC-98037D,Máy hút bụi,Dyson V8,Sunhouse,2,3433000,6866000,Ahamove,0,Giao lại
SHIP20260501374,PICK20260501374,SO20260501374,2026-05-02 11:36,2026-05-02 21:41,2026-05-04 10:30,BD-TDM,WH-BD-01,RC-007FFA,Nồi cơm,Sharp 1.8L,Cuckoo,2,501000,1002000,Nội bộ,90000,Đã giao
SHIP20260501375,PICK20260501375,SO20260501375,2026-05-24 17:00,2026-05-24 23:36,2026-05-25 05:03,BD-TDM,WH-BD-01,WM-06AD1A,Máy giặt,Panasonic 8.5kg,Casper,2,11743000,23486000,GrabExpress,105000,Đã giao
SHIP20260501376,PICK20260501376,SO20260501376,2026-05-01 09:44,2026-05-01 16:19,2026-05-02 09:35,HN-HBT,WH-HN-02,RF-0F4B6D,Tủ lạnh,Panasonic 300L,Aqua,3,12153000,36459000,Nội bộ,245000,Đã giao
SHIP20260501377,PICK20260501377,SO20260501377,2026-05-28 15:28,2026-05-29 05:22,2026-05-30 16:41,HN-CG,WH-HN-01,WM-016674,Máy giặt,Samsung 10kg,Sunhouse,2,11475000,22950000,GrabExpress,115000,Đã giao
SHIP20260501378,PICK20260501378,SO20260501378,2026-05-22 11:26,2026-05-22 20:03,2026-05-24 03:47,HCM-Q1,WH-HCM-01,VC-365995,Máy hút bụi,Xiaomi G10,Philips,3,8330000,24990000,Xe tải thuê ngoài,145000,Hoàn tất
SHIP20260501379,PICK20260501379,SO20260501379,2026-05-02 11:25,2026-05-02 13:37,2026-05-04 01:11,HN-CG,WH-HN-01,VC-EF7A18,Máy hút bụi,Xiaomi G10,Aqua,3,2326000,6978000,Xe tải thuê ngoài,90000,Đã giao
SHIP20260501380,PICK20260501380,SO20260501380,2026-05-16 09:21,2026-05-16 13:39,2026-05-17 12:47,CT-NK,WH-CT-01,KT-7A47B5,Ấm siêu tốc,Sunhouse,Sunhouse,1,690000,690000,Nội bộ,120000,Đã giao
SHIP20260501381,PICK20260501381,SO20260501381,2026-05-17 16:18,2026-05-18 00:08,2026-05-18 10:21,HN-CG,WH-HN-01,MW-E148C6,Lò vi sóng,Electrolux 23L,Casper,2,3934000,7868000,Xe tải thuê ngoài,35000,Hoàn tất
SHIP20260501382,PICK20260501382,SO20260501382,2026-05-20 08:32,2026-05-20 10:20,2026-05-20 13:36,CT-NK,WH-CT-01,VC-FDD792,Máy hút bụi,Philips FC,Casper,2,2301000,4602000,GHN,25000,Hoàn tất
SHIP20260501383,PICK20260501383,SO20260501383,2026-05-07 20:51,2026-05-08 12:10,2026-05-09 07:50,HCM-Q1,WH-HCM-01,VC-DAE72D,Máy hút bụi,Dyson V8,Sharp,3,6157000,18471000,GrabExpress,225000,Đã giao
SHIP20260501384,PICK20260501384,SO20260501384,2026-05-24 20:03,2026-05-25 02:17,2026-05-26 03:13,HN-CG,WH-HN-01,FN-B2666C,Quạt,Panasonic,Daikin,2,351000,702000,Xe tải thuê ngoài,45000,Đã giao
SHIP20260501385,PICK20260501385,SO20260501385,2026-05-22 08:56,2026-05-22 16:17,2026-05-23 04:03,HN-CG,WH-HN-01,AC-B90290,Máy lạnh,Panasonic 1.5HP,Mitsubishi,3,8916000,26748000,Ahamove,185000,Đã giao
SHIP20260501386,PICK20260501386,SO20260501386,2026-05-21 08:20,2026-05-21 22:52,2026-05-22 03:24,HN-CG,WH-HN-01,BL-E1AB41,Máy xay,Sunhouse Blender,Casper,2,1165000,2330000,Ahamove,35000,Đã giao
SHIP20260501387,PICK20260501387,SO20260501387,2026-05-24 08:21,2026-05-24 15:58,2026-05-25 09:24,BD-TDM,WH-BD-01,VC-A4DECF,Máy hút bụi,Dyson V8,Mitsubishi,3,5277000,15831000,Ahamove,80000,Giao lại
SHIP20260501388,PICK20260501388,SO20260501388,2026-05-09 08:29,2026-05-09 13:37,2026-05-10 23:52,HCM-Q1,WH-HCM-01,RF-AE1055,Tủ lạnh,Panasonic 300L,Mitsubishi,3,7821000,23463000,GHN,170000,Hoàn tất
SHIP20260501389,PICK20260501389,SO20260501389,2026-05-20 12:26,2026-05-21 03:43,2026-05-22 08:38,HCM-Q7,WH-HCM-02,RC-13DEBA,Nồi cơm,Panasonic 1.8L,Mitsubishi,1,2813000,2813000,Ahamove,25000,Đã giao
SHIP20260501390,PICK20260501390,SO20260501390,2026-05-07 15:19,2026-05-08 05:25,2026-05-09 08:21,HCM-TB,WH-HCM-03,KT-3F3135,Ấm siêu tốc,Sunhouse,Sharp,1,545000,545000,GHN,65000,Đã giao
SHIP20260501391,PICK20260501391,SO20260501391,2026-05-11 13:08,2026-05-11 21:20,2026-05-13 06:17,HN-HBT,WH-HN-02,FN-896DEA,Quạt,Asia,Senko,3,1662000,4986000,Ahamove,35000,Hoàn tất
SHIP20260501392,PICK20260501392,SO20260501392,2026-05-28 20:25,2026-05-29 07:17,2026-05-30 16:48,BD-TDM,WH-BD-01,FN-EEAA84,Quạt,Asia,Toshiba,2,399000,798000,GHN,120000,Hoàn tất
SHIP20260501393,PICK20260501393,SO20260501393,2026-05-04 10:06,2026-05-04 23:59,2026-05-06 08:54,HCM-Q1,WH-HCM-01,WM-5ED0A1,Máy giặt,Samsung 10kg,Cuckoo,2,13395000,26790000,GrabExpress,245000,Đã giao
SHIP20260501394,PICK20260501394,SO20260501394,2026-05-22 20:42,2026-05-23 12:07,2026-05-24 02:45,HCM-Q1,WH-HCM-01,TV-367380,TV,"Sony 65""",Sharp,1,15813000,15813000,Nội bộ,215000,Hoàn tất
SHIP20260501395,PICK20260501395,SO20260501395,2026-05-22 10:12,2026-05-22 13:48,2026-05-23 01:53,HCM-TB,WH-HCM-03,FN-FB4782,Quạt,Panasonic,Electrolux,1,1057000,1057000,GrabExpress,65000,Giao lại
SHIP20260501396,PICK20260501396,SO20260501396,2026-05-24 20:29,2026-05-25 14:40,2026-05-26 12:50,DN-HC,WH-DN-01,FN-FF4EE8,Quạt,Panasonic,Sunhouse,1,396000,396000,Nội bộ,35000,Đã giao
SHIP20260501397,PICK20260501397,SO20260501397,2026-05-02 19:29,2026-05-03 03:12,2026-05-04 14:45,HCM-TB,WH-HCM-03,TV-9C2852,TV,LG OLED 48,Mitsubishi,2,7333000,14666000,Nội bộ,90000,Giao lại
SHIP20260501398,PICK20260501398,SO20260501398,2026-05-25 17:20,2026-05-25 22:52,2026-05-26 16:13,CT-NK,WH-CT-01,VC-D4F050,Máy hút bụi,Xiaomi G10,Samsung,3,4263000,12789000,Xe tải thuê ngoài,25000,Đã giao
SHIP20260501399,PICK20260501399,SO20260501399,2026-05-06 18:14,2026-05-07 05:11,2026-05-08 15:58,HCM-Q7,WH-HCM-02,WM-CD87CF,Máy giặt,Toshiba 9kg,Aqua,3,5028000,15084000,Nội bộ,240000,Đã giao
SHIP20260501400,PICK20260501400,SO20260501400,2026-05-05 18:11,2026-05-06 05:14,2026-05-06 08:25,HCM-TB,WH-HCM-03,TV-E2DD63,TV,LG OLED 48,Panasonic,3,6536000,19608000,Ahamove,155000,Đã giao
SHIP20260501401,PICK20260501401,SO20260501401,2026-05-31 19:35,2026-06-01 06:56,2026-06-02 16:10,HCM-Q7,WH-HCM-02,FN-FF4EE8,Quạt,Panasonic,Sunhouse,2,1294000,2588000,GrabExpress,35000,Đã giao
SHIP20260501402,PICK20260501402,SO20260501402,2026-05-08 12:15,2026-05-09 02:51,2026-05-10 03:11,HCM-TB,WH-HCM-03,BL-2439D2,Máy xay,Philips Blender,Sony,2,1190000,2380000,Ahamove,25000,Đã giao
SHIP20260501403,PICK20260501403,SO20260501403,2026-05-18 15:13,2026-05-18 20:42,2026-05-19 08:37,HCM-Q7,WH-HCM-02,RF-7646CC,Tủ lạnh,Samsung Inverter 350L,Philips,2,18418000,36836000,Ahamove,225000,Đã giao
SHIP20260501404,PICK20260501404,SO20260501404,2026-05-25 10:09,2026-05-26 02:33,2026-05-26 13:08,CT-NK,WH-CT-01,WM-9170CB,Máy giặt,LG 9kg,LG,3,7357000,22071000,Xe tải thuê ngoài,210000,Giao lại
SHIP20260501405,PICK20260501405,SO20260501405,2026-05-04 09:47,2026-05-04 22:52,2026-05-06 09:49,BD-TDM,WH-BD-01,BL-A57566,Máy xay,Panasonic Blender,Aqua,2,1851000,3702000,GHN,65000,Đã giao
SHIP20260501406,PICK20260501406,SO20260501406,2026-05-29 16:41,2026-05-29 23:45,2026-05-31 12:10,HCM-Q7,WH-HCM-02,FN-C25C4D,Quạt,Senko,Asia,1,1130000,1130000,Ahamove,120000,Giao lại
SHIP20260501407,PICK20260501407,SO20260501407,2026-05-13 08:45,2026-05-13 09:58,2026-05-14 16:46,BD-TDM,WH-BD-01,WM-B66625,Máy giặt,Panasonic 8.5kg,Sony,3,4509000,13527000,Nội bộ,120000,Đã giao
SHIP20260501408,PICK20260501408,SO20260501408,2026-05-15 09:38,2026-05-15 19:40,2026-05-16 16:44,HN-CG,WH-HN-01,FN-BA3069,Quạt,Senko,Sunhouse,3,634000,1902000,GHN,120000,Hoàn tất
SHIP20260501409,PICK20260501409,SO20260501409,2026-05-07 08:11,2026-05-07 14:03,2026-05-07 21:44,CT-NK,WH-CT-01,WM-41CB2E,Máy giặt,Panasonic 8.5kg,Toshiba,3,13652000,40956000,GrabExpress,180000,Đã giao
SHIP20260501410,PICK20260501410,SO20260501410,2026-05-24 09:25,2026-05-25 02:27,2026-05-26 10:32,HCM-Q1,WH-HCM-01,AC-D698B7,Máy lạnh,Mitsubishi 1.5HP,Casper,1,12921000,12921000,GrabExpress,90000,Đã giao
SHIP20260501411,PICK20260501411,SO20260501411,2026-05-26 19:50,2026-05-27 06:26,2026-05-28 09:37,CT-NK,WH-CT-01,BL-54E269,Máy xay,Philips Blender,Xiaomi,1,677000,677000,Ahamove,65000,Giao lại
SHIP20260501412,PICK20260501412,SO20260501412,2026-05-09 19:04,2026-05-10 10:08,2026-05-11 20:44,BD-TDM,WH-BD-01,RC-8010F5,Nồi cơm,Panasonic 1.8L,Asia,1,1742000,1742000,GrabExpress,120000,Hoàn tất
SHIP20260501413,PICK20260501413,SO20260501413,2026-05-03 13:34,2026-05-04 07:06,2026-05-04 09:40,CT-NK,WH-CT-01,VC-87EB59,Máy hút bụi,Dyson V8,Sony,2,2587000,5174000,Xe tải thuê ngoài,35000,Đã giao
SHIP20260501414,PICK20260501414,SO20260501414,2026-05-24 16:20,2026-05-25 06:24,2026-05-25 08:51,HCM-Q7,WH-HCM-02,MW-C368CC,Lò vi sóng,Sharp 20L,Sunhouse,2,3627000,7254000,Ahamove,65000,Đã giao
SHIP20260501415,PICK20260501415,SO20260501415,2026-05-05 15:31,2026-05-06 08:13,2026-05-07 18:19,BD-TDM,WH-BD-01,MW-F8E59D,Lò vi sóng,Sharp 20L,Sharp,3,3756000,11268000,GrabExpress,65000,Hoàn tất
SHIP20260501416,PICK20260501416,SO20260501416,2026-05-30 16:23,2026-05-31 04:36,2026-05-31 22:01,HCM-Q1,WH-HCM-01,KT-DB0B2F,Ấm siêu tốc,Sunhouse,Mitsubishi,2,440000,880000,Ahamove,45000,Hoàn tất
SHIP20260501417,PICK20260501417,SO20260501417,2026-05-30 10:37,2026-05-30 12:27,2026-05-30 15:29,CT-NK,WH-CT-01,WM-6CA151,Máy giặt,LG 9kg,Philips,1,10818000,10818000,Xe tải thuê ngoài,0,Hoàn tất
SHIP20260501418,PICK20260501418,SO20260501418,2026-05-30 18:35,2026-05-31 03:04,2026-05-31 19:31,HN-CG,WH-HN-01,TV-E2DD63,TV,LG OLED 48,Panasonic,3,7206000,21618000,GrabExpress,245000,Đã giao
SHIP20260501419,PICK20260501419,SO20260501419,2026-05-15 14:13,2026-05-15 16:31,2026-05-16 14:39,HN-HBT,WH-HN-02,BL-6730F4,Máy xay,Panasonic Blender,Sharp,2,1373000,2746000,Nội bộ,35000,Hoàn tất
SHIP20260501420,PICK20260501420,SO20260501420,2026-05-16 19:26,2026-05-16 21:08,2026-05-17 11:05,BD-TDM,WH-BD-01,RC-CCF100,Nồi cơm,Sharp 1.8L,Sunhouse,2,932000,1864000,GHN,0,Hoàn tất
SHIP20260501421,PICK20260501421,SO20260501421,2026-05-19 08:27,2026-05-19 18:59,2026-05-21 04:27,HN-CG,WH-HN-01,RF-742B7E,Tủ lạnh,Samsung Inverter 350L,Asia,2,8114000,16228000,GHN,205000,Hoàn tất
SHIP20260501422,PICK20260501422,SO20260501422,2026-05-04 19:48,2026-05-04 21:40,2026-05-06 10:28,HN-CG,WH-HN-01,RF-7646CC,Tủ lạnh,Samsung Inverter 350L,Philips,3,13592000,40776000,Nội bộ,125000,Giao lại
SHIP20260501423,PICK20260501423,SO20260501423,2026-05-10 16:34,2026-05-11 00:00,2026-05-11 10:00,CT-NK,WH-CT-01,WM-0EC5E7,Máy giặt,Toshiba 9kg,Sony,1,14451000,14451000,Ahamove,125000,Đã giao
SHIP20260501424,PICK20260501424,SO20260501424,2026-05-08 10:50,2026-05-09 03:24,2026-05-09 19:30,DN-HC,WH-DN-01,TV-469414,TV,"Sony 65""",LG,1,13270000,13270000,Xe tải thuê ngoài,270000,Hoàn tất
SHIP20260501425,PICK20260501425,SO20260501425,2026-05-16 19:27,2026-05-17 08:16,2026-05-18 15:47,HN-CG,WH-HN-01,RC-879C8C,Nồi cơm,Sharp 1.8L,Panasonic,1,2803000,2803000,Xe tải thuê ngoài,25000,Đã giao
SHIP20260501426,PICK20260501426,SO20260501426,2026-05-31 20:03,2026-06-01 06:06,2026-06-01 12:41,BD-TDM,WH-BD-01,AC-B90290,Máy lạnh,Panasonic 1.5HP,Mitsubishi,2,13767000,27534000,GrabExpress,125000,Hoàn tất
SHIP20260501427,PICK20260501427,SO20260501427,2026-05-27 10:14,2026-05-27 16:49,2026-05-29 01:13,HN-CG,WH-HN-01,KT-2ABC39,Ấm siêu tốc,Kangaroo,Mitsubishi,1,713000,713000,Nội bộ,120000,Đã giao
SHIP20260501428,PICK20260501428,SO20260501428,2026-05-17 12:27,2026-05-18 07:17,2026-05-19 09:28,BD-TDM,WH-BD-01,FN-3C43A6,Quạt,Asia,Philips,1,766000,766000,GHN,90000,Đã giao
SHIP20260501429,PICK20260501429,SO20260501429,2026-05-20 10:18,2026-05-20 15:28,2026-05-20 22:08,HN-CG,WH-HN-01,RC-6CF84A,Nồi cơm,Cuckoo 1.8L,Daikin,1,1923000,1923000,Xe tải thuê ngoài,90000,Giao lại
SHIP20260501430,PICK20260501430,SO20260501430,2026-05-28 15:47,2026-05-28 20:27,2026-05-29 22:10,HN-HBT,WH-HN-02,TV-DCF290,TV,"Sony 65""",Sony,3,10194000,30582000,GrabExpress,245000,Giao lại
SHIP20260501431,PICK20260501431,SO20260501431,2026-05-28 17:01,2026-05-29 07:20,2026-05-29 11:43,HN-HBT,WH-HN-02,KT-4315C1,Ấm siêu tốc,Sunhouse,Aqua,1,649000,649000,Ahamove,0,Đã giao
SHIP20260501432,PICK20260501432,SO20260501432,2026-05-07 14:59,2026-05-07 22:42,2026-05-08 14:16,HCM-TB,WH-HCM-03,FN-AB0CC6,Quạt,Asia,Xiaomi,3,478000,1434000,GrabExpress,90000,Đã giao
SHIP20260501433,PICK20260501433,SO20260501433,2026-05-22 15:15,2026-05-23 03:51,2026-05-24 00:10,HN-HBT,WH-HN-02,KT-2ABC39,Ấm siêu tốc,Kangaroo,Mitsubishi,1,752000,752000,Ahamove,25000,Đã giao
SHIP20260501434,PICK20260501434,SO20260501434,2026-05-11 14:37,2026-05-11 19:02,2026-05-12 13:02,BD-TDM,WH-BD-01,MW-7ABF96,Lò vi sóng,Electrolux 23L,Panasonic,1,3945000,3945000,Ahamove,25000,Đã giao
SHIP20260501435,PICK20260501435,SO20260501435,2026-05-25 14:24,2026-05-25 21:17,2026-05-26 11:51,CT-NK,WH-CT-01,AC-84F331,Máy lạnh,Mitsubishi 1.5HP,Daikin,1,5491000,5491000,GrabExpress,0,Đã giao
SHIP20260501436,PICK20260501436,SO20260501436,2026-05-27 20:23,2026-05-28 13:34,2026-05-29 15:19,HN-CG,WH-HN-01,MW-F8E59D,Lò vi sóng,Sharp 20L,Sharp,2,3214000,6428000,Nội bộ,90000,Đã giao
SHIP20260501437,PICK20260501437,SO20260501437,2026-05-25 15:29,2026-05-25 19:07,2026-05-26 02:47,HCM-Q1,WH-HCM-01,FN-230559,Quạt,Asia,Sharp,3,669000,2007000,Nội bộ,25000,Đã giao
SHIP20260501438,PICK20260501438,SO20260501438,2026-05-27 10:43,2026-05-27 23:26,2026-05-28 04:24,DN-HC,WH-DN-01,VC-FA3352,Máy hút bụi,Dyson V8,Aqua,2,5795000,11590000,Nội bộ,0,Hoàn tất
SHIP20260501439,PICK20260501439,SO20260501439,2026-05-27 10:32,2026-05-27 12:41,2026-05-28 05:38,DN-HC,WH-DN-01,FN-374368,Quạt,Senko,Panasonic,3,760000,2280000,Nội bộ,45000,Hoàn tất
SHIP20260501440,PICK20260501440,SO20260501440,2026-05-09 13:57,2026-05-09 17:28,2026-05-09 20:39,HN-CG,WH-HN-01,AC-9068F8,Máy lạnh,Panasonic 1.5HP,Cuckoo,3,11197000,33591000,GrabExpress,300000,Đã giao
SHIP20260501441,PICK20260501441,SO20260501441,2026-05-26 15:19,2026-05-27 06:51,2026-05-28 11:15,HCM-Q1,WH-HCM-01,TV-57E353,TV,LG OLED 48,Sony,1,20074000,20074000,GHN,145000,Đã giao
SHIP20260501442,PICK20260501442,SO20260501442,2026-05-06 17:41,2026-05-07 10:00,2026-05-07 21:29,HCM-Q1,WH-HCM-01,RF-FB4D4D,Tủ lạnh,Samsung Inverter 350L,Samsung,3,10279000,30837000,Nội bộ,120000,Đã giao
SHIP20260501443,PICK20260501443,SO20260501443,2026-05-12 20:59,2026-05-13 14:42,2026-05-13 20:36,DN-HC,WH-DN-01,TV-249EF8,TV,"Samsung 55"" 4K",Samsung,3,15762000,47286000,GHN,170000,Đã giao
SHIP20260501444,PICK20260501444,SO20260501444,2026-05-23 10:52,2026-05-23 13:58,2026-05-24 04:03,HCM-TB,WH-HCM-03,RF-80782C,Tủ lạnh,Samsung Inverter 350L,LG,2,5142000,10284000,Nội bộ,25000,Đã giao
SHIP20260501445,PICK20260501445,SO20260501445,2026-05-17 12:43,2026-05-18 00:28,2026-05-18 12:35,HN-HBT,WH-HN-02,FN-FF4EE8,Quạt,Panasonic,Sunhouse,1,1180000,1180000,GHN,25000,Đã giao
SHIP20260501446,PICK20260501446,SO20260501446,2026-05-11 20:39,2026-05-11 23:13,2026-05-13 05:17,CT-NK,WH-CT-01,VC-DAE72D,Máy hút bụi,Dyson V8,Sharp,2,1660000,3320000,Nội bộ,35000,Đã giao
SHIP20260501447,PICK20260501447,SO20260501447,2026-05-29 15:16,2026-05-29 20:54,2026-05-30 12:57,BD-TDM,WH-BD-01,AC-F05394,Máy lạnh,Casper 1HP,Cuckoo,2,5739000,11478000,Ahamove,200000,Hoàn tất
SHIP20260501448,PICK20260501448,SO20260501448,2026-05-28 11:53,2026-05-28 19:59,2026-05-29 12:13,BD-TDM,WH-BD-01,WM-6ADDCB,Máy giặt,LG 9kg,Electrolux,3,13094000,39282000,GrabExpress,155000,Giao lại
SHIP20260501449,PICK20260501449,SO20260501449,2026-05-30 14:01,2026-05-30 18:41,2026-06-01 03:32,HN-CG,WH-HN-01,RF-3465A9,Tủ lạnh,Aqua 250L,Samsung,3,10354000,31062000,Ahamove,200000,Giao lại
SHIP20260501450,PICK20260501450,SO20260501450,2026-05-07 16:43,2026-05-08 10:54,2026-05-09 20:09,HCM-Q7,WH-HCM-02,AC-B90290,Máy lạnh,Panasonic 1.5HP,Mitsubishi,1,6957000,6957000,Xe tải thuê ngoài,65000,Giao lại
SHIP20260501451,PICK20260501451,SO20260501451,2026-05-19 15:00,2026-05-20 03:28,2026-05-20 08:59,HN-CG,WH-HN-01,VC-09CEE7,Máy hút bụi,Dyson V8,Philips,2,5214000,10428000,GHN,45000,Đã giao
SHIP20260501452,PICK20260501452,SO20260501452,2026-05-24 10:17,2026-05-25 02:17,2026-05-25 09:25,HN-HBT,WH-HN-02,AC-84F331,Máy lạnh,Mitsubishi 1.5HP,Daikin,1,14073000,14073000,Xe tải thuê ngoài,165000,Đã giao
SHIP20260501453,PICK20260501453,SO20260501453,2026-05-23 17:00,2026-05-24 10:10,2026-05-25 03:17,DN-HC,WH-DN-01,AC-F32BBC,Máy lạnh,Mitsubishi 1.5HP,Mitsubishi,3,14565000,43695000,Nội bộ,155000,Đã giao
SHIP20260501454,PICK20260501454,SO20260501454,2026-05-02 18:27,2026-05-03 04:25,2026-05-04 14:02,HN-HBT,WH-HN-02,AC-84F331,Máy lạnh,Mitsubishi 1.5HP,Daikin,2,16213000,32426000,GrabExpress,215000,Đã giao
SHIP20260501455,PICK20260501455,SO20260501455,2026-05-09 18:27,2026-05-10 13:09,2026-05-11 12:51,HCM-Q1,WH-HCM-01,AC-9D4B2B,Máy lạnh,Mitsubishi 1.5HP,Sony,2,13095000,26190000,Nội bộ,180000,Đã giao
SHIP20260501456,PICK20260501456,SO20260501456,2026-05-20 17:11,2026-05-21 10:25,2026-05-22 20:22,HN-HBT,WH-HN-02,MW-21A949,Lò vi sóng,Panasonic 25L,Cuckoo,2,2048000,4096000,GHN,0,Đã giao
SHIP20260501457,PICK20260501457,SO20260501457,2026-05-18 16:29,2026-05-19 05:01,2026-05-19 08:28,BD-TDM,WH-BD-01,MW-4DBCB2,Lò vi sóng,Sharp 20L,Daikin,3,1406000,4218000,GHN,45000,Đã giao
SHIP20260501458,PICK20260501458,SO20260501458,2026-05-03 10:56,2026-05-03 21:16,2026-05-05 00:41,HCM-Q1,WH-HCM-01,FN-63D039,Quạt,Asia,Mitsubishi,1,933000,933000,Nội bộ,65000,Đã giao
SHIP20260501459,PICK20260501459,SO20260501459,2026-05-15 09:00,2026-05-15 21:44,2026-05-17 10:38,HCM-TB,WH-HCM-03,WM-233DAD,Máy giặt,LG 9kg,Toshiba,2,7760000,15520000,GHN,165000,Đã giao
SHIP20260501460,PICK20260501460,SO20260501460,2026-05-15 12:06,2026-05-15 14:53,2026-05-16 10:04,BD-TDM,WH-BD-01,AC-B90290,Máy lạnh,Panasonic 1.5HP,Mitsubishi,2,5322000,10644000,Nội bộ,120000,Đã giao
SHIP20260501461,PICK20260501461,SO20260501461,2026-05-26 20:53,2026-05-27 00:36,2026-05-27 19:39,CT-NK,WH-CT-01,FN-374368,Quạt,Senko,Panasonic,1,1122000,1122000,Ahamove,120000,Đã giao
SHIP20260501462,PICK20260501462,SO20260501462,2026-05-02 19:38,2026-05-03 06:05,2026-05-04 04:19,DN-HC,WH-DN-01,VC-490623,Máy hút bụi,Philips FC,LG,3,2739000,8217000,GrabExpress,45000,Giao lại
SHIP20260501463,PICK20260501463,SO20260501463,2026-05-31 14:25,2026-06-01 01:20,2026-06-02 12:25,DN-HC,WH-DN-01,RF-A94B66,Tủ lạnh,Panasonic 300L,Xiaomi,2,9448000,18896000,GHN,80000,Đã giao
SHIP20260501464,PICK20260501464,SO20260501464,2026-05-13 19:19,2026-05-13 23:44,2026-05-14 05:02,HN-CG,WH-HN-01,FN-49B147,Quạt,Panasonic,LG,2,498000,996000,GrabExpress,0,Hoàn tất
SHIP20260501465,PICK20260501465,SO20260501465,2026-05-16 15:41,2026-05-17 01:14,2026-05-18 13:42,HCM-TB,WH-HCM-03,AC-A95991,Máy lạnh,Casper 1HP,Toshiba,3,10414000,31242000,Nội bộ,155000,Đã giao
SHIP20260501466,PICK20260501466,SO20260501466,2026-05-23 10:42,2026-05-23 13:11,2026-05-24 06:42,BD-TDM,WH-BD-01,FN-AB0CC6,Quạt,Asia,Xiaomi,1,818000,818000,GrabExpress,35000,Đã giao
SHIP20260501467,PICK20260501467,SO20260501467,2026-05-02 09:07,2026-05-02 12:54,2026-05-02 18:19,CT-NK,WH-CT-01,VC-933DDD,Máy hút bụi,Philips FC,Sharp,1,3155000,3155000,Xe tải thuê ngoài,0,Đã giao
SHIP20260501468,PICK20260501468,SO20260501468,2026-05-27 16:57,2026-05-27 23:54,2026-05-29 06:48,HCM-Q7,WH-HCM-02,KT-4F7F55,Ấm siêu tốc,Sunhouse,Electrolux,2,653000,1306000,Ahamove,45000,Giao lại
SHIP20260501469,PICK20260501469,SO20260501469,2026-05-20 17:55,2026-05-20 19:55,2026-05-21 08:04,CT-NK,WH-CT-01,KT-E61198,Ấm siêu tốc,Philips,Daikin,1,573000,573000,GHN,25000,Hoàn tất
SHIP20260501470,PICK20260501470,SO20260501470,2026-05-24 11:43,2026-05-24 22:21,2026-05-25 04:49,HN-HBT,WH-HN-02,BL-8A2ABB,Máy xay,Sunhouse Blender,Aqua,2,309000,618000,Xe tải thuê ngoài,90000,Đã giao
SHIP20260501471,PICK20260501471,SO20260501471,2026-05-08 18:36,2026-05-09 11:45,2026-05-09 15:58,HCM-TB,WH-HCM-03,TV-7BABFF,TV,"Sony 65""",Aqua,1,25655000,25655000,Ahamove,245000,Hoàn tất
SHIP20260501472,PICK20260501472,SO20260501472,2026-05-31 13:49,2026-06-01 01:08,2026-06-01 13:32,HN-CG,WH-HN-01,RC-189134,Nồi cơm,Sunhouse 1.2L,Samsung,2,2751000,5502000,Ahamove,45000,Đã giao
SHIP20260501473,PICK20260501473,SO20260501473,2026-05-13 19:08,2026-05-13 23:01,2026-05-14 14:58,HCM-Q7,WH-HCM-02,AC-6D8176,Máy lạnh,Casper 1HP,Xiaomi,1,15709000,15709000,Ahamove,125000,Đã giao
SHIP20260501474,PICK20260501474,SO20260501474,2026-05-19 09:19,2026-05-20 04:13,2026-05-21 15:44,CT-NK,WH-CT-01,AC-691AE0,Máy lạnh,Casper 1HP,LG,3,13148000,39444000,Nội bộ,225000,Đã giao
SHIP20260501475,PICK20260501475,SO20260501475,2026-05-28 17:05,2026-05-29 08:13,2026-05-30 20:20,CT-NK,WH-CT-01,TV-65B17D,TV,"Sony 65""",Samsung,2,7523000,15046000,GrabExpress,25000,Đã giao
SHIP20260501476,PICK20260501476,SO20260501476,2026-05-08 09:51,2026-05-08 11:38,2026-05-09 11:04,CT-NK,WH-CT-01,WM-781AD9,Máy giặt,Samsung 10kg,Sharp,1,8800000,8800000,Nội bộ,65000,Đã giao
SHIP20260501477,PICK20260501477,SO20260501477,2026-05-22 17:05,2026-05-23 00:07,2026-05-23 13:19,CT-NK,WH-CT-01,WM-65B7F8,Máy giặt,Samsung 10kg,Sony,2,6578000,13156000,GrabExpress,245000,Đã giao
SHIP20260501478,PICK20260501478,SO20260501478,2026-05-18 19:09,2026-05-19 09:31,2026-05-20 20:58,HCM-Q1,WH-HCM-01,TV-12CDFD,TV,"Samsung 55"" 4K",Sunhouse,3,25410000,76230000,GrabExpress,145000,Đã giao
SHIP20260501479,PICK20260501479,SO20260501479,2026-05-28 13:32,2026-05-28 22:05,2026-05-29 22:01,HCM-Q7,WH-HCM-02,RC-C8DD6A,Nồi cơm,Panasonic 1.8L,LG,1,2099000,2099000,Ahamove,25000,Đã giao
SHIP20260501480,PICK20260501480,SO20260501480,2026-05-21 15:10,2026-05-22 08:56,2026-05-23 16:31,BD-TDM,WH-BD-01,WM-1ED27C,Máy giặt,Panasonic 8.5kg,Cuckoo,2,13412000,26824000,Ahamove,245000,Giao lại
SHIP20260501481,PICK20260501481,SO20260501481,2026-05-25 11:02,2026-05-25 19:03,2026-05-27 06:11,CT-NK,WH-CT-01,RF-FA61AD,Tủ lạnh,Panasonic 300L,Samsung,1,19221000,19221000,GHN,205000,Giao lại
SHIP20260501482,PICK20260501482,SO20260501482,2026-05-07 09:41,2026-05-07 17:41,2026-05-09 03:28,HN-HBT,WH-HN-02,RF-0F4B6D,Tủ lạnh,Panasonic 300L,Aqua,3,20319000,60957000,Nội bộ,180000,Giao lại
SHIP20260501483,PICK20260501483,SO20260501483,2026-05-31 13:45,2026-05-31 16:26,2026-06-01 09:28,HCM-TB,WH-HCM-03,FN-1B187A,Quạt,Panasonic,Panasonic,1,224000,224000,GrabExpress,90000,Đã giao
SHIP20260501484,PICK20260501484,SO20260501484,2026-05-11 19:52,2026-05-12 10:34,2026-05-12 14:26,HCM-Q1,WH-HCM-01,WM-4F93AF,Máy giặt,LG 9kg,Sunhouse,3,12601000,37803000,Nội bộ,80000,Giao lại
SHIP20260501485,PICK20260501485,SO20260501485,2026-05-08 15:28,2026-05-08 21:10,2026-05-10 08:29,HN-HBT,WH-HN-02,RC-BCC6AD,Nồi cơm,Panasonic 1.8L,Sharp,2,2315000,4630000,GrabExpress,45000,Giao lại
SHIP20260501486,PICK20260501486,SO20260501486,2026-05-05 20:49,2026-05-06 11:29,2026-05-07 07:39,HCM-Q7,WH-HCM-02,AC-4E849A,Máy lạnh,Daikin 1HP,Philips,2,15184000,30368000,Nội bộ,125000,Đã giao
SHIP20260501487,PICK20260501487,SO20260501487,2026-05-21 15:33,2026-05-22 09:49,2026-05-23 06:43,HCM-Q1,WH-HCM-01,MW-A9C910,Lò vi sóng,Panasonic 25L,Sony,1,1387000,1387000,Nội bộ,45000,Đã giao
SHIP20260501488,PICK20260501488,SO20260501488,2026-05-05 17:10,2026-05-06 04:54,2026-05-07 07:42,HN-HBT,WH-HN-02,KT-2036D6,Ấm siêu tốc,Kangaroo,Panasonic,3,694000,2082000,GrabExpress,65000,Đã giao
SHIP20260501489,PICK20260501489,SO20260501489,2026-05-24 18:41,2026-05-25 02:05,2026-05-25 10:09,BD-TDM,WH-BD-01,RC-B5F705,Nồi cơm,Panasonic 1.8L,Philips,1,1891000,1891000,Nội bộ,120000,Giao lại
SHIP20260501490,PICK20260501490,SO20260501490,2026-05-30 16:25,2026-05-31 00:43,2026-06-01 03:36,HN-HBT,WH-HN-02,MW-A9C910,Lò vi sóng,Panasonic 25L,Sony,1,3199000,3199000,Ahamove,25000,Đã giao
SHIP20260501491,PICK20260501491,SO20260501491,2026-05-14 14:01,2026-05-14 17:52,2026-05-15 17:40,HCM-Q1,WH-HCM-01,AC-4CE3DD,Máy lạnh,Panasonic 1.5HP,Samsung,3,14117000,42351000,GHN,180000,Đã giao
SHIP20260501492,PICK20260501492,SO20260501492,2026-05-20 10:35,2026-05-20 21:18,2026-05-21 17:45,HN-CG,WH-HN-01,FN-2D5413,Quạt,Senko,Aqua,3,1058000,3174000,Nội bộ,35000,Đã giao
SHIP20260501493,PICK20260501493,SO20260501493,2026-05-13 11:23,2026-05-14 04:46,2026-05-14 16:16,HCM-Q7,WH-HCM-02,VC-110A19,Máy hút bụi,Philips FC,Philips,3,2487000,7461000,Ahamove,65000,Đã giao
SHIP20260501494,PICK20260501494,SO20260501494,2026-05-14 15:21,2026-05-14 18:10,2026-05-15 00:50,HCM-TB,WH-HCM-03,VC-DAE72D,Máy hút bụi,Dyson V8,Sharp,1,3996000,3996000,Ahamove,65000,Đã giao
SHIP20260501495,PICK20260501495,SO20260501495,2026-05-01 08:14,2026-05-01 17:22,2026-05-01 23:23,BD-TDM,WH-BD-01,KT-01C6B2,Ấm siêu tốc,Kangaroo,Electrolux,2,155000,310000,Ahamove,65000,Đã giao
SHIP20260501496,PICK20260501496,SO20260501496,2026-05-22 20:50,2026-05-22 22:24,2026-05-23 06:08,HCM-Q7,WH-HCM-02,VC-110A19,Máy hút bụi,Philips FC,Philips,3,2371000,7113000,GHN,90000,Đã giao
SHIP20260501497,PICK20260501497,SO20260501497,2026-05-19 09:50,2026-05-19 18:53,2026-05-20 21:11,DN-HC,WH-DN-01,AC-E8C723,Máy lạnh,Casper 1HP,Mitsubishi,3,15654000,46962000,Nội bộ,200000,Giao lại
SHIP20260501498,PICK20260501498,SO20260501498,2026-05-14 08:06,2026-05-14 20:31,2026-05-15 04:01,DN-HC,WH-DN-01,VC-D86280,Máy hút bụi,Philips FC,Mitsubishi,2,2925000,5850000,GrabExpress,0,Đã giao
SHIP20260501499,PICK20260501499,SO20260501499,2026-05-27 08:00,2026-05-27 11:10,2026-05-27 20:13,DN-HC,WH-DN-01,WM-06AD1A,Máy giặt,Panasonic 8.5kg,Casper,3,11351000,34053000,GHN,115000,Hoàn tất
SHIP20260501500,PICK20260501500,SO20260501500,2026-05-09 18:39,2026-05-09 21:40,2026-05-11 02:10,HCM-TB,WH-HCM-03,MW-5F52F7,Lò vi sóng,Sharp 20L,Toshiba,1,2275000,2275000,GHN,65000,Đã giao
