ShipmentID,PickNo,OrderID,OrderDate,ShippedAt,DeliveredAt,Store,Warehouse,SKU,Category,Product,Brand,Qty,UnitCost,TotalCost,Carrier,DeliveryFee,DeliveryStatus
SHIP20260600001,PICK20260600001,SO20260600001,2026-06-26 17:14,2026-06-27 00:57,2026-06-27 20:09,HN-CG,WH-HN-01,RC-DBD450,Nồi cơm,Cuckoo 1.8L,Senko,1,367000,367000,GrabExpress,45000,Đã giao
SHIP20260600002,PICK20260600002,SO20260600002,2026-06-02 09:58,2026-06-02 18:08,2026-06-03 06:41,HCM-Q1,WH-HCM-01,RF-4D9AFB,Tủ lạnh,Aqua 250L,Aqua,2,14724000,29448000,Xe tải thuê ngoài,120000,Hoàn tất
SHIP20260600003,PICK20260600003,SO20260600003,2026-06-26 17:04,2026-06-27 02:48,2026-06-28 03:11,HCM-Q1,WH-HCM-01,RF-1BAC8F,Tủ lạnh,Panasonic 300L,Electrolux,3,13580000,40740000,GrabExpress,215000,Đã giao
SHIP20260600004,PICK20260600004,SO20260600004,2026-06-09 08:30,2026-06-09 10:34,2026-06-10 05:41,HN-CG,WH-HN-01,RF-F96CEA,Tủ lạnh,LG 420L,Sharp,2,16140000,32280000,GrabExpress,205000,Đã giao
SHIP20260600005,PICK20260600005,SO20260600005,2026-06-24 13:22,2026-06-25 05:21,2026-06-26 15:23,HN-HBT,WH-HN-02,AC-48B1DF,Máy lạnh,Panasonic 1.5HP,Senko,3,11331000,33993000,GHN,155000,Đã giao
SHIP20260600006,PICK20260600006,SO20260600006,2026-06-22 18:40,2026-06-23 12:49,2026-06-23 20:51,CT-NK,WH-CT-01,VC-51D140,Máy hút bụi,Xiaomi G10,Casper,3,6924000,20772000,Nội bộ,300000,Đã giao
SHIP20260600007,PICK20260600007,SO20260600007,2026-06-08 11:26,2026-06-09 05:02,2026-06-09 09:16,HCM-Q7,WH-HCM-02,FN-63D039,Quạt,Asia,Mitsubishi,2,951000,1902000,GrabExpress,0,Đã giao
SHIP20260600008,PICK20260600008,SO20260600008,2026-06-29 18:52,2026-06-30 10:56,2026-07-01 04:28,HN-HBT,WH-HN-02,VC-049BC9,Máy hút bụi,Xiaomi G10,Mitsubishi,3,2577000,7731000,GrabExpress,25000,Đã giao
SHIP20260600009,PICK20260600009,SO20260600009,2026-06-24 12:29,2026-06-25 07:06,2026-06-25 15:43,HCM-TB,WH-HCM-03,TV-E37EE9,TV,"Samsung 55"" 4K",Casper,1,17763000,17763000,GrabExpress,125000,Đã giao
SHIP20260600010,PICK20260600010,SO20260600010,2026-06-09 13:21,2026-06-09 21:16,2026-06-10 09:17,HN-HBT,WH-HN-02,FN-441B27,Quạt,Senko,Samsung,2,446000,892000,Xe tải thuê ngoài,45000,Đã giao
SHIP20260600011,PICK20260600011,SO20260600011,2026-06-03 15:18,2026-06-03 20:00,2026-06-05 01:36,DN-HC,WH-DN-01,TV-7BABFF,TV,"Sony 65""",Aqua,3,30016000,90048000,Ahamove,120000,Đã giao
SHIP20260600012,PICK20260600012,SO20260600012,2026-06-07 16:04,2026-06-08 09:23,2026-06-08 20:51,HCM-TB,WH-HCM-03,AC-EA5153,Máy lạnh,Casper 1HP,Sunhouse,2,10406000,20812000,Ahamove,115000,Đã giao
SHIP20260600013,PICK20260600013,SO20260600013,2026-06-11 14:29,2026-06-12 08:58,2026-06-13 13:15,HCM-Q1,WH-HCM-01,BL-271795,Máy xay,Panasonic Blender,Sony,1,1134000,1134000,Xe tải thuê ngoài,45000,Hoàn tất
SHIP20260600014,PICK20260600014,SO20260600014,2026-06-27 17:39,2026-06-28 11:42,2026-06-29 17:25,HCM-Q7,WH-HCM-02,RF-A4EB7F,Tủ lạnh,Aqua 250L,Asia,1,17846000,17846000,GHN,245000,Đã giao
SHIP20260600015,PICK20260600015,SO20260600015,2026-06-16 13:00,2026-06-16 22:36,2026-06-17 02:35,BD-TDM,WH-BD-01,TV-751610,TV,"TCL 50""",Daikin,2,9498000,18996000,Ahamove,270000,Đã giao
SHIP20260600016,PICK20260600016,SO20260600016,2026-06-01 11:50,2026-06-01 15:08,2026-06-02 20:51,HN-CG,WH-HN-01,RC-F33CDE,Nồi cơm,Panasonic 1.8L,Senko,3,1681000,5043000,GrabExpress,45000,Đã giao
SHIP20260600017,PICK20260600017,SO20260600017,2026-06-14 09:10,2026-06-15 02:49,2026-06-16 10:52,HN-HBT,WH-HN-02,RF-309876,Tủ lạnh,Aqua 250L,LG,3,14935000,44805000,Xe tải thuê ngoài,125000,Giao lại
SHIP20260600018,PICK20260600018,SO20260600018,2026-06-26 13:03,2026-06-26 19:56,2026-06-27 09:54,HN-CG,WH-HN-01,WM-255403,Máy giặt,LG 9kg,Daikin,3,14432000,43296000,GHN,125000,Hoàn tất
SHIP20260600019,PICK20260600019,SO20260600019,2026-06-17 19:03,2026-06-18 05:55,2026-06-19 03:00,DN-HC,WH-DN-01,VC-110A19,Máy hút bụi,Philips FC,Philips,3,7961000,23883000,Ahamove,165000,Đã giao
SHIP20260600020,PICK20260600020,SO20260600020,2026-06-26 12:17,2026-06-26 15:45,2026-06-26 19:23,HN-CG,WH-HN-01,AC-F6180D,Máy lạnh,Panasonic 1.5HP,Electrolux,2,7443000,14886000,GHN,180000,Giao lại
SHIP20260600021,PICK20260600021,SO20260600021,2026-06-26 19:59,2026-06-27 07:48,2026-06-27 16:55,CT-NK,WH-CT-01,BL-7EF713,Máy xay,Sunhouse Blender,Sharp,3,1515000,4545000,Nội bộ,45000,Đã giao
SHIP20260600022,PICK20260600022,SO20260600022,2026-06-02 08:49,2026-06-02 22:45,2026-06-03 05:19,HCM-Q1,WH-HCM-01,TV-7D99ED,TV,"Sony 65""",Philips,1,16973000,16973000,Xe tải thuê ngoài,215000,Đã giao
SHIP20260600023,PICK20260600023,SO20260600023,2026-06-15 09:05,2026-06-15 21:29,2026-06-16 15:14,HCM-Q7,WH-HCM-02,FN-C25C4D,Quạt,Senko,Asia,1,538000,538000,GrabExpress,0,Đã giao
SHIP20260600024,PICK20260600024,SO20260600024,2026-06-15 13:00,2026-06-16 05:10,2026-06-16 17:53,HCM-Q7,WH-HCM-02,FN-C79946,Quạt,Senko,Daikin,1,519000,519000,Ahamove,45000,Giao lại
SHIP20260600025,PICK20260600025,SO20260600025,2026-06-15 19:54,2026-06-16 08:46,2026-06-16 18:20,HN-CG,WH-HN-01,MW-9E4FC6,Lò vi sóng,Sharp 20L,Electrolux,3,1456000,4368000,GHN,90000,Hoàn tất
SHIP20260600026,PICK20260600026,SO20260600026,2026-06-29 18:01,2026-06-30 07:41,2026-07-01 03:51,DN-HC,WH-DN-01,RF-847D79,Tủ lạnh,Samsung Inverter 350L,Panasonic,2,13443000,26886000,Xe tải thuê ngoài,205000,Hoàn tất
SHIP20260600027,PICK20260600027,SO20260600027,2026-06-29 19:22,2026-06-30 08:38,2026-07-01 19:33,HCM-Q1,WH-HCM-01,RC-007FFA,Nồi cơm,Sharp 1.8L,Cuckoo,2,2477000,4954000,Xe tải thuê ngoài,0,Đã giao
SHIP20260600028,PICK20260600028,SO20260600028,2026-06-07 08:57,2026-06-08 03:11,2026-06-09 00:08,HN-CG,WH-HN-01,RF-C82751,Tủ lạnh,Samsung Inverter 350L,Sharp,2,11497000,22994000,Ahamove,215000,Giao lại
SHIP20260600029,PICK20260600029,SO20260600029,2026-06-25 13:32,2026-06-26 03:24,2026-06-27 12:16,BD-TDM,WH-BD-01,TV-3C8911,TV,LG OLED 48,Sharp,3,23008000,69024000,Nội bộ,245000,Đã giao
SHIP20260600030,PICK20260600030,SO20260600030,2026-06-14 10:22,2026-06-15 04:04,2026-06-16 06:02,CT-NK,WH-CT-01,MW-75B2CD,Lò vi sóng,Panasonic 25L,Samsung,3,4312000,12936000,Nội bộ,225000,Đã giao
SHIP20260600031,PICK20260600031,SO20260600031,2026-06-26 13:49,2026-06-27 08:15,2026-06-27 21:30,HCM-Q1,WH-HCM-01,KT-80B935,Ấm siêu tốc,Kangaroo,LG,1,492000,492000,Xe tải thuê ngoài,0,Đã giao
SHIP20260600032,PICK20260600032,SO20260600032,2026-06-24 12:57,2026-06-24 20:19,2026-06-25 00:37,DN-HC,WH-DN-01,VC-D86280,Máy hút bụi,Philips FC,Mitsubishi,3,1521000,4563000,GrabExpress,25000,Giao lại
SHIP20260600033,PICK20260600033,SO20260600033,2026-06-27 14:02,2026-06-27 19:24,2026-06-29 00:22,BD-TDM,WH-BD-01,BL-27A8DA,Máy xay,Philips Blender,Sharp,2,660000,1320000,Xe tải thuê ngoài,25000,Hoàn tất
SHIP20260600034,PICK20260600034,SO20260600034,2026-06-19 08:31,2026-06-19 13:18,2026-06-20 20:26,HN-CG,WH-HN-01,BL-6730F4,Máy xay,Panasonic Blender,Sharp,1,1243000,1243000,Xe tải thuê ngoài,0,Hoàn tất
SHIP20260600035,PICK20260600035,SO20260600035,2026-06-29 18:39,2026-06-30 07:23,2026-07-01 01:40,BD-TDM,WH-BD-01,RF-D9A75C,Tủ lạnh,Samsung Inverter 350L,Sony,2,18483000,36966000,Ahamove,215000,Đã giao
SHIP20260600036,PICK20260600036,SO20260600036,2026-06-04 20:17,2026-06-05 08:11,2026-06-06 19:00,DN-HC,WH-DN-01,KT-4207FB,Ấm siêu tốc,Sunhouse,Asia,2,443000,886000,GrabExpress,45000,Đã giao
SHIP20260600037,PICK20260600037,SO20260600037,2026-06-09 13:33,2026-06-10 02:52,2026-06-11 15:25,HCM-Q7,WH-HCM-02,VC-F24900,Máy hút bụi,Xiaomi G10,Sunhouse,2,7088000,14176000,GHN,200000,Hoàn tất
SHIP20260600038,PICK20260600038,SO20260600038,2026-06-15 16:17,2026-06-15 21:23,2026-06-16 16:55,HCM-Q1,WH-HCM-01,RC-D5DEB5,Nồi cơm,Panasonic 1.8L,Cuckoo,3,2280000,6840000,GrabExpress,0,Đã giao
SHIP20260600039,PICK20260600039,SO20260600039,2026-06-06 10:21,2026-06-07 04:46,2026-06-08 06:29,CT-NK,WH-CT-01,WM-AF1676,Máy giặt,Toshiba 9kg,Sunhouse,3,5819000,17457000,GHN,165000,Hoàn tất
SHIP20260600040,PICK20260600040,SO20260600040,2026-06-23 18:18,2026-06-23 21:09,2026-06-25 02:47,DN-HC,WH-DN-01,KT-F760AD,Ấm siêu tốc,Philips,LG,3,187000,561000,Xe tải thuê ngoài,45000,Giao lại
SHIP20260600041,PICK20260600041,SO20260600041,2026-06-18 14:05,2026-06-19 06:40,2026-06-20 10:54,HCM-Q1,WH-HCM-01,KT-E61198,Ấm siêu tốc,Philips,Daikin,1,196000,196000,GHN,120000,Hoàn tất
SHIP20260600042,PICK20260600042,SO20260600042,2026-06-06 09:46,2026-06-06 23:21,2026-06-07 11:12,HCM-Q1,WH-HCM-01,VC-D86280,Máy hút bụi,Philips FC,Mitsubishi,1,5242000,5242000,GrabExpress,45000,Đã giao
SHIP20260600043,PICK20260600043,SO20260600043,2026-06-21 14:20,2026-06-21 23:56,2026-06-22 06:33,HCM-TB,WH-HCM-03,AC-CBBDDE,Máy lạnh,Panasonic 1.5HP,Sharp,2,10590000,21180000,GrabExpress,225000,Hoàn tất
SHIP20260600044,PICK20260600044,SO20260600044,2026-06-02 14:12,2026-06-02 15:20,2026-06-03 05:45,HCM-Q1,WH-HCM-01,KT-2ABC39,Ấm siêu tốc,Kangaroo,Mitsubishi,3,343000,1029000,GrabExpress,90000,Hoàn tất
SHIP20260600045,PICK20260600045,SO20260600045,2026-06-16 18:53,2026-06-17 01:57,2026-06-18 01:02,HN-HBT,WH-HN-02,MW-A83E5A,Lò vi sóng,Electrolux 23L,Sunhouse,1,3458000,3458000,GrabExpress,120000,Đã giao
SHIP20260600046,PICK20260600046,SO20260600046,2026-06-02 15:30,2026-06-03 04:52,2026-06-04 12:18,DN-HC,WH-DN-01,FN-AEDFD9,Quạt,Panasonic,Sony,3,1223000,3669000,Ahamove,25000,Đã giao
SHIP20260600047,PICK20260600047,SO20260600047,2026-06-12 14:08,2026-06-12 21:59,2026-06-13 11:41,HN-HBT,WH-HN-02,RC-30A967,Nồi cơm,Sharp 1.8L,Mitsubishi,1,2429000,2429000,Xe tải thuê ngoài,90000,Đã giao
SHIP20260600048,PICK20260600048,SO20260600048,2026-06-17 09:28,2026-06-18 02:54,2026-06-19 10:57,CT-NK,WH-CT-01,KT-EFA122,Ấm siêu tốc,Sunhouse,Daikin,1,637000,637000,GrabExpress,65000,Đã giao
SHIP20260600049,PICK20260600049,SO20260600049,2026-06-04 09:08,2026-06-04 21:59,2026-06-05 15:19,HN-HBT,WH-HN-02,VC-DD459E,Máy hút bụi,Dyson V8,Asia,3,1236000,3708000,GHN,120000,Giao lại
SHIP20260600050,PICK20260600050,SO20260600050,2026-06-09 20:12,2026-06-10 15:07,2026-06-11 19:25,HN-CG,WH-HN-01,RC-6CF84A,Nồi cơm,Cuckoo 1.8L,Daikin,3,1462000,4386000,Nội bộ,0,Giao lại
SHIP20260600051,PICK20260600051,SO20260600051,2026-06-11 16:45,2026-06-12 01:43,2026-06-12 06:41,HN-HBT,WH-HN-02,BL-B69FDD,Máy xay,Sunhouse Blender,Mitsubishi,1,1595000,1595000,GHN,120000,Giao lại
SHIP20260600052,PICK20260600052,SO20260600052,2026-06-22 12:27,2026-06-22 20:12,2026-06-23 21:32,HN-HBT,WH-HN-02,FN-A2F97E,Quạt,Senko,Xiaomi,3,1548000,4644000,GrabExpress,65000,Giao lại
SHIP20260600053,PICK20260600053,SO20260600053,2026-06-29 15:54,2026-06-30 01:48,2026-07-01 01:59,BD-TDM,WH-BD-01,MW-640EAD,Lò vi sóng,Sharp 20L,LG,2,3942000,7884000,Xe tải thuê ngoài,65000,Hoàn tất
SHIP20260600054,PICK20260600054,SO20260600054,2026-06-10 16:58,2026-06-11 01:34,2026-06-11 19:13,HCM-Q7,WH-HCM-02,RC-C7DE50,Nồi cơm,Cuckoo 1.8L,Cuckoo,1,701000,701000,Xe tải thuê ngoài,65000,Đã giao
SHIP20260600055,PICK20260600055,SO20260600055,2026-06-06 19:43,2026-06-07 08:25,2026-06-07 18:59,BD-TDM,WH-BD-01,TV-7839D5,TV,"TCL 50""",Xiaomi,3,21023000,63069000,Ahamove,145000,Hoàn tất
SHIP20260600056,PICK20260600056,SO20260600056,2026-06-10 18:14,2026-06-11 08:39,2026-06-12 08:55,HN-CG,WH-HN-01,TV-92EE57,TV,LG OLED 48,LG,3,28172000,84516000,Nội bộ,145000,Đã giao
SHIP20260600057,PICK20260600057,SO20260600057,2026-06-18 20:26,2026-06-19 05:47,2026-06-19 08:42,CT-NK,WH-CT-01,TV-EB02E5,TV,"Sony 65""",Mitsubishi,1,21249000,21249000,GHN,240000,Đã giao
SHIP20260600058,PICK20260600058,SO20260600058,2026-06-18 12:07,2026-06-18 21:28,2026-06-19 16:45,HN-HBT,WH-HN-02,MW-E17A69,Lò vi sóng,Electrolux 23L,Xiaomi,2,4106000,8212000,GHN,0,Giao lại
SHIP20260600059,PICK20260600059,SO20260600059,2026-06-13 12:20,2026-06-13 14:24,2026-06-14 09:38,HCM-Q7,WH-HCM-02,RC-E6B79E,Nồi cơm,Cuckoo 1.8L,Samsung,1,2370000,2370000,Xe tải thuê ngoài,65000,Đã giao
SHIP20260600060,PICK20260600060,SO20260600060,2026-06-06 09:44,2026-06-06 18:03,2026-06-07 17:56,HN-CG,WH-HN-01,MW-640EAD,Lò vi sóng,Sharp 20L,LG,2,2450000,4900000,GHN,0,Giao lại
SHIP20260600061,PICK20260600061,SO20260600061,2026-06-13 18:33,2026-06-14 03:14,2026-06-15 15:08,BD-TDM,WH-BD-01,TV-3C8911,TV,LG OLED 48,Sharp,1,20156000,20156000,GHN,145000,Đã giao
SHIP20260600062,PICK20260600062,SO20260600062,2026-06-12 15:35,2026-06-12 18:16,2026-06-13 21:55,BD-TDM,WH-BD-01,RC-56CDC9,Nồi cơm,Sharp 1.8L,Sharp,3,359000,1077000,Xe tải thuê ngoài,45000,Đã giao
SHIP20260600063,PICK20260600063,SO20260600063,2026-06-22 11:33,2026-06-23 01:00,2026-06-23 07:36,CT-NK,WH-CT-01,TV-3277C5,TV,"TCL 50""",Cuckoo,1,8484000,8484000,GHN,45000,Đã giao
SHIP20260600064,PICK20260600064,SO20260600064,2026-06-20 20:09,2026-06-21 02:51,2026-06-21 19:30,HN-HBT,WH-HN-02,BL-7EF713,Máy xay,Sunhouse Blender,Sharp,1,1421000,1421000,Ahamove,0,Giao lại
SHIP20260600065,PICK20260600065,SO20260600065,2026-06-19 12:14,2026-06-20 04:02,2026-06-20 21:47,BD-TDM,WH-BD-01,VC-A4DECF,Máy hút bụi,Dyson V8,Mitsubishi,3,7420000,22260000,GrabExpress,240000,Đã giao
SHIP20260600066,PICK20260600066,SO20260600066,2026-06-30 17:17,2026-06-30 19:34,2026-07-01 15:46,CT-NK,WH-CT-01,MW-AE2881,Lò vi sóng,Panasonic 25L,Panasonic,2,2469000,4938000,Ahamove,35000,Giao lại
SHIP20260600067,PICK20260600067,SO20260600067,2026-06-03 19:00,2026-06-04 10:46,2026-06-04 16:10,HN-CG,WH-HN-01,RC-6CF84A,Nồi cơm,Cuckoo 1.8L,Daikin,3,2431000,7293000,Xe tải thuê ngoài,25000,Giao lại
SHIP20260600068,PICK20260600068,SO20260600068,2026-06-18 14:42,2026-06-18 22:50,2026-06-19 19:45,CT-NK,WH-CT-01,KT-697052,Ấm siêu tốc,Sunhouse,Samsung,1,503000,503000,Ahamove,45000,Đã giao
SHIP20260600069,PICK20260600069,SO20260600069,2026-06-15 19:15,2026-06-15 22:49,2026-06-17 07:15,DN-HC,WH-DN-01,TV-A73348,TV,LG OLED 48,Toshiba,3,16047000,48141000,GHN,180000,Đã giao
SHIP20260600070,PICK20260600070,SO20260600070,2026-06-27 09:42,2026-06-27 18:54,2026-06-28 09:36,HCM-Q7,WH-HCM-02,AC-D7C5BD,Máy lạnh,Daikin 1HP,Daikin,1,8751000,8751000,Ahamove,120000,Giao lại
SHIP20260600071,PICK20260600071,SO20260600071,2026-06-05 13:09,2026-06-05 16:29,2026-06-06 17:34,HCM-TB,WH-HCM-03,MW-FB2461,Lò vi sóng,Electrolux 23L,Senko,2,1602000,3204000,Nội bộ,90000,Đã giao
SHIP20260600072,PICK20260600072,SO20260600072,2026-06-07 16:03,2026-06-08 02:52,2026-06-09 12:51,HCM-Q1,WH-HCM-01,KT-9BE99C,Ấm siêu tốc,Philips,Panasonic,2,751000,1502000,Ahamove,45000,Giao lại
SHIP20260600073,PICK20260600073,SO20260600073,2026-06-07 08:22,2026-06-07 10:16,2026-06-07 19:32,HCM-TB,WH-HCM-03,BL-958487,Máy xay,Philips Blender,Toshiba,3,817000,2451000,Nội bộ,35000,Giao lại
SHIP20260600074,PICK20260600074,SO20260600074,2026-06-03 16:08,2026-06-04 00:16,2026-06-04 13:48,DN-HC,WH-DN-01,RF-F64CD4,Tủ lạnh,Samsung Inverter 350L,Casper,1,9479000,9479000,Nội bộ,45000,Đã giao
SHIP20260600075,PICK20260600075,SO20260600075,2026-06-06 19:00,2026-06-07 01:33,2026-06-08 06:08,HCM-Q7,WH-HCM-02,RF-7A08B1,Tủ lạnh,Samsung Inverter 350L,Xiaomi,1,19664000,19664000,GHN,155000,Đã giao
SHIP20260600076,PICK20260600076,SO20260600076,2026-06-15 15:20,2026-06-16 05:26,2026-06-16 16:09,HCM-Q7,WH-HCM-02,KT-54AD13,Ấm siêu tốc,Philips,Samsung,2,682000,1364000,GHN,90000,Đã giao
SHIP20260600077,PICK20260600077,SO20260600077,2026-06-14 13:11,2026-06-14 20:49,2026-06-15 07:52,BD-TDM,WH-BD-01,VC-51D140,Máy hút bụi,Xiaomi G10,Casper,3,4247000,12741000,Nội bộ,165000,Đã giao
SHIP20260600078,PICK20260600078,SO20260600078,2026-06-21 20:58,2026-06-22 12:25,2026-06-22 19:07,HN-HBT,WH-HN-02,WM-AA0941,Máy giặt,Panasonic 8.5kg,Aqua,3,11082000,33246000,GHN,185000,Đã giao
SHIP20260600079,PICK20260600079,SO20260600079,2026-06-10 08:33,2026-06-10 11:09,2026-06-11 13:05,CT-NK,WH-CT-01,AC-50CBA5,Máy lạnh,Daikin 1HP,Aqua,1,15471000,15471000,GrabExpress,80000,Đã giao
SHIP20260600080,PICK20260600080,SO20260600080,2026-06-18 17:47,2026-06-19 05:46,2026-06-20 16:14,HCM-Q1,WH-HCM-01,MW-2666B6,Lò vi sóng,Panasonic 25L,Mitsubishi,2,3392000,6784000,GrabExpress,65000,Giao lại
SHIP20260600081,PICK20260600081,SO20260600081,2026-06-10 09:49,2026-06-10 18:14,2026-06-11 15:26,CT-NK,WH-CT-01,FN-05A833,Quạt,Asia,Aqua,2,670000,1340000,GHN,0,Đã giao
SHIP20260600082,PICK20260600082,SO20260600082,2026-06-02 12:20,2026-06-03 06:23,2026-06-04 17:15,HN-HBT,WH-HN-02,FN-02E143,Quạt,Senko,Sony,1,993000,993000,Nội bộ,25000,Hoàn tất
SHIP20260600083,PICK20260600083,SO20260600083,2026-06-08 11:31,2026-06-08 14:14,2026-06-09 11:44,HCM-TB,WH-HCM-03,WM-4E5FAA,Máy giặt,Toshiba 9kg,Sharp,1,7046000,7046000,GrabExpress,65000,Hoàn tất
SHIP20260600084,PICK20260600084,SO20260600084,2026-06-15 15:43,2026-06-15 18:29,2026-06-16 02:56,HCM-TB,WH-HCM-03,MW-8EA0CB,Lò vi sóng,Panasonic 25L,LG,2,3387000,6774000,GHN,45000,Đã giao
SHIP20260600085,PICK20260600085,SO20260600085,2026-06-20 09:14,2026-06-20 21:45,2026-06-21 07:41,DN-HC,WH-DN-01,RC-19766E,Nồi cơm,Panasonic 1.8L,Sunhouse,3,308000,924000,Xe tải thuê ngoài,120000,Giao lại
SHIP20260600086,PICK20260600086,SO20260600086,2026-06-15 15:16,2026-06-16 09:03,2026-06-16 14:28,HN-CG,WH-HN-01,KT-37BC3F,Ấm siêu tốc,Sunhouse,Panasonic,1,518000,518000,Ahamove,90000,Đã giao
SHIP20260600087,PICK20260600087,SO20260600087,2026-06-15 17:58,2026-06-16 05:04,2026-06-17 06:39,CT-NK,WH-CT-01,KT-C76795,Ấm siêu tốc,Philips,Aqua,3,301000,903000,Nội bộ,90000,Đã giao
SHIP20260600088,PICK20260600088,SO20260600088,2026-06-04 08:38,2026-06-04 11:47,2026-06-04 14:59,DN-HC,WH-DN-01,RF-AE1055,Tủ lạnh,Panasonic 300L,Mitsubishi,3,14338000,43014000,GrabExpress,270000,Đã giao
SHIP20260600089,PICK20260600089,SO20260600089,2026-06-27 14:57,2026-06-28 02:33,2026-06-29 11:08,DN-HC,WH-DN-01,RC-189134,Nồi cơm,Sunhouse 1.2L,Samsung,3,546000,1638000,Ahamove,35000,Đã giao
SHIP20260600090,PICK20260600090,SO20260600090,2026-06-21 08:55,2026-06-22 03:06,2026-06-23 11:12,HN-HBT,WH-HN-02,AC-9EB347,Máy lạnh,Panasonic 1.5HP,Xiaomi,2,13487000,26974000,GrabExpress,105000,Đã giao
SHIP20260600091,PICK20260600091,SO20260600091,2026-06-08 18:27,2026-06-09 08:15,2026-06-10 05:17,DN-HC,WH-DN-01,RF-794862,Tủ lạnh,Samsung Inverter 350L,Aqua,1,4205000,4205000,Ahamove,45000,Đã giao
SHIP20260600092,PICK20260600092,SO20260600092,2026-06-11 12:10,2026-06-11 17:26,2026-06-13 04:12,HN-CG,WH-HN-01,FN-441B27,Quạt,Senko,Samsung,1,214000,214000,Nội bộ,45000,Đã giao
SHIP20260600093,PICK20260600093,SO20260600093,2026-06-18 16:57,2026-06-19 02:16,2026-06-19 14:04,BD-TDM,WH-BD-01,AC-8D2169,Máy lạnh,Panasonic 1.5HP,Sunhouse,1,17441000,17441000,Ahamove,210000,Đã giao
SHIP20260600094,PICK20260600094,SO20260600094,2026-06-26 11:24,2026-06-26 20:12,2026-06-27 09:12,CT-NK,WH-CT-01,BL-E08C31,Máy xay,Panasonic Blender,Philips,1,659000,659000,Xe tải thuê ngoài,0,Đã giao
SHIP20260600095,PICK20260600095,SO20260600095,2026-06-25 08:01,2026-06-25 10:36,2026-06-26 18:50,HCM-Q1,WH-HCM-01,BL-BE1E34,Máy xay,Panasonic Blender,Senko,1,1986000,1986000,Nội bộ,35000,Hoàn tất
SHIP20260600096,PICK20260600096,SO20260600096,2026-06-07 17:39,2026-06-08 01:52,2026-06-08 22:49,HCM-TB,WH-HCM-03,VC-E19461,Máy hút bụi,Dyson V8,Panasonic,1,2111000,2111000,Xe tải thuê ngoài,90000,Hoàn tất
SHIP20260600097,PICK20260600097,SO20260600097,2026-06-20 18:57,2026-06-21 13:00,2026-06-22 04:45,HCM-TB,WH-HCM-03,FN-FF4EE8,Quạt,Panasonic,Sunhouse,3,1265000,3795000,GHN,90000,Đã giao
SHIP20260600098,PICK20260600098,SO20260600098,2026-06-07 19:38,2026-06-08 10:18,2026-06-09 00:02,HCM-Q7,WH-HCM-02,KT-F760AD,Ấm siêu tốc,Philips,LG,3,702000,2106000,GHN,25000,Hoàn tất
SHIP20260600099,PICK20260600099,SO20260600099,2026-06-12 17:31,2026-06-13 00:35,2026-06-13 08:42,BD-TDM,WH-BD-01,WM-9170CB,Máy giặt,LG 9kg,LG,2,10382000,20764000,Ahamove,300000,Đã giao
SHIP20260600100,PICK20260600100,SO20260600100,2026-06-21 08:53,2026-06-21 21:06,2026-06-22 18:55,HCM-TB,WH-HCM-03,KT-4D110F,Ấm siêu tốc,Kangaroo,Toshiba,2,424000,848000,Xe tải thuê ngoài,25000,Đã giao
SHIP20260600101,PICK20260600101,SO20260600101,2026-06-25 17:05,2026-06-25 22:25,2026-06-26 08:01,BD-TDM,WH-BD-01,WM-5ED0A1,Máy giặt,Samsung 10kg,Cuckoo,1,4370000,4370000,Ahamove,0,Giao lại
SHIP20260600102,PICK20260600102,SO20260600102,2026-06-17 10:10,2026-06-17 21:26,2026-06-18 11:11,CT-NK,WH-CT-01,RF-742B7E,Tủ lạnh,Samsung Inverter 350L,Asia,3,7227000,21681000,GrabExpress,225000,Đã giao
SHIP20260600103,PICK20260600103,SO20260600103,2026-06-06 13:47,2026-06-07 04:38,2026-06-08 06:33,HCM-Q7,WH-HCM-02,MW-FB2461,Lò vi sóng,Electrolux 23L,Senko,2,2564000,5128000,GHN,35000,Đã giao
SHIP20260600104,PICK20260600104,SO20260600104,2026-06-23 14:23,2026-06-23 16:45,2026-06-23 18:58,HCM-Q1,WH-HCM-01,KT-881318,Ấm siêu tốc,Sunhouse,Sony,2,416000,832000,Ahamove,25000,Hoàn tất
SHIP20260600105,PICK20260600105,SO20260600105,2026-06-14 14:09,2026-06-15 01:39,2026-06-15 19:33,BD-TDM,WH-BD-01,MW-42D56C,Lò vi sóng,Electrolux 23L,Sony,1,3512000,3512000,GHN,90000,Đã giao
SHIP20260600106,PICK20260600106,SO20260600106,2026-06-14 10:34,2026-06-14 14:41,2026-06-15 02:23,HN-CG,WH-HN-01,RC-E6B79E,Nồi cơm,Cuckoo 1.8L,Samsung,2,707000,1414000,Ahamove,65000,Đã giao
SHIP20260600107,PICK20260600107,SO20260600107,2026-06-29 13:43,2026-06-29 15:03,2026-06-30 10:44,HCM-Q1,WH-HCM-01,AC-DF5234,Máy lạnh,Daikin 1HP,Asia,1,11267000,11267000,Xe tải thuê ngoài,105000,Đã giao
SHIP20260600108,PICK20260600108,SO20260600108,2026-06-23 08:53,2026-06-24 03:29,2026-06-25 05:06,HCM-TB,WH-HCM-03,MW-A50B9A,Lò vi sóng,Electrolux 23L,Toshiba,2,1660000,3320000,GrabExpress,45000,Giao lại
SHIP20260600109,PICK20260600109,SO20260600109,2026-06-19 17:56,2026-06-19 21:38,2026-06-21 01:45,HN-HBT,WH-HN-02,MW-7ABF96,Lò vi sóng,Electrolux 23L,Panasonic,2,2210000,4420000,Ahamove,35000,Đã giao
SHIP20260600110,PICK20260600110,SO20260600110,2026-06-13 17:46,2026-06-13 19:15,2026-06-14 17:59,HCM-TB,WH-HCM-03,WM-E46895,Máy giặt,Toshiba 9kg,Electrolux,3,10810000,32430000,Nội bộ,180000,Đã giao
SHIP20260600111,PICK20260600111,SO20260600111,2026-06-23 17:34,2026-06-24 06:50,2026-06-24 09:32,DN-HC,WH-DN-01,MW-75B2CD,Lò vi sóng,Panasonic 25L,Samsung,1,2178000,2178000,Xe tải thuê ngoài,35000,Đã giao
SHIP20260600112,PICK20260600112,SO20260600112,2026-06-14 09:44,2026-06-15 03:04,2026-06-16 11:49,HCM-Q1,WH-HCM-01,RC-443576,Nồi cơm,Sharp 1.8L,Asia,1,2206000,2206000,Xe tải thuê ngoài,65000,Đã giao
SHIP20260600113,PICK20260600113,SO20260600113,2026-06-06 18:52,2026-06-07 06:12,2026-06-07 16:43,HCM-Q7,WH-HCM-02,VC-96423F,Máy hút bụi,Dyson V8,Xiaomi,2,7542000,15084000,GHN,120000,Đã giao
SHIP20260600114,PICK20260600114,SO20260600114,2026-06-21 18:52,2026-06-22 03:40,2026-06-22 15:18,BD-TDM,WH-BD-01,FN-FD271D,Quạt,Senko,Mitsubishi,3,1476000,4428000,Nội bộ,120000,Hoàn tất
SHIP20260600115,PICK20260600115,SO20260600115,2026-06-03 15:02,2026-06-03 19:47,2026-06-05 05:04,HCM-TB,WH-HCM-03,BL-95987D,Máy xay,Philips Blender,Asia,3,1646000,4938000,GrabExpress,65000,Đã giao
SHIP20260600116,PICK20260600116,SO20260600116,2026-06-01 12:18,2026-06-01 20:37,2026-06-03 07:47,BD-TDM,WH-BD-01,RC-F33CDE,Nồi cơm,Panasonic 1.8L,Senko,3,1755000,5265000,Ahamove,25000,Đã giao
SHIP20260600117,PICK20260600117,SO20260600117,2026-06-26 16:43,2026-06-26 19:21,2026-06-26 21:33,HN-CG,WH-HN-01,RF-A7BDBE,Tủ lạnh,Aqua 250L,Toshiba,2,6443000,12886000,GHN,120000,Đã giao
SHIP20260600118,PICK20260600118,SO20260600118,2026-06-23 16:44,2026-06-24 11:07,2026-06-25 07:25,HN-HBT,WH-HN-02,WM-A2670F,Máy giặt,Toshiba 9kg,LG,1,6625000,6625000,GrabExpress,65000,Hoàn tất
SHIP20260600119,PICK20260600119,SO20260600119,2026-06-30 20:19,2026-07-01 08:25,2026-07-02 20:44,HCM-Q1,WH-HCM-01,FN-896DEA,Quạt,Asia,Senko,2,1697000,3394000,GrabExpress,25000,Đã giao
SHIP20260600120,PICK20260600120,SO20260600120,2026-06-07 17:54,2026-06-08 12:18,2026-06-09 16:19,HCM-TB,WH-HCM-03,RF-191AF7,Tủ lạnh,Panasonic 300L,Toshiba,1,18768000,18768000,Ahamove,240000,Đã giao
SHIP20260600121,PICK20260600121,SO20260600121,2026-06-20 14:58,2026-06-21 03:51,2026-06-21 21:52,DN-HC,WH-DN-01,BL-01E9C7,Máy xay,Panasonic Blender,Samsung,2,1075000,2150000,Xe tải thuê ngoài,65000,Đã giao
SHIP20260600122,PICK20260600122,SO20260600122,2026-06-11 17:06,2026-06-12 07:43,2026-06-12 15:03,HCM-Q7,WH-HCM-02,RC-A61405,Nồi cơm,Sunhouse 1.2L,Senko,3,2838000,8514000,Ahamove,90000,Giao lại
SHIP20260600123,PICK20260600123,SO20260600123,2026-06-05 12:41,2026-06-05 20:17,2026-06-07 05:47,BD-TDM,WH-BD-01,BL-BCB9B9,Máy xay,Panasonic Blender,Sunhouse,3,1826000,5478000,GHN,0,Đã giao
SHIP20260600124,PICK20260600124,SO20260600124,2026-06-19 12:27,2026-06-19 23:13,2026-06-20 08:37,HCM-TB,WH-HCM-03,VC-7AF11E,Máy hút bụi,Philips FC,Panasonic,2,3367000,6734000,GrabExpress,90000,Giao lại
SHIP20260600125,PICK20260600125,SO20260600125,2026-06-14 13:19,2026-06-14 17:17,2026-06-15 00:48,HCM-TB,WH-HCM-03,TV-ED601B,TV,"TCL 50""",Panasonic,1,14712000,14712000,GrabExpress,185000,Đã giao
SHIP20260600126,PICK20260600126,SO20260600126,2026-06-13 20:07,2026-06-14 02:26,2026-06-15 12:36,BD-TDM,WH-BD-01,TV-BE7A4B,TV,"TCL 50""",Sunhouse,3,11001000,33003000,GHN,115000,Giao lại
SHIP20260600127,PICK20260600127,SO20260600127,2026-06-22 16:35,2026-06-22 20:37,2026-06-23 03:06,DN-HC,WH-DN-01,KT-3F3135,Ấm siêu tốc,Sunhouse,Sharp,1,697000,697000,Ahamove,0,Đã giao
SHIP20260600128,PICK20260600128,SO20260600128,2026-06-25 13:32,2026-06-25 20:40,2026-06-27 04:09,HCM-Q1,WH-HCM-01,TV-7D99ED,TV,"Sony 65""",Philips,1,26568000,26568000,Ahamove,165000,Giao lại
SHIP20260600129,PICK20260600129,SO20260600129,2026-06-04 16:33,2026-06-05 06:04,2026-06-05 15:14,HCM-TB,WH-HCM-03,FN-5366D0,Quạt,Senko,Senko,1,964000,964000,Xe tải thuê ngoài,45000,Hoàn tất
SHIP20260600130,PICK20260600130,SO20260600130,2026-06-03 20:31,2026-06-04 10:02,2026-06-05 00:38,BD-TDM,WH-BD-01,RF-D3E578,Tủ lạnh,LG 420L,Xiaomi,1,20013000,20013000,Xe tải thuê ngoài,120000,Hoàn tất
SHIP20260600131,PICK20260600131,SO20260600131,2026-06-24 16:26,2026-06-25 09:58,2026-06-26 04:58,HN-HBT,WH-HN-02,KT-930F94,Ấm siêu tốc,Philips,Sony,3,849000,2547000,GHN,45000,Đã giao
SHIP20260600132,PICK20260600132,SO20260600132,2026-06-14 13:24,2026-06-14 16:19,2026-06-15 13:45,BD-TDM,WH-BD-01,MW-21A949,Lò vi sóng,Panasonic 25L,Cuckoo,3,1796000,5388000,GHN,0,Hoàn tất
SHIP20260600133,PICK20260600133,SO20260600133,2026-06-05 19:50,2026-06-06 12:10,2026-06-07 02:15,BD-TDM,WH-BD-01,WM-54F949,Máy giặt,Toshiba 9kg,Xiaomi,1,8046000,8046000,Ahamove,120000,Hoàn tất
SHIP20260600134,PICK20260600134,SO20260600134,2026-06-05 16:09,2026-06-06 07:54,2026-06-07 07:48,CT-NK,WH-CT-01,VC-BEE8C8,Máy hút bụi,Xiaomi G10,Asia,2,4179000,8358000,GrabExpress,90000,Đã giao
SHIP20260600135,PICK20260600135,SO20260600135,2026-06-01 11:49,2026-06-02 00:16,2026-06-02 05:06,BD-TDM,WH-BD-01,AC-818A33,Máy lạnh,Casper 1HP,Electrolux,1,17609000,17609000,Xe tải thuê ngoài,205000,Đã giao
SHIP20260600136,PICK20260600136,SO20260600136,2026-06-27 20:02,2026-06-28 12:53,2026-06-29 23:40,CT-NK,WH-CT-01,RF-42BDE8,Tủ lạnh,LG 420L,Senko,2,5104000,10208000,Ahamove,25000,Đã giao
SHIP20260600137,PICK20260600137,SO20260600137,2026-06-19 15:08,2026-06-20 01:07,2026-06-20 06:58,DN-HC,WH-DN-01,AC-029767,Máy lạnh,Daikin 1HP,Sunhouse,1,15869000,15869000,GHN,205000,Đã giao
SHIP20260600138,PICK20260600138,SO20260600138,2026-06-15 11:42,2026-06-15 15:45,2026-06-15 19:27,HCM-Q7,WH-HCM-02,TV-9BDABC,TV,"Sony 65""",Electrolux,1,7368000,7368000,GHN,120000,Giao lại
SHIP20260600139,PICK20260600139,SO20260600139,2026-06-02 19:01,2026-06-03 00:44,2026-06-04 05:33,CT-NK,WH-CT-01,FN-47B1B0,Quạt,Senko,Toshiba,3,1826000,5478000,Ahamove,45000,Hoàn tất
SHIP20260600140,PICK20260600140,SO20260600140,2026-06-18 15:57,2026-06-19 01:32,2026-06-19 09:41,HCM-TB,WH-HCM-03,VC-B711CC,Máy hút bụi,Xiaomi G10,Panasonic,3,7887000,23661000,Nội bộ,125000,Hoàn tất
SHIP20260600141,PICK20260600141,SO20260600141,2026-06-29 15:21,2026-06-30 08:24,2026-06-30 17:00,BD-TDM,WH-BD-01,KT-BD9201,Ấm siêu tốc,Kangaroo,Aqua,1,320000,320000,Xe tải thuê ngoài,90000,Hoàn tất
SHIP20260600142,PICK20260600142,SO20260600142,2026-06-26 09:09,2026-06-27 00:54,2026-06-27 06:52,HN-CG,WH-HN-01,TV-1B61A7,TV,LG OLED 48,Samsung,2,26207000,52414000,Nội bộ,270000,Đã giao
SHIP20260600143,PICK20260600143,SO20260600143,2026-06-08 10:31,2026-06-09 00:40,2026-06-09 13:01,HN-HBT,WH-HN-02,RC-DFEBAA,Nồi cơm,Sharp 1.8L,LG,2,943000,1886000,Ahamove,0,Giao lại
SHIP20260600144,PICK20260600144,SO20260600144,2026-06-04 11:35,2026-06-04 15:08,2026-06-04 19:07,HN-HBT,WH-HN-02,AC-029767,Máy lạnh,Daikin 1HP,Sunhouse,1,5250000,5250000,GrabExpress,0,Đã giao
SHIP20260600145,PICK20260600145,SO20260600145,2026-06-10 11:29,2026-06-11 05:01,2026-06-11 15:20,HN-CG,WH-HN-01,FN-464655,Quạt,Panasonic,Toshiba,1,1363000,1363000,Xe tải thuê ngoài,0,Giao lại
SHIP20260600146,PICK20260600146,SO20260600146,2026-06-13 09:33,2026-06-13 11:22,2026-06-14 03:44,HCM-Q7,WH-HCM-02,FN-230559,Quạt,Asia,Sharp,3,624000,1872000,GHN,90000,Đã giao
SHIP20260600147,PICK20260600147,SO20260600147,2026-06-28 08:00,2026-06-28 18:46,2026-06-30 07:24,BD-TDM,WH-BD-01,RF-8AEC72,Tủ lạnh,Samsung Inverter 350L,Daikin,3,18727000,56181000,Xe tải thuê ngoài,205000,Giao lại
SHIP20260600148,PICK20260600148,SO20260600148,2026-06-08 19:36,2026-06-09 11:31,2026-06-11 00:12,BD-TDM,WH-BD-01,KT-A1FEF1,Ấm siêu tốc,Sunhouse,Xiaomi,3,717000,2151000,GrabExpress,65000,Đã giao
SHIP20260600149,PICK20260600149,SO20260600149,2026-06-01 10:22,2026-06-01 23:00,2026-06-02 06:51,CT-NK,WH-CT-01,VC-CF166B,Máy hút bụi,Philips FC,Senko,3,5123000,15369000,GrabExpress,80000,Đã giao
SHIP20260600150,PICK20260600150,SO20260600150,2026-06-08 16:42,2026-06-08 20:12,2026-06-10 04:07,DN-HC,WH-DN-01,VC-A4DECF,Máy hút bụi,Dyson V8,Mitsubishi,3,5309000,15927000,GHN,240000,Đã giao
SHIP20260600151,PICK20260600151,SO20260600151,2026-06-22 19:41,2026-06-23 14:09,2026-06-24 00:05,DN-HC,WH-DN-01,MW-F8E59D,Lò vi sóng,Sharp 20L,Sharp,1,1763000,1763000,GrabExpress,45000,Đã giao
SHIP20260600152,PICK20260600152,SO20260600152,2026-06-02 09:53,2026-06-03 04:44,2026-06-03 22:23,HCM-TB,WH-HCM-03,MW-1E7D48,Lò vi sóng,Sharp 20L,Xiaomi,3,3087000,9261000,GHN,0,Giao lại
SHIP20260600153,PICK20260600153,SO20260600153,2026-06-08 17:53,2026-06-09 01:07,2026-06-09 20:22,HCM-Q7,WH-HCM-02,KT-DE6FC8,Ấm siêu tốc,Kangaroo,Sharp,3,291000,873000,Nội bộ,35000,Đã giao
SHIP20260600154,PICK20260600154,SO20260600154,2026-06-06 09:50,2026-06-06 18:41,2026-06-08 00:13,BD-TDM,WH-BD-01,VC-51D140,Máy hút bụi,Xiaomi G10,Casper,1,1428000,1428000,GrabExpress,45000,Đã giao
SHIP20260600155,PICK20260600155,SO20260600155,2026-06-04 09:06,2026-06-05 03:01,2026-06-05 23:03,CT-NK,WH-CT-01,BL-267545,Máy xay,Panasonic Blender,Cuckoo,1,1503000,1503000,Xe tải thuê ngoài,65000,Hoàn tất
SHIP20260600156,PICK20260600156,SO20260600156,2026-06-12 14:18,2026-06-13 09:14,2026-06-14 08:06,HCM-TB,WH-HCM-03,FN-FC4665,Quạt,Asia,Electrolux,2,719000,1438000,Ahamove,35000,Giao lại
SHIP20260600157,PICK20260600157,SO20260600157,2026-06-02 08:24,2026-06-03 01:35,2026-06-03 19:38,HCM-Q7,WH-HCM-02,KT-2ABC39,Ấm siêu tốc,Kangaroo,Mitsubishi,2,685000,1370000,Nội bộ,0,Đã giao
SHIP20260600158,PICK20260600158,SO20260600158,2026-06-10 15:13,2026-06-11 09:31,2026-06-11 17:47,HCM-Q1,WH-HCM-01,RF-F96CEA,Tủ lạnh,LG 420L,Sharp,3,9645000,28935000,GrabExpress,80000,Đã giao
SHIP20260600159,PICK20260600159,SO20260600159,2026-06-09 16:44,2026-06-10 09:18,2026-06-10 18:21,CT-NK,WH-CT-01,RF-BFD1C6,Tủ lạnh,Aqua 250L,Electrolux,3,7925000,23775000,GrabExpress,210000,Đã giao
SHIP20260600160,PICK20260600160,SO20260600160,2026-06-15 11:03,2026-06-15 22:41,2026-06-17 00:09,DN-HC,WH-DN-01,MW-F2FBBA,Lò vi sóng,Panasonic 25L,Sunhouse,3,1074000,3222000,Ahamove,0,Đã giao
SHIP20260600161,PICK20260600161,SO20260600161,2026-06-24 19:26,2026-06-24 22:11,2026-06-25 05:02,HN-HBT,WH-HN-02,MW-7ABF96,Lò vi sóng,Electrolux 23L,Panasonic,3,3364000,10092000,Nội bộ,45000,Đã giao
SHIP20260600162,PICK20260600162,SO20260600162,2026-06-15 09:48,2026-06-15 22:56,2026-06-17 09:35,BD-TDM,WH-BD-01,KT-930F94,Ấm siêu tốc,Philips,Sony,1,576000,576000,Ahamove,25000,Đã giao
SHIP20260600163,PICK20260600163,SO20260600163,2026-06-02 15:30,2026-06-03 00:01,2026-06-03 04:26,CT-NK,WH-CT-01,KT-C02AC0,Ấm siêu tốc,Kangaroo,Asia,1,985000,985000,Nội bộ,90000,Giao lại
SHIP20260600164,PICK20260600164,SO20260600164,2026-06-27 17:20,2026-06-28 03:52,2026-06-28 07:37,HN-CG,WH-HN-01,BL-08E06D,Máy xay,Philips Blender,Casper,3,612000,1836000,GHN,120000,Đã giao
SHIP20260600165,PICK20260600165,SO20260600165,2026-06-08 13:22,2026-06-09 03:26,2026-06-10 07:10,HCM-TB,WH-HCM-03,RC-5F9026,Nồi cơm,Cuckoo 1.8L,Electrolux,1,485000,485000,GHN,45000,Đã giao
SHIP20260600166,PICK20260600166,SO20260600166,2026-06-24 17:17,2026-06-25 01:56,2026-06-25 04:04,CT-NK,WH-CT-01,TV-888A32,TV,"TCL 50""",Mitsubishi,1,18743000,18743000,Nội bộ,145000,Hoàn tất
SHIP20260600167,PICK20260600167,SO20260600167,2026-06-22 17:01,2026-06-23 09:13,2026-06-24 20:47,DN-HC,WH-DN-01,VC-FDD792,Máy hút bụi,Philips FC,Casper,2,1501000,3002000,GrabExpress,25000,Giao lại
SHIP20260600168,PICK20260600168,SO20260600168,2026-06-15 12:26,2026-06-16 06:07,2026-06-16 14:21,CT-NK,WH-CT-01,AC-4CE3DD,Máy lạnh,Panasonic 1.5HP,Samsung,2,6647000,13294000,GrabExpress,185000,Đã giao
SHIP20260600169,PICK20260600169,SO20260600169,2026-06-21 09:51,2026-06-22 01:39,2026-06-22 03:40,BD-TDM,WH-BD-01,AC-4AA281,Máy lạnh,Casper 1HP,Samsung,1,6251000,6251000,GrabExpress,45000,Đã giao
SHIP20260600170,PICK20260600170,SO20260600170,2026-06-11 19:12,2026-06-12 03:57,2026-06-12 17:27,CT-NK,WH-CT-01,RC-607743,Nồi cơm,Cuckoo 1.8L,LG,2,341000,682000,Nội bộ,25000,Đã giao
SHIP20260600171,PICK20260600171,SO20260600171,2026-06-11 08:09,2026-06-11 15:56,2026-06-12 05:14,CT-NK,WH-CT-01,RC-3C975D,Nồi cơm,Panasonic 1.8L,Samsung,3,949000,2847000,Nội bộ,45000,Giao lại
SHIP20260600172,PICK20260600172,SO20260600172,2026-06-18 20:04,2026-06-18 21:23,2026-06-20 08:04,CT-NK,WH-CT-01,BL-B69FDD,Máy xay,Sunhouse Blender,Mitsubishi,1,902000,902000,Nội bộ,120000,Đã giao
SHIP20260600173,PICK20260600173,SO20260600173,2026-06-22 08:18,2026-06-22 22:23,2026-06-24 00:21,HCM-Q1,WH-HCM-01,WM-4EAB5C,Máy giặt,Samsung 10kg,LG,3,4699000,14097000,GrabExpress,170000,Giao lại
SHIP20260600174,PICK20260600174,SO20260600174,2026-06-23 14:43,2026-06-23 16:18,2026-06-24 15:00,DN-HC,WH-DN-01,TV-74BDA3,TV,LG OLED 48,Sunhouse,2,15495000,30990000,Ahamove,145000,Giao lại
SHIP20260600175,PICK20260600175,SO20260600175,2026-06-07 10:16,2026-06-07 19:47,2026-06-09 07:28,HCM-Q1,WH-HCM-01,MW-C368CC,Lò vi sóng,Sharp 20L,Sunhouse,1,3594000,3594000,GHN,0,Giao lại
SHIP20260600176,PICK20260600176,SO20260600176,2026-06-14 08:10,2026-06-14 16:22,2026-06-15 22:44,HN-HBT,WH-HN-02,AC-C1535B,Máy lạnh,Panasonic 1.5HP,Asia,1,10391000,10391000,Nội bộ,120000,Đã giao
SHIP20260600177,PICK20260600177,SO20260600177,2026-06-12 13:19,2026-06-13 06:23,2026-06-13 22:54,BD-TDM,WH-BD-01,BL-9D0A0A,Máy xay,Sunhouse Blender,Cuckoo,3,1434000,4302000,Nội bộ,120000,Đã giao
SHIP20260600178,PICK20260600178,SO20260600178,2026-06-04 18:19,2026-06-05 07:45,2026-06-06 11:10,HCM-Q1,WH-HCM-01,BL-6730F4,Máy xay,Panasonic Blender,Sharp,2,1020000,2040000,Ahamove,45000,Đã giao
SHIP20260600179,PICK20260600179,SO20260600179,2026-06-16 08:35,2026-06-16 17:23,2026-06-18 03:02,HCM-Q7,WH-HCM-02,MW-D62048,Lò vi sóng,Panasonic 25L,Xiaomi,3,1108000,3324000,GrabExpress,25000,Đã giao
SHIP20260600180,PICK20260600180,SO20260600180,2026-06-25 16:37,2026-06-25 22:47,2026-06-26 16:17,HN-HBT,WH-HN-02,TV-EB02E5,TV,"Sony 65""",Mitsubishi,2,17186000,34372000,Ahamove,120000,Hoàn tất
SHIP20260600181,PICK20260600181,SO20260600181,2026-06-12 20:59,2026-06-12 22:56,2026-06-13 22:29,DN-HC,WH-DN-01,FN-E10178,Quạt,Panasonic,Xiaomi,1,1344000,1344000,GHN,35000,Hoàn tất
SHIP20260600182,PICK20260600182,SO20260600182,2026-06-01 19:56,2026-06-02 09:04,2026-06-03 18:29,CT-NK,WH-CT-01,RC-DFEBAA,Nồi cơm,Sharp 1.8L,LG,3,2640000,7920000,GHN,65000,Đã giao
SHIP20260600183,PICK20260600183,SO20260600183,2026-06-06 19:21,2026-06-07 11:27,2026-06-08 18:29,HCM-Q7,WH-HCM-02,BL-AED849,Máy xay,Panasonic Blender,Electrolux,1,763000,763000,Nội bộ,0,Đã giao
SHIP20260600184,PICK20260600184,SO20260600184,2026-06-11 18:54,2026-06-12 10:12,2026-06-12 21:59,BD-TDM,WH-BD-01,MW-FB2461,Lò vi sóng,Electrolux 23L,Senko,3,2781000,8343000,GHN,25000,Đã giao
SHIP20260600185,PICK20260600185,SO20260600185,2026-06-15 18:44,2026-06-15 21:55,2026-06-16 07:46,HCM-Q7,WH-HCM-02,KT-881318,Ấm siêu tốc,Sunhouse,Sony,1,518000,518000,Xe tải thuê ngoài,25000,Đã giao
SHIP20260600186,PICK20260600186,SO20260600186,2026-06-05 19:02,2026-06-06 10:46,2026-06-07 15:07,HN-HBT,WH-HN-02,VC-CF166B,Máy hút bụi,Philips FC,Senko,2,7540000,15080000,Nội bộ,180000,Đã giao
SHIP20260600187,PICK20260600187,SO20260600187,2026-06-07 20:20,2026-06-07 21:53,2026-06-08 23:17,HN-CG,WH-HN-01,WM-9F9723,Máy giặt,LG 9kg,Mitsubishi,2,14553000,29106000,Ahamove,125000,Đã giao
SHIP20260600188,PICK20260600188,SO20260600188,2026-06-24 09:00,2026-06-24 20:39,2026-06-26 00:04,HCM-Q1,WH-HCM-01,RF-CAB84B,Tủ lạnh,Samsung Inverter 350L,Senko,3,5980000,17940000,Ahamove,145000,Đã giao
SHIP20260600189,PICK20260600189,SO20260600189,2026-06-25 19:53,2026-06-26 03:27,2026-06-27 08:54,HCM-TB,WH-HCM-03,MW-03CA06,Lò vi sóng,Electrolux 23L,Aqua,3,1563000,4689000,Xe tải thuê ngoài,65000,Đã giao
SHIP20260600190,PICK20260600190,SO20260600190,2026-06-20 11:06,2026-06-21 01:11,2026-06-21 19:50,CT-NK,WH-CT-01,VC-FA3352,Máy hút bụi,Dyson V8,Aqua,3,4938000,14814000,GHN,245000,Hoàn tất
SHIP20260600191,PICK20260600191,SO20260600191,2026-06-12 13:49,2026-06-13 01:18,2026-06-14 11:03,CT-NK,WH-CT-01,WM-1ED27C,Máy giặt,Panasonic 8.5kg,Cuckoo,1,5382000,5382000,Xe tải thuê ngoài,90000,Đã giao
SHIP20260600192,PICK20260600192,SO20260600192,2026-06-06 19:23,2026-06-07 12:44,2026-06-08 00:14,BD-TDM,WH-BD-01,RF-20BB5C,Tủ lạnh,Panasonic 300L,Sharp,1,12251000,12251000,Xe tải thuê ngoài,45000,Giao lại
SHIP20260600193,PICK20260600193,SO20260600193,2026-06-29 20:11,2026-06-30 12:33,2026-07-01 19:16,HCM-TB,WH-HCM-03,AC-BBBEF9,Máy lạnh,Casper 1HP,Sharp,1,10580000,10580000,Nội bộ,0,Đã giao
SHIP20260600194,PICK20260600194,SO20260600194,2026-06-02 20:31,2026-06-02 22:34,2026-06-03 18:27,HCM-TB,WH-HCM-03,RC-C8DD6A,Nồi cơm,Panasonic 1.8L,LG,1,413000,413000,GrabExpress,25000,Đã giao
SHIP20260600195,PICK20260600195,SO20260600195,2026-06-16 20:30,2026-06-16 23:09,2026-06-17 19:35,CT-NK,WH-CT-01,MW-3E4330,Lò vi sóng,Sharp 20L,Samsung,2,1018000,2036000,Ahamove,25000,Hoàn tất
SHIP20260600196,PICK20260600196,SO20260600196,2026-06-10 18:47,2026-06-11 00:05,2026-06-12 05:33,HN-CG,WH-HN-01,RF-4D9AFB,Tủ lạnh,Aqua 250L,Aqua,1,14562000,14562000,Nội bộ,105000,Giao lại
SHIP20260600197,PICK20260600197,SO20260600197,2026-06-24 17:44,2026-06-24 21:44,2026-06-25 04:56,CT-NK,WH-CT-01,VC-FDD792,Máy hút bụi,Philips FC,Casper,2,1621000,3242000,GHN,35000,Đã giao
SHIP20260600198,PICK20260600198,SO20260600198,2026-06-17 20:51,2026-06-18 06:22,2026-06-18 16:33,CT-NK,WH-CT-01,MW-8E4E78,Lò vi sóng,Panasonic 25L,Casper,2,1194000,2388000,GrabExpress,120000,Hoàn tất
SHIP20260600199,PICK20260600199,SO20260600199,2026-06-29 09:31,2026-06-29 15:47,2026-06-30 03:54,BD-TDM,WH-BD-01,WM-758BD9,Máy giặt,Panasonic 8.5kg,Xiaomi,3,5528000,16584000,GHN,240000,Hoàn tất
SHIP20260600200,PICK20260600200,SO20260600200,2026-06-28 14:03,2026-06-29 05:07,2026-06-29 21:42,HN-CG,WH-HN-01,RC-CA9512,Nồi cơm,Sharp 1.8L,Philips,1,685000,685000,Ahamove,90000,Đã giao
SHIP20260600201,PICK20260600201,SO20260600201,2026-06-29 14:39,2026-06-29 22:24,2026-07-01 07:55,CT-NK,WH-CT-01,RF-4D4BA4,Tủ lạnh,Aqua 250L,Philips,2,9345000,18690000,GHN,300000,Đã giao
SHIP20260600202,PICK20260600202,SO20260600202,2026-06-04 11:20,2026-06-05 04:31,2026-06-05 12:02,HCM-Q1,WH-HCM-01,AC-0877C5,Máy lạnh,Daikin 1HP,Sony,2,10347000,20694000,Xe tải thuê ngoài,205000,Giao lại
SHIP20260600203,PICK20260600203,SO20260600203,2026-06-03 19:36,2026-06-04 06:09,2026-06-04 16:46,HCM-TB,WH-HCM-03,FN-47B1B0,Quạt,Senko,Toshiba,3,582000,1746000,Xe tải thuê ngoài,120000,Đã giao
SHIP20260600204,PICK20260600204,SO20260600204,2026-06-03 10:11,2026-06-03 22:39,2026-06-05 01:03,HN-HBT,WH-HN-02,TV-7839D5,TV,"TCL 50""",Xiaomi,2,6101000,12202000,GrabExpress,45000,Giao lại
SHIP20260600205,PICK20260600205,SO20260600205,2026-06-05 11:26,2026-06-06 02:01,2026-06-06 11:31,CT-NK,WH-CT-01,AC-029767,Máy lạnh,Daikin 1HP,Sunhouse,1,11849000,11849000,Ahamove,90000,Đã giao
SHIP20260600206,PICK20260600206,SO20260600206,2026-06-14 13:35,2026-06-15 06:39,2026-06-16 05:32,BD-TDM,WH-BD-01,MW-D3DB9C,Lò vi sóng,Sharp 20L,Aqua,1,3477000,3477000,Xe tải thuê ngoài,0,Đã giao
SHIP20260600207,PICK20260600207,SO20260600207,2026-06-25 17:46,2026-06-26 05:26,2026-06-26 14:08,HN-CG,WH-HN-01,TV-41AACD,TV,"Samsung 55"" 4K",Daikin,3,28268000,84804000,Nội bộ,215000,Đã giao
SHIP20260600208,PICK20260600208,SO20260600208,2026-06-19 20:52,2026-06-20 02:06,2026-06-21 10:41,HN-CG,WH-HN-01,WM-6CA151,Máy giặt,LG 9kg,Philips,2,3962000,7924000,GrabExpress,0,Giao lại
SHIP20260600209,PICK20260600209,SO20260600209,2026-06-10 16:15,2026-06-11 02:29,2026-06-11 18:29,HCM-TB,WH-HCM-03,WM-B2AB72,Máy giặt,Toshiba 9kg,Casper,3,9120000,27360000,Ahamove,120000,Hoàn tất
SHIP20260600210,PICK20260600210,SO20260600210,2026-06-21 11:08,2026-06-22 04:15,2026-06-22 21:28,HN-HBT,WH-HN-02,RC-4F65B1,Nồi cơm,Sunhouse 1.2L,Casper,2,379000,758000,Xe tải thuê ngoài,65000,Đã giao
SHIP20260600211,PICK20260600211,SO20260600211,2026-06-04 15:25,2026-06-04 22:04,2026-06-05 20:44,CT-NK,WH-CT-01,KT-619E7F,Ấm siêu tốc,Sunhouse,Cuckoo,3,302000,906000,Xe tải thuê ngoài,120000,Đã giao
SHIP20260600212,PICK20260600212,SO20260600212,2026-06-28 10:11,2026-06-28 13:37,2026-06-29 02:07,BD-TDM,WH-BD-01,RC-6CF84A,Nồi cơm,Cuckoo 1.8L,Daikin,2,1546000,3092000,Xe tải thuê ngoài,25000,Đã giao
SHIP20260600213,PICK20260600213,SO20260600213,2026-06-17 17:53,2026-06-18 01:20,2026-06-19 03:33,DN-HC,WH-DN-01,KT-DB0B2F,Ấm siêu tốc,Sunhouse,Mitsubishi,1,420000,420000,Ahamove,25000,Hoàn tất
SHIP20260600214,PICK20260600214,SO20260600214,2026-06-17 20:01,2026-06-18 12:30,2026-06-18 18:49,HN-CG,WH-HN-01,BL-A57566,Máy xay,Panasonic Blender,Aqua,1,695000,695000,Nội bộ,120000,Giao lại
SHIP20260600215,PICK20260600215,SO20260600215,2026-06-07 20:41,2026-06-07 23:56,2026-06-09 06:39,HCM-Q7,WH-HCM-02,KT-4D110F,Ấm siêu tốc,Kangaroo,Toshiba,3,601000,1803000,Xe tải thuê ngoài,0,Đã giao
SHIP20260600216,PICK20260600216,SO20260600216,2026-06-13 09:18,2026-06-13 10:20,2026-06-14 02:30,BD-TDM,WH-BD-01,TV-249EF8,TV,"Samsung 55"" 4K",Samsung,2,13141000,26282000,Ahamove,200000,Giao lại
SHIP20260600217,PICK20260600217,SO20260600217,2026-06-30 10:26,2026-06-30 11:42,2026-07-01 11:00,BD-TDM,WH-BD-01,AC-9162CC,Máy lạnh,Mitsubishi 1.5HP,Philips,3,8359000,25077000,Nội bộ,245000,Giao lại
SHIP20260600218,PICK20260600218,SO20260600218,2026-06-02 18:33,2026-06-03 04:51,2026-06-04 09:53,HCM-TB,WH-HCM-03,TV-8A011F,TV,LG OLED 48,Philips,1,11667000,11667000,GrabExpress,0,Đã giao
SHIP20260600219,PICK20260600219,SO20260600219,2026-06-23 12:52,2026-06-24 03:53,2026-06-25 13:45,HCM-TB,WH-HCM-03,VC-DAE72D,Máy hút bụi,Dyson V8,Sharp,2,3853000,7706000,Xe tải thuê ngoài,25000,Đã giao
SHIP20260600220,PICK20260600220,SO20260600220,2026-06-11 17:37,2026-06-12 06:17,2026-06-13 00:09,HCM-Q1,WH-HCM-01,RF-0C269E,Tủ lạnh,Panasonic 300L,Philips,3,9980000,29940000,GrabExpress,125000,Đã giao
SHIP20260600221,PICK20260600221,SO20260600221,2026-06-13 14:11,2026-06-14 02:13,2026-06-15 08:11,HCM-Q7,WH-HCM-02,RC-C7DE50,Nồi cơm,Cuckoo 1.8L,Cuckoo,2,513000,1026000,Xe tải thuê ngoài,120000,Đã giao
SHIP20260600222,PICK20260600222,SO20260600222,2026-06-02 17:18,2026-06-03 02:12,2026-06-03 12:24,HN-CG,WH-HN-01,AC-4E849A,Máy lạnh,Daikin 1HP,Philips,1,15808000,15808000,GHN,225000,Hoàn tất
SHIP20260600223,PICK20260600223,SO20260600223,2026-06-16 20:46,2026-06-16 22:59,2026-06-17 20:43,HN-CG,WH-HN-01,BL-7EF713,Máy xay,Sunhouse Blender,Sharp,3,1756000,5268000,GrabExpress,90000,Đã giao
SHIP20260600224,PICK20260600224,SO20260600224,2026-06-18 19:31,2026-06-19 00:25,2026-06-19 09:27,HN-CG,WH-HN-01,VC-6858E9,Máy hút bụi,Xiaomi G10,Sharp,2,4686000,9372000,Nội bộ,45000,Hoàn tất
SHIP20260600225,PICK20260600225,SO20260600225,2026-06-10 17:04,2026-06-11 08:26,2026-06-11 20:21,DN-HC,WH-DN-01,AC-D15C8F,Máy lạnh,Daikin 1HP,Xiaomi,2,14982000,29964000,GHN,185000,Hoàn tất
SHIP20260600226,PICK20260600226,SO20260600226,2026-06-16 12:02,2026-06-16 15:32,2026-06-18 00:34,HCM-Q1,WH-HCM-01,VC-AA028D,Máy hút bụi,Xiaomi G10,Daikin,3,1219000,3657000,Ahamove,65000,Hoàn tất
SHIP20260600227,PICK20260600227,SO20260600227,2026-06-12 12:04,2026-06-12 18:10,2026-06-14 03:16,HCM-Q1,WH-HCM-01,RC-007FFA,Nồi cơm,Sharp 1.8L,Cuckoo,1,698000,698000,Xe tải thuê ngoài,90000,Đã giao
SHIP20260600228,PICK20260600228,SO20260600228,2026-06-03 09:09,2026-06-03 14:18,2026-06-04 02:56,HN-CG,WH-HN-01,RF-BFD1C6,Tủ lạnh,Aqua 250L,Electrolux,2,14022000,28044000,GHN,180000,Hoàn tất
SHIP20260600229,PICK20260600229,SO20260600229,2026-06-11 14:59,2026-06-11 16:00,2026-06-11 19:55,HCM-Q1,WH-HCM-01,RF-A94B66,Tủ lạnh,Panasonic 300L,Xiaomi,3,9187000,27561000,GrabExpress,200000,Đã giao
SHIP20260600230,PICK20260600230,SO20260600230,2026-06-02 15:28,2026-06-03 07:37,2026-06-03 22:00,CT-NK,WH-CT-01,RF-281021,Tủ lạnh,Samsung Inverter 350L,Cuckoo,3,15837000,47511000,GrabExpress,145000,Đã giao
SHIP20260600231,PICK20260600231,SO20260600231,2026-06-19 13:12,2026-06-19 20:34,2026-06-20 16:54,HCM-Q1,WH-HCM-01,RC-30A967,Nồi cơm,Sharp 1.8L,Mitsubishi,1,2035000,2035000,Nội bộ,0,Đã giao
SHIP20260600232,PICK20260600232,SO20260600232,2026-06-06 12:26,2026-06-07 05:58,2026-06-08 03:35,HCM-Q7,WH-HCM-02,AC-F32BBC,Máy lạnh,Mitsubishi 1.5HP,Mitsubishi,1,8701000,8701000,GHN,25000,Đã giao
SHIP20260600233,PICK20260600233,SO20260600233,2026-06-20 20:06,2026-06-21 03:59,2026-06-21 13:26,HCM-Q1,WH-HCM-01,WM-016674,Máy giặt,Samsung 10kg,Sunhouse,2,3888000,7776000,GrabExpress,35000,Hoàn tất
SHIP20260600234,PICK20260600234,SO20260600234,2026-06-11 11:21,2026-06-12 02:14,2026-06-13 13:20,HCM-Q7,WH-HCM-02,AC-1FFCA0,Máy lạnh,Mitsubishi 1.5HP,Asia,3,8321000,24963000,GHN,185000,Đã giao
SHIP20260600235,PICK20260600235,SO20260600235,2026-06-30 13:29,2026-07-01 08:13,2026-07-02 12:23,HCM-TB,WH-HCM-03,AC-249FC9,Máy lạnh,Daikin 1HP,Panasonic,2,7719000,15438000,Xe tải thuê ngoài,245000,Đã giao
SHIP20260600236,PICK20260600236,SO20260600236,2026-06-26 10:53,2026-06-26 23:16,2026-06-27 10:47,DN-HC,WH-DN-01,KT-9065A4,Ấm siêu tốc,Philips,Mitsubishi,1,841000,841000,Xe tải thuê ngoài,120000,Đã giao
SHIP20260600237,PICK20260600237,SO20260600237,2026-06-11 10:51,2026-06-11 23:58,2026-06-13 06:08,HCM-Q1,WH-HCM-01,VC-BEE8C8,Máy hút bụi,Xiaomi G10,Asia,2,2451000,4902000,Xe tải thuê ngoài,45000,Đã giao
SHIP20260600238,PICK20260600238,SO20260600238,2026-06-15 11:22,2026-06-16 02:00,2026-06-16 06:22,CT-NK,WH-CT-01,AC-9162CC,Máy lạnh,Mitsubishi 1.5HP,Philips,3,13340000,40020000,Nội bộ,105000,Đã giao
SHIP20260600239,PICK20260600239,SO20260600239,2026-06-28 20:04,2026-06-29 07:37,2026-06-29 11:05,DN-HC,WH-DN-01,MW-8EFC71,Lò vi sóng,Electrolux 23L,Cuckoo,2,1682000,3364000,Xe tải thuê ngoài,25000,Hoàn tất
SHIP20260600240,PICK20260600240,SO20260600240,2026-06-13 09:54,2026-06-13 15:41,2026-06-14 12:55,HN-HBT,WH-HN-02,AC-9A4340,Máy lạnh,Panasonic 1.5HP,Daikin,2,13188000,26376000,Xe tải thuê ngoài,225000,Hoàn tất
SHIP20260600241,PICK20260600241,SO20260600241,2026-06-09 08:09,2026-06-10 01:00,2026-06-10 15:58,HN-CG,WH-HN-01,RF-742B7E,Tủ lạnh,Samsung Inverter 350L,Asia,2,12598000,25196000,Nội bộ,80000,Đã giao
SHIP20260600242,PICK20260600242,SO20260600242,2026-06-19 14:50,2026-06-19 20:45,2026-06-20 08:33,HCM-TB,WH-HCM-03,VC-FA3352,Máy hút bụi,Dyson V8,Aqua,1,8844000,8844000,GrabExpress,65000,Giao lại
SHIP20260600243,PICK20260600243,SO20260600243,2026-06-06 15:55,2026-06-06 20:19,2026-06-07 04:37,CT-NK,WH-CT-01,TV-91B89E,TV,"TCL 50""",Toshiba,1,24122000,24122000,GrabExpress,145000,Đã giao
SHIP20260600244,PICK20260600244,SO20260600244,2026-06-13 08:02,2026-06-13 19:58,2026-06-15 07:43,BD-TDM,WH-BD-01,KT-930F94,Ấm siêu tốc,Philips,Sony,1,564000,564000,Nội bộ,0,Đã giao
SHIP20260600245,PICK20260600245,SO20260600245,2026-06-11 11:27,2026-06-12 00:37,2026-06-12 21:35,HCM-Q1,WH-HCM-01,MW-278BC7,Lò vi sóng,Electrolux 23L,Mitsubishi,1,2125000,2125000,Ahamove,45000,Đã giao
SHIP20260600246,PICK20260600246,SO20260600246,2026-06-10 08:22,2026-06-10 16:07,2026-06-12 01:35,HCM-TB,WH-HCM-03,VC-DD459E,Máy hút bụi,Dyson V8,Asia,2,1410000,2820000,Nội bộ,25000,Hoàn tất
SHIP20260600247,PICK20260600247,SO20260600247,2026-06-10 19:18,2026-06-11 09:34,2026-06-12 12:41,HN-HBT,WH-HN-02,VC-D86280,Máy hút bụi,Philips FC,Mitsubishi,2,6174000,12348000,Xe tải thuê ngoài,105000,Hoàn tất
SHIP20260600248,PICK20260600248,SO20260600248,2026-06-07 20:28,2026-06-08 01:30,2026-06-08 14:44,HCM-Q1,WH-HCM-01,AC-3E9D78,Máy lạnh,Mitsubishi 1.5HP,Electrolux,3,5908000,17724000,GrabExpress,240000,Giao lại
SHIP20260600249,PICK20260600249,SO20260600249,2026-06-17 09:36,2026-06-17 13:14,2026-06-18 19:19,HCM-Q7,WH-HCM-02,AC-9068F8,Máy lạnh,Panasonic 1.5HP,Cuckoo,2,6943000,13886000,Nội bộ,245000,Giao lại
SHIP20260600250,PICK20260600250,SO20260600250,2026-06-07 20:00,2026-06-08 09:26,2026-06-09 16:52,CT-NK,WH-CT-01,FN-3C43A6,Quạt,Asia,Philips,3,390000,1170000,Ahamove,0,Đã giao
SHIP20260600251,PICK20260600251,SO20260600251,2026-06-20 15:02,2026-06-20 19:36,2026-06-21 03:08,HN-CG,WH-HN-01,FN-B2666C,Quạt,Panasonic,Daikin,2,1030000,2060000,Nội bộ,0,Hoàn tất
SHIP20260600252,PICK20260600252,SO20260600252,2026-06-15 18:14,2026-06-15 23:48,2026-06-17 04:12,HN-CG,WH-HN-01,KT-897605,Ấm siêu tốc,Sunhouse,Toshiba,1,462000,462000,Nội bộ,45000,Đã giao
SHIP20260600253,PICK20260600253,SO20260600253,2026-06-15 14:36,2026-06-16 05:05,2026-06-16 18:48,DN-HC,WH-DN-01,MW-D3DB9C,Lò vi sóng,Sharp 20L,Aqua,3,2524000,7572000,GHN,90000,Đã giao
SHIP20260600254,PICK20260600254,SO20260600254,2026-06-04 20:57,2026-06-05 08:00,2026-06-06 03:41,DN-HC,WH-DN-01,RC-23C464,Nồi cơm,Sharp 1.8L,Xiaomi,1,1342000,1342000,GrabExpress,65000,Giao lại
SHIP20260600255,PICK20260600255,SO20260600255,2026-06-05 11:43,2026-06-05 19:31,2026-06-06 22:23,HCM-Q7,WH-HCM-02,RF-7AFE5C,Tủ lạnh,LG 420L,Electrolux,2,11627000,23254000,Xe tải thuê ngoài,200000,Đã giao
SHIP20260600256,PICK20260600256,SO20260600256,2026-06-29 12:26,2026-06-30 02:26,2026-07-01 09:22,HCM-Q7,WH-HCM-02,RF-A4EB7F,Tủ lạnh,Aqua 250L,Asia,2,13987000,27974000,Nội bộ,105000,Đã giao
SHIP20260600257,PICK20260600257,SO20260600257,2026-06-22 16:28,2026-06-23 03:31,2026-06-24 02:51,DN-HC,WH-DN-01,TV-507A1B,TV,"Samsung 55"" 4K",Sharp,1,16064000,16064000,Xe tải thuê ngoài,145000,Giao lại
SHIP20260600258,PICK20260600258,SO20260600258,2026-06-11 20:56,2026-06-11 22:28,2026-06-12 04:07,HCM-Q7,WH-HCM-02,TV-EB02E5,TV,"Sony 65""",Mitsubishi,1,12894000,12894000,GrabExpress,35000,Giao lại
SHIP20260600259,PICK20260600259,SO20260600259,2026-06-08 12:52,2026-06-09 05:32,2026-06-10 15:45,HN-CG,WH-HN-01,VC-DD459E,Máy hút bụi,Dyson V8,Asia,2,6740000,13480000,Nội bộ,180000,Đã giao
SHIP20260600260,PICK20260600260,SO20260600260,2026-06-07 20:52,2026-06-08 02:09,2026-06-08 04:26,CT-NK,WH-CT-01,RC-7604F1,Nồi cơm,Sunhouse 1.2L,Daikin,3,1362000,4086000,GHN,65000,Đã giao
SHIP20260600261,PICK20260600261,SO20260600261,2026-06-15 20:22,2026-06-16 09:25,2026-06-16 13:25,HCM-TB,WH-HCM-03,BL-C9164C,Máy xay,Philips Blender,Senko,2,1144000,2288000,Nội bộ,90000,Hoàn tất
SHIP20260600262,PICK20260600262,SO20260600262,2026-06-22 16:05,2026-06-23 10:19,2026-06-24 06:21,CT-NK,WH-CT-01,WM-D9AB8A,Máy giặt,Samsung 10kg,Mitsubishi,3,4221000,12663000,Nội bộ,300000,Giao lại
SHIP20260600263,PICK20260600263,SO20260600263,2026-06-18 12:25,2026-06-18 13:32,2026-06-19 18:45,HN-CG,WH-HN-01,WM-D9AB8A,Máy giặt,Samsung 10kg,Mitsubishi,2,4247000,8494000,Nội bộ,65000,Hoàn tất
SHIP20260600264,PICK20260600264,SO20260600264,2026-06-15 19:29,2026-06-15 23:42,2026-06-16 12:55,BD-TDM,WH-BD-01,VC-A1C900,Máy hút bụi,Philips FC,Xiaomi,1,2995000,2995000,Ahamove,45000,Đã giao
SHIP20260600265,PICK20260600265,SO20260600265,2026-06-27 12:47,2026-06-27 16:12,2026-06-27 21:38,BD-TDM,WH-BD-01,FN-5D5A92,Quạt,Asia,Casper,2,1100000,2200000,GHN,90000,Đã giao
SHIP20260600266,PICK20260600266,SO20260600266,2026-06-09 13:22,2026-06-10 01:38,2026-06-11 09:41,HCM-Q1,WH-HCM-01,MW-D3DB9C,Lò vi sóng,Sharp 20L,Aqua,3,4287000,12861000,GHN,35000,Đã giao
SHIP20260600267,PICK20260600267,SO20260600267,2026-06-10 14:24,2026-06-11 04:27,2026-06-12 09:15,DN-HC,WH-DN-01,RF-6FD99B,Tủ lạnh,Panasonic 300L,Casper,1,17000000,17000000,GrabExpress,225000,Đã giao
SHIP20260600268,PICK20260600268,SO20260600268,2026-06-10 11:15,2026-06-11 04:22,2026-06-11 20:09,HCM-TB,WH-HCM-03,KT-C76795,Ấm siêu tốc,Philips,Aqua,1,208000,208000,Ahamove,0,Giao lại
SHIP20260600269,PICK20260600269,SO20260600269,2026-06-06 14:21,2026-06-07 03:49,2026-06-08 06:38,HN-CG,WH-HN-01,RC-189134,Nồi cơm,Sunhouse 1.2L,Samsung,1,1490000,1490000,Xe tải thuê ngoài,90000,Đã giao
SHIP20260600270,PICK20260600270,SO20260600270,2026-06-15 15:22,2026-06-15 19:29,2026-06-16 21:25,DN-HC,WH-DN-01,FN-896DEA,Quạt,Asia,Senko,1,464000,464000,Nội bộ,25000,Đã giao
SHIP20260600271,PICK20260600271,SO20260600271,2026-06-22 12:48,2026-06-22 23:40,2026-06-24 00:22,CT-NK,WH-CT-01,KT-081E4B,Ấm siêu tốc,Kangaroo,Xiaomi,1,594000,594000,Xe tải thuê ngoài,35000,Giao lại
SHIP20260600272,PICK20260600272,SO20260600272,2026-06-30 08:50,2026-06-30 22:16,2026-07-01 17:32,HCM-Q1,WH-HCM-01,AC-AF103F,Máy lạnh,Daikin 1HP,Senko,2,14997000,29994000,Nội bộ,80000,Hoàn tất
SHIP20260600273,PICK20260600273,SO20260600273,2026-06-30 12:51,2026-06-30 19:02,2026-07-02 02:11,HN-CG,WH-HN-01,RF-0F4B6D,Tủ lạnh,Panasonic 300L,Aqua,2,9339000,18678000,Ahamove,240000,Đã giao
SHIP20260600274,PICK20260600274,SO20260600274,2026-06-03 08:47,2026-06-04 00:13,2026-06-04 17:20,HN-HBT,WH-HN-02,VC-3898BC,Máy hút bụi,Xiaomi G10,Toshiba,3,3833000,11499000,Xe tải thuê ngoài,145000,Đã giao
SHIP20260600275,PICK20260600275,SO20260600275,2026-06-04 19:59,2026-06-05 06:21,2026-06-06 01:45,HN-HBT,WH-HN-02,TV-65942A,TV,"Sony 65""",Toshiba,1,24989000,24989000,GHN,210000,Đã giao
SHIP20260600276,PICK20260600276,SO20260600276,2026-06-19 18:21,2026-06-19 20:45,2026-06-20 15:44,HCM-Q7,WH-HCM-02,FN-C79946,Quạt,Senko,Daikin,1,1495000,1495000,GHN,25000,Hoàn tất
SHIP20260600277,PICK20260600277,SO20260600277,2026-06-03 08:29,2026-06-03 15:52,2026-06-05 03:31,HN-CG,WH-HN-01,VC-6858E9,Máy hút bụi,Xiaomi G10,Sharp,2,6752000,13504000,GrabExpress,210000,Giao lại
SHIP20260600278,PICK20260600278,SO20260600278,2026-06-22 16:15,2026-06-23 04:18,2026-06-24 15:44,HCM-TB,WH-HCM-03,FN-A2F97E,Quạt,Senko,Xiaomi,1,420000,420000,Ahamove,90000,Đã giao
SHIP20260600279,PICK20260600279,SO20260600279,2026-06-29 17:26,2026-06-29 21:09,2026-06-30 08:05,HCM-Q7,WH-HCM-02,AC-9068F8,Máy lạnh,Panasonic 1.5HP,Cuckoo,1,12248000,12248000,GrabExpress,225000,Đã giao
SHIP20260600280,PICK20260600280,SO20260600280,2026-06-20 13:58,2026-06-21 02:30,2026-06-22 07:17,HCM-Q7,WH-HCM-02,FN-49B147,Quạt,Panasonic,LG,3,283000,849000,Xe tải thuê ngoài,90000,Hoàn tất
SHIP20260600281,PICK20260600281,SO20260600281,2026-06-11 13:54,2026-06-11 23:51,2026-06-13 00:23,HCM-Q7,WH-HCM-02,MW-0108FD,Lò vi sóng,Sharp 20L,Senko,2,3422000,6844000,GrabExpress,35000,Đã giao
SHIP20260600282,PICK20260600282,SO20260600282,2026-06-20 10:16,2026-06-20 23:21,2026-06-22 02:57,HCM-TB,WH-HCM-03,MW-640EAD,Lò vi sóng,Sharp 20L,LG,2,2392000,4784000,Xe tải thuê ngoài,120000,Đã giao
SHIP20260600283,PICK20260600283,SO20260600283,2026-06-10 13:34,2026-06-10 17:14,2026-06-10 19:22,CT-NK,WH-CT-01,BL-8A2ABB,Máy xay,Sunhouse Blender,Aqua,3,1696000,5088000,Ahamove,120000,Đã giao
SHIP20260600284,PICK20260600284,SO20260600284,2026-06-13 19:21,2026-06-13 22:32,2026-06-14 10:51,HN-CG,WH-HN-01,FN-A7C1D9,Quạt,Asia,LG,3,792000,2376000,Nội bộ,120000,Đã giao
SHIP20260600285,PICK20260600285,SO20260600285,2026-06-09 20:53,2026-06-10 13:52,2026-06-11 19:13,HN-HBT,WH-HN-02,BL-54E269,Máy xay,Philips Blender,Xiaomi,1,726000,726000,GHN,65000,Hoàn tất
SHIP20260600286,PICK20260600286,SO20260600286,2026-06-07 15:15,2026-06-08 09:10,2026-06-09 20:58,HCM-Q7,WH-HCM-02,MW-9A4EF9,Lò vi sóng,Panasonic 25L,Sharp,2,2706000,5412000,GHN,90000,Hoàn tất
SHIP20260600287,PICK20260600287,SO20260600287,2026-06-25 08:37,2026-06-25 12:26,2026-06-26 02:09,CT-NK,WH-CT-01,KT-4BFC34,Ấm siêu tốc,Kangaroo,Sunhouse,2,261000,522000,Nội bộ,35000,Đã giao
SHIP20260600288,PICK20260600288,SO20260600288,2026-06-20 12:50,2026-06-20 13:57,2026-06-21 08:00,HCM-Q7,WH-HCM-02,BL-6B4572,Máy xay,Philips Blender,Cuckoo,2,721000,1442000,Xe tải thuê ngoài,90000,Đã giao
SHIP20260600289,PICK20260600289,SO20260600289,2026-06-28 12:34,2026-06-28 19:06,2026-06-30 00:00,HCM-TB,WH-HCM-03,AC-DF5234,Máy lạnh,Daikin 1HP,Asia,3,5516000,16548000,GrabExpress,80000,Đã giao
SHIP20260600290,PICK20260600290,SO20260600290,2026-06-10 13:13,2026-06-10 20:20,2026-06-11 03:53,DN-HC,WH-DN-01,KT-988AF8,Ấm siêu tốc,Kangaroo,Senko,1,378000,378000,GHN,90000,Đã giao
SHIP20260600291,PICK20260600291,SO20260600291,2026-06-08 11:33,2026-06-08 12:55,2026-06-09 09:38,HCM-Q1,WH-HCM-01,BL-14DC96,Máy xay,Sunhouse Blender,Sony,1,860000,860000,GHN,65000,Hoàn tất
SHIP20260600292,PICK20260600292,SO20260600292,2026-06-14 11:07,2026-06-14 21:13,2026-06-16 04:58,HN-CG,WH-HN-01,RF-309876,Tủ lạnh,Aqua 250L,LG,3,13422000,40266000,Ahamove,145000,Đã giao
SHIP20260600293,PICK20260600293,SO20260600293,2026-06-30 18:26,2026-06-30 20:06,2026-07-01 07:51,HN-HBT,WH-HN-02,VC-87EB59,Máy hút bụi,Dyson V8,Sony,3,4184000,12552000,GrabExpress,25000,Đã giao
SHIP20260600294,PICK20260600294,SO20260600294,2026-06-13 20:15,2026-06-14 11:47,2026-06-15 15:49,HN-HBT,WH-HN-02,VC-852D6B,Máy hút bụi,Philips FC,Sunhouse,2,6621000,13242000,Nội bộ,145000,Đã giao
SHIP20260600295,PICK20260600295,SO20260600295,2026-06-14 20:02,2026-06-15 02:14,2026-06-16 04:49,BD-TDM,WH-BD-01,MW-062948,Lò vi sóng,Sharp 20L,Cuckoo,3,4234000,12702000,GrabExpress,0,Đã giao
SHIP20260600296,PICK20260600296,SO20260600296,2026-06-09 09:28,2026-06-09 22:35,2026-06-10 06:17,HCM-Q7,WH-HCM-02,TV-8AC34D,TV,LG OLED 48,Daikin,3,7354000,22062000,Ahamove,210000,Giao lại
SHIP20260600297,PICK20260600297,SO20260600297,2026-06-30 08:08,2026-06-30 13:23,2026-06-30 21:37,HCM-Q1,WH-HCM-01,FN-FD271D,Quạt,Senko,Mitsubishi,3,779000,2337000,GrabExpress,45000,Giao lại
SHIP20260600298,PICK20260600298,SO20260600298,2026-06-01 20:20,2026-06-02 00:20,2026-06-02 05:39,HCM-Q7,WH-HCM-02,KT-25E86C,Ấm siêu tốc,Philips,Sharp,3,169000,507000,GHN,25000,Hoàn tất
SHIP20260600299,PICK20260600299,SO20260600299,2026-06-12 16:50,2026-06-13 10:47,2026-06-13 15:23,HCM-Q7,WH-HCM-02,VC-2544A1,Máy hút bụi,Dyson V8,Cuckoo,2,3098000,6196000,Xe tải thuê ngoài,120000,Giao lại
SHIP20260600300,PICK20260600300,SO20260600300,2026-06-27 13:27,2026-06-27 16:55,2026-06-28 11:29,CT-NK,WH-CT-01,AC-076657,Máy lạnh,Mitsubishi 1.5HP,Xiaomi,3,15346000,46038000,GrabExpress,245000,Đã giao
SHIP20260600301,PICK20260600301,SO20260600301,2026-06-18 10:47,2026-06-19 04:10,2026-06-19 12:00,HCM-TB,WH-HCM-03,FN-63D039,Quạt,Asia,Mitsubishi,2,1429000,2858000,Ahamove,0,Giao lại
SHIP20260600302,PICK20260600302,SO20260600302,2026-06-17 11:47,2026-06-17 18:28,2026-06-18 01:43,BD-TDM,WH-BD-01,RC-A4D4BD,Nồi cơm,Sunhouse 1.2L,Cuckoo,2,1316000,2632000,GHN,65000,Đã giao
SHIP20260600303,PICK20260600303,SO20260600303,2026-06-16 19:44,2026-06-17 00:02,2026-06-17 21:02,HCM-Q7,WH-HCM-02,FN-1B187A,Quạt,Panasonic,Panasonic,3,1206000,3618000,GrabExpress,90000,Hoàn tất
SHIP20260600304,PICK20260600304,SO20260600304,2026-06-05 18:05,2026-06-06 07:21,2026-06-06 15:17,CT-NK,WH-CT-01,MW-83094B,Lò vi sóng,Sharp 20L,Casper,1,3470000,3470000,GHN,25000,Giao lại
SHIP20260600305,PICK20260600305,SO20260600305,2026-06-28 10:20,2026-06-29 00:28,2026-06-30 10:53,HCM-Q7,WH-HCM-02,RC-CCF100,Nồi cơm,Sharp 1.8L,Sunhouse,3,741000,2223000,Nội bộ,35000,Giao lại
SHIP20260600306,PICK20260600306,SO20260600306,2026-06-12 14:15,2026-06-13 09:12,2026-06-13 21:42,HN-CG,WH-HN-01,RC-23C464,Nồi cơm,Sharp 1.8L,Xiaomi,2,620000,1240000,Xe tải thuê ngoài,90000,Hoàn tất
SHIP20260600307,PICK20260600307,SO20260600307,2026-06-21 20:41,2026-06-22 09:39,2026-06-23 05:04,HCM-Q1,WH-HCM-01,FN-47B1B0,Quạt,Senko,Toshiba,3,369000,1107000,GHN,45000,Giao lại
SHIP20260600308,PICK20260600308,SO20260600308,2026-06-08 13:08,2026-06-08 21:38,2026-06-09 07:07,HCM-Q7,WH-HCM-02,MW-D3DB9C,Lò vi sóng,Sharp 20L,Aqua,3,2280000,6840000,GrabExpress,35000,Đã giao
SHIP20260600309,PICK20260600309,SO20260600309,2026-06-24 17:22,2026-06-25 10:55,2026-06-26 13:39,HCM-Q1,WH-HCM-01,TV-0CE747,TV,"Sony 65""",Casper,1,6224000,6224000,GrabExpress,90000,Giao lại
SHIP20260600310,PICK20260600310,SO20260600310,2026-06-23 15:31,2026-06-24 08:00,2026-06-24 22:05,HCM-Q1,WH-HCM-01,FN-C25C4D,Quạt,Senko,Asia,1,780000,780000,Ahamove,0,Giao lại
SHIP20260600311,PICK20260600311,SO20260600311,2026-06-28 15:59,2026-06-29 05:04,2026-06-29 14:55,CT-NK,WH-CT-01,AC-9162CC,Máy lạnh,Mitsubishi 1.5HP,Philips,2,5751000,11502000,GHN,300000,Đã giao
SHIP20260600312,PICK20260600312,SO20260600312,2026-06-26 14:50,2026-06-27 06:11,2026-06-28 11:47,HCM-TB,WH-HCM-03,BL-C9164C,Máy xay,Philips Blender,Senko,3,1264000,3792000,Xe tải thuê ngoài,90000,Đã giao
SHIP20260600313,PICK20260600313,SO20260600313,2026-06-30 16:09,2026-06-30 20:54,2026-07-01 03:29,HCM-TB,WH-HCM-03,FN-896DEA,Quạt,Asia,Senko,2,525000,1050000,GHN,45000,Giao lại
SHIP20260600314,PICK20260600314,SO20260600314,2026-06-04 16:20,2026-06-05 05:20,2026-06-06 09:26,HN-HBT,WH-HN-02,MW-1E7D48,Lò vi sóng,Sharp 20L,Xiaomi,2,839000,1678000,Ahamove,120000,Đã giao
SHIP20260600315,PICK20260600315,SO20260600315,2026-06-02 18:54,2026-06-02 22:31,2026-06-04 08:19,HCM-Q1,WH-HCM-01,MW-F8E59D,Lò vi sóng,Sharp 20L,Sharp,3,2821000,8463000,GHN,0,Đã giao
SHIP20260600316,PICK20260600316,SO20260600316,2026-06-13 11:16,2026-06-13 21:25,2026-06-14 13:46,HCM-Q1,WH-HCM-01,VC-B711CC,Máy hút bụi,Xiaomi G10,Panasonic,2,5381000,10762000,Ahamove,180000,Đã giao
SHIP20260600317,PICK20260600317,SO20260600317,2026-06-23 13:36,2026-06-24 05:01,2026-06-24 09:21,HCM-TB,WH-HCM-03,AC-9EB347,Máy lạnh,Panasonic 1.5HP,Xiaomi,3,14730000,44190000,GrabExpress,210000,Đã giao
SHIP20260600318,PICK20260600318,SO20260600318,2026-06-18 12:59,2026-06-18 14:24,2026-06-19 08:48,HCM-Q1,WH-HCM-01,RC-6D8DC1,Nồi cơm,Panasonic 1.8L,Xiaomi,2,357000,714000,Ahamove,45000,Hoàn tất
SHIP20260600319,PICK20260600319,SO20260600319,2026-06-28 08:03,2026-06-28 12:22,2026-06-28 16:10,HCM-TB,WH-HCM-03,FN-A2F97E,Quạt,Senko,Xiaomi,1,402000,402000,GrabExpress,25000,Giao lại
SHIP20260600320,PICK20260600320,SO20260600320,2026-06-06 17:37,2026-06-07 05:06,2026-06-07 07:14,HN-HBT,WH-HN-02,VC-98037D,Máy hút bụi,Dyson V8,Sunhouse,2,4134000,8268000,Ahamove,65000,Đã giao
SHIP20260600321,PICK20260600321,SO20260600321,2026-06-14 15:16,2026-06-14 19:26,2026-06-15 00:56,HCM-TB,WH-HCM-03,VC-B567E6,Máy hút bụi,Philips FC,Cuckoo,1,2079000,2079000,Xe tải thuê ngoài,45000,Đã giao
SHIP20260600322,PICK20260600322,SO20260600322,2026-06-30 19:52,2026-07-01 00:06,2026-07-02 04:33,BD-TDM,WH-BD-01,WM-F9045A,Máy giặt,LG 9kg,Casper,2,9965000,19930000,Xe tải thuê ngoài,115000,Đã giao
SHIP20260600323,PICK20260600323,SO20260600323,2026-06-28 10:28,2026-06-29 00:26,2026-06-29 17:32,HN-HBT,WH-HN-02,BL-14DC96,Máy xay,Sunhouse Blender,Sony,1,1269000,1269000,Nội bộ,0,Đã giao
SHIP20260600324,PICK20260600324,SO20260600324,2026-06-29 10:47,2026-06-29 15:29,2026-07-01 02:48,HN-CG,WH-HN-01,MW-E7A58E,Lò vi sóng,Panasonic 25L,Philips,3,3423000,10269000,GrabExpress,300000,Đã giao
SHIP20260600325,PICK20260600325,SO20260600325,2026-06-12 14:21,2026-06-12 17:16,2026-06-13 08:05,BD-TDM,WH-BD-01,RF-4D4BA4,Tủ lạnh,Aqua 250L,Philips,1,4914000,4914000,Ahamove,45000,Đã giao
SHIP20260600326,PICK20260600326,SO20260600326,2026-06-05 15:16,2026-06-05 21:32,2026-06-07 07:01,HN-HBT,WH-HN-02,MW-806B87,Lò vi sóng,Electrolux 23L,Daikin,1,4052000,4052000,Nội bộ,25000,Giao lại
SHIP20260600327,PICK20260600327,SO20260600327,2026-06-14 09:52,2026-06-14 13:29,2026-06-15 23:46,HCM-Q7,WH-HCM-02,FN-166747,Quạt,Senko,LG,1,226000,226000,Nội bộ,120000,Đã giao
SHIP20260600328,PICK20260600328,SO20260600328,2026-06-17 20:09,2026-06-18 01:54,2026-06-19 07:36,HCM-Q7,WH-HCM-02,RF-8F66CC,Tủ lạnh,Aqua 250L,Xiaomi,2,15250000,30500000,Ahamove,155000,Hoàn tất
SHIP20260600329,PICK20260600329,SO20260600329,2026-06-29 10:10,2026-06-29 22:26,2026-07-01 05:45,DN-HC,WH-DN-01,BL-271795,Máy xay,Panasonic Blender,Sony,2,1755000,3510000,Nội bộ,90000,Hoàn tất
SHIP20260600330,PICK20260600330,SO20260600330,2026-06-27 16:54,2026-06-28 07:39,2026-06-28 23:04,DN-HC,WH-DN-01,RF-FA61AD,Tủ lạnh,Panasonic 300L,Samsung,1,8556000,8556000,GHN,35000,Đã giao
SHIP20260600331,PICK20260600331,SO20260600331,2026-06-14 13:50,2026-06-15 04:15,2026-06-15 14:40,HCM-Q1,WH-HCM-01,WM-725BDB,Máy giặt,Samsung 10kg,Toshiba,3,12084000,36252000,GrabExpress,240000,Hoàn tất
SHIP20260600332,PICK20260600332,SO20260600332,2026-06-01 12:20,2026-06-01 16:24,2026-06-02 13:30,HCM-Q7,WH-HCM-02,WM-41CB2E,Máy giặt,Panasonic 8.5kg,Toshiba,3,6292000,18876000,Nội bộ,210000,Đã giao
SHIP20260600333,PICK20260600333,SO20260600333,2026-06-19 13:09,2026-06-19 22:31,2026-06-20 03:57,HCM-Q7,WH-HCM-02,BL-C200AD,Máy xay,Sunhouse Blender,Daikin,3,544000,1632000,Ahamove,90000,Đã giao
SHIP20260600334,PICK20260600334,SO20260600334,2026-06-24 12:03,2026-06-24 23:30,2026-06-25 04:08,HCM-Q1,WH-HCM-01,WM-AF1676,Máy giặt,Toshiba 9kg,Sunhouse,2,9075000,18150000,Xe tải thuê ngoài,145000,Giao lại
SHIP20260600335,PICK20260600335,SO20260600335,2026-06-08 15:20,2026-06-09 04:15,2026-06-10 05:36,BD-TDM,WH-BD-01,BL-2DE930,Máy xay,Sunhouse Blender,Toshiba,2,1138000,2276000,GHN,45000,Hoàn tất
SHIP20260600336,PICK20260600336,SO20260600336,2026-06-21 20:58,2026-06-21 23:38,2026-06-23 08:09,DN-HC,WH-DN-01,BL-2DE930,Máy xay,Sunhouse Blender,Toshiba,1,1518000,1518000,Ahamove,90000,Đã giao
SHIP20260600337,PICK20260600337,SO20260600337,2026-06-18 14:16,2026-06-18 15:43,2026-06-19 07:11,HCM-TB,WH-HCM-03,FN-1B187A,Quạt,Panasonic,Panasonic,1,826000,826000,Nội bộ,25000,Hoàn tất
SHIP20260600338,PICK20260600338,SO20260600338,2026-06-07 19:08,2026-06-08 05:19,2026-06-08 18:19,HN-HBT,WH-HN-02,KT-2ABC39,Ấm siêu tốc,Kangaroo,Mitsubishi,1,810000,810000,Ahamove,35000,Đã giao
SHIP20260600339,PICK20260600339,SO20260600339,2026-06-05 08:01,2026-06-05 20:45,2026-06-07 03:14,HN-HBT,WH-HN-02,BL-C9164C,Máy xay,Philips Blender,Senko,2,1673000,3346000,GrabExpress,35000,Giao lại
SHIP20260600340,PICK20260600340,SO20260600340,2026-06-08 15:55,2026-06-09 04:05,2026-06-10 10:48,BD-TDM,WH-BD-01,KT-4BFC34,Ấm siêu tốc,Kangaroo,Sunhouse,1,186000,186000,GrabExpress,90000,Giao lại
SHIP20260600341,PICK20260600341,SO20260600341,2026-06-03 19:26,2026-06-04 02:35,2026-06-05 05:00,DN-HC,WH-DN-01,RF-40AAB7,Tủ lạnh,Samsung Inverter 350L,Electrolux,2,12648000,25296000,Ahamove,215000,Giao lại
SHIP20260600342,PICK20260600342,SO20260600342,2026-06-11 13:12,2026-06-12 07:04,2026-06-13 06:39,HCM-Q7,WH-HCM-02,BL-A4BCD6,Máy xay,Philips Blender,Sunhouse,2,1748000,3496000,Nội bộ,120000,Đã giao
SHIP20260600343,PICK20260600343,SO20260600343,2026-06-22 17:04,2026-06-23 05:49,2026-06-24 01:46,HN-HBT,WH-HN-02,WM-6ADDCB,Máy giặt,LG 9kg,Electrolux,1,12241000,12241000,Nội bộ,120000,Giao lại
SHIP20260600344,PICK20260600344,SO20260600344,2026-06-18 09:19,2026-06-18 15:40,2026-06-19 11:43,HCM-Q1,WH-HCM-01,WM-911CBD,Máy giặt,LG 9kg,Cuckoo,1,3971000,3971000,GHN,120000,Hoàn tất
SHIP20260600345,PICK20260600345,SO20260600345,2026-06-04 14:25,2026-06-05 09:07,2026-06-05 21:49,HN-HBT,WH-HN-02,FN-4806DD,Quạt,Panasonic,Mitsubishi,3,464000,1392000,Xe tải thuê ngoài,45000,Đã giao
SHIP20260600346,PICK20260600346,SO20260600346,2026-06-30 13:50,2026-07-01 07:59,2026-07-01 10:15,HN-HBT,WH-HN-02,FN-230559,Quạt,Asia,Sharp,3,354000,1062000,Xe tải thuê ngoài,65000,Hoàn tất
SHIP20260600347,PICK20260600347,SO20260600347,2026-06-10 17:50,2026-06-11 06:32,2026-06-12 03:32,CT-NK,WH-CT-01,TV-92EE57,TV,LG OLED 48,LG,1,12008000,12008000,Nội bộ,45000,Đã giao
SHIP20260600348,PICK20260600348,SO20260600348,2026-06-04 12:28,2026-06-04 23:02,2026-06-05 20:51,HCM-TB,WH-HCM-03,BL-E21F60,Máy xay,Philips Blender,Electrolux,1,1756000,1756000,Xe tải thuê ngoài,35000,Đã giao
SHIP20260600349,PICK20260600349,SO20260600349,2026-06-25 08:17,2026-06-25 18:04,2026-06-26 07:00,HCM-Q1,WH-HCM-01,MW-42D56C,Lò vi sóng,Electrolux 23L,Sony,2,2172000,4344000,GHN,0,Đã giao
SHIP20260600350,PICK20260600350,SO20260600350,2026-06-21 10:11,2026-06-21 14:18,2026-06-23 01:39,HN-HBT,WH-HN-02,WM-D9AB8A,Máy giặt,Samsung 10kg,Mitsubishi,2,11409000,22818000,Nội bộ,205000,Đã giao
SHIP20260600351,PICK20260600351,SO20260600351,2026-06-04 20:13,2026-06-05 11:57,2026-06-06 06:49,HN-CG,WH-HN-01,WM-97FE8B,Máy giặt,Toshiba 9kg,Toshiba,1,3634000,3634000,GrabExpress,90000,Hoàn tất
SHIP20260600352,PICK20260600352,SO20260600352,2026-06-25 20:32,2026-06-26 00:12,2026-06-27 04:38,HCM-Q1,WH-HCM-01,TV-F84775,TV,"Sony 65""",Xiaomi,3,27483000,82449000,Xe tải thuê ngoài,185000,Giao lại
SHIP20260600353,PICK20260600353,SO20260600353,2026-06-24 13:02,2026-06-25 01:53,2026-06-25 05:23,CT-NK,WH-CT-01,RF-A0C9D4,Tủ lạnh,LG 420L,Panasonic,1,10771000,10771000,GHN,35000,Giao lại
SHIP20260600354,PICK20260600354,SO20260600354,2026-06-17 17:06,2026-06-17 22:20,2026-06-18 20:01,HN-HBT,WH-HN-02,MW-C368CC,Lò vi sóng,Sharp 20L,Sunhouse,1,3599000,3599000,GHN,35000,Hoàn tất
SHIP20260600355,PICK20260600355,SO20260600355,2026-06-13 16:28,2026-06-13 21:00,2026-06-14 05:09,CT-NK,WH-CT-01,KT-60A177,Ấm siêu tốc,Kangaroo,Cuckoo,3,665000,1995000,Ahamove,0,Đã giao
SHIP20260600356,PICK20260600356,SO20260600356,2026-06-29 13:37,2026-06-30 00:55,2026-06-30 14:48,BD-TDM,WH-BD-01,FN-166747,Quạt,Senko,LG,2,1486000,2972000,GrabExpress,45000,Đã giao
SHIP20260600357,PICK20260600357,SO20260600357,2026-06-09 17:41,2026-06-10 04:42,2026-06-11 02:36,DN-HC,WH-DN-01,FN-AB0CC6,Quạt,Asia,Xiaomi,3,830000,2490000,GrabExpress,35000,Đã giao
SHIP20260600358,PICK20260600358,SO20260600358,2026-06-05 18:48,2026-06-05 23:47,2026-06-06 18:42,HCM-Q1,WH-HCM-01,RF-99918D,Tủ lạnh,LG 420L,Casper,2,11531000,23062000,GHN,145000,Đã giao
SHIP20260600359,PICK20260600359,SO20260600359,2026-06-23 12:04,2026-06-23 21:51,2026-06-24 23:01,HN-HBT,WH-HN-02,BL-27A8DA,Máy xay,Philips Blender,Sharp,3,943000,2829000,Ahamove,0,Đã giao
SHIP20260600360,PICK20260600360,SO20260600360,2026-06-11 17:28,2026-06-12 10:39,2026-06-13 04:29,HN-CG,WH-HN-01,RC-3298C0,Nồi cơm,Sunhouse 1.2L,Asia,3,1053000,3159000,GHN,35000,Hoàn tất
SHIP20260600361,PICK20260600361,SO20260600361,2026-06-19 16:08,2026-06-19 18:31,2026-06-19 22:31,DN-HC,WH-DN-01,MW-278BC7,Lò vi sóng,Electrolux 23L,Mitsubishi,3,4623000,13869000,GrabExpress,240000,Hoàn tất
SHIP20260600362,PICK20260600362,SO20260600362,2026-06-15 10:44,2026-06-15 22:25,2026-06-16 10:05,BD-TDM,WH-BD-01,FN-2D5413,Quạt,Senko,Aqua,2,1084000,2168000,Ahamove,25000,Đã giao
SHIP20260600363,PICK20260600363,SO20260600363,2026-06-12 12:33,2026-06-12 14:12,2026-06-13 13:21,HCM-Q1,WH-HCM-01,WM-EAF44E,Máy giặt,Panasonic 8.5kg,Panasonic,1,9621000,9621000,GrabExpress,65000,Đã giao
SHIP20260600364,PICK20260600364,SO20260600364,2026-06-05 17:15,2026-06-06 07:32,2026-06-07 13:45,HN-CG,WH-HN-01,RF-0980E0,Tủ lạnh,Samsung Inverter 350L,Mitsubishi,3,9398000,28194000,GrabExpress,240000,Đã giao
SHIP20260600365,PICK20260600365,SO20260600365,2026-06-09 20:14,2026-06-10 11:13,2026-06-10 17:30,HN-HBT,WH-HN-02,TV-507A1B,TV,"Samsung 55"" 4K",Sharp,2,25805000,51610000,Xe tải thuê ngoài,105000,Hoàn tất
SHIP20260600366,PICK20260600366,SO20260600366,2026-06-17 09:11,2026-06-18 01:37,2026-06-18 18:01,HCM-Q7,WH-HCM-02,MW-640EAD,Lò vi sóng,Sharp 20L,LG,2,1498000,2996000,GrabExpress,0,Đã giao
SHIP20260600367,PICK20260600367,SO20260600367,2026-06-18 14:33,2026-06-19 01:38,2026-06-20 13:18,HCM-TB,WH-HCM-03,FN-C43CC3,Quạt,Senko,Electrolux,1,1743000,1743000,GHN,65000,Hoàn tất
SHIP20260600368,PICK20260600368,SO20260600368,2026-06-02 20:45,2026-06-03 13:01,2026-06-04 02:15,DN-HC,WH-DN-01,WM-CD87CF,Máy giặt,Toshiba 9kg,Aqua,1,5566000,5566000,GHN,25000,Hoàn tất
SHIP20260600369,PICK20260600369,SO20260600369,2026-06-18 12:22,2026-06-18 20:19,2026-06-19 10:14,BD-TDM,WH-BD-01,RF-0980E0,Tủ lạnh,Samsung Inverter 350L,Mitsubishi,3,13915000,41745000,Nội bộ,125000,Đã giao
SHIP20260600370,PICK20260600370,SO20260600370,2026-06-25 13:52,2026-06-26 07:03,2026-06-27 08:20,HCM-Q7,WH-HCM-02,MW-21A949,Lò vi sóng,Panasonic 25L,Cuckoo,2,1826000,3652000,GHN,90000,Hoàn tất
SHIP20260600371,PICK20260600371,SO20260600371,2026-06-16 18:38,2026-06-17 03:26,2026-06-17 19:54,HCM-Q1,WH-HCM-01,RC-73BA31,Nồi cơm,Cuckoo 1.8L,Toshiba,2,1465000,2930000,GHN,35000,Giao lại
SHIP20260600372,PICK20260600372,SO20260600372,2026-06-20 12:42,2026-06-20 22:15,2026-06-21 05:37,HCM-Q7,WH-HCM-02,RF-0C269E,Tủ lạnh,Panasonic 300L,Philips,2,7676000,15352000,Nội bộ,225000,Hoàn tất
SHIP20260600373,PICK20260600373,SO20260600373,2026-06-25 16:38,2026-06-26 07:17,2026-06-27 18:02,CT-NK,WH-CT-01,WM-15F54A,Máy giặt,LG 9kg,Sharp,2,8026000,16052000,GHN,215000,Đã giao
SHIP20260600374,PICK20260600374,SO20260600374,2026-06-01 09:07,2026-06-02 04:00,2026-06-02 20:40,HN-CG,WH-HN-01,AC-0202C4,Máy lạnh,Mitsubishi 1.5HP,Senko,2,12063000,24126000,GrabExpress,165000,Hoàn tất
SHIP20260600375,PICK20260600375,SO20260600375,2026-06-07 17:49,2026-06-08 05:50,2026-06-09 01:16,CT-NK,WH-CT-01,AC-CBBDDE,Máy lạnh,Panasonic 1.5HP,Sharp,2,7060000,14120000,GrabExpress,270000,Đã giao
SHIP20260600376,PICK20260600376,SO20260600376,2026-06-24 08:02,2026-06-24 18:46,2026-06-25 14:00,DN-HC,WH-DN-01,WM-CFD2AA,Máy giặt,Toshiba 9kg,Philips,2,5429000,10858000,Ahamove,65000,Đã giao
SHIP20260600377,PICK20260600377,SO20260600377,2026-06-15 13:46,2026-06-16 06:08,2026-06-17 06:25,DN-HC,WH-DN-01,RC-73BA31,Nồi cơm,Cuckoo 1.8L,Toshiba,1,1037000,1037000,Xe tải thuê ngoài,45000,Giao lại
SHIP20260600378,PICK20260600378,SO20260600378,2026-06-07 19:12,2026-06-08 03:59,2026-06-09 04:47,HCM-TB,WH-HCM-03,BL-A928A4,Máy xay,Philips Blender,LG,2,1001000,2002000,Xe tải thuê ngoài,45000,Đã giao
SHIP20260600379,PICK20260600379,SO20260600379,2026-06-10 12:09,2026-06-10 19:35,2026-06-11 14:57,DN-HC,WH-DN-01,RF-4D4BA4,Tủ lạnh,Aqua 250L,Philips,1,15657000,15657000,Ahamove,165000,Đã giao
SHIP20260600380,PICK20260600380,SO20260600380,2026-06-01 11:24,2026-06-01 23:04,2026-06-03 11:34,CT-NK,WH-CT-01,WM-5CD83A,Máy giặt,LG 9kg,Samsung,1,7613000,7613000,GrabExpress,90000,Đã giao
SHIP20260600381,PICK20260600381,SO20260600381,2026-06-11 15:28,2026-06-11 17:21,2026-06-12 06:18,HCM-TB,WH-HCM-03,FN-7632BC,Quạt,Asia,Panasonic,2,1082000,2164000,Xe tải thuê ngoài,65000,Đã giao
SHIP20260600382,PICK20260600382,SO20260600382,2026-06-08 18:54,2026-06-09 03:55,2026-06-10 01:58,HCM-TB,WH-HCM-03,TV-299EB8,TV,LG OLED 48,Electrolux,2,29171000,58342000,Xe tải thuê ngoài,80000,Hoàn tất
SHIP20260600383,PICK20260600383,SO20260600383,2026-06-03 16:07,2026-06-04 08:01,2026-06-05 19:50,HN-CG,WH-HN-01,BL-8778AF,Máy xay,Philips Blender,Mitsubishi,2,732000,1464000,Nội bộ,35000,Đã giao
SHIP20260600384,PICK20260600384,SO20260600384,2026-06-23 09:09,2026-06-23 19:00,2026-06-24 16:07,HCM-TB,WH-HCM-03,FN-EEAA84,Quạt,Asia,Toshiba,3,832000,2496000,Nội bộ,65000,Đã giao
SHIP20260600385,PICK20260600385,SO20260600385,2026-06-13 08:26,2026-06-13 19:26,2026-06-14 22:05,HCM-Q7,WH-HCM-02,RC-C7DE50,Nồi cơm,Cuckoo 1.8L,Cuckoo,1,2064000,2064000,Xe tải thuê ngoài,120000,Giao lại
SHIP20260600386,PICK20260600386,SO20260600386,2026-06-01 16:59,2026-06-02 00:32,2026-06-02 19:41,HCM-Q1,WH-HCM-01,BL-2DE930,Máy xay,Sunhouse Blender,Toshiba,1,1436000,1436000,GHN,120000,Đã giao
SHIP20260600387,PICK20260600387,SO20260600387,2026-06-17 18:08,2026-06-17 23:37,2026-06-18 07:59,HN-HBT,WH-HN-02,RC-BA76D0,Nồi cơm,Panasonic 1.8L,Daikin,2,2322000,4644000,Nội bộ,25000,Đã giao
SHIP20260600388,PICK20260600388,SO20260600388,2026-06-04 09:38,2026-06-04 14:06,2026-06-05 13:40,HN-CG,WH-HN-01,KT-8BE75F,Ấm siêu tốc,Kangaroo,Samsung,3,419000,1257000,Ahamove,25000,Đã giao
SHIP20260600389,PICK20260600389,SO20260600389,2026-06-22 10:25,2026-06-22 18:41,2026-06-23 08:51,HCM-Q1,WH-HCM-01,WM-3E2B9E,Máy giặt,Toshiba 9kg,Cuckoo,1,4181000,4181000,Nội bộ,35000,Giao lại
SHIP20260600390,PICK20260600390,SO20260600390,2026-06-09 10:30,2026-06-09 12:08,2026-06-10 06:44,HN-CG,WH-HN-01,MW-33B2FE,Lò vi sóng,Electrolux 23L,Samsung,2,3316000,6632000,Nội bộ,35000,Đã giao
SHIP20260600391,PICK20260600391,SO20260600391,2026-06-14 12:38,2026-06-14 16:54,2026-06-15 05:06,HCM-Q7,WH-HCM-02,KT-2036D6,Ấm siêu tốc,Kangaroo,Panasonic,2,193000,386000,Nội bộ,35000,Giao lại
SHIP20260600392,PICK20260600392,SO20260600392,2026-06-14 08:42,2026-06-14 17:14,2026-06-15 20:19,DN-HC,WH-DN-01,VC-852D6B,Máy hút bụi,Philips FC,Sunhouse,1,8756000,8756000,GrabExpress,35000,Đã giao
SHIP20260600393,PICK20260600393,SO20260600393,2026-06-10 09:56,2026-06-11 01:07,2026-06-11 17:46,BD-TDM,WH-BD-01,RC-F33150,Nồi cơm,Panasonic 1.8L,Casper,2,1170000,2340000,Nội bộ,65000,Đã giao
SHIP20260600394,PICK20260600394,SO20260600394,2026-06-19 13:44,2026-06-19 23:06,2026-06-20 12:53,HCM-TB,WH-HCM-03,FN-C25C4D,Quạt,Senko,Asia,2,352000,704000,GHN,65000,Đã giao
SHIP20260600395,PICK20260600395,SO20260600395,2026-06-01 20:32,2026-06-02 13:05,2026-06-03 09:04,BD-TDM,WH-BD-01,MW-B116A2,Lò vi sóng,Panasonic 25L,Senko,3,1241000,3723000,GrabExpress,35000,Hoàn tất
SHIP20260600396,PICK20260600396,SO20260600396,2026-06-14 17:02,2026-06-15 02:55,2026-06-15 14:58,HCM-Q1,WH-HCM-01,AC-6D8176,Máy lạnh,Casper 1HP,Xiaomi,2,12403000,24806000,GrabExpress,120000,Đã giao
SHIP20260600397,PICK20260600397,SO20260600397,2026-06-27 18:59,2026-06-28 11:27,2026-06-28 23:06,DN-HC,WH-DN-01,TV-ADCC29,TV,"TCL 50""",Sony,3,13069000,39207000,Nội bộ,115000,Hoàn tất
SHIP20260600398,PICK20260600398,SO20260600398,2026-06-04 19:16,2026-06-05 10:52,2026-06-06 08:24,HN-HBT,WH-HN-02,VC-09CEE7,Máy hút bụi,Dyson V8,Philips,2,3026000,6052000,Nội bộ,35000,Đã giao
SHIP20260600399,PICK20260600399,SO20260600399,2026-06-02 10:19,2026-06-03 03:47,2026-06-03 16:27,HCM-Q7,WH-HCM-02,BL-9D0A0A,Máy xay,Sunhouse Blender,Cuckoo,2,1528000,3056000,Xe tải thuê ngoài,120000,Giao lại
SHIP20260600400,PICK20260600400,SO20260600400,2026-06-17 20:26,2026-06-18 06:22,2026-06-18 09:22,HCM-Q7,WH-HCM-02,VC-D86280,Máy hút bụi,Philips FC,Mitsubishi,2,2550000,5100000,Xe tải thuê ngoài,45000,Hoàn tất
SHIP20260600401,PICK20260600401,SO20260600401,2026-06-21 14:23,2026-06-22 00:46,2026-06-23 07:17,HCM-TB,WH-HCM-03,WM-694A64,Máy giặt,Toshiba 9kg,Mitsubishi,1,8036000,8036000,Ahamove,45000,Đã giao
SHIP20260600402,PICK20260600402,SO20260600402,2026-06-10 08:17,2026-06-10 15:36,2026-06-11 09:29,HCM-Q7,WH-HCM-02,RC-6CF84A,Nồi cơm,Cuckoo 1.8L,Daikin,1,798000,798000,Xe tải thuê ngoài,35000,Hoàn tất
SHIP20260600403,PICK20260600403,SO20260600403,2026-06-04 16:18,2026-06-05 09:57,2026-06-06 01:41,DN-HC,WH-DN-01,TV-65B17D,TV,"Sony 65""",Samsung,2,8726000,17452000,GHN,270000,Giao lại
SHIP20260600404,PICK20260600404,SO20260600404,2026-06-22 18:41,2026-06-23 13:05,2026-06-24 17:42,HN-HBT,WH-HN-02,TV-5243F8,TV,"Samsung 55"" 4K",LG,1,6563000,6563000,GHN,65000,Đã giao
SHIP20260600405,PICK20260600405,SO20260600405,2026-06-15 18:00,2026-06-16 08:26,2026-06-16 19:34,HN-CG,WH-HN-01,RF-082E8A,Tủ lạnh,Panasonic 300L,Senko,2,15871000,31742000,Xe tải thuê ngoài,215000,Giao lại
SHIP20260600406,PICK20260600406,SO20260600406,2026-06-13 10:40,2026-06-13 15:27,2026-06-14 07:30,DN-HC,WH-DN-01,TV-DE1879,TV,"Samsung 55"" 4K",Asia,3,12216000,36648000,Ahamove,270000,Đã giao
SHIP20260600407,PICK20260600407,SO20260600407,2026-06-14 20:57,2026-06-15 10:25,2026-06-15 16:57,HCM-Q1,WH-HCM-01,VC-FA3352,Máy hút bụi,Dyson V8,Aqua,1,4231000,4231000,GrabExpress,65000,Đã giao
SHIP20260600408,PICK20260600408,SO20260600408,2026-06-25 08:12,2026-06-25 15:07,2026-06-26 00:16,DN-HC,WH-DN-01,RC-C8DD6A,Nồi cơm,Panasonic 1.8L,LG,3,2135000,6405000,Ahamove,45000,Đã giao
SHIP20260600409,PICK20260600409,SO20260600409,2026-06-16 20:54,2026-06-17 04:45,2026-06-18 15:47,HCM-TB,WH-HCM-03,TV-3A9F5F,TV,LG OLED 48,Casper,1,16585000,16585000,Nội bộ,145000,Hoàn tất
SHIP20260600410,PICK20260600410,SO20260600410,2026-06-17 17:05,2026-06-18 09:47,2026-06-18 16:32,DN-HC,WH-DN-01,KT-C76795,Ấm siêu tốc,Philips,Aqua,2,488000,976000,Xe tải thuê ngoài,90000,Đã giao
SHIP20260600411,PICK20260600411,SO20260600411,2026-06-26 20:00,2026-06-27 09:14,2026-06-27 16:10,BD-TDM,WH-BD-01,TV-65942A,TV,"Sony 65""",Toshiba,3,17811000,53433000,Nội bộ,145000,Hoàn tất
SHIP20260600412,PICK20260600412,SO20260600412,2026-06-09 14:10,2026-06-10 00:50,2026-06-11 06:22,HCM-TB,WH-HCM-03,RF-F6944C,Tủ lạnh,LG 420L,Sunhouse,1,15336000,15336000,Ahamove,225000,Giao lại
SHIP20260600413,PICK20260600413,SO20260600413,2026-06-17 15:04,2026-06-18 05:21,2026-06-19 16:29,HCM-Q1,WH-HCM-01,BL-95987D,Máy xay,Philips Blender,Asia,2,1587000,3174000,Xe tải thuê ngoài,25000,Hoàn tất
SHIP20260600414,PICK20260600414,SO20260600414,2026-06-15 14:45,2026-06-16 09:32,2026-06-17 06:43,BD-TDM,WH-BD-01,RC-D3B39E,Nồi cơm,Sharp 1.8L,Sony,2,1252000,2504000,Ahamove,45000,Đã giao
SHIP20260600415,PICK20260600415,SO20260600415,2026-06-20 17:38,2026-06-20 20:34,2026-06-21 23:31,DN-HC,WH-DN-01,FN-A270E1,Quạt,Asia,Sony,1,1475000,1475000,Ahamove,35000,Đã giao
SHIP20260600416,PICK20260600416,SO20260600416,2026-06-23 16:38,2026-06-24 01:40,2026-06-25 04:51,DN-HC,WH-DN-01,TV-ADCC29,TV,"TCL 50""",Sony,1,12616000,12616000,Nội bộ,45000,Hoàn tất
SHIP20260600417,PICK20260600417,SO20260600417,2026-06-16 18:47,2026-06-17 11:49,2026-06-17 19:56,HCM-TB,WH-HCM-03,RF-709E60,Tủ lạnh,LG 420L,LG,1,18750000,18750000,GrabExpress,80000,Đã giao
SHIP20260600418,PICK20260600418,SO20260600418,2026-06-28 09:28,2026-06-28 22:00,2026-06-30 02:52,HN-CG,WH-HN-01,RF-99918D,Tủ lạnh,LG 420L,Casper,3,12498000,37494000,Ahamove,300000,Hoàn tất
SHIP20260600419,PICK20260600419,SO20260600419,2026-06-21 11:03,2026-06-21 20:07,2026-06-23 08:41,HCM-Q7,WH-HCM-02,BL-F7CCD6,Máy xay,Sunhouse Blender,Asia,3,1420000,4260000,GHN,65000,Đã giao
SHIP20260600420,PICK20260600420,SO20260600420,2026-06-19 08:30,2026-06-20 01:04,2026-06-20 19:49,HN-CG,WH-HN-01,FN-AB0CC6,Quạt,Asia,Xiaomi,1,797000,797000,Xe tải thuê ngoài,90000,Hoàn tất
SHIP20260600421,PICK20260600421,SO20260600421,2026-06-08 16:42,2026-06-09 10:03,2026-06-10 18:31,HCM-Q1,WH-HCM-01,BL-2DE930,Máy xay,Sunhouse Blender,Toshiba,1,1402000,1402000,Xe tải thuê ngoài,0,Đã giao
SHIP20260600422,PICK20260600422,SO20260600422,2026-06-27 12:21,2026-06-27 23:01,2026-06-28 10:40,HN-HBT,WH-HN-02,RF-7A08B1,Tủ lạnh,Samsung Inverter 350L,Xiaomi,3,4383000,13149000,GrabExpress,90000,Đã giao
SHIP20260600423,PICK20260600423,SO20260600423,2026-06-20 17:44,2026-06-21 09:11,2026-06-22 15:51,HCM-Q1,WH-HCM-01,BL-08E06D,Máy xay,Philips Blender,Casper,2,386000,772000,Xe tải thuê ngoài,120000,Giao lại
SHIP20260600424,PICK20260600424,SO20260600424,2026-06-08 20:08,2026-06-09 12:08,2026-06-10 12:08,BD-TDM,WH-BD-01,VC-852D6B,Máy hút bụi,Philips FC,Sunhouse,1,2712000,2712000,GrabExpress,0,Giao lại
SHIP20260600425,PICK20260600425,SO20260600425,2026-06-24 09:54,2026-06-24 17:15,2026-06-25 20:27,HN-CG,WH-HN-01,RF-309876,Tủ lạnh,Aqua 250L,LG,2,15526000,31052000,GrabExpress,80000,Đã giao
SHIP20260600426,PICK20260600426,SO20260600426,2026-06-11 10:56,2026-06-11 14:36,2026-06-12 05:54,BD-TDM,WH-BD-01,VC-3898BC,Máy hút bụi,Xiaomi G10,Toshiba,3,2313000,6939000,Ahamove,120000,Đã giao
SHIP20260600427,PICK20260600427,SO20260600427,2026-06-30 13:04,2026-06-30 14:37,2026-07-01 15:34,HN-CG,WH-HN-01,WM-4F93AF,Máy giặt,LG 9kg,Sunhouse,3,5518000,16554000,Ahamove,200000,Hoàn tất
SHIP20260600428,PICK20260600428,SO20260600428,2026-06-10 12:37,2026-06-11 03:16,2026-06-11 14:11,DN-HC,WH-DN-01,FN-7632BC,Quạt,Asia,Panasonic,3,1400000,4200000,Xe tải thuê ngoài,90000,Giao lại
SHIP20260600429,PICK20260600429,SO20260600429,2026-06-21 08:31,2026-06-21 10:40,2026-06-22 21:24,DN-HC,WH-DN-01,WM-EAF44E,Máy giặt,Panasonic 8.5kg,Panasonic,2,9669000,19338000,Nội bộ,205000,Đã giao
SHIP20260600430,PICK20260600430,SO20260600430,2026-06-25 16:45,2026-06-26 07:39,2026-06-26 10:16,HCM-Q7,WH-HCM-02,BL-01E9C7,Máy xay,Panasonic Blender,Samsung,2,1001000,2002000,GHN,0,Đã giao
SHIP20260600431,PICK20260600431,SO20260600431,2026-06-24 17:17,2026-06-25 00:42,2026-06-26 11:14,HCM-Q1,WH-HCM-01,AC-BBBEF9,Máy lạnh,Casper 1HP,Sharp,1,6092000,6092000,Ahamove,0,Hoàn tất
SHIP20260600432,PICK20260600432,SO20260600432,2026-06-08 19:03,2026-06-08 20:59,2026-06-09 23:59,HN-CG,WH-HN-01,RF-4A3E4F,Tủ lạnh,Aqua 250L,Daikin,2,4388000,8776000,GrabExpress,45000,Giao lại
SHIP20260600433,PICK20260600433,SO20260600433,2026-06-24 09:46,2026-06-24 16:48,2026-06-25 20:42,HCM-Q1,WH-HCM-01,AC-3E9D78,Máy lạnh,Mitsubishi 1.5HP,Electrolux,2,6702000,13404000,Nội bộ,180000,Đã giao
SHIP20260600434,PICK20260600434,SO20260600434,2026-06-20 17:19,2026-06-21 05:02,2026-06-22 15:09,HCM-Q1,WH-HCM-01,KT-EFA122,Ấm siêu tốc,Sunhouse,Daikin,2,467000,934000,GrabExpress,65000,Hoàn tất
SHIP20260600435,PICK20260600435,SO20260600435,2026-06-23 16:37,2026-06-24 06:26,2026-06-25 12:02,DN-HC,WH-DN-01,BL-3258EA,Máy xay,Panasonic Blender,Mitsubishi,2,1880000,3760000,Nội bộ,120000,Hoàn tất
SHIP20260600436,PICK20260600436,SO20260600436,2026-06-17 18:50,2026-06-17 20:42,2026-06-19 07:09,HN-HBT,WH-HN-02,VC-A4DECF,Máy hút bụi,Dyson V8,Mitsubishi,1,6561000,6561000,GrabExpress,35000,Đã giao
SHIP20260600437,PICK20260600437,SO20260600437,2026-06-05 17:37,2026-06-06 11:29,2026-06-06 19:54,DN-HC,WH-DN-01,TV-ADCC29,TV,"TCL 50""",Sony,3,11655000,34965000,GHN,185000,Giao lại
SHIP20260600438,PICK20260600438,SO20260600438,2026-06-07 19:51,2026-06-08 14:30,2026-06-09 23:16,HN-HBT,WH-HN-02,RF-FB4D4D,Tủ lạnh,Samsung Inverter 350L,Samsung,3,8450000,25350000,Xe tải thuê ngoài,210000,Đã giao
SHIP20260600439,PICK20260600439,SO20260600439,2026-06-12 20:28,2026-06-13 07:58,2026-06-14 14:25,HCM-Q7,WH-HCM-02,WM-B05DAD,Máy giặt,LG 9kg,Sony,3,10279000,30837000,Nội bộ,240000,Đã giao
SHIP20260600440,PICK20260600440,SO20260600440,2026-06-14 18:06,2026-06-15 12:03,2026-06-16 17:45,CT-NK,WH-CT-01,RC-56CDC9,Nồi cơm,Sharp 1.8L,Sharp,3,1487000,4461000,GrabExpress,45000,Đã giao
SHIP20260600441,PICK20260600441,SO20260600441,2026-06-25 14:34,2026-06-25 15:42,2026-06-27 03:04,HN-HBT,WH-HN-02,BL-8AFBB7,Máy xay,Panasonic Blender,Xiaomi,2,1558000,3116000,Nội bộ,0,Hoàn tất
SHIP20260600442,PICK20260600442,SO20260600442,2026-06-18 09:54,2026-06-19 02:21,2026-06-19 23:46,CT-NK,WH-CT-01,TV-C528C6,TV,LG OLED 48,Cuckoo,3,21120000,63360000,Ahamove,205000,Đã giao
SHIP20260600443,PICK20260600443,SO20260600443,2026-06-09 10:06,2026-06-09 14:42,2026-06-10 10:33,HCM-Q7,WH-HCM-02,AC-4CE3DD,Máy lạnh,Panasonic 1.5HP,Samsung,2,9864000,19728000,GrabExpress,185000,Đã giao
SHIP20260600444,PICK20260600444,SO20260600444,2026-06-16 19:05,2026-06-17 12:22,2026-06-18 04:54,BD-TDM,WH-BD-01,RF-E1EA3E,Tủ lạnh,Samsung Inverter 350L,Sunhouse,2,8975000,17950000,Xe tải thuê ngoài,115000,Hoàn tất
SHIP20260600445,PICK20260600445,SO20260600445,2026-06-25 17:14,2026-06-26 09:06,2026-06-27 06:48,HCM-TB,WH-HCM-03,RF-6FD99B,Tủ lạnh,Panasonic 300L,Casper,3,5126000,15378000,Xe tải thuê ngoài,125000,Giao lại
SHIP20260600446,PICK20260600446,SO20260600446,2026-06-26 12:11,2026-06-26 22:11,2026-06-28 05:41,HCM-Q1,WH-HCM-01,VC-36242C,Máy hút bụi,Xiaomi G10,Sony,1,7926000,7926000,Xe tải thuê ngoài,65000,Giao lại
SHIP20260600447,PICK20260600447,SO20260600447,2026-06-28 19:48,2026-06-29 02:21,2026-06-30 12:09,DN-HC,WH-DN-01,BL-67F131,Máy xay,Sunhouse Blender,Panasonic,1,381000,381000,Ahamove,65000,Hoàn tất
SHIP20260600448,PICK20260600448,SO20260600448,2026-06-04 15:48,2026-06-05 05:49,2026-06-06 18:02,HN-CG,WH-HN-01,WM-EE77C3,Máy giặt,Toshiba 9kg,Panasonic,3,13373000,40119000,Nội bộ,105000,Đã giao
SHIP20260600449,PICK20260600449,SO20260600449,2026-06-01 15:06,2026-06-01 22:02,2026-06-03 04:19,HCM-Q1,WH-HCM-01,KT-63AE81,Ấm siêu tốc,Kangaroo,Daikin,2,302000,604000,GHN,120000,Giao lại
SHIP20260600450,PICK20260600450,SO20260600450,2026-06-06 19:39,2026-06-07 14:08,2026-06-09 02:15,HCM-TB,WH-HCM-03,MW-21A949,Lò vi sóng,Panasonic 25L,Cuckoo,3,2971000,8913000,Nội bộ,90000,Đã giao
SHIP20260600451,PICK20260600451,SO20260600451,2026-06-24 09:05,2026-06-24 13:59,2026-06-26 00:41,HCM-TB,WH-HCM-03,AC-E7C43D,Máy lạnh,Panasonic 1.5HP,Casper,2,11661000,23322000,GHN,165000,Đã giao
SHIP20260600452,PICK20260600452,SO20260600452,2026-06-23 08:14,2026-06-23 16:54,2026-06-24 07:19,HCM-Q1,WH-HCM-01,RC-666E15,Nồi cơm,Sunhouse 1.2L,Panasonic,2,2370000,4740000,Nội bộ,45000,Hoàn tất
SHIP20260600453,PICK20260600453,SO20260600453,2026-06-02 09:01,2026-06-02 11:48,2026-06-02 16:11,HN-HBT,WH-HN-02,KT-881318,Ấm siêu tốc,Sunhouse,Sony,1,603000,603000,Nội bộ,35000,Giao lại
SHIP20260600454,PICK20260600454,SO20260600454,2026-06-23 09:46,2026-06-23 20:43,2026-06-24 21:26,DN-HC,WH-DN-01,FN-6CD351,Quạt,Panasonic,Aqua,2,636000,1272000,Xe tải thuê ngoài,0,Đã giao
SHIP20260600455,PICK20260600455,SO20260600455,2026-06-13 11:59,2026-06-14 06:25,2026-06-15 11:30,HN-HBT,WH-HN-02,TV-8A011F,TV,LG OLED 48,Philips,3,24354000,73062000,Ahamove,145000,Đã giao
SHIP20260600456,PICK20260600456,SO20260600456,2026-06-04 20:54,2026-06-04 22:56,2026-06-05 06:28,HCM-Q7,WH-HCM-02,KT-988AF8,Ấm siêu tốc,Kangaroo,Senko,3,591000,1773000,GHN,45000,Giao lại
SHIP20260600457,PICK20260600457,SO20260600457,2026-06-27 14:17,2026-06-28 07:27,2026-06-28 23:34,HN-HBT,WH-HN-02,MW-21A949,Lò vi sóng,Panasonic 25L,Cuckoo,1,2716000,2716000,GHN,90000,Đã giao
SHIP20260600458,PICK20260600458,SO20260600458,2026-06-06 16:38,2026-06-06 18:47,2026-06-07 22:07,HCM-Q1,WH-HCM-01,RC-53400C,Nồi cơm,Panasonic 1.8L,Aqua,1,559000,559000,Nội bộ,0,Đã giao
SHIP20260600459,PICK20260600459,SO20260600459,2026-06-27 15:11,2026-06-27 22:40,2026-06-28 13:16,HCM-Q7,WH-HCM-02,KT-2ABC39,Ấm siêu tốc,Kangaroo,Mitsubishi,3,894000,2682000,Ahamove,35000,Đã giao
SHIP20260600460,PICK20260600460,SO20260600460,2026-06-10 14:19,2026-06-10 21:47,2026-06-12 10:28,DN-HC,WH-DN-01,WM-C8CAA6,Máy giặt,Toshiba 9kg,Daikin,3,10113000,30339000,Xe tải thuê ngoài,165000,Đã giao
SHIP20260600461,PICK20260600461,SO20260600461,2026-06-07 16:20,2026-06-07 17:27,2026-06-08 16:05,HN-HBT,WH-HN-02,TV-299EB8,TV,LG OLED 48,Electrolux,2,14911000,29822000,GHN,245000,Giao lại
SHIP20260600462,PICK20260600462,SO20260600462,2026-06-09 12:55,2026-06-10 00:06,2026-06-11 08:57,HCM-Q7,WH-HCM-02,VC-4F893C,Máy hút bụi,Dyson V8,Daikin,1,6494000,6494000,GHN,90000,Đã giao
SHIP20260600463,PICK20260600463,SO20260600463,2026-06-26 09:04,2026-06-26 12:01,2026-06-27 19:29,HCM-Q7,WH-HCM-02,BL-21A1FA,Máy xay,Sunhouse Blender,Electrolux,1,681000,681000,Nội bộ,45000,Đã giao
SHIP20260600464,PICK20260600464,SO20260600464,2026-06-09 20:24,2026-06-10 02:00,2026-06-11 12:57,HN-CG,WH-HN-01,VC-110A19,Máy hút bụi,Philips FC,Philips,3,3543000,10629000,GHN,240000,Đã giao
SHIP20260600465,PICK20260600465,SO20260600465,2026-06-15 13:02,2026-06-16 07:30,2026-06-17 19:42,CT-NK,WH-CT-01,WM-1ED27C,Máy giặt,Panasonic 8.5kg,Cuckoo,2,7418000,14836000,Nội bộ,200000,Giao lại
SHIP20260600466,PICK20260600466,SO20260600466,2026-06-27 19:53,2026-06-28 11:53,2026-06-29 02:41,HCM-TB,WH-HCM-03,VC-DE537A,Máy hút bụi,Dyson V8,Electrolux,3,2155000,6465000,GHN,35000,Hoàn tất
SHIP20260600467,PICK20260600467,SO20260600467,2026-06-19 16:55,2026-06-19 18:31,2026-06-19 23:33,CT-NK,WH-CT-01,BL-C9164C,Máy xay,Philips Blender,Senko,3,1751000,5253000,Xe tải thuê ngoài,45000,Đã giao
SHIP20260600468,PICK20260600468,SO20260600468,2026-06-18 15:34,2026-06-19 02:32,2026-06-19 11:41,BD-TDM,WH-BD-01,VC-A60FBD,Máy hút bụi,Philips FC,Asia,1,6264000,6264000,GHN,0,Đã giao
SHIP20260600469,PICK20260600469,SO20260600469,2026-06-12 17:44,2026-06-12 19:16,2026-06-13 05:02,BD-TDM,WH-BD-01,RC-120EAC,Nồi cơm,Sunhouse 1.2L,Sharp,1,871000,871000,Nội bộ,35000,Đã giao
SHIP20260600470,PICK20260600470,SO20260600470,2026-06-10 16:59,2026-06-10 22:37,2026-06-11 19:43,DN-HC,WH-DN-01,RF-D9A75C,Tủ lạnh,Samsung Inverter 350L,Sony,3,12604000,37812000,GHN,185000,Hoàn tất
SHIP20260600471,PICK20260600471,SO20260600471,2026-06-08 18:18,2026-06-09 12:02,2026-06-10 13:58,HN-HBT,WH-HN-02,BL-01E9C7,Máy xay,Panasonic Blender,Samsung,2,509000,1018000,Nội bộ,65000,Giao lại
SHIP20260600472,PICK20260600472,SO20260600472,2026-06-16 17:22,2026-06-16 21:24,2026-06-18 04:31,HN-CG,WH-HN-01,WM-4E5FAA,Máy giặt,Toshiba 9kg,Sharp,1,10821000,10821000,GrabExpress,45000,Đã giao
SHIP20260600473,PICK20260600473,SO20260600473,2026-06-08 15:38,2026-06-08 16:48,2026-06-09 06:58,CT-NK,WH-CT-01,KT-BD9201,Ấm siêu tốc,Kangaroo,Aqua,2,729000,1458000,Nội bộ,25000,Hoàn tất
SHIP20260600474,PICK20260600474,SO20260600474,2026-06-18 19:34,2026-06-19 12:49,2026-06-20 03:05,CT-NK,WH-CT-01,BL-271795,Máy xay,Panasonic Blender,Sony,2,872000,1744000,GrabExpress,120000,Đã giao
SHIP20260600475,PICK20260600475,SO20260600475,2026-06-16 16:50,2026-06-17 04:20,2026-06-17 12:56,BD-TDM,WH-BD-01,WM-F9045A,Máy giặt,LG 9kg,Casper,3,13194000,39582000,GHN,165000,Đã giao
SHIP20260600476,PICK20260600476,SO20260600476,2026-06-21 16:24,2026-06-22 03:54,2026-06-22 15:10,CT-NK,WH-CT-01,BL-6730F4,Máy xay,Panasonic Blender,Sharp,1,1275000,1275000,Ahamove,35000,Giao lại
SHIP20260600477,PICK20260600477,SO20260600477,2026-06-15 14:57,2026-06-15 18:47,2026-06-16 06:08,BD-TDM,WH-BD-01,FN-0333B4,Quạt,Asia,Daikin,2,1373000,2746000,Nội bộ,45000,Hoàn tất
SHIP20260600478,PICK20260600478,SO20260600478,2026-06-07 13:32,2026-06-07 21:28,2026-06-09 04:59,CT-NK,WH-CT-01,TV-3F699A,TV,LG OLED 48,Aqua,1,26945000,26945000,GrabExpress,105000,Giao lại
SHIP20260600479,PICK20260600479,SO20260600479,2026-06-24 10:08,2026-06-24 21:02,2026-06-26 06:00,HCM-Q7,WH-HCM-02,FN-464655,Quạt,Panasonic,Toshiba,3,512000,1536000,Nội bộ,90000,Đã giao
SHIP20260600480,PICK20260600480,SO20260600480,2026-06-11 13:54,2026-06-12 01:01,2026-06-13 08:11,BD-TDM,WH-BD-01,WM-C38973,Máy giặt,Samsung 10kg,Aqua,1,4425000,4425000,Xe tải thuê ngoài,25000,Đã giao
SHIP20260600481,PICK20260600481,SO20260600481,2026-06-30 13:41,2026-06-30 23:11,2026-07-01 21:25,DN-HC,WH-DN-01,BL-E1AB41,Máy xay,Sunhouse Blender,Casper,2,283000,566000,Nội bộ,0,Đã giao
SHIP20260600482,PICK20260600482,SO20260600482,2026-06-10 16:39,2026-06-10 20:22,2026-06-11 01:58,BD-TDM,WH-BD-01,RC-588B19,Nồi cơm,Sunhouse 1.2L,Electrolux,3,1973000,5919000,GHN,120000,Đã giao
SHIP20260600483,PICK20260600483,SO20260600483,2026-06-26 16:36,2026-06-26 22:39,2026-06-27 15:14,HN-HBT,WH-HN-02,KT-3F3135,Ấm siêu tốc,Sunhouse,Sharp,2,632000,1264000,Xe tải thuê ngoài,35000,Giao lại
SHIP20260600484,PICK20260600484,SO20260600484,2026-06-09 15:58,2026-06-10 03:58,2026-06-10 07:09,HCM-Q7,WH-HCM-02,FN-3C43A6,Quạt,Asia,Philips,3,1617000,4851000,Xe tải thuê ngoài,120000,Hoàn tất
SHIP20260600485,PICK20260600485,SO20260600485,2026-06-04 12:59,2026-06-04 21:36,2026-06-05 13:45,CT-NK,WH-CT-01,RC-189134,Nồi cơm,Sunhouse 1.2L,Samsung,1,1005000,1005000,Ahamove,90000,Đã giao
SHIP20260600486,PICK20260600486,SO20260600486,2026-06-24 11:00,2026-06-24 16:46,2026-06-25 21:21,DN-HC,WH-DN-01,TV-92EE57,TV,LG OLED 48,LG,1,25321000,25321000,Ahamove,300000,Đã giao
SHIP20260600487,PICK20260600487,SO20260600487,2026-06-20 11:00,2026-06-21 01:29,2026-06-21 21:40,HCM-Q1,WH-HCM-01,WM-9170CB,Máy giặt,LG 9kg,LG,1,7103000,7103000,GHN,90000,Giao lại
SHIP20260600488,PICK20260600488,SO20260600488,2026-06-25 20:52,2026-06-26 10:37,2026-06-26 21:27,CT-NK,WH-CT-01,VC-D4F050,Máy hút bụi,Xiaomi G10,Samsung,3,6684000,20052000,GHN,120000,Đã giao
SHIP20260600489,PICK20260600489,SO20260600489,2026-06-20 09:11,2026-06-20 19:40,2026-06-21 11:24,CT-NK,WH-CT-01,FN-FF4EE8,Quạt,Panasonic,Sunhouse,1,780000,780000,Ahamove,45000,Đã giao
SHIP20260600490,PICK20260600490,SO20260600490,2026-06-01 16:47,2026-06-02 07:15,2026-06-02 13:47,HN-HBT,WH-HN-02,KT-9BE99C,Ấm siêu tốc,Philips,Panasonic,2,239000,478000,GHN,35000,Đã giao
SHIP20260600491,PICK20260600491,SO20260600491,2026-06-23 08:25,2026-06-23 19:54,2026-06-24 16:53,HCM-TB,WH-HCM-03,TV-43365F,TV,"Samsung 55"" 4K",Cuckoo,3,25149000,75447000,GrabExpress,300000,Đã giao
SHIP20260600492,PICK20260600492,SO20260600492,2026-06-11 13:19,2026-06-11 21:34,2026-06-12 23:55,HCM-Q7,WH-HCM-02,FN-04019E,Quạt,Senko,Philips,1,619000,619000,Ahamove,0,Giao lại
SHIP20260600493,PICK20260600493,SO20260600493,2026-06-18 17:01,2026-06-19 06:16,2026-06-19 23:29,DN-HC,WH-DN-01,WM-AD6A90,Máy giặt,Panasonic 8.5kg,Electrolux,1,12483000,12483000,Nội bộ,65000,Giao lại
SHIP20260600494,PICK20260600494,SO20260600494,2026-06-18 11:11,2026-06-18 14:19,2026-06-19 15:35,HCM-Q1,WH-HCM-01,KT-DE6FC8,Ấm siêu tốc,Kangaroo,Sharp,1,605000,605000,GrabExpress,120000,Hoàn tất
SHIP20260600495,PICK20260600495,SO20260600495,2026-06-18 12:20,2026-06-18 13:38,2026-06-19 12:59,HCM-TB,WH-HCM-03,AC-B90290,Máy lạnh,Panasonic 1.5HP,Mitsubishi,3,15205000,45615000,Nội bộ,125000,Giao lại
SHIP20260600496,PICK20260600496,SO20260600496,2026-06-21 18:35,2026-06-22 10:56,2026-06-23 05:28,HCM-TB,WH-HCM-03,BL-6B4572,Máy xay,Philips Blender,Cuckoo,2,1710000,3420000,Ahamove,25000,Đã giao
SHIP20260600497,PICK20260600497,SO20260600497,2026-06-04 09:40,2026-06-04 15:32,2026-06-06 01:57,HN-CG,WH-HN-01,KT-80B935,Ấm siêu tốc,Kangaroo,LG,2,291000,582000,GHN,65000,Hoàn tất
SHIP20260600498,PICK20260600498,SO20260600498,2026-06-16 17:32,2026-06-16 20:53,2026-06-17 17:46,BD-TDM,WH-BD-01,BL-21A1FA,Máy xay,Sunhouse Blender,Electrolux,3,440000,1320000,GrabExpress,25000,Đã giao
SHIP20260600499,PICK20260600499,SO20260600499,2026-06-21 15:23,2026-06-21 21:30,2026-06-22 20:55,DN-HC,WH-DN-01,RC-F33150,Nồi cơm,Panasonic 1.8L,Casper,3,832000,2496000,Xe tải thuê ngoài,0,Giao lại
SHIP20260600500,PICK20260600500,SO20260600500,2026-06-03 09:58,2026-06-04 04:01,2026-06-05 16:39,HCM-TB,WH-HCM-03,TV-74BDA3,TV,LG OLED 48,Sunhouse,2,25505000,51010000,Nội bộ,185000,Hoàn tất
SHIP20260600501,PICK20260600501,SO20260600501,2026-06-21 19:59,2026-06-22 06:19,2026-06-22 20:39,HN-CG,WH-HN-01,RF-AE1055,Tủ lạnh,Panasonic 300L,Mitsubishi,1,7243000,7243000,Nội bộ,0,Giao lại
SHIP20260600502,PICK20260600502,SO20260600502,2026-06-07 12:23,2026-06-08 06:07,2026-06-09 08:50,HCM-Q1,WH-HCM-01,MW-2666B6,Lò vi sóng,Panasonic 25L,Mitsubishi,3,1703000,5109000,Xe tải thuê ngoài,90000,Hoàn tất
SHIP20260600503,PICK20260600503,SO20260600503,2026-06-11 15:39,2026-06-12 08:06,2026-06-13 11:26,HN-HBT,WH-HN-02,VC-A1C900,Máy hút bụi,Philips FC,Xiaomi,3,7435000,22305000,Ahamove,225000,Giao lại
SHIP20260600504,PICK20260600504,SO20260600504,2026-06-16 20:31,2026-06-17 08:46,2026-06-18 11:25,HN-HBT,WH-HN-02,WM-B368C2,Máy giặt,Samsung 10kg,Casper,1,8939000,8939000,GHN,25000,Đã giao
SHIP20260600505,PICK20260600505,SO20260600505,2026-06-01 10:46,2026-06-01 17:46,2026-06-02 12:41,DN-HC,WH-DN-01,RF-8AEC72,Tủ lạnh,Samsung Inverter 350L,Daikin,1,12236000,12236000,GHN,25000,Đã giao
SHIP20260600506,PICK20260600506,SO20260600506,2026-06-22 08:36,2026-06-22 22:55,2026-06-23 11:31,HN-HBT,WH-HN-02,KT-4207FB,Ấm siêu tốc,Sunhouse,Asia,3,151000,453000,GrabExpress,45000,Giao lại
SHIP20260600507,PICK20260600507,SO20260600507,2026-06-15 11:00,2026-06-16 01:36,2026-06-17 13:48,HCM-Q1,WH-HCM-01,MW-807E15,Lò vi sóng,Panasonic 25L,Asia,3,3162000,9486000,Ahamove,65000,Đã giao
SHIP20260600508,PICK20260600508,SO20260600508,2026-06-15 20:16,2026-06-16 08:24,2026-06-17 00:12,HN-CG,WH-HN-01,AC-B03170,Máy lạnh,Casper 1HP,Casper,3,15011000,45033000,Ahamove,240000,Hoàn tất
SHIP20260600509,PICK20260600509,SO20260600509,2026-06-20 18:10,2026-06-21 07:22,2026-06-21 10:21,DN-HC,WH-DN-01,AC-A3A658,Máy lạnh,Panasonic 1.5HP,Aqua,3,7278000,21834000,Xe tải thuê ngoài,115000,Đã giao
SHIP20260600510,PICK20260600510,SO20260600510,2026-06-18 13:50,2026-06-18 17:17,2026-06-19 02:03,HCM-Q1,WH-HCM-01,FN-6CD351,Quạt,Panasonic,Aqua,3,700000,2100000,Xe tải thuê ngoài,120000,Đã giao
SHIP20260600511,PICK20260600511,SO20260600511,2026-06-02 08:33,2026-06-02 18:56,2026-06-04 01:11,HCM-Q7,WH-HCM-02,VC-9224B5,Máy hút bụi,Philips FC,Samsung,1,7716000,7716000,Nội bộ,35000,Giao lại
SHIP20260600512,PICK20260600512,SO20260600512,2026-06-15 19:28,2026-06-16 06:31,2026-06-16 17:22,HCM-TB,WH-HCM-03,TV-EB02E5,TV,"Sony 65""",Mitsubishi,2,25820000,51640000,GHN,115000,Đã giao
SHIP20260600513,PICK20260600513,SO20260600513,2026-06-08 10:13,2026-06-08 16:32,2026-06-09 08:21,HN-HBT,WH-HN-02,TV-DD0514,TV,"Samsung 55"" 4K",Mitsubishi,2,20829000,41658000,GHN,125000,Đã giao
SHIP20260600514,PICK20260600514,SO20260600514,2026-06-23 09:27,2026-06-24 00:18,2026-06-25 01:44,HCM-Q1,WH-HCM-01,RF-E5D449,Tủ lạnh,Aqua 250L,Cuckoo,1,11976000,11976000,GHN,25000,Đã giao
SHIP20260600515,PICK20260600515,SO20260600515,2026-06-24 17:54,2026-06-24 23:17,2026-06-25 15:28,HCM-Q7,WH-HCM-02,RC-BFF843,Nồi cơm,Cuckoo 1.8L,Xiaomi,1,1655000,1655000,GrabExpress,35000,Giao lại
SHIP20260600516,PICK20260600516,SO20260600516,2026-06-02 19:17,2026-06-03 00:05,2026-06-04 07:58,BD-TDM,WH-BD-01,VC-96423F,Máy hút bụi,Dyson V8,Xiaomi,1,2943000,2943000,Nội bộ,35000,Hoàn tất
SHIP20260600517,PICK20260600517,SO20260600517,2026-06-21 19:09,2026-06-22 06:35,2026-06-23 01:47,HCM-Q7,WH-HCM-02,VC-A60FBD,Máy hút bụi,Philips FC,Asia,1,5508000,5508000,Ahamove,45000,Đã giao
SHIP20260600518,PICK20260600518,SO20260600518,2026-06-15 16:40,2026-06-16 11:03,2026-06-17 05:19,HCM-Q7,WH-HCM-02,AC-0877C5,Máy lạnh,Daikin 1HP,Sony,2,15715000,31430000,GrabExpress,245000,Giao lại
SHIP20260600519,PICK20260600519,SO20260600519,2026-06-29 10:58,2026-06-29 16:04,2026-06-30 09:15,CT-NK,WH-CT-01,RF-B94164,Tủ lạnh,LG 420L,Aqua,3,16070000,48210000,Ahamove,180000,Giao lại
SHIP20260600520,PICK20260600520,SO20260600520,2026-06-26 20:10,2026-06-27 13:26,2026-06-28 23:41,BD-TDM,WH-BD-01,BL-958487,Máy xay,Philips Blender,Toshiba,3,427000,1281000,Xe tải thuê ngoài,90000,Giao lại
SHIP20260600521,PICK20260600521,SO20260600521,2026-06-10 10:20,2026-06-10 11:42,2026-06-10 16:25,HCM-TB,WH-HCM-03,RF-1BAC8F,Tủ lạnh,Panasonic 300L,Electrolux,1,16862000,16862000,Nội bộ,200000,Đã giao
SHIP20260600522,PICK20260600522,SO20260600522,2026-06-04 18:34,2026-06-05 00:33,2026-06-06 00:44,HN-CG,WH-HN-01,VC-A4DECF,Máy hút bụi,Dyson V8,Mitsubishi,2,1428000,2856000,Ahamove,0,Đã giao
SHIP20260600523,PICK20260600523,SO20260600523,2026-06-03 15:04,2026-06-03 18:00,2026-06-04 01:24,HCM-TB,WH-HCM-03,VC-EF7A18,Máy hút bụi,Xiaomi G10,Aqua,1,5864000,5864000,GrabExpress,25000,Giao lại
SHIP20260600524,PICK20260600524,SO20260600524,2026-06-27 16:14,2026-06-28 06:02,2026-06-29 17:38,HCM-Q1,WH-HCM-01,RC-443576,Nồi cơm,Sharp 1.8L,Asia,1,1392000,1392000,Ahamove,35000,Đã giao
SHIP20260600525,PICK20260600525,SO20260600525,2026-06-29 20:44,2026-06-29 22:36,2026-07-01 10:12,HCM-Q7,WH-HCM-02,TV-E37EE9,TV,"Samsung 55"" 4K",Casper,3,26132000,78396000,Ahamove,180000,Đã giao
SHIP20260600526,PICK20260600526,SO20260600526,2026-06-05 19:15,2026-06-06 07:17,2026-06-07 07:35,DN-HC,WH-DN-01,FN-E6A9CC,Quạt,Panasonic,Asia,3,450000,1350000,GHN,45000,Đã giao
SHIP20260600527,PICK20260600527,SO20260600527,2026-06-30 19:40,2026-07-01 08:47,2026-07-01 22:55,HCM-Q1,WH-HCM-01,MW-3E4330,Lò vi sóng,Sharp 20L,Samsung,1,1189000,1189000,GHN,65000,Giao lại
SHIP20260600528,PICK20260600528,SO20260600528,2026-06-30 09:10,2026-06-30 16:54,2026-07-01 13:26,DN-HC,WH-DN-01,VC-DAE72D,Máy hút bụi,Dyson V8,Sharp,1,6684000,6684000,Ahamove,90000,Đã giao
SHIP20260600529,PICK20260600529,SO20260600529,2026-06-05 17:12,2026-06-05 20:30,2026-06-06 02:47,HCM-TB,WH-HCM-03,MW-5F52F7,Lò vi sóng,Sharp 20L,Toshiba,1,4460000,4460000,GHN,45000,Giao lại
SHIP20260600530,PICK20260600530,SO20260600530,2026-06-24 12:28,2026-06-24 23:44,2026-06-26 00:06,CT-NK,WH-CT-01,VC-90E8C9,Máy hút bụi,Xiaomi G10,Electrolux,1,4582000,4582000,GHN,45000,Giao lại
SHIP20260600531,PICK20260600531,SO20260600531,2026-06-23 17:10,2026-06-23 22:47,2026-06-25 09:16,HCM-Q1,WH-HCM-01,AC-1FFCA0,Máy lạnh,Mitsubishi 1.5HP,Asia,3,13376000,40128000,Ahamove,210000,Đã giao
SHIP20260600532,PICK20260600532,SO20260600532,2026-06-24 12:02,2026-06-24 19:03,2026-06-25 20:19,BD-TDM,WH-BD-01,BL-8AFBB7,Máy xay,Panasonic Blender,Xiaomi,2,1517000,3034000,Nội bộ,120000,Đã giao
SHIP20260600533,PICK20260600533,SO20260600533,2026-06-23 13:03,2026-06-23 14:05,2026-06-23 18:15,DN-HC,WH-DN-01,RF-38030B,Tủ lạnh,Panasonic 300L,Daikin,2,11902000,23804000,Nội bộ,210000,Đã giao
SHIP20260600534,PICK20260600534,SO20260600534,2026-06-23 09:17,2026-06-24 03:29,2026-06-24 20:12,BD-TDM,WH-BD-01,BL-F15989,Máy xay,Philips Blender,Samsung,2,744000,1488000,Xe tải thuê ngoài,35000,Đã giao
SHIP20260600535,PICK20260600535,SO20260600535,2026-06-04 17:29,2026-06-04 19:44,2026-06-06 03:58,HCM-Q7,WH-HCM-02,FN-464655,Quạt,Panasonic,Toshiba,3,397000,1191000,Xe tải thuê ngoài,90000,Đã giao
SHIP20260600536,PICK20260600536,SO20260600536,2026-06-19 13:19,2026-06-20 07:39,2026-06-21 12:52,DN-HC,WH-DN-01,RC-E521C4,Nồi cơm,Sharp 1.8L,Electrolux,1,1238000,1238000,Xe tải thuê ngoài,0,Hoàn tất
SHIP20260600537,PICK20260600537,SO20260600537,2026-06-13 13:12,2026-06-14 05:46,2026-06-14 23:22,HN-HBT,WH-HN-02,MW-640EAD,Lò vi sóng,Sharp 20L,LG,1,3702000,3702000,Xe tải thuê ngoài,45000,Đã giao
SHIP20260600538,PICK20260600538,SO20260600538,2026-06-06 16:03,2026-06-07 02:02,2026-06-08 01:33,DN-HC,WH-DN-01,MW-9E4FC6,Lò vi sóng,Sharp 20L,Electrolux,2,2663000,5326000,Nội bộ,90000,Giao lại
SHIP20260600539,PICK20260600539,SO20260600539,2026-06-29 16:15,2026-06-29 23:53,2026-06-30 06:04,HCM-Q7,WH-HCM-02,KT-912978,Ấm siêu tốc,Sunhouse,Philips,1,326000,326000,Ahamove,45000,Hoàn tất
SHIP20260600540,PICK20260600540,SO20260600540,2026-06-09 17:50,2026-06-10 09:14,2026-06-11 10:14,HN-CG,WH-HN-01,RF-4D4BA4,Tủ lạnh,Aqua 250L,Philips,1,18018000,18018000,GHN,210000,Giao lại
SHIP20260600541,PICK20260600541,SO20260600541,2026-06-15 14:26,2026-06-15 23:09,2026-06-16 11:58,BD-TDM,WH-BD-01,KT-9065A4,Ấm siêu tốc,Philips,Mitsubishi,3,823000,2469000,Ahamove,120000,Hoàn tất
SHIP20260600542,PICK20260600542,SO20260600542,2026-06-06 10:56,2026-06-06 22:41,2026-06-07 08:48,HN-CG,WH-HN-01,KT-897605,Ấm siêu tốc,Sunhouse,Toshiba,3,705000,2115000,Xe tải thuê ngoài,90000,Đã giao
SHIP20260600543,PICK20260600543,SO20260600543,2026-06-22 17:57,2026-06-22 21:51,2026-06-24 10:02,HCM-Q7,WH-HCM-02,TV-7BABFF,TV,"Sony 65""",Aqua,3,11892000,35676000,GrabExpress,245000,Đã giao
SHIP20260600544,PICK20260600544,SO20260600544,2026-06-05 15:22,2026-06-05 20:41,2026-06-07 05:03,HCM-TB,WH-HCM-03,RF-D3E578,Tủ lạnh,LG 420L,Xiaomi,2,13652000,27304000,Ahamove,270000,Hoàn tất
SHIP20260600545,PICK20260600545,SO20260600545,2026-06-07 17:06,2026-06-08 10:42,2026-06-09 12:37,DN-HC,WH-DN-01,AC-1FFCA0,Máy lạnh,Mitsubishi 1.5HP,Asia,3,13766000,41298000,Ahamove,165000,Đã giao
SHIP20260600546,PICK20260600546,SO20260600546,2026-06-22 19:33,2026-06-23 03:37,2026-06-24 12:50,DN-HC,WH-DN-01,VC-DAE72D,Máy hút bụi,Dyson V8,Sharp,1,5865000,5865000,Xe tải thuê ngoài,65000,Giao lại
SHIP20260600547,PICK20260600547,SO20260600547,2026-06-30 19:19,2026-07-01 03:57,2026-07-02 10:23,DN-HC,WH-DN-01,BL-BCB9B9,Máy xay,Panasonic Blender,Sunhouse,2,1554000,3108000,Nội bộ,120000,Đã giao
SHIP20260600548,PICK20260600548,SO20260600548,2026-06-25 20:50,2026-06-26 09:13,2026-06-27 04:17,HCM-TB,WH-HCM-03,BL-AED849,Máy xay,Panasonic Blender,Electrolux,1,1546000,1546000,GHN,0,Giao lại
SHIP20260600549,PICK20260600549,SO20260600549,2026-06-20 10:39,2026-06-20 19:14,2026-06-21 08:38,HCM-Q1,WH-HCM-01,RC-1B752E,Nồi cơm,Panasonic 1.8L,Toshiba,2,2717000,5434000,Xe tải thuê ngoài,90000,Đã giao
SHIP20260600550,PICK20260600550,SO20260600550,2026-06-13 15:32,2026-06-13 18:37,2026-06-15 06:02,CT-NK,WH-CT-01,RF-E1EA3E,Tủ lạnh,Samsung Inverter 350L,Sunhouse,1,13704000,13704000,Nội bộ,225000,Hoàn tất
SHIP20260600551,PICK20260600551,SO20260600551,2026-06-21 11:23,2026-06-21 15:52,2026-06-22 15:56,HN-CG,WH-HN-01,VC-FDD792,Máy hút bụi,Philips FC,Casper,1,3760000,3760000,GHN,45000,Đã giao
SHIP20260600552,PICK20260600552,SO20260600552,2026-06-01 18:15,2026-06-02 04:10,2026-06-03 08:34,HN-CG,WH-HN-01,TV-E47777,TV,LG OLED 48,Asia,2,22345000,44690000,Xe tải thuê ngoài,185000,Hoàn tất
SHIP20260600553,PICK20260600553,SO20260600553,2026-06-30 16:41,2026-07-01 10:41,2026-07-01 16:44,CT-NK,WH-CT-01,BL-6B4572,Máy xay,Philips Blender,Cuckoo,1,1226000,1226000,GHN,120000,Đã giao
SHIP20260600554,PICK20260600554,SO20260600554,2026-06-30 20:08,2026-07-01 14:13,2026-07-03 02:40,DN-HC,WH-DN-01,AC-4CE3DD,Máy lạnh,Panasonic 1.5HP,Samsung,3,12704000,38112000,GrabExpress,200000,Đã giao
SHIP20260600555,PICK20260600555,SO20260600555,2026-06-07 09:56,2026-06-07 19:55,2026-06-09 06:51,HN-HBT,WH-HN-02,MW-FB2461,Lò vi sóng,Electrolux 23L,Senko,3,3261000,9783000,GHN,35000,Hoàn tất
SHIP20260600556,PICK20260600556,SO20260600556,2026-06-15 08:57,2026-06-16 01:46,2026-06-17 10:58,HCM-Q1,WH-HCM-01,VC-DAE72D,Máy hút bụi,Dyson V8,Sharp,1,3966000,3966000,GHN,25000,Đã giao
SHIP20260600557,PICK20260600557,SO20260600557,2026-06-20 14:50,2026-06-20 20:44,2026-06-22 02:43,HN-CG,WH-HN-01,BL-E21F60,Máy xay,Philips Blender,Electrolux,3,1933000,5799000,GrabExpress,35000,Đã giao
SHIP20260600558,PICK20260600558,SO20260600558,2026-06-15 09:55,2026-06-15 21:19,2026-06-16 16:43,HN-CG,WH-HN-01,RC-7580B4,Nồi cơm,Panasonic 1.8L,Panasonic,1,1003000,1003000,GrabExpress,90000,Đã giao
SHIP20260600559,PICK20260600559,SO20260600559,2026-06-17 19:45,2026-06-17 22:55,2026-06-18 13:25,HN-HBT,WH-HN-02,AC-EB66B0,Máy lạnh,Casper 1HP,Asia,1,7934000,7934000,Nội bộ,25000,Đã giao
SHIP20260600560,PICK20260600560,SO20260600560,2026-06-09 15:34,2026-06-10 08:54,2026-06-11 21:16,DN-HC,WH-DN-01,TV-6DF2DA,TV,"TCL 50""",Electrolux,2,24119000,48238000,GHN,225000,Giao lại
SHIP20260600561,PICK20260600561,SO20260600561,2026-06-26 13:44,2026-06-27 00:59,2026-06-27 10:21,BD-TDM,WH-BD-01,RF-4A3E4F,Tủ lạnh,Aqua 250L,Daikin,2,6358000,12716000,Xe tải thuê ngoài,25000,Đã giao
SHIP20260600562,PICK20260600562,SO20260600562,2026-06-15 19:36,2026-06-16 14:23,2026-06-17 04:01,DN-HC,WH-DN-01,RC-93DC24,Nồi cơm,Cuckoo 1.8L,Mitsubishi,3,500000,1500000,Xe tải thuê ngoài,25000,Đã giao
SHIP20260600563,PICK20260600563,SO20260600563,2026-06-18 18:55,2026-06-19 07:58,2026-06-19 16:01,HN-CG,WH-HN-01,RF-794862,Tủ lạnh,Samsung Inverter 350L,Aqua,2,13008000,26016000,GHN,300000,Đã giao
SHIP20260600564,PICK20260600564,SO20260600564,2026-06-23 10:51,2026-06-23 21:45,2026-06-24 11:46,HCM-TB,WH-HCM-03,TV-693149,TV,"Samsung 55"" 4K",Aqua,1,23133000,23133000,GHN,245000,Hoàn tất
SHIP20260600565,PICK20260600565,SO20260600565,2026-06-25 12:34,2026-06-26 02:38,2026-06-27 01:43,DN-HC,WH-DN-01,BL-C9164C,Máy xay,Philips Blender,Senko,2,507000,1014000,GrabExpress,0,Đã giao
SHIP20260600566,PICK20260600566,SO20260600566,2026-06-29 11:08,2026-06-30 06:04,2026-06-30 16:58,HCM-Q1,WH-HCM-01,TV-299EB8,TV,LG OLED 48,Electrolux,1,20173000,20173000,Nội bộ,115000,Đã giao
SHIP20260600567,PICK20260600567,SO20260600567,2026-06-18 12:10,2026-06-19 00:01,2026-06-19 11:24,BD-TDM,WH-BD-01,WM-B2AB72,Máy giặt,Toshiba 9kg,Casper,2,7959000,15918000,Ahamove,155000,Giao lại
SHIP20260600568,PICK20260600568,SO20260600568,2026-06-22 15:51,2026-06-22 19:50,2026-06-23 07:21,BD-TDM,WH-BD-01,MW-E148C6,Lò vi sóng,Electrolux 23L,Casper,1,2151000,2151000,GHN,45000,Đã giao
SHIP20260600569,PICK20260600569,SO20260600569,2026-06-27 13:28,2026-06-28 07:02,2026-06-28 11:10,HCM-Q7,WH-HCM-02,RF-A0C9D4,Tủ lạnh,LG 420L,Panasonic,3,16345000,49035000,Ahamove,180000,Đã giao
SHIP20260600570,PICK20260600570,SO20260600570,2026-06-27 11:17,2026-06-27 12:20,2026-06-28 02:31,BD-TDM,WH-BD-01,FN-441B27,Quạt,Senko,Samsung,3,403000,1209000,Nội bộ,0,Đã giao
SHIP20260600571,PICK20260600571,SO20260600571,2026-06-10 10:06,2026-06-11 02:42,2026-06-12 13:19,HCM-Q7,WH-HCM-02,WM-B4B226,Máy giặt,Samsung 10kg,Electrolux,1,3993000,3993000,Xe tải thuê ngoài,45000,Đã giao
SHIP20260600572,PICK20260600572,SO20260600572,2026-06-04 19:43,2026-06-05 05:55,2026-06-06 18:13,HN-HBT,WH-HN-02,RC-CA9512,Nồi cơm,Sharp 1.8L,Philips,3,1063000,3189000,GrabExpress,35000,Đã giao
SHIP20260600573,PICK20260600573,SO20260600573,2026-06-06 18:21,2026-06-07 00:54,2026-06-07 17:37,DN-HC,WH-DN-01,BL-CB9EBE,Máy xay,Philips Blender,Philips,2,1520000,3040000,GrabExpress,90000,Đã giao
SHIP20260600574,PICK20260600574,SO20260600574,2026-06-21 18:47,2026-06-21 22:31,2026-06-23 05:39,HCM-TB,WH-HCM-03,MW-D098CC,Lò vi sóng,Sharp 20L,Mitsubishi,3,1518000,4554000,Ahamove,65000,Giao lại
SHIP20260600575,PICK20260600575,SO20260600575,2026-06-24 08:15,2026-06-24 18:09,2026-06-24 23:39,HN-HBT,WH-HN-02,MW-62BD16,Lò vi sóng,Electrolux 23L,Philips,3,2778000,8334000,Ahamove,65000,Giao lại
SHIP20260600576,PICK20260600576,SO20260600576,2026-06-30 12:26,2026-06-30 17:27,2026-07-01 15:46,HCM-Q1,WH-HCM-01,FN-464655,Quạt,Panasonic,Toshiba,3,1269000,3807000,GHN,45000,Đã giao
SHIP20260600577,PICK20260600577,SO20260600577,2026-06-20 19:16,2026-06-21 06:03,2026-06-22 16:17,HN-HBT,WH-HN-02,AC-8636EE,Máy lạnh,Casper 1HP,Sony,3,16826000,50478000,Xe tải thuê ngoài,215000,Giao lại
SHIP20260600578,PICK20260600578,SO20260600578,2026-06-27 15:42,2026-06-28 05:08,2026-06-28 19:43,HCM-Q1,WH-HCM-01,BL-A0575F,Máy xay,Sunhouse Blender,Sunhouse,1,1192000,1192000,GrabExpress,25000,Đã giao
SHIP20260600579,PICK20260600579,SO20260600579,2026-06-13 15:29,2026-06-14 08:17,2026-06-14 21:53,BD-TDM,WH-BD-01,AC-9D4B2B,Máy lạnh,Mitsubishi 1.5HP,Sony,3,17286000,51858000,Nội bộ,165000,Đã giao
SHIP20260600580,PICK20260600580,SO20260600580,2026-06-21 13:01,2026-06-22 05:01,2026-06-23 12:41,HCM-Q7,WH-HCM-02,RF-37AAE4,Tủ lạnh,LG 420L,Philips,2,9993000,19986000,GHN,210000,Đã giao
SHIP20260600581,PICK20260600581,SO20260600581,2026-06-30 14:50,2026-07-01 03:53,2026-07-01 10:52,DN-HC,WH-DN-01,TV-2A62F7,TV,"TCL 50""",Casper,2,9394000,18788000,Nội bộ,200000,Đã giao
SHIP20260600582,PICK20260600582,SO20260600582,2026-06-12 18:58,2026-06-13 10:46,2026-06-14 01:19,HCM-TB,WH-HCM-03,RF-A94B66,Tủ lạnh,Panasonic 300L,Xiaomi,3,13963000,41889000,Nội bộ,240000,Giao lại
SHIP20260600583,PICK20260600583,SO20260600583,2026-06-07 15:33,2026-06-07 19:15,2026-06-08 17:45,DN-HC,WH-DN-01,BL-A57566,Máy xay,Panasonic Blender,Aqua,3,1526000,4578000,Nội bộ,65000,Hoàn tất
SHIP20260600584,PICK20260600584,SO20260600584,2026-06-14 14:30,2026-06-15 06:19,2026-06-16 04:40,HN-HBT,WH-HN-02,AC-E4FCBF,Máy lạnh,Daikin 1HP,Sharp,3,5230000,15690000,GHN,125000,Đã giao
SHIP20260600585,PICK20260600585,SO20260600585,2026-06-29 14:03,2026-06-29 21:48,2026-06-30 21:11,BD-TDM,WH-BD-01,TV-65942A,TV,"Sony 65""",Toshiba,1,25138000,25138000,GrabExpress,180000,Hoàn tất
SHIP20260600586,PICK20260600586,SO20260600586,2026-06-09 14:43,2026-06-09 22:49,2026-06-11 03:09,DN-HC,WH-DN-01,RF-40AAB7,Tủ lạnh,Samsung Inverter 350L,Electrolux,1,9288000,9288000,Nội bộ,120000,Đã giao
SHIP20260600587,PICK20260600587,SO20260600587,2026-06-20 11:03,2026-06-20 15:08,2026-06-21 14:33,HCM-Q1,WH-HCM-01,BL-CB9EBE,Máy xay,Philips Blender,Philips,3,1150000,3450000,Xe tải thuê ngoài,25000,Đã giao
SHIP20260600588,PICK20260600588,SO20260600588,2026-06-03 16:25,2026-06-03 18:22,2026-06-04 15:28,HN-CG,WH-HN-01,RC-93DC24,Nồi cơm,Cuckoo 1.8L,Mitsubishi,3,2541000,7623000,Nội bộ,35000,Đã giao
SHIP20260600589,PICK20260600589,SO20260600589,2026-06-23 16:24,2026-06-23 18:54,2026-06-24 18:18,DN-HC,WH-DN-01,RF-F6944C,Tủ lạnh,LG 420L,Sunhouse,2,4781000,9562000,GrabExpress,90000,Hoàn tất
SHIP20260600590,PICK20260600590,SO20260600590,2026-06-03 15:26,2026-06-04 03:30,2026-06-04 13:07,HN-CG,WH-HN-01,TV-3A3210,TV,LG OLED 48,Xiaomi,1,17804000,17804000,Nội bộ,210000,Đã giao
SHIP20260600591,PICK20260600591,SO20260600591,2026-06-13 14:26,2026-06-13 18:51,2026-06-14 14:39,BD-TDM,WH-BD-01,KT-881318,Ấm siêu tốc,Sunhouse,Sony,3,966000,2898000,GrabExpress,25000,Đã giao
SHIP20260600592,PICK20260600592,SO20260600592,2026-06-12 10:03,2026-06-13 02:39,2026-06-14 02:00,DN-HC,WH-DN-01,TV-693149,TV,"Samsung 55"" 4K",Aqua,3,25609000,76827000,Xe tải thuê ngoài,170000,Hoàn tất
SHIP20260600593,PICK20260600593,SO20260600593,2026-06-03 11:06,2026-06-03 18:39,2026-06-04 02:29,BD-TDM,WH-BD-01,WM-694A64,Máy giặt,Toshiba 9kg,Mitsubishi,1,12025000,12025000,GHN,65000,Đã giao
SHIP20260600594,PICK20260600594,SO20260600594,2026-06-05 14:09,2026-06-06 06:52,2026-06-07 18:05,HN-HBT,WH-HN-02,RF-42BDE8,Tủ lạnh,LG 420L,Senko,2,16509000,33018000,GHN,225000,Giao lại
SHIP20260600595,PICK20260600595,SO20260600595,2026-06-22 19:49,2026-06-23 07:59,2026-06-23 19:05,DN-HC,WH-DN-01,RC-7AB9A8,Nồi cơm,Panasonic 1.8L,Electrolux,2,2769000,5538000,GrabExpress,65000,Giao lại
SHIP20260600596,PICK20260600596,SO20260600596,2026-06-18 16:25,2026-06-18 17:44,2026-06-19 12:40,DN-HC,WH-DN-01,TV-0432E5,TV,"Sony 65""",Panasonic,2,21918000,43836000,Nội bộ,165000,Hoàn tất
SHIP20260600597,PICK20260600597,SO20260600597,2026-06-25 14:53,2026-06-26 00:19,2026-06-26 03:03,CT-NK,WH-CT-01,KT-4F7F55,Ấm siêu tốc,Sunhouse,Electrolux,1,175000,175000,GHN,35000,Đã giao
SHIP20260600598,PICK20260600598,SO20260600598,2026-06-03 20:04,2026-06-03 21:21,2026-06-05 03:06,HN-CG,WH-HN-01,WM-97FE8B,Máy giặt,Toshiba 9kg,Toshiba,1,8357000,8357000,Nội bộ,120000,Đã giao
SHIP20260600599,PICK20260600599,SO20260600599,2026-06-06 13:54,2026-06-06 15:21,2026-06-07 03:43,HN-HBT,WH-HN-02,VC-A4DECF,Máy hút bụi,Dyson V8,Mitsubishi,1,5858000,5858000,Xe tải thuê ngoài,65000,Hoàn tất
SHIP20260600600,PICK20260600600,SO20260600600,2026-06-23 12:27,2026-06-24 03:18,2026-06-25 09:24,HCM-Q1,WH-HCM-01,KT-081E4B,Ấm siêu tốc,Kangaroo,Xiaomi,2,427000,854000,Ahamove,25000,Đã giao
SHIP20260600601,PICK20260600601,SO20260600601,2026-06-28 09:32,2026-06-28 20:22,2026-06-29 23:25,HN-CG,WH-HN-01,TV-0432E5,TV,"Sony 65""",Panasonic,1,18133000,18133000,GHN,165000,Hoàn tất
SHIP20260600602,PICK20260600602,SO20260600602,2026-06-30 20:09,2026-07-01 14:55,2026-07-02 00:31,HCM-TB,WH-HCM-03,VC-8A6FDF,Máy hút bụi,Dyson V8,Samsung,3,3541000,10623000,Ahamove,105000,Đã giao
SHIP20260600603,PICK20260600603,SO20260600603,2026-06-06 15:50,2026-06-06 18:06,2026-06-07 23:12,BD-TDM,WH-BD-01,RC-811085,Nồi cơm,Sunhouse 1.2L,Toshiba,2,904000,1808000,Nội bộ,35000,Đã giao
SHIP20260600604,PICK20260600604,SO20260600604,2026-06-02 11:18,2026-06-02 18:27,2026-06-03 04:26,HCM-Q7,WH-HCM-02,RF-709E60,Tủ lạnh,LG 420L,LG,2,18050000,36100000,Xe tải thuê ngoài,125000,Đã giao
SHIP20260600605,PICK20260600605,SO20260600605,2026-06-18 13:36,2026-06-18 20:21,2026-06-19 13:39,DN-HC,WH-DN-01,TV-3F699A,TV,LG OLED 48,Aqua,2,23291000,46582000,GrabExpress,80000,Đã giao
SHIP20260600606,PICK20260600606,SO20260600606,2026-06-14 16:58,2026-06-14 22:44,2026-06-16 00:45,CT-NK,WH-CT-01,MW-2896A4,Lò vi sóng,Sharp 20L,Panasonic,3,1383000,4149000,GHN,35000,Đã giao
SHIP20260600607,PICK20260600607,SO20260600607,2026-06-07 14:55,2026-06-07 23:49,2026-06-09 03:25,CT-NK,WH-CT-01,VC-FA3352,Máy hút bụi,Dyson V8,Aqua,2,6531000,13062000,Nội bộ,25000,Giao lại
SHIP20260600608,PICK20260600608,SO20260600608,2026-06-11 14:42,2026-06-12 04:33,2026-06-13 15:34,BD-TDM,WH-BD-01,AC-249FC9,Máy lạnh,Daikin 1HP,Panasonic,1,15213000,15213000,GrabExpress,185000,Đã giao
SHIP20260600609,PICK20260600609,SO20260600609,2026-06-10 11:12,2026-06-11 02:11,2026-06-12 02:50,CT-NK,WH-CT-01,AC-8636EE,Máy lạnh,Casper 1HP,Sony,2,5671000,11342000,Xe tải thuê ngoài,65000,Giao lại
SHIP20260600610,PICK20260600610,SO20260600610,2026-06-27 09:01,2026-06-27 22:11,2026-06-28 14:17,DN-HC,WH-DN-01,FN-A4A668,Quạt,Asia,Cuckoo,3,524000,1572000,Xe tải thuê ngoài,35000,Đã giao
SHIP20260600611,PICK20260600611,SO20260600611,2026-06-26 10:15,2026-06-26 22:29,2026-06-28 07:23,DN-HC,WH-DN-01,VC-D89B2B,Máy hút bụi,Xiaomi G10,LG,3,9134000,27402000,Ahamove,180000,Đã giao
SHIP20260600612,PICK20260600612,SO20260600612,2026-06-06 19:34,2026-06-07 06:27,2026-06-08 06:45,HN-CG,WH-HN-01,RF-555CFD,Tủ lạnh,LG 420L,Cuckoo,3,4320000,12960000,GrabExpress,35000,Đã giao
SHIP20260600613,PICK20260600613,SO20260600613,2026-06-27 17:40,2026-06-28 02:22,2026-06-29 03:56,HCM-TB,WH-HCM-03,TV-6CC437,TV,"TCL 50""",Samsung,3,14651000,43953000,GHN,210000,Đã giao
SHIP20260600614,PICK20260600614,SO20260600614,2026-06-03 09:33,2026-06-03 23:40,2026-06-04 03:38,CT-NK,WH-CT-01,BL-A57566,Máy xay,Panasonic Blender,Aqua,1,1490000,1490000,Xe tải thuê ngoài,0,Đã giao
SHIP20260600615,PICK20260600615,SO20260600615,2026-06-04 14:07,2026-06-05 03:16,2026-06-05 12:35,HCM-Q1,WH-HCM-01,AC-310514,Máy lạnh,Daikin 1HP,Cuckoo,1,12850000,12850000,GrabExpress,25000,Đã giao
SHIP20260600616,PICK20260600616,SO20260600616,2026-06-01 11:48,2026-06-02 00:52,2026-06-02 12:26,DN-HC,WH-DN-01,WM-57BF8B,Máy giặt,LG 9kg,Panasonic,1,5671000,5671000,Ahamove,25000,Đã giao
SHIP20260600617,PICK20260600617,SO20260600617,2026-06-10 08:35,2026-06-10 21:59,2026-06-12 04:42,HN-HBT,WH-HN-02,KT-54AD13,Ấm siêu tốc,Philips,Samsung,2,627000,1254000,GrabExpress,45000,Đã giao
SHIP20260600618,PICK20260600618,SO20260600618,2026-06-01 10:52,2026-06-01 14:38,2026-06-03 03:05,BD-TDM,WH-BD-01,AC-029767,Máy lạnh,Daikin 1HP,Sunhouse,3,7625000,22875000,GHN,225000,Đã giao
SHIP20260600619,PICK20260600619,SO20260600619,2026-06-21 20:15,2026-06-21 23:19,2026-06-22 03:47,DN-HC,WH-DN-01,WM-758BD9,Máy giặt,Panasonic 8.5kg,Xiaomi,3,14226000,42678000,Xe tải thuê ngoài,300000,Hoàn tất
SHIP20260600620,PICK20260600620,SO20260600620,2026-06-10 08:26,2026-06-10 20:52,2026-06-11 01:36,HN-HBT,WH-HN-02,MW-640EAD,Lò vi sóng,Sharp 20L,LG,1,2022000,2022000,Nội bộ,35000,Hoàn tất
SHIP20260600621,PICK20260600621,SO20260600621,2026-06-23 15:45,2026-06-23 17:47,2026-06-24 08:57,HCM-Q7,WH-HCM-02,BL-2DE930,Máy xay,Sunhouse Blender,Toshiba,3,1309000,3927000,Ahamove,65000,Đã giao
SHIP20260600622,PICK20260600622,SO20260600622,2026-06-03 17:58,2026-06-04 02:12,2026-06-04 21:28,HN-CG,WH-HN-01,VC-DAE72D,Máy hút bụi,Dyson V8,Sharp,3,5847000,17541000,Xe tải thuê ngoài,245000,Đã giao
SHIP20260600623,PICK20260600623,SO20260600623,2026-06-01 09:03,2026-06-01 15:55,2026-06-03 04:51,HCM-Q7,WH-HCM-02,RF-6FD99B,Tủ lạnh,Panasonic 300L,Casper,1,5932000,5932000,GrabExpress,65000,Giao lại
SHIP20260600624,PICK20260600624,SO20260600624,2026-06-05 20:34,2026-06-06 05:42,2026-06-07 13:06,DN-HC,WH-DN-01,KT-E61198,Ấm siêu tốc,Philips,Daikin,3,301000,903000,Ahamove,45000,Hoàn tất
SHIP20260600625,PICK20260600625,SO20260600625,2026-06-17 10:34,2026-06-17 23:46,2026-06-18 21:30,HN-CG,WH-HN-01,VC-F24900,Máy hút bụi,Xiaomi G10,Sunhouse,2,2258000,4516000,GrabExpress,45000,Giao lại
SHIP20260600626,PICK20260600626,SO20260600626,2026-06-27 15:55,2026-06-27 20:48,2026-06-28 06:56,HN-CG,WH-HN-01,TV-0432E5,TV,"Sony 65""",Panasonic,2,26308000,52616000,GrabExpress,225000,Hoàn tất
SHIP20260600627,PICK20260600627,SO20260600627,2026-06-26 08:20,2026-06-26 11:37,2026-06-27 21:42,HCM-Q7,WH-HCM-02,RF-309876,Tủ lạnh,Aqua 250L,LG,3,20068000,60204000,GHN,205000,Hoàn tất
SHIP20260600628,PICK20260600628,SO20260600628,2026-06-11 14:05,2026-06-11 23:00,2026-06-12 05:18,HCM-Q1,WH-HCM-01,AC-818A33,Máy lạnh,Casper 1HP,Electrolux,3,10467000,31401000,GrabExpress,170000,Đã giao
SHIP20260600629,PICK20260600629,SO20260600629,2026-06-16 16:25,2026-06-17 05:41,2026-06-18 18:23,HN-CG,WH-HN-01,RF-BA6E3E,Tủ lạnh,Aqua 250L,Mitsubishi,1,5878000,5878000,GHN,120000,Đã giao
SHIP20260600630,PICK20260600630,SO20260600630,2026-06-01 09:34,2026-06-01 10:58,2026-06-02 17:45,HN-CG,WH-HN-01,AC-8636EE,Máy lạnh,Casper 1HP,Sony,3,9318000,27954000,Nội bộ,165000,Giao lại
SHIP20260600631,PICK20260600631,SO20260600631,2026-06-01 09:59,2026-06-01 21:57,2026-06-02 23:41,HCM-Q1,WH-HCM-01,KT-A1FEF1,Ấm siêu tốc,Sunhouse,Xiaomi,2,743000,1486000,Xe tải thuê ngoài,35000,Hoàn tất
SHIP20260600632,PICK20260600632,SO20260600632,2026-06-28 20:11,2026-06-29 14:55,2026-06-30 19:15,BD-TDM,WH-BD-01,WM-758BD9,Máy giặt,Panasonic 8.5kg,Xiaomi,1,9652000,9652000,Nội bộ,45000,Đã giao
SHIP20260600633,PICK20260600633,SO20260600633,2026-06-12 14:33,2026-06-13 05:47,2026-06-13 14:26,HN-CG,WH-HN-01,FN-63D039,Quạt,Asia,Mitsubishi,1,1531000,1531000,Xe tải thuê ngoài,45000,Đã giao
SHIP20260600634,PICK20260600634,SO20260600634,2026-06-07 15:14,2026-06-07 18:13,2026-06-08 08:55,HCM-Q1,WH-HCM-01,VC-D86280,Máy hút bụi,Philips FC,Mitsubishi,3,2453000,7359000,Xe tải thuê ngoài,0,Đã giao
SHIP20260600635,PICK20260600635,SO20260600635,2026-06-17 20:41,2026-06-18 06:36,2026-06-18 16:33,CT-NK,WH-CT-01,WM-CFD2AA,Máy giặt,Toshiba 9kg,Philips,1,8905000,8905000,Xe tải thuê ngoài,35000,Hoàn tất
SHIP20260600636,PICK20260600636,SO20260600636,2026-06-29 08:30,2026-06-29 23:46,2026-07-01 12:13,HCM-Q7,WH-HCM-02,FN-230559,Quạt,Asia,Sharp,2,419000,838000,Ahamove,65000,Đã giao
SHIP20260600637,PICK20260600637,SO20260600637,2026-06-13 17:52,2026-06-14 00:49,2026-06-15 04:44,HN-HBT,WH-HN-02,MW-2091D9,Lò vi sóng,Electrolux 23L,Sharp,3,3492000,10476000,Xe tải thuê ngoài,25000,Đã giao
SHIP20260600638,PICK20260600638,SO20260600638,2026-06-04 14:00,2026-06-05 08:34,2026-06-05 15:29,HN-HBT,WH-HN-02,RF-847D79,Tủ lạnh,Samsung Inverter 350L,Panasonic,2,17662000,35324000,Nội bộ,80000,Hoàn tất
SHIP20260600639,PICK20260600639,SO20260600639,2026-06-02 10:51,2026-06-03 04:15,2026-06-03 16:14,DN-HC,WH-DN-01,WM-C8CAA6,Máy giặt,Toshiba 9kg,Daikin,2,9237000,18474000,GrabExpress,145000,Đã giao
SHIP20260600640,PICK20260600640,SO20260600640,2026-06-28 12:13,2026-06-28 15:21,2026-06-28 17:27,HCM-Q1,WH-HCM-01,RC-DA441E,Nồi cơm,Cuckoo 1.8L,Asia,3,1016000,3048000,GHN,0,Đã giao
SHIP20260600641,PICK20260600641,SO20260600641,2026-06-13 10:46,2026-06-13 22:35,2026-06-14 12:47,BD-TDM,WH-BD-01,VC-BEE8C8,Máy hút bụi,Xiaomi G10,Asia,1,4049000,4049000,GrabExpress,0,Đã giao
SHIP20260600642,PICK20260600642,SO20260600642,2026-06-24 08:37,2026-06-24 17:06,2026-06-25 00:39,CT-NK,WH-CT-01,KT-5424BB,Ấm siêu tốc,Philips,Electrolux,3,375000,1125000,Nội bộ,0,Đã giao
SHIP20260600643,PICK20260600643,SO20260600643,2026-06-18 09:24,2026-06-18 11:16,2026-06-19 10:31,HCM-Q1,WH-HCM-01,RC-BFF843,Nồi cơm,Cuckoo 1.8L,Xiaomi,1,563000,563000,GrabExpress,120000,Hoàn tất
SHIP20260600644,PICK20260600644,SO20260600644,2026-06-03 17:10,2026-06-03 22:56,2026-06-05 00:54,HCM-Q1,WH-HCM-01,RC-E6B79E,Nồi cơm,Cuckoo 1.8L,Samsung,2,2924000,5848000,Ahamove,25000,Giao lại
SHIP20260600645,PICK20260600645,SO20260600645,2026-06-01 09:24,2026-06-01 19:10,2026-06-02 14:24,HCM-Q7,WH-HCM-02,AC-84F331,Máy lạnh,Mitsubishi 1.5HP,Daikin,2,15201000,30402000,GrabExpress,215000,Hoàn tất
SHIP20260600646,PICK20260600646,SO20260600646,2026-06-15 09:49,2026-06-15 22:20,2026-06-17 03:51,HCM-Q1,WH-HCM-01,KT-4D110F,Ấm siêu tốc,Kangaroo,Toshiba,3,202000,606000,Xe tải thuê ngoài,25000,Đã giao
SHIP20260600647,PICK20260600647,SO20260600647,2026-06-06 12:45,2026-06-06 18:44,2026-06-07 13:04,HCM-Q1,WH-HCM-01,MW-9A4EF9,Lò vi sóng,Panasonic 25L,Sharp,3,2020000,6060000,Ahamove,65000,Đã giao
SHIP20260600648,PICK20260600648,SO20260600648,2026-06-11 19:58,2026-06-12 13:36,2026-06-13 00:10,HCM-TB,WH-HCM-03,BL-DF2EF5,Máy xay,Sunhouse Blender,LG,2,953000,1906000,GHN,35000,Giao lại
SHIP20260600649,PICK20260600649,SO20260600649,2026-06-19 18:25,2026-06-19 23:18,2026-06-21 11:45,HCM-TB,WH-HCM-03,MW-D62048,Lò vi sóng,Panasonic 25L,Xiaomi,3,1998000,5994000,Ahamove,0,Đã giao
SHIP20260600650,PICK20260600650,SO20260600650,2026-06-14 08:23,2026-06-14 11:47,2026-06-15 07:46,CT-NK,WH-CT-01,RC-443576,Nồi cơm,Sharp 1.8L,Asia,1,2457000,2457000,GrabExpress,90000,Giao lại
SHIP20260600651,PICK20260600651,SO20260600651,2026-06-06 12:56,2026-06-06 21:07,2026-06-08 07:21,HCM-Q7,WH-HCM-02,TV-BD30D1,TV,"TCL 50""",Asia,1,26351000,26351000,GrabExpress,225000,Đã giao
SHIP20260600652,PICK20260600652,SO20260600652,2026-06-30 13:45,2026-06-30 23:26,2026-07-01 19:27,CT-NK,WH-CT-01,FN-E6A9CC,Quạt,Panasonic,Asia,3,471000,1413000,Ahamove,25000,Đã giao
SHIP20260600653,PICK20260600653,SO20260600653,2026-06-05 18:03,2026-06-06 03:32,2026-06-06 15:36,BD-TDM,WH-BD-01,RC-F33CDE,Nồi cơm,Panasonic 1.8L,Senko,1,2381000,2381000,Xe tải thuê ngoài,25000,Đã giao
SHIP20260600654,PICK20260600654,SO20260600654,2026-06-04 11:00,2026-06-04 23:30,2026-06-06 07:29,HCM-Q7,WH-HCM-02,AC-CDA7DE,Máy lạnh,Daikin 1HP,Electrolux,3,6571000,19713000,Nội bộ,115000,Giao lại
SHIP20260600655,PICK20260600655,SO20260600655,2026-06-29 11:41,2026-06-30 06:07,2026-07-01 04:48,HCM-Q7,WH-HCM-02,TV-24D9E9,TV,"Samsung 55"" 4K",Panasonic,2,26747000,53494000,GHN,270000,Giao lại
SHIP20260600656,PICK20260600656,SO20260600656,2026-06-25 16:05,2026-06-26 01:42,2026-06-26 09:27,HCM-TB,WH-HCM-03,WM-565F25,Máy giặt,Samsung 10kg,Daikin,2,5097000,10194000,Ahamove,25000,Giao lại
SHIP20260600657,PICK20260600657,SO20260600657,2026-06-16 12:10,2026-06-17 04:43,2026-06-17 17:18,CT-NK,WH-CT-01,FN-077AB7,Quạt,Panasonic,Samsung,1,1038000,1038000,Xe tải thuê ngoài,25000,Đã giao
SHIP20260600658,PICK20260600658,SO20260600658,2026-06-11 20:01,2026-06-12 05:55,2026-06-13 00:07,BD-TDM,WH-BD-01,AC-E7C43D,Máy lạnh,Panasonic 1.5HP,Casper,3,14412000,43236000,Nội bộ,215000,Giao lại
SHIP20260600659,PICK20260600659,SO20260600659,2026-06-05 16:17,2026-06-06 06:37,2026-06-06 11:56,HN-HBT,WH-HN-02,VC-2544A1,Máy hút bụi,Dyson V8,Cuckoo,1,7092000,7092000,GrabExpress,25000,Đã giao
SHIP20260600660,PICK20260600660,SO20260600660,2026-06-25 16:46,2026-06-26 03:38,2026-06-26 08:17,DN-HC,WH-DN-01,KT-E61198,Ấm siêu tốc,Philips,Daikin,2,254000,508000,Nội bộ,35000,Hoàn tất
SHIP20260600661,PICK20260600661,SO20260600661,2026-06-24 09:38,2026-06-24 16:39,2026-06-25 01:25,CT-NK,WH-CT-01,MW-21A949,Lò vi sóng,Panasonic 25L,Cuckoo,1,3647000,3647000,Nội bộ,65000,Đã giao
SHIP20260600662,PICK20260600662,SO20260600662,2026-06-11 12:09,2026-06-11 17:05,2026-06-12 18:32,HCM-Q1,WH-HCM-01,RC-53400C,Nồi cơm,Panasonic 1.8L,Aqua,1,1635000,1635000,GrabExpress,45000,Giao lại
SHIP20260600663,PICK20260600663,SO20260600663,2026-06-10 08:37,2026-06-10 23:32,2026-06-11 14:07,HN-HBT,WH-HN-02,MW-8E4E78,Lò vi sóng,Panasonic 25L,Casper,1,1725000,1725000,Nội bộ,25000,Đã giao
SHIP20260600664,PICK20260600664,SO20260600664,2026-06-08 13:55,2026-06-08 22:07,2026-06-09 09:52,HCM-Q7,WH-HCM-02,RC-CA9512,Nồi cơm,Sharp 1.8L,Philips,3,2073000,6219000,Ahamove,25000,Hoàn tất
SHIP20260600665,PICK20260600665,SO20260600665,2026-06-21 12:17,2026-06-21 13:47,2026-06-22 06:49,DN-HC,WH-DN-01,TV-41AACD,TV,"Samsung 55"" 4K",Daikin,1,15272000,15272000,Xe tải thuê ngoài,180000,Đã giao
SHIP20260600666,PICK20260600666,SO20260600666,2026-06-21 12:45,2026-06-22 05:21,2026-06-23 13:50,HCM-Q7,WH-HCM-02,VC-D86280,Máy hút bụi,Philips FC,Mitsubishi,1,7596000,7596000,GHN,35000,Đã giao
SHIP20260600667,PICK20260600667,SO20260600667,2026-06-01 16:42,2026-06-02 11:18,2026-06-02 16:10,BD-TDM,WH-BD-01,RC-BCC6AD,Nồi cơm,Panasonic 1.8L,Sharp,3,1688000,5064000,GrabExpress,25000,Giao lại
SHIP20260600668,PICK20260600668,SO20260600668,2026-06-26 18:31,2026-06-27 08:26,2026-06-28 21:05,HN-HBT,WH-HN-02,FN-C43CC3,Quạt,Senko,Electrolux,2,809000,1618000,Nội bộ,45000,Đã giao
SHIP20260600669,PICK20260600669,SO20260600669,2026-06-23 11:58,2026-06-24 03:28,2026-06-25 12:37,HN-CG,WH-HN-01,VC-852D6B,Máy hút bụi,Philips FC,Sunhouse,1,4375000,4375000,Xe tải thuê ngoài,120000,Đã giao
SHIP20260600670,PICK20260600670,SO20260600670,2026-06-04 11:26,2026-06-05 02:51,2026-06-06 03:03,HN-HBT,WH-HN-02,BL-267545,Máy xay,Panasonic Blender,Cuckoo,2,1501000,3002000,GrabExpress,90000,Giao lại
SHIP20260600671,PICK20260600671,SO20260600671,2026-06-06 12:46,2026-06-07 04:46,2026-06-08 14:50,HCM-Q7,WH-HCM-02,MW-062948,Lò vi sóng,Sharp 20L,Cuckoo,2,3386000,6772000,Nội bộ,25000,Hoàn tất
SHIP20260600672,PICK20260600672,SO20260600672,2026-06-03 14:47,2026-06-04 06:53,2026-06-05 14:24,HCM-Q1,WH-HCM-01,BL-F15989,Máy xay,Philips Blender,Samsung,2,1802000,3604000,Xe tải thuê ngoài,45000,Đã giao
SHIP20260600673,PICK20260600673,SO20260600673,2026-06-29 13:41,2026-06-30 00:54,2026-06-30 08:05,HCM-Q1,WH-HCM-01,VC-7AF11E,Máy hút bụi,Philips FC,Panasonic,3,3593000,10779000,Ahamove,115000,Đã giao
SHIP20260600674,PICK20260600674,SO20260600674,2026-06-20 12:02,2026-06-20 17:53,2026-06-21 22:15,HCM-Q1,WH-HCM-01,RF-3465A9,Tủ lạnh,Aqua 250L,Samsung,2,15983000,31966000,GHN,120000,Giao lại
SHIP20260600675,PICK20260600675,SO20260600675,2026-06-05 11:07,2026-06-05 22:38,2026-06-07 11:31,HCM-TB,WH-HCM-03,BL-A0575F,Máy xay,Sunhouse Blender,Sunhouse,1,473000,473000,GHN,65000,Đã giao
SHIP20260600676,PICK20260600676,SO20260600676,2026-06-14 18:26,2026-06-15 09:04,2026-06-16 02:21,CT-NK,WH-CT-01,MW-2896A4,Lò vi sóng,Sharp 20L,Panasonic,1,3656000,3656000,Ahamove,120000,Đã giao
SHIP20260600677,PICK20260600677,SO20260600677,2026-06-23 18:53,2026-06-24 04:00,2026-06-24 08:50,CT-NK,WH-CT-01,VC-4F893C,Máy hút bụi,Dyson V8,Daikin,1,1865000,1865000,Ahamove,0,Hoàn tất
SHIP20260600678,PICK20260600678,SO20260600678,2026-06-03 10:31,2026-06-04 03:07,2026-06-04 09:53,BD-TDM,WH-BD-01,WM-0EC5E7,Máy giặt,Toshiba 9kg,Sony,1,9947000,9947000,Nội bộ,0,Hoàn tất
SHIP20260600679,PICK20260600679,SO20260600679,2026-06-06 17:06,2026-06-07 00:32,2026-06-07 17:17,DN-HC,WH-DN-01,WM-758BD9,Máy giặt,Panasonic 8.5kg,Xiaomi,3,6686000,20058000,GrabExpress,80000,Đã giao
SHIP20260600680,PICK20260600680,SO20260600680,2026-06-11 16:46,2026-06-11 18:45,2026-06-12 07:04,CT-NK,WH-CT-01,KT-25E86C,Ấm siêu tốc,Philips,Sharp,2,327000,654000,GHN,45000,Hoàn tất
SHIP20260600681,PICK20260600681,SO20260600681,2026-06-22 09:54,2026-06-22 12:37,2026-06-23 13:36,CT-NK,WH-CT-01,WM-B66625,Máy giặt,Panasonic 8.5kg,Sony,1,7607000,7607000,Nội bộ,90000,Đã giao
SHIP20260600682,PICK20260600682,SO20260600682,2026-06-25 15:01,2026-06-25 17:17,2026-06-26 16:50,HN-CG,WH-HN-01,KT-2ABC39,Ấm siêu tốc,Kangaroo,Mitsubishi,2,329000,658000,Nội bộ,120000,Đã giao
SHIP20260600683,PICK20260600683,SO20260600683,2026-06-05 13:46,2026-06-05 21:24,2026-06-06 10:26,HN-CG,WH-HN-01,BL-6730F4,Máy xay,Panasonic Blender,Sharp,3,1834000,5502000,Nội bộ,35000,Đã giao
SHIP20260600684,PICK20260600684,SO20260600684,2026-06-09 11:20,2026-06-09 16:58,2026-06-10 12:35,HCM-Q7,WH-HCM-02,MW-7ABF96,Lò vi sóng,Electrolux 23L,Panasonic,1,3604000,3604000,Ahamove,25000,Đã giao
SHIP20260600685,PICK20260600685,SO20260600685,2026-06-08 18:37,2026-06-08 20:09,2026-06-08 22:40,BD-TDM,WH-BD-01,FN-1B187A,Quạt,Panasonic,Panasonic,1,1246000,1246000,Ahamove,65000,Đã giao
SHIP20260600686,PICK20260600686,SO20260600686,2026-06-18 08:28,2026-06-18 23:51,2026-06-19 12:56,HN-CG,WH-HN-01,RF-D3E578,Tủ lạnh,LG 420L,Xiaomi,1,17642000,17642000,Xe tải thuê ngoài,245000,Đã giao
SHIP20260600687,PICK20260600687,SO20260600687,2026-06-11 15:04,2026-06-12 02:10,2026-06-12 12:17,HCM-TB,WH-HCM-03,WM-0D19E6,Máy giặt,Toshiba 9kg,Samsung,2,10404000,20808000,Xe tải thuê ngoài,115000,Đã giao
SHIP20260600688,PICK20260600688,SO20260600688,2026-06-30 13:45,2026-07-01 06:07,2026-07-02 10:17,DN-HC,WH-DN-01,TV-6DF2DA,TV,"TCL 50""",Electrolux,1,24413000,24413000,Ahamove,225000,Đã giao
SHIP20260600689,PICK20260600689,SO20260600689,2026-06-05 10:44,2026-06-05 23:46,2026-06-06 23:06,HN-CG,WH-HN-01,TV-367380,TV,"Sony 65""",Sharp,3,27066000,81198000,GHN,120000,Giao lại
SHIP20260600690,PICK20260600690,SO20260600690,2026-06-23 10:09,2026-06-23 23:48,2026-06-24 13:47,DN-HC,WH-DN-01,AC-CDA7DE,Máy lạnh,Daikin 1HP,Electrolux,3,13901000,41703000,GrabExpress,210000,Đã giao
SHIP20260600691,PICK20260600691,SO20260600691,2026-06-07 18:42,2026-06-08 07:31,2026-06-09 13:18,HCM-TB,WH-HCM-03,BL-14DC96,Máy xay,Sunhouse Blender,Sony,1,1277000,1277000,Xe tải thuê ngoài,120000,Đã giao
SHIP20260600692,PICK20260600692,SO20260600692,2026-06-13 20:44,2026-06-14 07:12,2026-06-14 16:33,HN-HBT,WH-HN-02,BL-63B96E,Máy xay,Panasonic Blender,Panasonic,3,1761000,5283000,GHN,120000,Đã giao
SHIP20260600693,PICK20260600693,SO20260600693,2026-06-30 10:31,2026-06-30 22:54,2026-07-01 20:23,HCM-Q1,WH-HCM-01,TV-3F699A,TV,LG OLED 48,Aqua,3,13382000,40146000,Xe tải thuê ngoài,120000,Đã giao
SHIP20260600694,PICK20260600694,SO20260600694,2026-06-09 10:34,2026-06-09 21:21,2026-06-10 16:51,DN-HC,WH-DN-01,MW-B116A2,Lò vi sóng,Panasonic 25L,Senko,2,3505000,7010000,GHN,90000,Đã giao
SHIP20260600695,PICK20260600695,SO20260600695,2026-06-25 09:39,2026-06-26 04:02,2026-06-26 18:53,HCM-TB,WH-HCM-03,RC-16E175,Nồi cơm,Cuckoo 1.8L,Panasonic,2,511000,1022000,Nội bộ,0,Đã giao
SHIP20260600696,PICK20260600696,SO20260600696,2026-06-30 13:18,2026-06-30 14:44,2026-07-01 18:36,DN-HC,WH-DN-01,RC-BCC6AD,Nồi cơm,Panasonic 1.8L,Sharp,3,546000,1638000,GrabExpress,90000,Đã giao
SHIP20260600697,PICK20260600697,SO20260600697,2026-06-15 09:14,2026-06-16 03:20,2026-06-17 02:03,HN-HBT,WH-HN-02,RC-443576,Nồi cơm,Sharp 1.8L,Asia,2,1525000,3050000,Xe tải thuê ngoài,120000,Đã giao
SHIP20260600698,PICK20260600698,SO20260600698,2026-06-10 17:35,2026-06-11 00:05,2026-06-11 20:00,CT-NK,WH-CT-01,VC-DE537A,Máy hút bụi,Dyson V8,Electrolux,3,1603000,4809000,Nội bộ,45000,Đã giao
SHIP20260600699,PICK20260600699,SO20260600699,2026-06-23 17:53,2026-06-23 21:18,2026-06-24 12:01,HN-CG,WH-HN-01,RC-5D6078,Nồi cơm,Cuckoo 1.8L,Sunhouse,2,1978000,3956000,Nội bộ,90000,Giao lại
SHIP20260600700,PICK20260600700,SO20260600700,2026-06-19 10:04,2026-06-19 23:39,2026-06-21 01:33,HN-HBT,WH-HN-02,MW-E7A58E,Lò vi sóng,Panasonic 25L,Philips,1,3780000,3780000,Xe tải thuê ngoài,65000,Giao lại
SHIP20260600701,PICK20260600701,SO20260600701,2026-06-16 09:45,2026-06-16 21:56,2026-06-17 18:57,HCM-Q1,WH-HCM-01,FN-04019E,Quạt,Senko,Philips,1,525000,525000,GrabExpress,90000,Hoàn tất
SHIP20260600702,PICK20260600702,SO20260600702,2026-06-16 17:57,2026-06-17 02:49,2026-06-17 05:44,HCM-TB,WH-HCM-03,AC-4EC148,Máy lạnh,Mitsubishi 1.5HP,Toshiba,2,10978000,21956000,Nội bộ,245000,Đã giao
SHIP20260600703,PICK20260600703,SO20260600703,2026-06-16 19:17,2026-06-17 09:38,2026-06-17 17:59,DN-HC,WH-DN-01,RC-DFEBAA,Nồi cơm,Sharp 1.8L,LG,3,969000,2907000,Nội bộ,120000,Đã giao
SHIP20260600704,PICK20260600704,SO20260600704,2026-06-21 09:21,2026-06-22 00:18,2026-06-22 18:41,BD-TDM,WH-BD-01,RC-DBD450,Nồi cơm,Cuckoo 1.8L,Senko,1,1678000,1678000,Nội bộ,0,Hoàn tất
SHIP20260600705,PICK20260600705,SO20260600705,2026-06-19 18:34,2026-06-19 20:16,2026-06-21 04:35,HCM-Q7,WH-HCM-02,FN-896DEA,Quạt,Asia,Senko,2,611000,1222000,Xe tải thuê ngoài,35000,Đã giao
SHIP20260600706,PICK20260600706,SO20260600706,2026-06-29 12:17,2026-06-29 14:48,2026-06-30 16:07,HCM-TB,WH-HCM-03,MW-4F3182,Lò vi sóng,Panasonic 25L,Daikin,1,809000,809000,GrabExpress,65000,Giao lại
SHIP20260600707,PICK20260600707,SO20260600707,2026-06-14 10:59,2026-06-15 03:03,2026-06-15 21:32,DN-HC,WH-DN-01,RC-D51252,Nồi cơm,Sharp 1.8L,Daikin,3,2576000,7728000,GHN,35000,Hoàn tất
SHIP20260600708,PICK20260600708,SO20260600708,2026-06-26 17:01,2026-06-27 08:17,2026-06-28 09:24,HCM-Q1,WH-HCM-01,AC-029767,Máy lạnh,Daikin 1HP,Sunhouse,3,11362000,34086000,GrabExpress,225000,Đã giao
SHIP20260600709,PICK20260600709,SO20260600709,2026-06-02 11:57,2026-06-02 19:31,2026-06-04 03:44,HCM-Q7,WH-HCM-02,MW-73FD95,Lò vi sóng,Sharp 20L,Asia,1,2308000,2308000,GrabExpress,90000,Đã giao
SHIP20260600710,PICK20260600710,SO20260600710,2026-06-11 11:38,2026-06-11 17:30,2026-06-12 09:14,HCM-Q7,WH-HCM-02,WM-B2AB72,Máy giặt,Toshiba 9kg,Casper,2,12427000,24854000,GHN,165000,Đã giao
SHIP20260600711,PICK20260600711,SO20260600711,2026-06-16 12:15,2026-06-17 03:31,2026-06-18 01:08,HN-CG,WH-HN-01,RF-BF179F,Tủ lạnh,Aqua 250L,Sunhouse,2,17724000,35448000,Nội bộ,105000,Hoàn tất
SHIP20260600712,PICK20260600712,SO20260600712,2026-06-18 17:08,2026-06-19 07:41,2026-06-19 10:03,HCM-Q1,WH-HCM-01,RC-7B93E8,Nồi cơm,Cuckoo 1.8L,Sharp,1,818000,818000,GrabExpress,35000,Đã giao
SHIP20260600713,PICK20260600713,SO20260600713,2026-06-01 08:28,2026-06-01 16:56,2026-06-02 22:15,CT-NK,WH-CT-01,KT-930F94,Ấm siêu tốc,Philips,Sony,2,220000,440000,Xe tải thuê ngoài,120000,Đã giao
SHIP20260600714,PICK20260600714,SO20260600714,2026-06-06 13:11,2026-06-07 02:27,2026-06-08 10:41,HCM-Q1,WH-HCM-01,MW-33B2FE,Lò vi sóng,Electrolux 23L,Samsung,3,2312000,6936000,GHN,90000,Đã giao
SHIP20260600715,PICK20260600715,SO20260600715,2026-06-02 11:26,2026-06-03 04:32,2026-06-03 12:02,HN-HBT,WH-HN-02,VC-110A19,Máy hút bụi,Philips FC,Philips,1,3879000,3879000,Nội bộ,120000,Hoàn tất
SHIP20260600716,PICK20260600716,SO20260600716,2026-06-13 16:22,2026-06-14 08:10,2026-06-15 08:46,HCM-Q7,WH-HCM-02,AC-84F331,Máy lạnh,Mitsubishi 1.5HP,Daikin,3,14162000,42486000,Ahamove,245000,Hoàn tất
SHIP20260600717,PICK20260600717,SO20260600717,2026-06-27 13:10,2026-06-27 20:00,2026-06-28 07:58,HCM-Q7,WH-HCM-02,RC-53400C,Nồi cơm,Panasonic 1.8L,Aqua,1,1485000,1485000,Xe tải thuê ngoài,65000,Giao lại
SHIP20260600718,PICK20260600718,SO20260600718,2026-06-26 19:27,2026-06-27 12:17,2026-06-28 20:17,HN-CG,WH-HN-01,VC-4BDADC,Máy hút bụi,Philips FC,Electrolux,2,6689000,13378000,Nội bộ,120000,Giao lại
SHIP20260600719,PICK20260600719,SO20260600719,2026-06-12 19:44,2026-06-13 08:29,2026-06-14 04:38,HN-HBT,WH-HN-02,BL-848064,Máy xay,Sunhouse Blender,Xiaomi,1,2024000,2024000,GrabExpress,35000,Đã giao
SHIP20260600720,PICK20260600720,SO20260600720,2026-06-18 20:05,2026-06-19 08:06,2026-06-20 11:16,HCM-Q1,WH-HCM-01,VC-354E06,Máy hút bụi,Dyson V8,Senko,2,2652000,5304000,GHN,90000,Đã giao
SHIP20260600721,PICK20260600721,SO20260600721,2026-06-19 20:44,2026-06-20 08:44,2026-06-21 13:22,CT-NK,WH-CT-01,WM-345051,Máy giặt,LG 9kg,Senko,2,4369000,8738000,Ahamove,120000,Hoàn tất
SHIP20260600722,PICK20260600722,SO20260600722,2026-06-21 16:29,2026-06-22 07:13,2026-06-23 10:18,DN-HC,WH-DN-01,MW-278BC7,Lò vi sóng,Electrolux 23L,Mitsubishi,1,1338000,1338000,GrabExpress,65000,Đã giao
SHIP20260600723,PICK20260600723,SO20260600723,2026-06-04 20:20,2026-06-04 22:35,2026-06-05 16:11,HCM-Q1,WH-HCM-01,WM-AD6A90,Máy giặt,Panasonic 8.5kg,Electrolux,1,12490000,12490000,GHN,35000,Đã giao
SHIP20260600724,PICK20260600724,SO20260600724,2026-06-03 13:48,2026-06-03 17:27,2026-06-04 05:54,BD-TDM,WH-BD-01,AC-9D4B2B,Máy lạnh,Mitsubishi 1.5HP,Sony,3,15010000,45030000,Nội bộ,240000,Giao lại
SHIP20260600725,PICK20260600725,SO20260600725,2026-06-05 14:25,2026-06-05 18:00,2026-06-07 01:55,HN-HBT,WH-HN-02,WM-4F93AF,Máy giặt,LG 9kg,Sunhouse,3,13275000,39825000,GrabExpress,155000,Đã giao
SHIP20260600726,PICK20260600726,SO20260600726,2026-06-27 14:14,2026-06-28 07:48,2026-06-29 00:05,HN-HBT,WH-HN-02,TV-3277C5,TV,"TCL 50""",Cuckoo,2,26894000,53788000,Xe tải thuê ngoài,105000,Đã giao
SHIP20260600727,PICK20260600727,SO20260600727,2026-06-10 12:34,2026-06-10 18:19,2026-06-11 19:59,HCM-Q7,WH-HCM-02,RF-7AFE5C,Tủ lạnh,LG 420L,Electrolux,2,16356000,32712000,GHN,180000,Giao lại
SHIP20260600728,PICK20260600728,SO20260600728,2026-06-05 14:04,2026-06-06 02:13,2026-06-06 08:58,DN-HC,WH-DN-01,TV-65942A,TV,"Sony 65""",Toshiba,1,8954000,8954000,Ahamove,25000,Đã giao
SHIP20260600729,PICK20260600729,SO20260600729,2026-06-30 20:50,2026-07-01 01:51,2026-07-01 19:45,CT-NK,WH-CT-01,RF-742B7E,Tủ lạnh,Samsung Inverter 350L,Asia,2,12223000,24446000,Xe tải thuê ngoài,225000,Hoàn tất
SHIP20260600730,PICK20260600730,SO20260600730,2026-06-03 20:41,2026-06-04 00:51,2026-06-04 04:57,HN-HBT,WH-HN-02,FN-7632BC,Quạt,Asia,Panasonic,1,621000,621000,Nội bộ,120000,Hoàn tất
SHIP20260600731,PICK20260600731,SO20260600731,2026-06-23 12:45,2026-06-23 19:42,2026-06-25 05:43,CT-NK,WH-CT-01,VC-A4DECF,Máy hút bụi,Dyson V8,Mitsubishi,3,1857000,5571000,GHN,45000,Đã giao
SHIP20260600732,PICK20260600732,SO20260600732,2026-06-27 19:49,2026-06-28 08:25,2026-06-28 14:57,HCM-Q1,WH-HCM-01,AC-076657,Máy lạnh,Mitsubishi 1.5HP,Xiaomi,1,7727000,7727000,GHN,0,Đã giao
SHIP20260600733,PICK20260600733,SO20260600733,2026-06-05 18:49,2026-06-05 21:12,2026-06-06 07:41,CT-NK,WH-CT-01,RC-7604F1,Nồi cơm,Sunhouse 1.2L,Daikin,1,2413000,2413000,Ahamove,35000,Giao lại
SHIP20260600734,PICK20260600734,SO20260600734,2026-06-27 18:31,2026-06-28 00:44,2026-06-29 13:05,CT-NK,WH-CT-01,AC-3E9D78,Máy lạnh,Mitsubishi 1.5HP,Electrolux,2,10828000,21656000,Nội bộ,80000,Hoàn tất
SHIP20260600735,PICK20260600735,SO20260600735,2026-06-08 16:11,2026-06-09 02:22,2026-06-10 07:26,HN-CG,WH-HN-01,AC-CBBDDE,Máy lạnh,Panasonic 1.5HP,Sharp,2,7565000,15130000,Xe tải thuê ngoài,215000,Giao lại
SHIP20260600736,PICK20260600736,SO20260600736,2026-06-30 11:53,2026-06-30 21:34,2026-07-02 01:00,HCM-Q1,WH-HCM-01,KT-697052,Ấm siêu tốc,Sunhouse,Samsung,2,189000,378000,GrabExpress,35000,Đã giao
SHIP20260600737,PICK20260600737,SO20260600737,2026-06-18 11:42,2026-06-18 13:35,2026-06-18 17:43,HN-HBT,WH-HN-02,BL-08E06D,Máy xay,Philips Blender,Casper,3,887000,2661000,Nội bộ,65000,Đã giao
SHIP20260600738,PICK20260600738,SO20260600738,2026-06-06 20:06,2026-06-07 13:37,2026-06-07 18:56,DN-HC,WH-DN-01,BL-2439D2,Máy xay,Philips Blender,Sony,1,1656000,1656000,GrabExpress,120000,Đã giao
SHIP20260600739,PICK20260600739,SO20260600739,2026-06-07 08:42,2026-06-07 19:09,2026-06-09 02:48,HCM-Q1,WH-HCM-01,TV-249EF8,TV,"Samsung 55"" 4K",Samsung,1,16817000,16817000,GHN,155000,Đã giao
SHIP20260600740,PICK20260600740,SO20260600740,2026-06-04 15:47,2026-06-04 18:05,2026-06-05 10:15,HCM-Q7,WH-HCM-02,TV-92EE57,TV,LG OLED 48,LG,3,9447000,28341000,Xe tải thuê ngoài,145000,Đã giao
SHIP20260600741,PICK20260600741,SO20260600741,2026-06-18 18:37,2026-06-19 04:47,2026-06-19 16:17,HN-CG,WH-HN-01,AC-F05394,Máy lạnh,Casper 1HP,Cuckoo,2,10899000,21798000,GrabExpress,170000,Hoàn tất
SHIP20260600742,PICK20260600742,SO20260600742,2026-06-09 11:21,2026-06-10 00:41,2026-06-10 03:41,HN-CG,WH-HN-01,AC-462093,Máy lạnh,Casper 1HP,Daikin,1,11119000,11119000,GrabExpress,65000,Hoàn tất
SHIP20260600743,PICK20260600743,SO20260600743,2026-06-23 19:21,2026-06-24 02:02,2026-06-25 03:27,BD-TDM,WH-BD-01,AC-9D4B2B,Máy lạnh,Mitsubishi 1.5HP,Sony,3,15244000,45732000,Xe tải thuê ngoài,205000,Đã giao
SHIP20260600744,PICK20260600744,SO20260600744,2026-06-16 16:18,2026-06-16 21:10,2026-06-18 08:09,HN-HBT,WH-HN-02,RC-443576,Nồi cơm,Sharp 1.8L,Asia,1,1234000,1234000,GHN,120000,Đã giao
SHIP20260600745,PICK20260600745,SO20260600745,2026-06-11 18:54,2026-06-12 11:59,2026-06-13 16:06,CT-NK,WH-CT-01,VC-BEE8C8,Máy hút bụi,Xiaomi G10,Asia,3,2191000,6573000,GHN,45000,Đã giao
SHIP20260600746,PICK20260600746,SO20260600746,2026-06-10 11:57,2026-06-11 04:58,2026-06-12 00:17,HN-CG,WH-HN-01,TV-AAC019,TV,"Sony 65""",Sunhouse,1,6762000,6762000,GHN,65000,Đã giao
SHIP20260600747,PICK20260600747,SO20260600747,2026-06-14 09:04,2026-06-14 16:11,2026-06-15 17:15,HCM-TB,WH-HCM-03,RF-309876,Tủ lạnh,Aqua 250L,LG,2,17627000,35254000,Nội bộ,210000,Hoàn tất
SHIP20260600748,PICK20260600748,SO20260600748,2026-06-10 12:52,2026-06-10 15:33,2026-06-11 03:46,HCM-Q7,WH-HCM-02,MW-E7A58E,Lò vi sóng,Panasonic 25L,Philips,2,1400000,2800000,GHN,45000,Đã giao
SHIP20260600749,PICK20260600749,SO20260600749,2026-06-06 08:19,2026-06-06 18:12,2026-06-08 06:38,HCM-Q1,WH-HCM-01,FN-422F6A,Quạt,Senko,Sharp,1,700000,700000,GHN,45000,Đã giao
SHIP20260600750,PICK20260600750,SO20260600750,2026-06-13 11:42,2026-06-13 14:48,2026-06-14 14:11,HCM-TB,WH-HCM-03,MW-F2FBBA,Lò vi sóng,Panasonic 25L,Sunhouse,3,3614000,10842000,Nội bộ,65000,Giao lại
SHIP20260600751,PICK20260600751,SO20260600751,2026-06-04 12:39,2026-06-04 17:24,2026-06-06 01:09,DN-HC,WH-DN-01,VC-2D4AC5,Máy hút bụi,Philips FC,Toshiba,1,7794000,7794000,GHN,90000,Đã giao
SHIP20260600752,PICK20260600752,SO20260600752,2026-06-08 14:17,2026-06-09 00:26,2026-06-09 08:45,HCM-TB,WH-HCM-03,MW-03CA06,Lò vi sóng,Electrolux 23L,Aqua,1,1650000,1650000,Ahamove,25000,Hoàn tất
SHIP20260600753,PICK20260600753,SO20260600753,2026-06-22 18:11,2026-06-23 03:26,2026-06-23 21:23,CT-NK,WH-CT-01,BL-14DC96,Máy xay,Sunhouse Blender,Sony,2,858000,1716000,Ahamove,35000,Đã giao
SHIP20260600754,PICK20260600754,SO20260600754,2026-06-11 18:49,2026-06-11 22:39,2026-06-12 02:15,HCM-TB,WH-HCM-03,RC-4E5AAE,Nồi cơm,Panasonic 1.8L,Sony,2,949000,1898000,Nội bộ,65000,Giao lại
SHIP20260600755,PICK20260600755,SO20260600755,2026-06-21 16:44,2026-06-22 03:17,2026-06-23 05:26,HN-HBT,WH-HN-02,VC-852D6B,Máy hút bụi,Philips FC,Sunhouse,3,7425000,22275000,Xe tải thuê ngoài,145000,Đã giao
SHIP20260600756,PICK20260600756,SO20260600756,2026-06-24 12:35,2026-06-25 05:13,2026-06-26 16:35,DN-HC,WH-DN-01,WM-911CBD,Máy giặt,LG 9kg,Cuckoo,3,3769000,11307000,GHN,0,Đã giao
SHIP20260600757,PICK20260600757,SO20260600757,2026-06-24 12:17,2026-06-24 21:36,2026-06-26 09:14,HCM-TB,WH-HCM-03,VC-F4F02F,Máy hút bụi,Xiaomi G10,Senko,3,4798000,14394000,Xe tải thuê ngoài,145000,Đã giao
SHIP20260600758,PICK20260600758,SO20260600758,2026-06-11 12:58,2026-06-12 04:25,2026-06-12 07:00,HN-CG,WH-HN-01,BL-E21F60,Máy xay,Philips Blender,Electrolux,2,1885000,3770000,GrabExpress,120000,Đã giao
SHIP20260600759,PICK20260600759,SO20260600759,2026-06-30 12:21,2026-06-30 23:31,2026-07-01 12:52,BD-TDM,WH-BD-01,BL-14DC96,Máy xay,Sunhouse Blender,Sony,3,724000,2172000,Ahamove,90000,Đã giao
SHIP20260600760,PICK20260600760,SO20260600760,2026-06-12 13:48,2026-06-13 06:07,2026-06-13 22:28,BD-TDM,WH-BD-01,FN-310542,Quạt,Senko,Casper,1,904000,904000,Ahamove,35000,Hoàn tất
SHIP20260600761,PICK20260600761,SO20260600761,2026-06-15 16:00,2026-06-15 17:59,2026-06-16 04:29,BD-TDM,WH-BD-01,RF-8F66CC,Tủ lạnh,Aqua 250L,Xiaomi,3,8493000,25479000,GrabExpress,185000,Đã giao
SHIP20260600762,PICK20260600762,SO20260600762,2026-06-19 14:31,2026-06-20 04:29,2026-06-20 14:19,HN-CG,WH-HN-01,WM-F9045A,Máy giặt,LG 9kg,Casper,3,8072000,24216000,GHN,270000,Đã giao
SHIP20260600763,PICK20260600763,SO20260600763,2026-06-06 08:50,2026-06-06 11:12,2026-06-07 05:15,HN-CG,WH-HN-01,RF-742B7E,Tủ lạnh,Samsung Inverter 350L,Asia,2,20345000,40690000,Ahamove,155000,Đã giao
SHIP20260600764,PICK20260600764,SO20260600764,2026-06-09 19:18,2026-06-10 12:37,2026-06-11 20:44,BD-TDM,WH-BD-01,FN-5D5A92,Quạt,Asia,Casper,2,730000,1460000,Xe tải thuê ngoài,35000,Giao lại
SHIP20260600765,PICK20260600765,SO20260600765,2026-06-22 17:22,2026-06-23 02:53,2026-06-23 11:21,BD-TDM,WH-BD-01,RC-13DEBA,Nồi cơm,Panasonic 1.8L,Mitsubishi,3,1137000,3411000,Nội bộ,35000,Giao lại
SHIP20260600766,PICK20260600766,SO20260600766,2026-06-10 17:18,2026-06-11 05:24,2026-06-12 00:09,DN-HC,WH-DN-01,MW-807E15,Lò vi sóng,Panasonic 25L,Asia,1,3198000,3198000,Ahamove,35000,Hoàn tất
SHIP20260600767,PICK20260600767,SO20260600767,2026-06-16 13:54,2026-06-17 01:04,2026-06-17 07:10,HCM-Q1,WH-HCM-01,WM-B4B226,Máy giặt,Samsung 10kg,Electrolux,1,10180000,10180000,GHN,0,Giao lại
SHIP20260600768,PICK20260600768,SO20260600768,2026-06-21 11:52,2026-06-22 05:09,2026-06-22 18:59,HN-HBT,WH-HN-02,VC-90DAA9,Máy hút bụi,Dyson V8,Casper,2,5307000,10614000,Ahamove,65000,Giao lại
SHIP20260600769,PICK20260600769,SO20260600769,2026-06-04 14:31,2026-06-05 01:50,2026-06-05 03:50,BD-TDM,WH-BD-01,TV-3A9F5F,TV,LG OLED 48,Casper,3,29179000,87537000,Ahamove,120000,Đã giao
SHIP20260600770,PICK20260600770,SO20260600770,2026-06-26 20:31,2026-06-27 07:10,2026-06-28 13:25,HN-CG,WH-HN-01,FN-AEDFD9,Quạt,Panasonic,Sony,2,822000,1644000,GHN,35000,Đã giao
SHIP20260600771,PICK20260600771,SO20260600771,2026-06-08 20:17,2026-06-09 04:03,2026-06-09 15:28,HN-HBT,WH-HN-02,RC-7AB9A8,Nồi cơm,Panasonic 1.8L,Electrolux,1,2390000,2390000,Xe tải thuê ngoài,0,Giao lại
SHIP20260600772,PICK20260600772,SO20260600772,2026-06-01 12:02,2026-06-01 14:34,2026-06-01 19:18,HCM-Q7,WH-HCM-02,AC-F47F82,Máy lạnh,Panasonic 1.5HP,LG,1,9180000,9180000,Nội bộ,25000,Đã giao
SHIP20260600773,PICK20260600773,SO20260600773,2026-06-30 15:10,2026-06-30 19:06,2026-07-02 07:38,HCM-Q7,WH-HCM-02,AC-D7C5BD,Máy lạnh,Daikin 1HP,Daikin,3,12080000,36240000,Ahamove,215000,Đã giao
SHIP20260600774,PICK20260600774,SO20260600774,2026-06-30 09:10,2026-06-30 18:48,2026-07-02 02:57,HN-HBT,WH-HN-02,RC-120EAC,Nồi cơm,Sunhouse 1.2L,Sharp,1,1240000,1240000,Xe tải thuê ngoài,0,Giao lại
SHIP20260600775,PICK20260600775,SO20260600775,2026-06-21 13:20,2026-06-21 19:43,2026-06-23 04:57,BD-TDM,WH-BD-01,FN-05A833,Quạt,Asia,Aqua,2,499000,998000,Nội bộ,45000,Đã giao
SHIP20260600776,PICK20260600776,SO20260600776,2026-06-24 09:16,2026-06-25 00:59,2026-06-25 19:03,HN-CG,WH-HN-01,AC-190181,Máy lạnh,Mitsubishi 1.5HP,Sharp,3,14977000,44931000,GHN,270000,Hoàn tất
SHIP20260600777,PICK20260600777,SO20260600777,2026-06-06 11:12,2026-06-06 23:43,2026-06-07 12:15,HCM-TB,WH-HCM-03,RF-20BB5C,Tủ lạnh,Panasonic 300L,Sharp,2,7334000,14668000,Nội bộ,115000,Đã giao
SHIP20260600778,PICK20260600778,SO20260600778,2026-06-30 12:15,2026-06-30 19:29,2026-07-01 07:35,DN-HC,WH-DN-01,WM-911CBD,Máy giặt,LG 9kg,Cuckoo,1,9074000,9074000,GHN,65000,Đã giao
SHIP20260600779,PICK20260600779,SO20260600779,2026-06-27 16:44,2026-06-28 01:44,2026-06-28 08:14,BD-TDM,WH-BD-01,KT-A1D1DD,Ấm siêu tốc,Sunhouse,Senko,1,771000,771000,Ahamove,65000,Hoàn tất
SHIP20260600780,PICK20260600780,SO20260600780,2026-06-16 08:04,2026-06-16 20:06,2026-06-17 10:43,HN-HBT,WH-HN-02,VC-110A19,Máy hút bụi,Philips FC,Philips,1,5260000,5260000,Ahamove,0,Đã giao
SHIP20260600781,PICK20260600781,SO20260600781,2026-06-14 17:25,2026-06-15 10:16,2026-06-16 19:13,HCM-TB,WH-HCM-03,BL-86D7E5,Máy xay,Philips Blender,Aqua,1,481000,481000,Xe tải thuê ngoài,25000,Đã giao
SHIP20260600782,PICK20260600782,SO20260600782,2026-06-23 08:05,2026-06-23 12:54,2026-06-24 09:29,HN-HBT,WH-HN-02,AC-8636EE,Máy lạnh,Casper 1HP,Sony,1,5607000,5607000,Xe tải thuê ngoài,90000,Đã giao
SHIP20260600783,PICK20260600783,SO20260600783,2026-06-10 10:31,2026-06-10 14:06,2026-06-11 01:28,HCM-TB,WH-HCM-03,FN-230559,Quạt,Asia,Sharp,2,452000,904000,Xe tải thuê ngoài,90000,Đã giao
SHIP20260600784,PICK20260600784,SO20260600784,2026-06-19 09:50,2026-06-19 12:08,2026-06-20 14:27,BD-TDM,WH-BD-01,KT-4F7F55,Ấm siêu tốc,Sunhouse,Electrolux,1,933000,933000,Xe tải thuê ngoài,25000,Đã giao
SHIP20260600785,PICK20260600785,SO20260600785,2026-06-06 11:57,2026-06-06 19:34,2026-06-07 23:56,HCM-TB,WH-HCM-03,AC-A7840C,Máy lạnh,Mitsubishi 1.5HP,Panasonic,1,14008000,14008000,GrabExpress,125000,Đã giao
SHIP20260600786,PICK20260600786,SO20260600786,2026-06-07 12:49,2026-06-07 19:24,2026-06-07 23:41,HN-HBT,WH-HN-02,TV-3A3210,TV,LG OLED 48,Xiaomi,1,24867000,24867000,GHN,120000,Hoàn tất
SHIP20260600787,PICK20260600787,SO20260600787,2026-06-09 18:27,2026-06-09 19:54,2026-06-09 22:54,HN-CG,WH-HN-01,BL-E21F60,Máy xay,Philips Blender,Electrolux,1,825000,825000,Ahamove,45000,Đã giao
SHIP20260600788,PICK20260600788,SO20260600788,2026-06-23 18:39,2026-06-23 22:43,2026-06-25 09:55,HCM-Q7,WH-HCM-02,MW-9A4EF9,Lò vi sóng,Panasonic 25L,Sharp,1,2582000,2582000,Nội bộ,120000,Hoàn tất
SHIP20260600789,PICK20260600789,SO20260600789,2026-06-16 14:41,2026-06-16 20:20,2026-06-17 14:21,HCM-Q7,WH-HCM-02,BL-AB2BDE,Máy xay,Sunhouse Blender,Senko,3,1551000,4653000,Xe tải thuê ngoài,65000,Hoàn tất
SHIP20260600790,PICK20260600790,SO20260600790,2026-06-06 19:34,2026-06-07 11:19,2026-06-07 21:56,HN-CG,WH-HN-01,TV-BD30D1,TV,"TCL 50""",Asia,2,17852000,35704000,Ahamove,240000,Giao lại
SHIP20260600791,PICK20260600791,SO20260600791,2026-06-05 17:31,2026-06-05 18:33,2026-06-06 16:01,HN-HBT,WH-HN-02,KT-697052,Ấm siêu tốc,Sunhouse,Samsung,3,786000,2358000,GHN,90000,Đã giao
SHIP20260600792,PICK20260600792,SO20260600792,2026-06-14 17:59,2026-06-15 10:59,2026-06-16 15:22,HN-CG,WH-HN-01,VC-A1C900,Máy hút bụi,Philips FC,Xiaomi,2,8759000,17518000,GrabExpress,170000,Đã giao
SHIP20260600793,PICK20260600793,SO20260600793,2026-06-17 19:01,2026-06-18 03:13,2026-06-19 07:32,DN-HC,WH-DN-01,RF-6FD99B,Tủ lạnh,Panasonic 300L,Casper,1,4628000,4628000,Ahamove,65000,Đã giao
SHIP20260600794,PICK20260600794,SO20260600794,2026-06-16 16:47,2026-06-16 23:22,2026-06-18 04:53,HN-CG,WH-HN-01,BL-E1AB41,Máy xay,Sunhouse Blender,Casper,1,1184000,1184000,Nội bộ,45000,Đã giao
SHIP20260600795,PICK20260600795,SO20260600795,2026-06-17 08:08,2026-06-17 16:28,2026-06-18 21:20,HCM-Q1,WH-HCM-01,RF-8A361D,Tủ lạnh,Aqua 250L,Sharp,3,9056000,27168000,Ahamove,125000,Đã giao
SHIP20260600796,PICK20260600796,SO20260600796,2026-06-15 12:45,2026-06-16 05:41,2026-06-17 17:33,HN-HBT,WH-HN-02,FN-5AA0F8,Quạt,Senko,Cuckoo,3,670000,2010000,GrabExpress,0,Đã giao
SHIP20260600797,PICK20260600797,SO20260600797,2026-06-25 19:46,2026-06-26 05:24,2026-06-27 08:40,DN-HC,WH-DN-01,KT-A1D1DD,Ấm siêu tốc,Sunhouse,Senko,1,746000,746000,Nội bộ,35000,Hoàn tất
SHIP20260600798,PICK20260600798,SO20260600798,2026-06-27 16:19,2026-06-28 05:44,2026-06-28 22:53,HN-CG,WH-HN-01,VC-8877C5,Máy hút bụi,Philips FC,Daikin,1,2125000,2125000,Ahamove,90000,Hoàn tất
SHIP20260600799,PICK20260600799,SO20260600799,2026-06-06 09:16,2026-06-06 21:07,2026-06-07 15:00,HCM-TB,WH-HCM-03,WM-233DAD,Máy giặt,LG 9kg,Toshiba,2,8107000,16214000,Xe tải thuê ngoài,300000,Đã giao
SHIP20260600800,PICK20260600800,SO20260600800,2026-06-06 18:42,2026-06-07 13:28,2026-06-07 16:54,BD-TDM,WH-BD-01,VC-BEE8C8,Máy hút bụi,Xiaomi G10,Asia,1,8671000,8671000,GHN,120000,Hoàn tất
SHIP20260600801,PICK20260600801,SO20260600801,2026-06-10 16:38,2026-06-11 03:06,2026-06-11 06:20,HCM-Q1,WH-HCM-01,WM-B4B226,Máy giặt,Samsung 10kg,Electrolux,1,7796000,7796000,Ahamove,0,Đã giao
SHIP20260600802,PICK20260600802,SO20260600802,2026-06-18 20:46,2026-06-19 11:40,2026-06-19 21:44,HCM-TB,WH-HCM-03,RF-F64CD4,Tủ lạnh,Samsung Inverter 350L,Casper,1,14678000,14678000,GHN,185000,Đã giao
SHIP20260600803,PICK20260600803,SO20260600803,2026-06-30 19:47,2026-07-01 02:25,2026-07-02 04:32,HCM-Q1,WH-HCM-01,TV-A7F7B3,TV,"Sony 65""",Senko,3,24276000,72828000,Xe tải thuê ngoài,165000,Đã giao
SHIP20260600804,PICK20260600804,SO20260600804,2026-06-05 15:10,2026-06-05 21:47,2026-06-07 06:13,HN-HBT,WH-HN-02,AC-EA5153,Máy lạnh,Casper 1HP,Sunhouse,2,8196000,16392000,GrabExpress,185000,Đã giao
SHIP20260600805,PICK20260600805,SO20260600805,2026-06-25 15:24,2026-06-26 00:34,2026-06-26 03:01,BD-TDM,WH-BD-01,RF-BFD1C6,Tủ lạnh,Aqua 250L,Electrolux,3,18219000,54657000,Nội bộ,200000,Giao lại
SHIP20260600806,PICK20260600806,SO20260600806,2026-06-03 19:33,2026-06-03 23:05,2026-06-04 23:20,HCM-Q1,WH-HCM-01,AC-4E849A,Máy lạnh,Daikin 1HP,Philips,2,9558000,19116000,Nội bộ,245000,Hoàn tất
SHIP20260600807,PICK20260600807,SO20260600807,2026-06-12 13:43,2026-06-13 07:56,2026-06-13 21:29,BD-TDM,WH-BD-01,TV-7D99ED,TV,"Sony 65""",Philips,2,15932000,31864000,GHN,185000,Hoàn tất
SHIP20260600808,PICK20260600808,SO20260600808,2026-06-30 19:05,2026-07-01 00:47,2026-07-01 22:08,DN-HC,WH-DN-01,AC-F32BBC,Máy lạnh,Mitsubishi 1.5HP,Mitsubishi,3,15913000,47739000,GrabExpress,215000,Đã giao
SHIP20260600809,PICK20260600809,SO20260600809,2026-06-07 17:27,2026-06-08 11:39,2026-06-09 15:26,HCM-TB,WH-HCM-03,RC-666E15,Nồi cơm,Sunhouse 1.2L,Panasonic,2,543000,1086000,Xe tải thuê ngoài,65000,Giao lại
SHIP20260600810,PICK20260600810,SO20260600810,2026-06-07 13:00,2026-06-07 20:18,2026-06-08 08:39,CT-NK,WH-CT-01,KT-10A77D,Ấm siêu tốc,Philips,Philips,2,325000,650000,GrabExpress,65000,Giao lại
SHIP20260600811,PICK20260600811,SO20260600811,2026-06-05 08:55,2026-06-06 01:25,2026-06-06 12:55,HCM-Q7,WH-HCM-02,RC-A4D4BD,Nồi cơm,Sunhouse 1.2L,Cuckoo,2,859000,1718000,GHN,90000,Đã giao
SHIP20260600812,PICK20260600812,SO20260600812,2026-06-17 20:28,2026-06-18 11:15,2026-06-19 02:02,HN-HBT,WH-HN-02,AC-A7840C,Máy lạnh,Mitsubishi 1.5HP,Panasonic,1,11253000,11253000,Xe tải thuê ngoài,45000,Hoàn tất
SHIP20260600813,PICK20260600813,SO20260600813,2026-06-09 12:17,2026-06-09 19:07,2026-06-10 22:16,HN-HBT,WH-HN-02,FN-EEAA84,Quạt,Asia,Toshiba,2,410000,820000,Nội bộ,0,Đã giao
SHIP20260600814,PICK20260600814,SO20260600814,2026-06-02 13:17,2026-06-03 01:48,2026-06-03 08:21,HN-CG,WH-HN-01,TV-888A32,TV,"TCL 50""",Mitsubishi,1,13899000,13899000,GrabExpress,120000,Hoàn tất
SHIP20260600815,PICK20260600815,SO20260600815,2026-06-16 15:44,2026-06-16 19:50,2026-06-17 20:53,DN-HC,WH-DN-01,FN-A270E1,Quạt,Asia,Sony,1,530000,530000,GHN,45000,Đã giao
SHIP20260600816,PICK20260600816,SO20260600816,2026-06-27 19:29,2026-06-28 07:48,2026-06-28 21:21,BD-TDM,WH-BD-01,RF-40AAB7,Tủ lạnh,Samsung Inverter 350L,Electrolux,3,9174000,27522000,GHN,105000,Hoàn tất
SHIP20260600817,PICK20260600817,SO20260600817,2026-06-14 16:19,2026-06-14 20:05,2026-06-15 00:43,HCM-Q1,WH-HCM-01,TV-DCF290,TV,"Sony 65""",Sony,2,6251000,12502000,Xe tải thuê ngoài,65000,Đã giao
SHIP20260600818,PICK20260600818,SO20260600818,2026-06-06 20:16,2026-06-07 08:19,2026-06-07 16:01,HCM-TB,WH-HCM-03,VC-4F893C,Máy hút bụi,Dyson V8,Daikin,1,7484000,7484000,GHN,65000,Đã giao
SHIP20260600819,PICK20260600819,SO20260600819,2026-06-27 15:24,2026-06-27 23:09,2026-06-28 22:27,DN-HC,WH-DN-01,VC-A60FBD,Máy hút bụi,Philips FC,Asia,2,7347000,14694000,Xe tải thuê ngoài,180000,Đã giao
SHIP20260600820,PICK20260600820,SO20260600820,2026-06-26 17:42,2026-06-26 22:52,2026-06-27 03:19,HN-HBT,WH-HN-02,BL-E1AB41,Máy xay,Sunhouse Blender,Casper,3,1560000,4680000,Xe tải thuê ngoài,65000,Hoàn tất
SHIP20260600821,PICK20260600821,SO20260600821,2026-06-06 12:05,2026-06-06 20:56,2026-06-07 11:13,HN-HBT,WH-HN-02,RC-DDFD41,Nồi cơm,Cuckoo 1.8L,Casper,3,1100000,3300000,Ahamove,35000,Giao lại
SHIP20260600822,PICK20260600822,SO20260600822,2026-06-01 12:18,2026-06-01 18:21,2026-06-02 16:44,BD-TDM,WH-BD-01,RF-0C269E,Tủ lạnh,Panasonic 300L,Philips,3,7489000,22467000,GHN,115000,Đã giao
SHIP20260600823,PICK20260600823,SO20260600823,2026-06-22 18:43,2026-06-22 20:30,2026-06-23 15:08,BD-TDM,WH-BD-01,VC-3898BC,Máy hút bụi,Xiaomi G10,Toshiba,3,2801000,8403000,Nội bộ,35000,Đã giao
SHIP20260600824,PICK20260600824,SO20260600824,2026-06-10 19:17,2026-06-11 02:47,2026-06-11 20:42,HN-CG,WH-HN-01,WM-4EAB5C,Máy giặt,Samsung 10kg,LG,3,6883000,20649000,GrabExpress,125000,Đã giao
SHIP20260600825,PICK20260600825,SO20260600825,2026-06-16 14:00,2026-06-17 01:55,2026-06-17 06:37,DN-HC,WH-DN-01,BL-2DE930,Máy xay,Sunhouse Blender,Toshiba,3,1771000,5313000,Ahamove,120000,Đã giao
SHIP20260600826,PICK20260600826,SO20260600826,2026-06-30 18:10,2026-06-30 23:47,2026-07-02 01:15,HCM-Q1,WH-HCM-01,VC-D86280,Máy hút bụi,Philips FC,Mitsubishi,1,6656000,6656000,GHN,45000,Giao lại
SHIP20260600827,PICK20260600827,SO20260600827,2026-06-18 12:23,2026-06-18 16:26,2026-06-19 00:26,HCM-Q7,WH-HCM-02,VC-852D6B,Máy hút bụi,Philips FC,Sunhouse,3,5439000,16317000,Xe tải thuê ngoài,145000,Đã giao
SHIP20260600828,PICK20260600828,SO20260600828,2026-06-24 14:01,2026-06-25 00:04,2026-06-26 02:47,CT-NK,WH-CT-01,TV-7BABFF,TV,"Sony 65""",Aqua,3,13547000,40641000,GHN,245000,Giao lại
SHIP20260600829,PICK20260600829,SO20260600829,2026-06-27 10:56,2026-06-27 12:29,2026-06-28 02:38,HN-HBT,WH-HN-02,WM-4F93AF,Máy giặt,LG 9kg,Sunhouse,1,6052000,6052000,Ahamove,65000,Đã giao
SHIP20260600830,PICK20260600830,SO20260600830,2026-06-26 19:29,2026-06-27 11:42,2026-06-28 22:41,HN-CG,WH-HN-01,AC-48B1DF,Máy lạnh,Panasonic 1.5HP,Senko,2,9987000,19974000,Nội bộ,225000,Hoàn tất
SHIP20260600831,PICK20260600831,SO20260600831,2026-06-17 09:09,2026-06-17 17:44,2026-06-17 20:42,HN-CG,WH-HN-01,VC-4BDADC,Máy hút bụi,Philips FC,Electrolux,1,3062000,3062000,Ahamove,90000,Giao lại
SHIP20260600832,PICK20260600832,SO20260600832,2026-06-30 20:04,2026-07-01 06:46,2026-07-02 05:02,HCM-TB,WH-HCM-03,RC-7580B4,Nồi cơm,Panasonic 1.8L,Panasonic,3,2879000,8637000,GrabExpress,0,Đã giao
SHIP20260600833,PICK20260600833,SO20260600833,2026-06-17 18:09,2026-06-18 02:25,2026-06-18 21:57,HCM-TB,WH-HCM-03,RC-588B19,Nồi cơm,Sunhouse 1.2L,Electrolux,1,808000,808000,Xe tải thuê ngoài,0,Hoàn tất
SHIP20260600834,PICK20260600834,SO20260600834,2026-06-28 15:56,2026-06-29 01:29,2026-06-30 06:25,DN-HC,WH-DN-01,WM-15F54A,Máy giặt,LG 9kg,Sharp,2,9122000,18244000,Nội bộ,225000,Giao lại
SHIP20260600835,PICK20260600835,SO20260600835,2026-06-03 19:24,2026-06-03 23:36,2026-06-04 06:47,HN-CG,WH-HN-01,WM-AF4A41,Máy giặt,Toshiba 9kg,Asia,3,13921000,41763000,Ahamove,215000,Đã giao
SHIP20260600836,PICK20260600836,SO20260600836,2026-06-30 09:49,2026-07-01 04:07,2026-07-01 09:37,HN-HBT,WH-HN-02,RC-FA47F8,Nồi cơm,Cuckoo 1.8L,Aqua,3,2448000,7344000,GHN,25000,Hoàn tất
SHIP20260600837,PICK20260600837,SO20260600837,2026-06-23 20:56,2026-06-24 08:51,2026-06-25 21:33,HCM-Q1,WH-HCM-01,KT-081E4B,Ấm siêu tốc,Kangaroo,Xiaomi,2,752000,1504000,GHN,35000,Giao lại
SHIP20260600838,PICK20260600838,SO20260600838,2026-06-08 12:29,2026-06-08 18:36,2026-06-09 06:00,HN-CG,WH-HN-01,MW-5F52F7,Lò vi sóng,Sharp 20L,Toshiba,2,3234000,6468000,Xe tải thuê ngoài,0,Giao lại
SHIP20260600839,PICK20260600839,SO20260600839,2026-06-20 11:28,2026-06-20 22:29,2026-06-21 15:37,BD-TDM,WH-BD-01,WM-B368C2,Máy giặt,Samsung 10kg,Casper,2,4528000,9056000,Ahamove,90000,Giao lại
SHIP20260600840,PICK20260600840,SO20260600840,2026-06-05 10:48,2026-06-05 21:38,2026-06-07 00:20,HCM-TB,WH-HCM-03,RF-CAB84B,Tủ lạnh,Samsung Inverter 350L,Senko,1,15709000,15709000,Ahamove,225000,Đã giao
SHIP20260600841,PICK20260600841,SO20260600841,2026-06-08 08:17,2026-06-08 11:34,2026-06-09 21:53,HN-HBT,WH-HN-02,RC-D3B39E,Nồi cơm,Sharp 1.8L,Sony,3,2262000,6786000,Nội bộ,65000,Giao lại
SHIP20260600842,PICK20260600842,SO20260600842,2026-06-07 19:02,2026-06-08 04:54,2026-06-09 08:50,HCM-TB,WH-HCM-03,MW-2091D9,Lò vi sóng,Electrolux 23L,Sharp,3,2713000,8139000,Nội bộ,35000,Hoàn tất
SHIP20260600843,PICK20260600843,SO20260600843,2026-06-08 20:20,2026-06-09 09:14,2026-06-10 04:54,HCM-Q1,WH-HCM-01,MW-F8E59D,Lò vi sóng,Sharp 20L,Sharp,2,2479000,4958000,GrabExpress,90000,Hoàn tất
SHIP20260600844,PICK20260600844,SO20260600844,2026-06-20 18:09,2026-06-21 10:08,2026-06-21 22:23,HCM-Q7,WH-HCM-02,KT-60A177,Ấm siêu tốc,Kangaroo,Cuckoo,2,919000,1838000,Nội bộ,25000,Hoàn tất
SHIP20260600845,PICK20260600845,SO20260600845,2026-06-25 14:52,2026-06-26 01:16,2026-06-27 00:22,HCM-Q1,WH-HCM-01,WM-EE77C3,Máy giặt,Toshiba 9kg,Panasonic,2,10799000,21598000,GHN,145000,Hoàn tất
SHIP20260600846,PICK20260600846,SO20260600846,2026-06-30 11:23,2026-07-01 05:08,2026-07-02 11:12,HCM-Q1,WH-HCM-01,BL-9D0A0A,Máy xay,Sunhouse Blender,Cuckoo,2,371000,742000,Ahamove,0,Đã giao
SHIP20260600847,PICK20260600847,SO20260600847,2026-06-20 12:19,2026-06-21 00:52,2026-06-22 00:17,HCM-Q7,WH-HCM-02,TV-751610,TV,"TCL 50""",Daikin,2,11787000,23574000,GHN,270000,Giao lại
SHIP20260600848,PICK20260600848,SO20260600848,2026-06-09 14:01,2026-06-10 05:22,2026-06-10 08:01,HN-HBT,WH-HN-02,RF-681BCC,Tủ lạnh,LG 420L,Samsung,1,17379000,17379000,GrabExpress,145000,Hoàn tất
SHIP20260600849,PICK20260600849,SO20260600849,2026-06-05 13:53,2026-06-06 08:06,2026-06-07 02:48,CT-NK,WH-CT-01,KT-9BE99C,Ấm siêu tốc,Philips,Panasonic,1,632000,632000,Nội bộ,120000,Hoàn tất
SHIP20260600850,PICK20260600850,SO20260600850,2026-06-28 12:14,2026-06-29 05:08,2026-06-29 17:59,HN-HBT,WH-HN-02,TV-DE1879,TV,"Samsung 55"" 4K",Asia,1,25480000,25480000,Ahamove,300000,Đã giao
SHIP20260600851,PICK20260600851,SO20260600851,2026-06-08 15:04,2026-06-09 09:47,2026-06-10 09:22,CT-NK,WH-CT-01,FN-B2666C,Quạt,Panasonic,Daikin,3,552000,1656000,Xe tải thuê ngoài,120000,Đã giao
SHIP20260600852,PICK20260600852,SO20260600852,2026-06-16 08:53,2026-06-17 00:49,2026-06-18 11:23,HN-HBT,WH-HN-02,WM-345051,Máy giặt,LG 9kg,Senko,2,11841000,23682000,Nội bộ,165000,Giao lại
SHIP20260600853,PICK20260600853,SO20260600853,2026-06-11 09:52,2026-06-11 11:25,2026-06-12 20:09,HCM-TB,WH-HCM-03,VC-7AF11E,Máy hút bụi,Philips FC,Panasonic,1,3604000,3604000,Xe tải thuê ngoài,45000,Đã giao
SHIP20260600854,PICK20260600854,SO20260600854,2026-06-17 15:46,2026-06-18 10:10,2026-06-18 12:22,HCM-Q1,WH-HCM-01,FN-04019E,Quạt,Senko,Philips,1,1214000,1214000,Xe tải thuê ngoài,45000,Đã giao
SHIP20260600855,PICK20260600855,SO20260600855,2026-06-29 19:50,2026-06-30 04:26,2026-07-01 08:50,CT-NK,WH-CT-01,AC-1FFCA0,Máy lạnh,Mitsubishi 1.5HP,Asia,1,6660000,6660000,Ahamove,90000,Hoàn tất
SHIP20260600856,PICK20260600856,SO20260600856,2026-06-10 12:51,2026-06-10 19:55,2026-06-11 15:22,HN-CG,WH-HN-01,TV-6CC437,TV,"TCL 50""",Samsung,3,21655000,64965000,Ahamove,185000,Đã giao
SHIP20260600857,PICK20260600857,SO20260600857,2026-06-20 10:14,2026-06-21 01:31,2026-06-22 04:41,CT-NK,WH-CT-01,RF-577C9B,Tủ lạnh,Panasonic 300L,LG,1,12850000,12850000,Nội bộ,65000,Hoàn tất
SHIP20260600858,PICK20260600858,SO20260600858,2026-06-21 19:36,2026-06-22 11:09,2026-06-22 21:04,CT-NK,WH-CT-01,KT-9065A4,Ấm siêu tốc,Philips,Mitsubishi,1,307000,307000,Xe tải thuê ngoài,65000,Hoàn tất
SHIP20260600859,PICK20260600859,SO20260600859,2026-06-06 10:02,2026-06-07 04:40,2026-06-08 08:04,BD-TDM,WH-BD-01,AC-FFF461,Máy lạnh,Mitsubishi 1.5HP,LG,2,9497000,18994000,Nội bộ,270000,Giao lại
SHIP20260600860,PICK20260600860,SO20260600860,2026-06-10 13:35,2026-06-10 16:10,2026-06-10 20:50,HN-CG,WH-HN-01,AC-4EC148,Máy lạnh,Mitsubishi 1.5HP,Toshiba,2,13387000,26774000,Ahamove,115000,Giao lại
SHIP20260600861,PICK20260600861,SO20260600861,2026-06-21 17:05,2026-06-21 18:59,2026-06-22 04:28,HN-CG,WH-HN-01,RF-8A361D,Tủ lạnh,Aqua 250L,Sharp,3,18177000,54531000,GHN,180000,Đã giao
SHIP20260600862,PICK20260600862,SO20260600862,2026-06-01 08:36,2026-06-01 13:17,2026-06-03 01:18,HCM-Q7,WH-HCM-02,TV-3277C5,TV,"TCL 50""",Cuckoo,1,8089000,8089000,GrabExpress,45000,Đã giao
SHIP20260600863,PICK20260600863,SO20260600863,2026-06-08 16:41,2026-06-09 03:36,2026-06-09 14:57,BD-TDM,WH-BD-01,TV-6CC437,TV,"TCL 50""",Samsung,3,17234000,51702000,GHN,300000,Đã giao
SHIP20260600864,PICK20260600864,SO20260600864,2026-06-22 12:47,2026-06-22 19:30,2026-06-23 13:51,HN-CG,WH-HN-01,WM-0EC5E7,Máy giặt,Toshiba 9kg,Sony,1,9239000,9239000,Ahamove,120000,Giao lại
SHIP20260600865,PICK20260600865,SO20260600865,2026-06-07 10:30,2026-06-07 17:54,2026-06-08 06:31,HN-CG,WH-HN-01,VC-DD459E,Máy hút bụi,Dyson V8,Asia,2,7812000,15624000,Ahamove,210000,Đã giao
SHIP20260600866,PICK20260600866,SO20260600866,2026-06-25 16:59,2026-06-26 10:39,2026-06-26 13:41,HCM-TB,WH-HCM-03,TV-12CDFD,TV,"Samsung 55"" 4K",Sunhouse,3,12446000,37338000,Xe tải thuê ngoài,185000,Hoàn tất
SHIP20260600867,PICK20260600867,SO20260600867,2026-06-02 20:37,2026-06-03 02:06,2026-06-04 00:04,HN-CG,WH-HN-01,BL-848064,Máy xay,Sunhouse Blender,Xiaomi,1,1170000,1170000,Xe tải thuê ngoài,25000,Giao lại
SHIP20260600868,PICK20260600868,SO20260600868,2026-06-26 20:06,2026-06-27 13:45,2026-06-29 02:41,HN-CG,WH-HN-01,MW-AE2881,Lò vi sóng,Panasonic 25L,Panasonic,2,1521000,3042000,Ahamove,120000,Đã giao
SHIP20260600869,PICK20260600869,SO20260600869,2026-06-15 18:43,2026-06-15 20:56,2026-06-17 01:34,DN-HC,WH-DN-01,WM-2B1470,Máy giặt,Samsung 10kg,Philips,1,9801000,9801000,GHN,90000,Hoàn tất
SHIP20260600870,PICK20260600870,SO20260600870,2026-06-27 17:08,2026-06-28 07:08,2026-06-28 10:55,HCM-Q7,WH-HCM-02,WM-233DAD,Máy giặt,LG 9kg,Toshiba,2,14842000,29684000,Xe tải thuê ngoài,115000,Đã giao
SHIP20260600871,PICK20260600871,SO20260600871,2026-06-10 09:00,2026-06-11 03:11,2026-06-11 13:38,HCM-Q1,WH-HCM-01,VC-B711CC,Máy hút bụi,Xiaomi G10,Panasonic,1,7631000,7631000,Nội bộ,0,Giao lại
SHIP20260600872,PICK20260600872,SO20260600872,2026-06-29 20:54,2026-06-30 14:20,2026-07-02 03:04,CT-NK,WH-CT-01,TV-12CDFD,TV,"Samsung 55"" 4K",Sunhouse,2,27066000,54132000,Nội bộ,185000,Đã giao
SHIP20260600873,PICK20260600873,SO20260600873,2026-06-22 13:25,2026-06-22 23:07,2026-06-23 20:05,HCM-Q7,WH-HCM-02,MW-95E139,Lò vi sóng,Sharp 20L,Philips,2,2678000,5356000,Ahamove,45000,Giao lại
SHIP20260600874,PICK20260600874,SO20260600874,2026-06-12 17:53,2026-06-13 08:36,2026-06-14 18:50,HCM-Q7,WH-HCM-02,TV-BD30D1,TV,"TCL 50""",Asia,2,22289000,44578000,GrabExpress,210000,Hoàn tất
SHIP20260600875,PICK20260600875,SO20260600875,2026-06-16 08:43,2026-06-16 12:17,2026-06-17 18:21,DN-HC,WH-DN-01,VC-110A19,Máy hút bụi,Philips FC,Philips,2,2384000,4768000,Nội bộ,45000,Hoàn tất
SHIP20260600876,PICK20260600876,SO20260600876,2026-06-17 14:07,2026-06-18 05:24,2026-06-18 22:41,HCM-TB,WH-HCM-03,BL-54E269,Máy xay,Philips Blender,Xiaomi,2,1509000,3018000,Xe tải thuê ngoài,90000,Đã giao
SHIP20260600877,PICK20260600877,SO20260600877,2026-06-17 13:52,2026-06-17 15:27,2026-06-18 17:03,HCM-TB,WH-HCM-03,VC-87EB59,Máy hút bụi,Dyson V8,Sony,2,1634000,3268000,GHN,90000,Đã giao
SHIP20260600878,PICK20260600878,SO20260600878,2026-06-05 19:39,2026-06-06 02:03,2026-06-06 20:16,BD-TDM,WH-BD-01,MW-E17A69,Lò vi sóng,Electrolux 23L,Xiaomi,1,3760000,3760000,Nội bộ,120000,Hoàn tất
SHIP20260600879,PICK20260600879,SO20260600879,2026-06-07 08:04,2026-06-07 20:59,2026-06-08 15:46,BD-TDM,WH-BD-01,FN-D8D699,Quạt,Asia,Sunhouse,1,746000,746000,GHN,25000,Hoàn tất
SHIP20260600880,PICK20260600880,SO20260600880,2026-06-11 20:40,2026-06-12 03:34,2026-06-12 22:26,BD-TDM,WH-BD-01,MW-4DBCB2,Lò vi sóng,Sharp 20L,Daikin,3,1911000,5733000,Xe tải thuê ngoài,90000,Đã giao
SHIP20260600881,PICK20260600881,SO20260600881,2026-06-06 18:27,2026-06-07 09:12,2026-06-08 12:12,HCM-Q1,WH-HCM-01,RC-30A967,Nồi cơm,Sharp 1.8L,Mitsubishi,1,1451000,1451000,GHN,120000,Hoàn tất
SHIP20260600882,PICK20260600882,SO20260600882,2026-06-15 16:45,2026-06-15 22:30,2026-06-16 13:35,BD-TDM,WH-BD-01,RF-847D79,Tủ lạnh,Samsung Inverter 350L,Panasonic,3,13624000,40872000,Xe tải thuê ngoài,145000,Giao lại
SHIP20260600883,PICK20260600883,SO20260600883,2026-06-11 13:53,2026-06-12 06:36,2026-06-12 09:50,CT-NK,WH-CT-01,KT-80B935,Ấm siêu tốc,Kangaroo,LG,1,310000,310000,Ahamove,65000,Đã giao
SHIP20260600884,PICK20260600884,SO20260600884,2026-06-11 16:27,2026-06-12 02:14,2026-06-13 08:44,HCM-TB,WH-HCM-03,WM-57BF8B,Máy giặt,LG 9kg,Panasonic,2,11402000,22804000,GHN,240000,Giao lại
SHIP20260600885,PICK20260600885,SO20260600885,2026-06-17 13:04,2026-06-17 17:31,2026-06-18 21:12,HN-CG,WH-HN-01,TV-1B61A7,TV,LG OLED 48,Samsung,3,27891000,83673000,Nội bộ,165000,Đã giao
SHIP20260600886,PICK20260600886,SO20260600886,2026-06-16 08:50,2026-06-16 12:26,2026-06-16 18:16,HN-CG,WH-HN-01,KT-E61198,Ấm siêu tốc,Philips,Daikin,3,269000,807000,GHN,120000,Đã giao
SHIP20260600887,PICK20260600887,SO20260600887,2026-06-15 13:30,2026-06-15 23:50,2026-06-17 08:56,HN-HBT,WH-HN-02,KT-EFA122,Ấm siêu tốc,Sunhouse,Daikin,2,567000,1134000,GHN,25000,Giao lại
SHIP20260600888,PICK20260600888,SO20260600888,2026-06-25 11:32,2026-06-25 22:54,2026-06-26 20:44,HN-HBT,WH-HN-02,RF-191AF7,Tủ lạnh,Panasonic 300L,Toshiba,1,9593000,9593000,Ahamove,90000,Đã giao
SHIP20260600889,PICK20260600889,SO20260600889,2026-06-24 12:08,2026-06-24 17:32,2026-06-25 01:01,HCM-TB,WH-HCM-03,RC-7604F1,Nồi cơm,Sunhouse 1.2L,Daikin,3,2179000,6537000,GHN,35000,Giao lại
SHIP20260600890,PICK20260600890,SO20260600890,2026-06-29 10:27,2026-06-29 14:36,2026-06-30 19:47,HCM-TB,WH-HCM-03,BL-3258EA,Máy xay,Panasonic Blender,Mitsubishi,1,594000,594000,Nội bộ,25000,Hoàn tất
SHIP20260600891,PICK20260600891,SO20260600891,2026-06-25 14:01,2026-06-26 08:42,2026-06-26 14:04,HN-CG,WH-HN-01,AC-9A4340,Máy lạnh,Panasonic 1.5HP,Daikin,2,9680000,19360000,Xe tải thuê ngoài,185000,Đã giao
SHIP20260600892,PICK20260600892,SO20260600892,2026-06-01 16:03,2026-06-01 20:29,2026-06-01 22:57,DN-HC,WH-DN-01,RF-D3E578,Tủ lạnh,LG 420L,Xiaomi,2,6154000,12308000,Ahamove,45000,Hoàn tất
SHIP20260600893,PICK20260600893,SO20260600893,2026-06-24 16:04,2026-06-25 01:37,2026-06-25 06:46,BD-TDM,WH-BD-01,RF-ECA283,Tủ lạnh,Panasonic 300L,Panasonic,1,8617000,8617000,Ahamove,45000,Hoàn tất
SHIP20260600894,PICK20260600894,SO20260600894,2026-06-20 20:08,2026-06-21 10:33,2026-06-22 14:41,HN-CG,WH-HN-01,WM-4E5FAA,Máy giặt,Toshiba 9kg,Sharp,2,5227000,10454000,GrabExpress,45000,Hoàn tất
SHIP20260600895,PICK20260600895,SO20260600895,2026-06-30 16:18,2026-06-30 23:12,2026-07-01 16:20,DN-HC,WH-DN-01,RC-B5F705,Nồi cơm,Panasonic 1.8L,Philips,1,1758000,1758000,GrabExpress,45000,Đã giao
SHIP20260600896,PICK20260600896,SO20260600896,2026-06-04 15:05,2026-06-05 04:55,2026-06-06 13:51,HCM-Q7,WH-HCM-02,MW-8EA0CB,Lò vi sóng,Panasonic 25L,LG,1,3312000,3312000,Nội bộ,120000,Đã giao
SHIP20260600897,PICK20260600897,SO20260600897,2026-06-14 13:00,2026-06-14 21:41,2026-06-16 02:01,BD-TDM,WH-BD-01,KT-80B935,Ấm siêu tốc,Kangaroo,LG,2,462000,924000,Nội bộ,90000,Hoàn tất
SHIP20260600898,PICK20260600898,SO20260600898,2026-06-08 11:38,2026-06-08 19:03,2026-06-09 02:15,HCM-Q1,WH-HCM-01,KT-2036D6,Ấm siêu tốc,Kangaroo,Panasonic,1,332000,332000,Xe tải thuê ngoài,35000,Đã giao
SHIP20260600899,PICK20260600899,SO20260600899,2026-06-10 10:28,2026-06-10 13:18,2026-06-11 21:33,HN-HBT,WH-HN-02,RC-A5EAB1,Nồi cơm,Cuckoo 1.8L,Sony,3,2098000,6294000,Xe tải thuê ngoài,25000,Đã giao
SHIP20260600900,PICK20260600900,SO20260600900,2026-06-14 09:14,2026-06-14 22:27,2026-06-15 02:28,HCM-TB,WH-HCM-03,BL-A928A4,Máy xay,Philips Blender,LG,2,1000000,2000000,GrabExpress,0,Giao lại
SHIP20260600901,PICK20260600901,SO20260600901,2026-06-22 17:11,2026-06-23 08:02,2026-06-24 01:54,HCM-Q1,WH-HCM-01,VC-8877C5,Máy hút bụi,Philips FC,Daikin,1,8329000,8329000,GHN,65000,Hoàn tất
SHIP20260600902,PICK20260600902,SO20260600902,2026-06-20 17:43,2026-06-20 19:39,2026-06-21 11:24,HCM-Q1,WH-HCM-01,BL-D2FACB,Máy xay,Panasonic Blender,Toshiba,3,547000,1641000,Xe tải thuê ngoài,45000,Đã giao
SHIP20260600903,PICK20260600903,SO20260600903,2026-06-28 08:14,2026-06-28 11:02,2026-06-29 20:49,HCM-Q7,WH-HCM-02,WM-15F54A,Máy giặt,LG 9kg,Sharp,3,7375000,22125000,GrabExpress,215000,Giao lại
SHIP20260600904,PICK20260600904,SO20260600904,2026-06-20 17:14,2026-06-21 08:07,2026-06-22 06:09,DN-HC,WH-DN-01,RC-666E15,Nồi cơm,Sunhouse 1.2L,Panasonic,3,2092000,6276000,GrabExpress,90000,Hoàn tất
SHIP20260600905,PICK20260600905,SO20260600905,2026-06-18 19:05,2026-06-19 08:31,2026-06-19 11:34,HN-HBT,WH-HN-02,KT-8BE75F,Ấm siêu tốc,Kangaroo,Samsung,2,882000,1764000,GrabExpress,90000,Đã giao
SHIP20260600906,PICK20260600906,SO20260600906,2026-06-21 10:24,2026-06-22 01:44,2026-06-23 01:08,HCM-Q7,WH-HCM-02,KT-4BFC34,Ấm siêu tốc,Kangaroo,Sunhouse,1,808000,808000,Nội bộ,120000,Đã giao
SHIP20260600907,PICK20260600907,SO20260600907,2026-06-05 16:08,2026-06-05 17:18,2026-06-07 04:01,HN-CG,WH-HN-01,AC-DD7A97,Máy lạnh,Daikin 1HP,Toshiba,2,16951000,33902000,Nội bộ,205000,Hoàn tất
SHIP20260600908,PICK20260600908,SO20260600908,2026-06-11 08:25,2026-06-12 02:10,2026-06-13 07:00,DN-HC,WH-DN-01,RC-7580B4,Nồi cơm,Panasonic 1.8L,Panasonic,3,374000,1122000,GrabExpress,90000,Hoàn tất
SHIP20260600909,PICK20260600909,SO20260600909,2026-06-27 11:32,2026-06-27 19:14,2026-06-29 01:25,HCM-Q7,WH-HCM-02,AC-818A33,Máy lạnh,Casper 1HP,Electrolux,3,7045000,21135000,Nội bộ,80000,Đã giao
SHIP20260600910,PICK20260600910,SO20260600910,2026-06-03 18:46,2026-06-04 13:15,2026-06-05 19:37,HN-CG,WH-HN-01,RC-7DABD5,Nồi cơm,Sunhouse 1.2L,Mitsubishi,1,1450000,1450000,GHN,25000,Hoàn tất
SHIP20260600911,PICK20260600911,SO20260600911,2026-06-23 16:37,2026-06-24 05:26,2026-06-25 08:01,HCM-Q7,WH-HCM-02,MW-E148C6,Lò vi sóng,Electrolux 23L,Casper,2,904000,1808000,Xe tải thuê ngoài,65000,Hoàn tất
SHIP20260600912,PICK20260600912,SO20260600912,2026-06-14 08:01,2026-06-14 10:32,2026-06-15 14:09,HN-CG,WH-HN-01,BL-BE1E34,Máy xay,Panasonic Blender,Senko,1,641000,641000,Xe tải thuê ngoài,120000,Giao lại
SHIP20260600913,PICK20260600913,SO20260600913,2026-06-25 17:33,2026-06-26 09:52,2026-06-26 21:11,HN-CG,WH-HN-01,BL-981E64,Máy xay,Sunhouse Blender,Samsung,2,364000,728000,GHN,35000,Đã giao
SHIP20260600914,PICK20260600914,SO20260600914,2026-06-16 09:53,2026-06-16 22:18,2026-06-17 09:32,HCM-Q7,WH-HCM-02,MW-8CD991,Lò vi sóng,Panasonic 25L,Toshiba,3,2174000,6522000,Xe tải thuê ngoài,65000,Đã giao
SHIP20260600915,PICK20260600915,SO20260600915,2026-06-05 11:48,2026-06-06 01:46,2026-06-06 18:36,HN-HBT,WH-HN-02,RC-5F9026,Nồi cơm,Cuckoo 1.8L,Electrolux,3,741000,2223000,Xe tải thuê ngoài,0,Hoàn tất
SHIP20260600916,PICK20260600916,SO20260600916,2026-06-07 18:12,2026-06-08 02:14,2026-06-08 17:55,HN-CG,WH-HN-01,KT-37BC3F,Ấm siêu tốc,Sunhouse,Panasonic,3,485000,1455000,Xe tải thuê ngoài,25000,Đã giao
SHIP20260600917,PICK20260600917,SO20260600917,2026-06-05 19:13,2026-06-05 23:48,2026-06-06 10:21,DN-HC,WH-DN-01,FN-FF4EE8,Quạt,Panasonic,Sunhouse,2,1164000,2328000,Xe tải thuê ngoài,65000,Đã giao
SHIP20260600918,PICK20260600918,SO20260600918,2026-06-12 08:42,2026-06-12 14:37,2026-06-13 01:38,HN-HBT,WH-HN-02,RF-BFD1C6,Tủ lạnh,Aqua 250L,Electrolux,1,11350000,11350000,Xe tải thuê ngoài,45000,Đã giao
SHIP20260600919,PICK20260600919,SO20260600919,2026-06-03 20:38,2026-06-04 09:11,2026-06-05 18:31,DN-HC,WH-DN-01,VC-DE537A,Máy hút bụi,Dyson V8,Electrolux,3,4921000,14763000,GrabExpress,270000,Đã giao
SHIP20260600920,PICK20260600920,SO20260600920,2026-06-20 08:36,2026-06-21 01:51,2026-06-21 09:04,HN-CG,WH-HN-01,WM-5ED0A1,Máy giặt,Samsung 10kg,Cuckoo,2,12819000,25638000,Nội bộ,240000,Giao lại
SHIP20260600921,PICK20260600921,SO20260600921,2026-06-04 08:05,2026-06-05 02:32,2026-06-05 22:52,HCM-Q1,WH-HCM-01,FN-C43CC3,Quạt,Senko,Electrolux,2,514000,1028000,Xe tải thuê ngoài,45000,Hoàn tất
SHIP20260600922,PICK20260600922,SO20260600922,2026-06-18 17:57,2026-06-19 03:51,2026-06-19 23:36,CT-NK,WH-CT-01,KT-087F26,Ấm siêu tốc,Philips,Cuckoo,1,460000,460000,GrabExpress,65000,Đã giao
SHIP20260600923,PICK20260600923,SO20260600923,2026-06-23 08:55,2026-06-23 20:21,2026-06-24 04:07,HCM-Q7,WH-HCM-02,MW-FB2461,Lò vi sóng,Electrolux 23L,Senko,3,3595000,10785000,Xe tải thuê ngoài,145000,Đã giao
SHIP20260600924,PICK20260600924,SO20260600924,2026-06-27 12:49,2026-06-27 14:23,2026-06-29 01:30,HCM-Q7,WH-HCM-02,KT-C02AC0,Ấm siêu tốc,Kangaroo,Asia,2,732000,1464000,GHN,65000,Giao lại
SHIP20260600925,PICK20260600925,SO20260600925,2026-06-03 20:21,2026-06-04 00:22,2026-06-04 13:38,BD-TDM,WH-BD-01,BL-86D7E5,Máy xay,Philips Blender,Aqua,1,1300000,1300000,Nội bộ,45000,Đã giao
SHIP20260600926,PICK20260600926,SO20260600926,2026-06-07 10:49,2026-06-08 05:47,2026-06-08 15:11,HN-HBT,WH-HN-02,AC-F53EB5,Máy lạnh,Casper 1HP,Senko,2,12339000,24678000,GHN,170000,Hoàn tất
SHIP20260600927,PICK20260600927,SO20260600927,2026-06-06 14:56,2026-06-06 20:29,2026-06-08 01:25,HCM-TB,WH-HCM-03,WM-B2AB72,Máy giặt,Toshiba 9kg,Casper,3,7845000,23535000,GHN,145000,Giao lại
SHIP20260600928,PICK20260600928,SO20260600928,2026-06-02 17:30,2026-06-03 04:48,2026-06-03 09:13,HN-CG,WH-HN-01,RF-20BB5C,Tủ lạnh,Panasonic 300L,Sharp,2,13989000,27978000,Ahamove,115000,Đã giao
SHIP20260600929,PICK20260600929,SO20260600929,2026-06-12 20:18,2026-06-13 14:00,2026-06-14 08:51,BD-TDM,WH-BD-01,VC-365995,Máy hút bụi,Xiaomi G10,Philips,3,1666000,4998000,Ahamove,45000,Đã giao
SHIP20260600930,PICK20260600930,SO20260600930,2026-06-02 11:56,2026-06-02 18:44,2026-06-03 12:26,HCM-Q7,WH-HCM-02,RC-588B19,Nồi cơm,Sunhouse 1.2L,Electrolux,1,1812000,1812000,Nội bộ,35000,Hoàn tất
SHIP20260600931,PICK20260600931,SO20260600931,2026-06-28 11:19,2026-06-28 13:14,2026-06-28 23:24,BD-TDM,WH-BD-01,VC-354E06,Máy hút bụi,Dyson V8,Senko,2,8094000,16188000,GHN,240000,Giao lại
SHIP20260600932,PICK20260600932,SO20260600932,2026-06-18 15:39,2026-06-19 04:24,2026-06-20 16:35,HN-HBT,WH-HN-02,RC-56CDC9,Nồi cơm,Sharp 1.8L,Sharp,1,1573000,1573000,Ahamove,120000,Đã giao
SHIP20260600933,PICK20260600933,SO20260600933,2026-06-05 15:32,2026-06-06 07:00,2026-06-07 10:01,HN-CG,WH-HN-01,RC-3972B5,Nồi cơm,Sharp 1.8L,Samsung,3,1196000,3588000,Xe tải thuê ngoài,25000,Giao lại
SHIP20260600934,PICK20260600934,SO20260600934,2026-06-29 14:13,2026-06-30 08:55,2026-07-01 12:59,HCM-TB,WH-HCM-03,KT-912978,Ấm siêu tốc,Sunhouse,Philips,1,645000,645000,Nội bộ,65000,Giao lại
SHIP20260600935,PICK20260600935,SO20260600935,2026-06-20 12:45,2026-06-20 23:45,2026-06-21 18:06,HN-HBT,WH-HN-02,KT-A5DE2B,Ấm siêu tốc,Philips,Senko,1,585000,585000,Ahamove,120000,Giao lại
SHIP20260600936,PICK20260600936,SO20260600936,2026-06-22 20:02,2026-06-22 21:12,2026-06-23 16:17,HCM-Q7,WH-HCM-02,RC-645E6F,Nồi cơm,Sunhouse 1.2L,Xiaomi,2,2951000,5902000,GrabExpress,45000,Hoàn tất
SHIP20260600937,PICK20260600937,SO20260600937,2026-06-23 17:35,2026-06-24 12:21,2026-06-25 10:30,HCM-Q1,WH-HCM-01,MW-83094B,Lò vi sóng,Sharp 20L,Casper,3,2643000,7929000,GrabExpress,35000,Giao lại
SHIP20260600938,PICK20260600938,SO20260600938,2026-06-04 17:15,2026-06-05 05:01,2026-06-05 09:25,BD-TDM,WH-BD-01,TV-3A3210,TV,LG OLED 48,Xiaomi,2,8875000,17750000,Xe tải thuê ngoài,245000,Đã giao
SHIP20260600939,PICK20260600939,SO20260600939,2026-06-21 09:28,2026-06-21 22:08,2026-06-22 04:39,HN-CG,WH-HN-01,FN-FC5CB1,Quạt,Asia,Asia,1,841000,841000,Xe tải thuê ngoài,120000,Giao lại
SHIP20260600940,PICK20260600940,SO20260600940,2026-06-30 13:25,2026-06-30 17:03,2026-07-01 21:22,CT-NK,WH-CT-01,TV-888A32,TV,"TCL 50""",Mitsubishi,3,23380000,70140000,Nội bộ,170000,Hoàn tất
SHIP20260600941,PICK20260600941,SO20260600941,2026-06-16 20:08,2026-06-17 07:06,2026-06-17 22:51,DN-HC,WH-DN-01,AC-50CBA5,Máy lạnh,Daikin 1HP,Aqua,1,7274000,7274000,GrabExpress,0,Hoàn tất
SHIP20260600942,PICK20260600942,SO20260600942,2026-06-02 17:38,2026-06-03 10:39,2026-06-04 20:36,HCM-Q7,WH-HCM-02,WM-E46895,Máy giặt,Toshiba 9kg,Electrolux,1,13129000,13129000,GrabExpress,35000,Đã giao
SHIP20260600943,PICK20260600943,SO20260600943,2026-06-14 15:20,2026-06-14 21:12,2026-06-15 17:54,HCM-Q1,WH-HCM-01,AC-249FC9,Máy lạnh,Daikin 1HP,Panasonic,1,6774000,6774000,GHN,35000,Giao lại
SHIP20260600944,PICK20260600944,SO20260600944,2026-06-26 13:36,2026-06-27 02:03,2026-06-28 05:10,HN-CG,WH-HN-01,MW-03CA06,Lò vi sóng,Electrolux 23L,Aqua,1,4266000,4266000,Ahamove,45000,Đã giao
SHIP20260600945,PICK20260600945,SO20260600945,2026-06-03 18:08,2026-06-03 22:08,2026-06-04 23:32,BD-TDM,WH-BD-01,VC-90DAA9,Máy hút bụi,Dyson V8,Casper,3,2661000,7983000,GrabExpress,90000,Hoàn tất
SHIP20260600946,PICK20260600946,SO20260600946,2026-06-17 08:28,2026-06-18 00:24,2026-06-19 08:12,DN-HC,WH-DN-01,MW-F8E59D,Lò vi sóng,Sharp 20L,Sharp,3,2712000,8136000,Nội bộ,35000,Đã giao
SHIP20260600947,PICK20260600947,SO20260600947,2026-06-16 15:38,2026-06-17 06:16,2026-06-18 14:58,BD-TDM,WH-BD-01,KT-697052,Ấm siêu tốc,Sunhouse,Samsung,3,183000,549000,Ahamove,25000,Đã giao
SHIP20260600948,PICK20260600948,SO20260600948,2026-06-12 14:20,2026-06-13 08:05,2026-06-14 11:30,BD-TDM,WH-BD-01,AC-E7C43D,Máy lạnh,Panasonic 1.5HP,Casper,2,13515000,27030000,GHN,145000,Hoàn tất
SHIP20260600949,PICK20260600949,SO20260600949,2026-06-30 09:51,2026-07-01 02:06,2026-07-01 20:08,HN-CG,WH-HN-01,KT-C76795,Ấm siêu tốc,Philips,Aqua,3,165000,495000,Nội bộ,35000,Giao lại
SHIP20260600950,PICK20260600950,SO20260600950,2026-06-19 09:24,2026-06-19 12:01,2026-06-20 15:01,HN-HBT,WH-HN-02,BL-958487,Máy xay,Philips Blender,Toshiba,2,969000,1938000,GrabExpress,25000,Đã giao
SHIP20260600951,PICK20260600951,SO20260600951,2026-06-22 11:04,2026-06-22 23:03,2026-06-23 06:04,BD-TDM,WH-BD-01,FN-49B147,Quạt,Panasonic,LG,3,1417000,4251000,Xe tải thuê ngoài,25000,Hoàn tất
SHIP20260600952,PICK20260600952,SO20260600952,2026-06-14 14:36,2026-06-14 19:34,2026-06-15 06:54,BD-TDM,WH-BD-01,RF-BFD1C6,Tủ lạnh,Aqua 250L,Electrolux,2,7862000,15724000,GrabExpress,180000,Đã giao
SHIP20260600953,PICK20260600953,SO20260600953,2026-06-04 11:11,2026-06-04 18:55,2026-06-05 17:20,HN-HBT,WH-HN-02,FN-47B1B0,Quạt,Senko,Toshiba,1,1617000,1617000,Ahamove,35000,Hoàn tất
SHIP20260600954,PICK20260600954,SO20260600954,2026-06-15 09:18,2026-06-15 11:48,2026-06-16 14:31,HN-CG,WH-HN-01,RC-7DABD5,Nồi cơm,Sunhouse 1.2L,Mitsubishi,3,1515000,4545000,Xe tải thuê ngoài,90000,Đã giao
SHIP20260600955,PICK20260600955,SO20260600955,2026-06-05 08:11,2026-06-05 15:50,2026-06-06 14:15,HCM-Q1,WH-HCM-01,VC-87EB59,Máy hút bụi,Dyson V8,Sony,2,6289000,12578000,Xe tải thuê ngoài,165000,Đã giao
SHIP20260600956,PICK20260600956,SO20260600956,2026-06-08 08:31,2026-06-08 17:19,2026-06-09 07:24,CT-NK,WH-CT-01,FN-310542,Quạt,Senko,Casper,2,449000,898000,GHN,120000,Đã giao
SHIP20260600957,PICK20260600957,SO20260600957,2026-06-03 15:37,2026-06-04 07:43,2026-06-05 20:03,CT-NK,WH-CT-01,MW-CC5E2E,Lò vi sóng,Electrolux 23L,Electrolux,3,1654000,4962000,Ahamove,35000,Đã giao
SHIP20260600958,PICK20260600958,SO20260600958,2026-06-25 15:03,2026-06-25 23:20,2026-06-26 07:36,HN-HBT,WH-HN-02,AC-AF103F,Máy lạnh,Daikin 1HP,Senko,1,6775000,6775000,Ahamove,65000,Đã giao
SHIP20260600959,PICK20260600959,SO20260600959,2026-06-09 11:19,2026-06-09 22:30,2026-06-10 23:49,HCM-Q7,WH-HCM-02,RF-F005D7,Tủ lạnh,Aqua 250L,Sony,3,10835000,32505000,Nội bộ,120000,Đã giao
SHIP20260600960,PICK20260600960,SO20260600960,2026-06-04 16:45,2026-06-05 11:06,2026-06-06 22:47,CT-NK,WH-CT-01,RC-19766E,Nồi cơm,Panasonic 1.8L,Sunhouse,3,773000,2319000,GrabExpress,65000,Đã giao
SHIP20260600961,PICK20260600961,SO20260600961,2026-06-09 10:30,2026-06-09 13:55,2026-06-10 22:48,HN-HBT,WH-HN-02,MW-278BC7,Lò vi sóng,Electrolux 23L,Mitsubishi,1,1894000,1894000,GHN,45000,Đã giao
SHIP20260600962,PICK20260600962,SO20260600962,2026-06-01 11:29,2026-06-02 01:24,2026-06-02 21:09,CT-NK,WH-CT-01,VC-852D6B,Máy hút bụi,Philips FC,Sunhouse,1,3627000,3627000,Ahamove,0,Đã giao
SHIP20260600963,PICK20260600963,SO20260600963,2026-06-22 08:08,2026-06-23 01:32,2026-06-24 06:22,HCM-TB,WH-HCM-03,RC-189134,Nồi cơm,Sunhouse 1.2L,Samsung,3,1934000,5802000,GHN,45000,Giao lại
SHIP20260600964,PICK20260600964,SO20260600964,2026-06-22 08:14,2026-06-22 14:41,2026-06-23 21:39,HCM-Q7,WH-HCM-02,WM-90270D,Máy giặt,Toshiba 9kg,Senko,3,8350000,25050000,GHN,145000,Đã giao
SHIP20260600965,PICK20260600965,SO20260600965,2026-06-18 17:10,2026-06-19 08:37,2026-06-20 00:34,HN-HBT,WH-HN-02,RF-6AEEF2,Tủ lạnh,Aqua 250L,Panasonic,2,14310000,28620000,GrabExpress,105000,Đã giao
SHIP20260600966,PICK20260600966,SO20260600966,2026-06-30 09:31,2026-06-30 23:49,2026-07-01 22:44,HN-HBT,WH-HN-02,FN-5AA0F8,Quạt,Senko,Cuckoo,1,742000,742000,Xe tải thuê ngoài,45000,Hoàn tất
SHIP20260600967,PICK20260600967,SO20260600967,2026-06-09 20:29,2026-06-10 06:00,2026-06-11 02:37,HCM-Q1,WH-HCM-01,KT-B5A58C,Ấm siêu tốc,Philips,Casper,1,707000,707000,GrabExpress,45000,Đã giao
SHIP20260600968,PICK20260600968,SO20260600968,2026-06-04 14:08,2026-06-05 07:07,2026-06-05 15:09,HCM-Q1,WH-HCM-01,TV-1C16CC,TV,"Samsung 55"" 4K",Sony,1,23756000,23756000,Xe tải thuê ngoài,215000,Đã giao
SHIP20260600969,PICK20260600969,SO20260600969,2026-06-01 13:51,2026-06-01 18:33,2026-06-03 04:52,HN-HBT,WH-HN-02,VC-933DDD,Máy hút bụi,Philips FC,Sharp,3,7337000,22011000,GrabExpress,245000,Giao lại
SHIP20260600970,PICK20260600970,SO20260600970,2026-06-06 20:38,2026-06-07 07:10,2026-06-07 23:57,BD-TDM,WH-BD-01,TV-299EB8,TV,LG OLED 48,Electrolux,3,29512000,88536000,GrabExpress,215000,Hoàn tất
SHIP20260600971,PICK20260600971,SO20260600971,2026-06-18 14:32,2026-06-18 22:10,2026-06-19 04:45,HCM-Q7,WH-HCM-02,KT-225744,Ấm siêu tốc,Philips,Xiaomi,3,371000,1113000,Nội bộ,0,Đã giao
SHIP20260600972,PICK20260600972,SO20260600972,2026-06-03 20:33,2026-06-04 15:17,2026-06-05 04:29,DN-HC,WH-DN-01,TV-3A9F5F,TV,LG OLED 48,Casper,1,15252000,15252000,Ahamove,180000,Giao lại
SHIP20260600973,PICK20260600973,SO20260600973,2026-06-24 19:28,2026-06-25 12:40,2026-06-26 06:03,HCM-TB,WH-HCM-03,VC-90DAA9,Máy hút bụi,Dyson V8,Casper,3,1393000,4179000,Ahamove,45000,Đã giao
SHIP20260600974,PICK20260600974,SO20260600974,2026-06-24 13:36,2026-06-24 18:08,2026-06-25 11:43,BD-TDM,WH-BD-01,TV-3277C5,TV,"TCL 50""",Cuckoo,3,18461000,55383000,Xe tải thuê ngoài,225000,Đã giao
SHIP20260600975,PICK20260600975,SO20260600975,2026-06-23 11:29,2026-06-23 17:23,2026-06-24 23:47,CT-NK,WH-CT-01,FN-D8D699,Quạt,Asia,Sunhouse,1,1033000,1033000,GrabExpress,90000,Đã giao
SHIP20260600976,PICK20260600976,SO20260600976,2026-06-25 14:46,2026-06-26 07:59,2026-06-27 20:02,HCM-Q7,WH-HCM-02,VC-852D6B,Máy hút bụi,Philips FC,Sunhouse,1,2375000,2375000,Nội bộ,0,Hoàn tất
SHIP20260600977,PICK20260600977,SO20260600977,2026-06-08 13:44,2026-06-08 20:31,2026-06-09 18:41,CT-NK,WH-CT-01,VC-4B9FA6,Máy hút bụi,Philips FC,Aqua,1,2590000,2590000,Nội bộ,35000,Đã giao
SHIP20260600978,PICK20260600978,SO20260600978,2026-06-11 11:03,2026-06-11 23:50,2026-06-12 03:42,HCM-Q7,WH-HCM-02,MW-F2FBBA,Lò vi sóng,Panasonic 25L,Sunhouse,1,1341000,1341000,GHN,35000,Hoàn tất
SHIP20260600979,PICK20260600979,SO20260600979,2026-06-17 17:15,2026-06-17 21:36,2026-06-18 20:21,HCM-Q1,WH-HCM-01,BL-267545,Máy xay,Panasonic Blender,Cuckoo,2,285000,570000,GrabExpress,45000,Đã giao
SHIP20260600980,PICK20260600980,SO20260600980,2026-06-18 20:27,2026-06-19 02:42,2026-06-19 20:07,HN-CG,WH-HN-01,RF-F96CEA,Tủ lạnh,LG 420L,Sharp,2,16944000,33888000,Nội bộ,270000,Đã giao
SHIP20260600981,PICK20260600981,SO20260600981,2026-06-28 12:53,2026-06-28 19:05,2026-06-29 00:23,HCM-Q7,WH-HCM-02,RC-454944,Nồi cơm,Sunhouse 1.2L,Sony,1,1720000,1720000,Nội bộ,120000,Đã giao
SHIP20260600982,PICK20260600982,SO20260600982,2026-06-22 09:34,2026-06-23 01:35,2026-06-24 09:02,HCM-Q1,WH-HCM-01,KT-B5A58C,Ấm siêu tốc,Philips,Casper,1,613000,613000,Ahamove,35000,Đã giao
SHIP20260600983,PICK20260600983,SO20260600983,2026-06-20 13:16,2026-06-20 23:06,2026-06-21 06:21,CT-NK,WH-CT-01,TV-43937F,TV,"Sony 65""",Daikin,2,15706000,31412000,GHN,240000,Đã giao
SHIP20260600984,PICK20260600984,SO20260600984,2026-06-03 12:01,2026-06-03 22:30,2026-06-04 19:03,HCM-Q1,WH-HCM-01,MW-1E7D48,Lò vi sóng,Sharp 20L,Xiaomi,1,1196000,1196000,GHN,25000,Đã giao
SHIP20260600985,PICK20260600985,SO20260600985,2026-06-02 10:40,2026-06-03 02:31,2026-06-03 12:04,HCM-TB,WH-HCM-03,KT-4207FB,Ấm siêu tốc,Sunhouse,Asia,2,867000,1734000,Ahamove,35000,Đã giao
SHIP20260600986,PICK20260600986,SO20260600986,2026-06-14 15:41,2026-06-15 10:39,2026-06-16 12:56,HCM-Q1,WH-HCM-01,AC-75386E,Máy lạnh,Mitsubishi 1.5HP,Cuckoo,3,5619000,16857000,Nội bộ,270000,Hoàn tất
SHIP20260600987,PICK20260600987,SO20260600987,2026-06-23 14:23,2026-06-24 07:59,2026-06-24 23:22,HN-HBT,WH-HN-02,KT-C76795,Ấm siêu tốc,Philips,Aqua,3,591000,1773000,GHN,0,Hoàn tất
SHIP20260600988,PICK20260600988,SO20260600988,2026-06-16 09:24,2026-06-16 20:58,2026-06-17 22:46,BD-TDM,WH-BD-01,AC-076657,Máy lạnh,Mitsubishi 1.5HP,Xiaomi,1,7030000,7030000,Ahamove,0,Đã giao
SHIP20260600989,PICK20260600989,SO20260600989,2026-06-06 11:45,2026-06-07 02:10,2026-06-07 18:56,DN-HC,WH-DN-01,MW-2896A4,Lò vi sóng,Sharp 20L,Panasonic,1,2716000,2716000,Xe tải thuê ngoài,25000,Đã giao
SHIP20260600990,PICK20260600990,SO20260600990,2026-06-15 09:29,2026-06-16 03:53,2026-06-16 12:31,BD-TDM,WH-BD-01,AC-076657,Máy lạnh,Mitsubishi 1.5HP,Xiaomi,3,7333000,21999000,Nội bộ,245000,Hoàn tất
SHIP20260600991,PICK20260600991,SO20260600991,2026-06-19 15:07,2026-06-20 00:18,2026-06-21 00:48,BD-TDM,WH-BD-01,MW-AE2881,Lò vi sóng,Panasonic 25L,Panasonic,1,1916000,1916000,Xe tải thuê ngoài,90000,Giao lại
SHIP20260600992,PICK20260600992,SO20260600992,2026-06-05 19:56,2026-06-06 08:14,2026-06-07 01:43,HCM-Q7,WH-HCM-02,FN-A4A668,Quạt,Asia,Cuckoo,1,1657000,1657000,GHN,25000,Đã giao
SHIP20260600993,PICK20260600993,SO20260600993,2026-06-13 17:29,2026-06-14 07:09,2026-06-14 16:46,HCM-Q1,WH-HCM-01,VC-049BC9,Máy hút bụi,Xiaomi G10,Mitsubishi,3,5878000,17634000,GHN,145000,Đã giao
SHIP20260600994,PICK20260600994,SO20260600994,2026-06-12 20:48,2026-06-13 09:51,2026-06-14 10:10,CT-NK,WH-CT-01,RF-1BAC8F,Tủ lạnh,Panasonic 300L,Electrolux,2,5262000,10524000,GHN,65000,Giao lại
SHIP20260600995,PICK20260600995,SO20260600995,2026-06-15 20:32,2026-06-16 03:47,2026-06-17 09:20,DN-HC,WH-DN-01,AC-9162CC,Máy lạnh,Mitsubishi 1.5HP,Philips,1,14515000,14515000,GrabExpress,145000,Hoàn tất
SHIP20260600996,PICK20260600996,SO20260600996,2026-06-23 12:04,2026-06-23 18:12,2026-06-23 22:19,CT-NK,WH-CT-01,KT-C02AC0,Ấm siêu tốc,Kangaroo,Asia,2,291000,582000,Xe tải thuê ngoài,45000,Đã giao
SHIP20260600997,PICK20260600997,SO20260600997,2026-06-03 15:20,2026-06-03 23:57,2026-06-04 12:02,HCM-Q1,WH-HCM-01,TV-F84775,TV,"Sony 65""",Xiaomi,1,16138000,16138000,Ahamove,165000,Hoàn tất
SHIP20260600998,PICK20260600998,SO20260600998,2026-06-19 14:14,2026-06-19 23:52,2026-06-20 22:21,HN-CG,WH-HN-01,AC-4CE3DD,Máy lạnh,Panasonic 1.5HP,Samsung,3,9844000,29532000,Xe tải thuê ngoài,165000,Đã giao
SHIP20260600999,PICK20260600999,SO20260600999,2026-06-18 18:18,2026-06-19 13:02,2026-06-19 17:58,HCM-TB,WH-HCM-03,BL-CB9EBE,Máy xay,Philips Blender,Philips,1,461000,461000,Nội bộ,35000,Giao lại
SHIP20260601000,PICK20260601000,SO20260601000,2026-06-02 12:26,2026-06-02 22:28,2026-06-03 21:06,HCM-Q7,WH-HCM-02,WM-B66625,Máy giặt,Panasonic 8.5kg,Sony,3,9776000,29328000,GHN,170000,Đã giao
SHIP20260601001,PICK20260601001,SO20260601001,2026-06-26 10:31,2026-06-27 04:03,2026-06-28 06:17,HN-HBT,WH-HN-02,RF-CAB84B,Tủ lạnh,Samsung Inverter 350L,Senko,2,16513000,33026000,GrabExpress,80000,Đã giao
SHIP20260601002,PICK20260601002,SO20260601002,2026-06-20 09:33,2026-06-20 14:49,2026-06-21 02:52,CT-NK,WH-CT-01,RC-588B19,Nồi cơm,Sunhouse 1.2L,Electrolux,3,2130000,6390000,GHN,90000,Giao lại
SHIP20260601003,PICK20260601003,SO20260601003,2026-06-26 19:09,2026-06-27 09:39,2026-06-27 17:27,HCM-TB,WH-HCM-03,VC-3898BC,Máy hút bụi,Xiaomi G10,Toshiba,3,6329000,18987000,GrabExpress,145000,Giao lại
SHIP20260601004,PICK20260601004,SO20260601004,2026-06-20 12:50,2026-06-20 15:45,2026-06-22 03:34,HCM-Q1,WH-HCM-01,KT-4BFC34,Ấm siêu tốc,Kangaroo,Sunhouse,3,274000,822000,Ahamove,45000,Đã giao
SHIP20260601005,PICK20260601005,SO20260601005,2026-06-21 09:55,2026-06-21 16:16,2026-06-22 12:49,DN-HC,WH-DN-01,RC-BC47CD,Nồi cơm,Sharp 1.8L,Aqua,1,995000,995000,Ahamove,25000,Hoàn tất
SHIP20260601006,PICK20260601006,SO20260601006,2026-06-30 20:10,2026-06-30 23:45,2026-07-01 15:04,CT-NK,WH-CT-01,MW-5F52F7,Lò vi sóng,Sharp 20L,Toshiba,1,817000,817000,GrabExpress,0,Đã giao
SHIP20260601007,PICK20260601007,SO20260601007,2026-06-17 16:40,2026-06-17 18:02,2026-06-18 02:52,HCM-TB,WH-HCM-03,AC-4EC148,Máy lạnh,Mitsubishi 1.5HP,Toshiba,3,13309000,39927000,GHN,165000,Đã giao
SHIP20260601008,PICK20260601008,SO20260601008,2026-06-05 19:05,2026-06-05 23:29,2026-06-06 08:41,HCM-TB,WH-HCM-03,WM-65B7F8,Máy giặt,Samsung 10kg,Sony,2,5952000,11904000,Xe tải thuê ngoài,45000,Đã giao
SHIP20260601009,PICK20260601009,SO20260601009,2026-06-21 18:06,2026-06-22 00:19,2026-06-23 07:50,BD-TDM,WH-BD-01,KT-881318,Ấm siêu tốc,Sunhouse,Sony,1,422000,422000,GHN,35000,Đã giao
SHIP20260601010,PICK20260601010,SO20260601010,2026-06-14 16:59,2026-06-15 06:45,2026-06-15 10:01,CT-NK,WH-CT-01,AC-DF5234,Máy lạnh,Daikin 1HP,Asia,3,15899000,47697000,Xe tải thuê ngoài,270000,Hoàn tất
SHIP20260601011,PICK20260601011,SO20260601011,2026-06-17 13:39,2026-06-18 00:02,2026-06-18 17:59,DN-HC,WH-DN-01,BL-08E06D,Máy xay,Philips Blender,Casper,2,318000,636000,Ahamove,35000,Đã giao
SHIP20260601012,PICK20260601012,SO20260601012,2026-06-02 14:40,2026-06-02 17:46,2026-06-02 21:35,DN-HC,WH-DN-01,TV-3C8911,TV,LG OLED 48,Sharp,1,27219000,27219000,Xe tải thuê ngoài,185000,Giao lại
SHIP20260601013,PICK20260601013,SO20260601013,2026-06-23 16:01,2026-06-24 02:10,2026-06-24 11:39,CT-NK,WH-CT-01,AC-EA5153,Máy lạnh,Casper 1HP,Sunhouse,2,11136000,22272000,GrabExpress,155000,Giao lại
SHIP20260601014,PICK20260601014,SO20260601014,2026-06-17 08:17,2026-06-17 20:16,2026-06-19 06:17,CT-NK,WH-CT-01,BL-271795,Máy xay,Panasonic Blender,Sony,2,947000,1894000,Nội bộ,120000,Đã giao
SHIP20260601015,PICK20260601015,SO20260601015,2026-06-27 17:56,2026-06-28 07:38,2026-06-28 19:17,HN-HBT,WH-HN-02,FN-E10178,Quạt,Panasonic,Xiaomi,1,486000,486000,Xe tải thuê ngoài,65000,Đã giao
SHIP20260601016,PICK20260601016,SO20260601016,2026-06-14 16:16,2026-06-14 21:12,2026-06-15 02:54,BD-TDM,WH-BD-01,BL-D2FACB,Máy xay,Panasonic Blender,Toshiba,3,278000,834000,Xe tải thuê ngoài,25000,Đã giao
SHIP20260601017,PICK20260601017,SO20260601017,2026-06-10 08:36,2026-06-10 19:40,2026-06-12 03:03,HN-HBT,WH-HN-02,AC-9162CC,Máy lạnh,Mitsubishi 1.5HP,Philips,1,17254000,17254000,Xe tải thuê ngoài,225000,Giao lại
SHIP20260601018,PICK20260601018,SO20260601018,2026-06-29 18:09,2026-06-30 02:44,2026-06-30 18:48,HCM-Q1,WH-HCM-01,MW-4F3182,Lò vi sóng,Panasonic 25L,Daikin,1,2102000,2102000,GrabExpress,45000,Đã giao
SHIP20260601019,PICK20260601019,SO20260601019,2026-06-12 13:09,2026-06-13 04:48,2026-06-14 12:53,HCM-Q1,WH-HCM-01,KT-988AF8,Ấm siêu tốc,Kangaroo,Senko,2,136000,272000,GrabExpress,65000,Đã giao
SHIP20260601020,PICK20260601020,SO20260601020,2026-06-12 09:42,2026-06-12 21:27,2026-06-13 13:52,HCM-Q7,WH-HCM-02,MW-F8E59D,Lò vi sóng,Sharp 20L,Sharp,3,3496000,10488000,GHN,45000,Đã giao
SHIP20260601021,PICK20260601021,SO20260601021,2026-06-27 18:09,2026-06-28 03:44,2026-06-28 21:32,HN-CG,WH-HN-01,AC-0202C4,Máy lạnh,Mitsubishi 1.5HP,Senko,3,5195000,15585000,GrabExpress,300000,Đã giao
SHIP20260601022,PICK20260601022,SO20260601022,2026-06-02 17:00,2026-06-03 04:06,2026-06-04 05:15,CT-NK,WH-CT-01,BL-BE1E34,Máy xay,Panasonic Blender,Senko,2,484000,968000,Nội bộ,120000,Đã giao
SHIP20260601023,PICK20260601023,SO20260601023,2026-06-15 15:30,2026-06-16 06:33,2026-06-16 17:58,HCM-Q7,WH-HCM-02,RC-7580B4,Nồi cơm,Panasonic 1.8L,Panasonic,3,2669000,8007000,GrabExpress,0,Đã giao
SHIP20260601024,PICK20260601024,SO20260601024,2026-06-21 19:24,2026-06-22 12:24,2026-06-23 18:53,HCM-Q7,WH-HCM-02,KT-DB0B2F,Ấm siêu tốc,Sunhouse,Mitsubishi,1,1048000,1048000,GHN,65000,Đã giao
SHIP20260601025,PICK20260601025,SO20260601025,2026-06-13 16:10,2026-06-13 23:00,2026-06-14 11:14,BD-TDM,WH-BD-01,RF-BF179F,Tủ lạnh,Aqua 250L,Sunhouse,3,10834000,32502000,Ahamove,105000,Đã giao
SHIP20260601026,PICK20260601026,SO20260601026,2026-06-09 08:46,2026-06-09 15:48,2026-06-10 02:10,CT-NK,WH-CT-01,BL-8778AF,Máy xay,Philips Blender,Mitsubishi,3,1312000,3936000,GrabExpress,0,Đã giao
SHIP20260601027,PICK20260601027,SO20260601027,2026-06-05 08:48,2026-06-05 17:33,2026-06-06 10:17,BD-TDM,WH-BD-01,BL-848064,Máy xay,Sunhouse Blender,Xiaomi,1,1054000,1054000,GHN,45000,Hoàn tất
SHIP20260601028,PICK20260601028,SO20260601028,2026-06-11 11:04,2026-06-11 22:51,2026-06-12 01:33,HN-CG,WH-HN-01,WM-694A64,Máy giặt,Toshiba 9kg,Mitsubishi,2,10701000,21402000,GHN,125000,Đã giao
SHIP20260601029,PICK20260601029,SO20260601029,2026-06-01 08:45,2026-06-01 16:52,2026-06-02 10:15,HCM-TB,WH-HCM-03,KT-A1FEF1,Ấm siêu tốc,Sunhouse,Xiaomi,2,664000,1328000,Ahamove,0,Đã giao
SHIP20260601030,PICK20260601030,SO20260601030,2026-06-19 12:11,2026-06-20 03:53,2026-06-20 16:26,HCM-Q1,WH-HCM-01,BL-8778AF,Máy xay,Philips Blender,Mitsubishi,1,1361000,1361000,Xe tải thuê ngoài,25000,Đã giao
SHIP20260601031,PICK20260601031,SO20260601031,2026-06-29 09:27,2026-06-29 18:06,2026-06-30 06:07,HCM-Q1,WH-HCM-01,MW-CC5E2E,Lò vi sóng,Electrolux 23L,Electrolux,2,2950000,5900000,Ahamove,0,Hoàn tất
SHIP20260601032,PICK20260601032,SO20260601032,2026-06-26 08:40,2026-06-26 19:14,2026-06-27 01:57,CT-NK,WH-CT-01,TV-142F73,TV,"TCL 50""",Philips,1,9304000,9304000,Ahamove,120000,Đã giao
SHIP20260601033,PICK20260601033,SO20260601033,2026-06-16 13:07,2026-06-16 22:33,2026-06-17 08:50,CT-NK,WH-CT-01,TV-57E353,TV,LG OLED 48,Sony,1,6573000,6573000,Ahamove,35000,Đã giao
SHIP20260601034,PICK20260601034,SO20260601034,2026-06-11 09:16,2026-06-11 13:27,2026-06-12 23:06,HN-HBT,WH-HN-02,KT-B5A58C,Ấm siêu tốc,Philips,Casper,2,161000,322000,Nội bộ,35000,Giao lại
SHIP20260601035,PICK20260601035,SO20260601035,2026-06-26 12:46,2026-06-27 06:16,2026-06-27 12:45,DN-HC,WH-DN-01,FN-A2F97E,Quạt,Senko,Xiaomi,2,1253000,2506000,GHN,45000,Giao lại
SHIP20260601036,PICK20260601036,SO20260601036,2026-06-26 15:17,2026-06-26 23:43,2026-06-27 09:35,HCM-Q7,WH-HCM-02,MW-E17A69,Lò vi sóng,Electrolux 23L,Xiaomi,2,1162000,2324000,Ahamove,35000,Đã giao
SHIP20260601037,PICK20260601037,SO20260601037,2026-06-09 20:03,2026-06-09 21:28,2026-06-11 06:28,BD-TDM,WH-BD-01,VC-DD459E,Máy hút bụi,Dyson V8,Asia,1,2424000,2424000,Nội bộ,90000,Giao lại
SHIP20260601038,PICK20260601038,SO20260601038,2026-06-12 17:51,2026-06-12 18:57,2026-06-13 21:59,CT-NK,WH-CT-01,FN-985D6E,Quạt,Panasonic,Sharp,3,778000,2334000,Nội bộ,45000,Đã giao
SHIP20260601039,PICK20260601039,SO20260601039,2026-06-10 18:52,2026-06-11 03:44,2026-06-11 20:33,HCM-Q1,WH-HCM-01,WM-E62700,Máy giặt,Samsung 10kg,Xiaomi,1,14062000,14062000,GHN,185000,Đã giao
SHIP20260601040,PICK20260601040,SO20260601040,2026-06-15 11:50,2026-06-15 19:38,2026-06-16 06:32,HN-CG,WH-HN-01,KT-BD9201,Ấm siêu tốc,Kangaroo,Aqua,3,755000,2265000,GHN,35000,Giao lại
SHIP20260601041,PICK20260601041,SO20260601041,2026-06-26 10:31,2026-06-27 05:02,2026-06-28 16:06,HCM-Q1,WH-HCM-01,RF-096A78,Tủ lạnh,LG 420L,Asia,3,10999000,32997000,GHN,170000,Đã giao
SHIP20260601042,PICK20260601042,SO20260601042,2026-06-13 10:40,2026-06-13 20:11,2026-06-14 01:31,HCM-Q1,WH-HCM-01,WM-694A64,Máy giặt,Toshiba 9kg,Mitsubishi,1,13240000,13240000,Nội bộ,165000,Giao lại
SHIP20260601043,PICK20260601043,SO20260601043,2026-06-12 18:57,2026-06-13 05:54,2026-06-14 17:13,HCM-Q1,WH-HCM-01,RC-CCF100,Nồi cơm,Sharp 1.8L,Sunhouse,3,1151000,3453000,Ahamove,45000,Đã giao
SHIP20260601044,PICK20260601044,SO20260601044,2026-06-10 15:16,2026-06-10 21:08,2026-06-11 19:05,HCM-Q1,WH-HCM-01,KT-4D9F3E,Ấm siêu tốc,Kangaroo,Philips,3,380000,1140000,Nội bộ,65000,Đã giao
SHIP20260601045,PICK20260601045,SO20260601045,2026-06-12 14:42,2026-06-13 08:38,2026-06-13 20:16,HN-CG,WH-HN-01,FN-633F9D,Quạt,Panasonic,Cuckoo,1,942000,942000,GrabExpress,0,Đã giao
SHIP20260601046,PICK20260601046,SO20260601046,2026-06-02 09:51,2026-06-02 16:50,2026-06-03 23:23,HCM-TB,WH-HCM-03,FN-47B1B0,Quạt,Senko,Toshiba,2,215000,430000,Xe tải thuê ngoài,45000,Giao lại
SHIP20260601047,PICK20260601047,SO20260601047,2026-06-14 20:55,2026-06-15 10:24,2026-06-15 13:02,CT-NK,WH-CT-01,RC-650938,Nồi cơm,Sunhouse 1.2L,LG,1,1053000,1053000,GrabExpress,65000,Hoàn tất
SHIP20260601048,PICK20260601048,SO20260601048,2026-06-22 13:15,2026-06-23 06:32,2026-06-24 04:42,BD-TDM,WH-BD-01,WM-565F25,Máy giặt,Samsung 10kg,Daikin,1,3748000,3748000,GHN,65000,Giao lại
SHIP20260601049,PICK20260601049,SO20260601049,2026-06-29 11:49,2026-06-29 15:59,2026-06-30 08:34,HN-HBT,WH-HN-02,VC-36242C,Máy hút bụi,Xiaomi G10,Sony,2,3335000,6670000,Ahamove,65000,Đã giao
SHIP20260601050,PICK20260601050,SO20260601050,2026-06-06 14:22,2026-06-07 03:54,2026-06-08 12:45,HN-CG,WH-HN-01,RF-BFD1C6,Tủ lạnh,Aqua 250L,Electrolux,3,15129000,45387000,Xe tải thuê ngoài,105000,Hoàn tất
SHIP20260601051,PICK20260601051,SO20260601051,2026-06-16 12:46,2026-06-16 23:22,2026-06-17 20:16,HN-CG,WH-HN-01,TV-65B17D,TV,"Sony 65""",Samsung,3,21490000,64470000,Xe tải thuê ngoài,180000,Đã giao
SHIP20260601052,PICK20260601052,SO20260601052,2026-06-11 17:18,2026-06-12 12:03,2026-06-13 06:39,HN-HBT,WH-HN-02,TV-BD30D1,TV,"TCL 50""",Asia,3,21981000,65943000,GHN,80000,Đã giao
SHIP20260601053,PICK20260601053,SO20260601053,2026-06-22 08:45,2026-06-22 10:21,2026-06-22 16:37,HN-HBT,WH-HN-02,MW-FB2461,Lò vi sóng,Electrolux 23L,Senko,3,3227000,9681000,Xe tải thuê ngoài,25000,Hoàn tất
SHIP20260601054,PICK20260601054,SO20260601054,2026-06-14 08:32,2026-06-14 12:10,2026-06-15 00:45,HCM-Q7,WH-HCM-02,WM-B368C2,Máy giặt,Samsung 10kg,Casper,1,12636000,12636000,Ahamove,120000,Đã giao
SHIP20260601055,PICK20260601055,SO20260601055,2026-06-03 16:30,2026-06-04 05:58,2026-06-05 16:44,HCM-TB,WH-HCM-03,RF-681BCC,Tủ lạnh,LG 420L,Samsung,3,13885000,41655000,GrabExpress,245000,Đã giao
SHIP20260601056,PICK20260601056,SO20260601056,2026-06-23 15:56,2026-06-24 03:46,2026-06-24 23:12,HN-HBT,WH-HN-02,AC-B03170,Máy lạnh,Casper 1HP,Casper,1,6299000,6299000,Ahamove,65000,Giao lại
SHIP20260601057,PICK20260601057,SO20260601057,2026-06-17 12:36,2026-06-18 05:34,2026-06-18 21:30,BD-TDM,WH-BD-01,RC-DFEBAA,Nồi cơm,Sharp 1.8L,LG,1,1387000,1387000,Xe tải thuê ngoài,120000,Hoàn tất
SHIP20260601058,PICK20260601058,SO20260601058,2026-06-10 19:10,2026-06-11 03:19,2026-06-11 09:56,HN-CG,WH-HN-01,TV-0CE747,TV,"Sony 65""",Casper,1,13111000,13111000,GrabExpress,165000,Đã giao
SHIP20260601059,PICK20260601059,SO20260601059,2026-06-27 19:41,2026-06-28 08:10,2026-06-29 00:50,HCM-Q1,WH-HCM-01,MW-8EA0CB,Lò vi sóng,Panasonic 25L,LG,1,3660000,3660000,Ahamove,45000,Giao lại
SHIP20260601060,PICK20260601060,SO20260601060,2026-06-06 18:35,2026-06-07 11:10,2026-06-08 00:16,HN-CG,WH-HN-01,BL-14DC96,Máy xay,Sunhouse Blender,Sony,1,1393000,1393000,Ahamove,120000,Đã giao
SHIP20260601061,PICK20260601061,SO20260601061,2026-06-21 14:45,2026-06-21 19:43,2026-06-22 11:35,BD-TDM,WH-BD-01,FN-A2F97E,Quạt,Senko,Xiaomi,3,1620000,4860000,GrabExpress,120000,Giao lại
SHIP20260601062,PICK20260601062,SO20260601062,2026-06-27 15:24,2026-06-28 04:37,2026-06-29 00:11,HN-CG,WH-HN-01,VC-E19461,Máy hút bụi,Dyson V8,Panasonic,3,3268000,9804000,Nội bộ,65000,Đã giao
SHIP20260601063,PICK20260601063,SO20260601063,2026-06-03 14:52,2026-06-04 00:46,2026-06-04 19:17,CT-NK,WH-CT-01,WM-CFD2AA,Máy giặt,Toshiba 9kg,Philips,3,5869000,17607000,Nội bộ,210000,Đã giao
SHIP20260601064,PICK20260601064,SO20260601064,2026-06-13 08:30,2026-06-13 12:14,2026-06-14 12:08,HN-HBT,WH-HN-02,VC-90DAA9,Máy hút bụi,Dyson V8,Casper,3,1649000,4947000,Ahamove,0,Đã giao
SHIP20260601065,PICK20260601065,SO20260601065,2026-06-24 09:42,2026-06-24 13:34,2026-06-24 16:10,HN-HBT,WH-HN-02,BL-E08C31,Máy xay,Panasonic Blender,Philips,3,774000,2322000,GHN,90000,Đã giao
SHIP20260601066,PICK20260601066,SO20260601066,2026-06-05 08:00,2026-06-05 20:13,2026-06-06 03:11,HN-HBT,WH-HN-02,KT-912978,Ấm siêu tốc,Sunhouse,Philips,2,392000,784000,Nội bộ,25000,Giao lại
SHIP20260601067,PICK20260601067,SO20260601067,2026-06-03 09:57,2026-06-03 21:14,2026-06-05 07:29,HCM-TB,WH-HCM-03,MW-A9C910,Lò vi sóng,Panasonic 25L,Sony,2,1415000,2830000,Nội bộ,65000,Đã giao
SHIP20260601068,PICK20260601068,SO20260601068,2026-06-25 11:55,2026-06-26 02:05,2026-06-26 05:42,HN-HBT,WH-HN-02,WM-911CBD,Máy giặt,LG 9kg,Cuckoo,1,9100000,9100000,GHN,35000,Đã giao
SHIP20260601069,PICK20260601069,SO20260601069,2026-06-01 16:36,2026-06-01 21:12,2026-06-02 00:59,HCM-TB,WH-HCM-03,RC-56CDC9,Nồi cơm,Sharp 1.8L,Sharp,3,2047000,6141000,Ahamove,0,Giao lại
SHIP20260601070,PICK20260601070,SO20260601070,2026-06-13 13:29,2026-06-13 16:37,2026-06-14 11:25,CT-NK,WH-CT-01,VC-506EE5,Máy hút bụi,Philips FC,Sony,1,5756000,5756000,GrabExpress,0,Đã giao
SHIP20260601071,PICK20260601071,SO20260601071,2026-06-04 11:05,2026-06-04 16:16,2026-06-05 12:38,HN-HBT,WH-HN-02,WM-016674,Máy giặt,Samsung 10kg,Sunhouse,2,12678000,25356000,GHN,300000,Đã giao
SHIP20260601072,PICK20260601072,SO20260601072,2026-06-09 08:19,2026-06-09 23:14,2026-06-11 10:41,DN-HC,WH-DN-01,BL-F15989,Máy xay,Philips Blender,Samsung,1,1325000,1325000,Xe tải thuê ngoài,35000,Đã giao
SHIP20260601073,PICK20260601073,SO20260601073,2026-06-25 14:24,2026-06-26 08:07,2026-06-26 17:05,HN-HBT,WH-HN-02,VC-2D4AC5,Máy hút bụi,Philips FC,Toshiba,3,1340000,4020000,GrabExpress,120000,Đã giao
SHIP20260601074,PICK20260601074,SO20260601074,2026-06-14 18:07,2026-06-15 07:26,2026-06-16 07:43,BD-TDM,WH-BD-01,RC-A5EAB1,Nồi cơm,Cuckoo 1.8L,Sony,2,608000,1216000,Xe tải thuê ngoài,25000,Đã giao
SHIP20260601075,PICK20260601075,SO20260601075,2026-06-20 14:09,2026-06-20 15:13,2026-06-21 18:14,HN-HBT,WH-HN-02,VC-4BDADC,Máy hút bụi,Philips FC,Electrolux,3,4045000,12135000,Xe tải thuê ngoài,65000,Đã giao
SHIP20260601076,PICK20260601076,SO20260601076,2026-06-08 13:21,2026-06-08 22:08,2026-06-10 02:59,BD-TDM,WH-BD-01,AC-B3192D,Máy lạnh,Panasonic 1.5HP,Panasonic,1,9254000,9254000,Nội bộ,0,Đã giao
SHIP20260601077,PICK20260601077,SO20260601077,2026-06-17 12:35,2026-06-17 21:50,2026-06-18 03:42,HCM-TB,WH-HCM-03,RC-16E175,Nồi cơm,Cuckoo 1.8L,Panasonic,2,1975000,3950000,Nội bộ,25000,Đã giao
SHIP20260601078,PICK20260601078,SO20260601078,2026-06-19 10:21,2026-06-20 01:24,2026-06-21 08:12,CT-NK,WH-CT-01,WM-4F93AF,Máy giặt,LG 9kg,Sunhouse,3,7108000,21324000,Nội bộ,180000,Đã giao
SHIP20260601079,PICK20260601079,SO20260601079,2026-06-20 16:17,2026-06-21 01:13,2026-06-21 08:22,DN-HC,WH-DN-01,KT-F72092,Ấm siêu tốc,Sunhouse,Casper,2,779000,1558000,GHN,0,Hoàn tất
SHIP20260601080,PICK20260601080,SO20260601080,2026-06-30 08:26,2026-06-30 19:01,2026-07-01 21:36,HCM-TB,WH-HCM-03,RF-7AFE5C,Tủ lạnh,LG 420L,Electrolux,3,13909000,41727000,Nội bộ,300000,Giao lại
SHIP20260601081,PICK20260601081,SO20260601081,2026-06-08 09:28,2026-06-09 02:59,2026-06-09 06:01,HCM-TB,WH-HCM-03,BL-8A2ABB,Máy xay,Sunhouse Blender,Aqua,1,1115000,1115000,GrabExpress,35000,Giao lại
SHIP20260601082,PICK20260601082,SO20260601082,2026-06-10 09:17,2026-06-11 03:33,2026-06-12 05:05,HN-CG,WH-HN-01,RC-811085,Nồi cơm,Sunhouse 1.2L,Toshiba,2,655000,1310000,Xe tải thuê ngoài,120000,Giao lại
SHIP20260601083,PICK20260601083,SO20260601083,2026-06-13 13:30,2026-06-13 21:37,2026-06-14 10:05,BD-TDM,WH-BD-01,MW-33B2FE,Lò vi sóng,Electrolux 23L,Samsung,2,1851000,3702000,Xe tải thuê ngoài,0,Giao lại
SHIP20260601084,PICK20260601084,SO20260601084,2026-06-19 09:38,2026-06-19 14:34,2026-06-20 00:21,BD-TDM,WH-BD-01,AC-D2FD31,Máy lạnh,Panasonic 1.5HP,Toshiba,3,17070000,51210000,GHN,80000,Hoàn tất
SHIP20260601085,PICK20260601085,SO20260601085,2026-06-24 14:38,2026-06-25 02:58,2026-06-26 09:06,HCM-TB,WH-HCM-03,BL-B69FDD,Máy xay,Sunhouse Blender,Mitsubishi,2,2117000,4234000,Ahamove,35000,Giao lại
SHIP20260601086,PICK20260601086,SO20260601086,2026-06-30 15:47,2026-07-01 08:36,2026-07-01 21:41,DN-HC,WH-DN-01,BL-267545,Máy xay,Panasonic Blender,Cuckoo,1,510000,510000,GrabExpress,65000,Hoàn tất
SHIP20260601087,PICK20260601087,SO20260601087,2026-06-30 11:25,2026-06-30 23:23,2026-07-02 00:39,DN-HC,WH-DN-01,RC-30A967,Nồi cơm,Sharp 1.8L,Mitsubishi,3,1699000,5097000,GHN,0,Đã giao
SHIP20260601088,PICK20260601088,SO20260601088,2026-06-25 13:28,2026-06-26 07:07,2026-06-27 13:34,HN-CG,WH-HN-01,RF-40AAB7,Tủ lạnh,Samsung Inverter 350L,Electrolux,1,4741000,4741000,Xe tải thuê ngoài,35000,Giao lại
SHIP20260601089,PICK20260601089,SO20260601089,2026-06-06 19:35,2026-06-07 14:24,2026-06-08 17:47,DN-HC,WH-DN-01,RF-7A08B1,Tủ lạnh,Samsung Inverter 350L,Xiaomi,2,18274000,36548000,GrabExpress,225000,Đã giao
SHIP20260601090,PICK20260601090,SO20260601090,2026-06-03 18:02,2026-06-04 05:26,2026-06-05 17:14,HCM-Q7,WH-HCM-02,VC-98D4CD,Máy hút bụi,Xiaomi G10,Cuckoo,2,6375000,12750000,Xe tải thuê ngoài,0,Đã giao
SHIP20260601091,PICK20260601091,SO20260601091,2026-06-16 12:03,2026-06-16 21:03,2026-06-17 11:38,HN-HBT,WH-HN-02,MW-62BD16,Lò vi sóng,Electrolux 23L,Philips,2,1853000,3706000,GHN,65000,Giao lại
SHIP20260601092,PICK20260601092,SO20260601092,2026-06-21 20:27,2026-06-22 06:28,2026-06-23 03:44,BD-TDM,WH-BD-01,TV-0432E5,TV,"Sony 65""",Panasonic,1,11740000,11740000,Ahamove,25000,Hoàn tất
SHIP20260601093,PICK20260601093,SO20260601093,2026-06-06 10:09,2026-06-06 13:32,2026-06-07 12:48,HN-CG,WH-HN-01,AC-F32BBC,Máy lạnh,Mitsubishi 1.5HP,Mitsubishi,2,16207000,32414000,Ahamove,270000,Đã giao
SHIP20260601094,PICK20260601094,SO20260601094,2026-06-05 13:03,2026-06-05 22:14,2026-06-07 10:28,HN-HBT,WH-HN-02,WM-B4B226,Máy giặt,Samsung 10kg,Electrolux,1,8252000,8252000,GHN,90000,Đã giao
SHIP20260601095,PICK20260601095,SO20260601095,2026-06-12 12:13,2026-06-12 20:56,2026-06-13 19:06,HCM-TB,WH-HCM-03,TV-DCF290,TV,"Sony 65""",Sony,2,17928000,35856000,Xe tải thuê ngoài,155000,Hoàn tất
SHIP20260601096,PICK20260601096,SO20260601096,2026-06-22 16:30,2026-06-23 06:56,2026-06-24 16:07,CT-NK,WH-CT-01,KT-2036D6,Ấm siêu tốc,Kangaroo,Panasonic,1,866000,866000,GrabExpress,90000,Đã giao
SHIP20260601097,PICK20260601097,SO20260601097,2026-06-13 20:44,2026-06-14 15:20,2026-06-16 04:04,HCM-Q1,WH-HCM-01,WM-65B7F8,Máy giặt,Samsung 10kg,Sony,1,10630000,10630000,GrabExpress,25000,Hoàn tất
SHIP20260601098,PICK20260601098,SO20260601098,2026-06-10 13:28,2026-06-11 03:30,2026-06-12 03:09,HN-CG,WH-HN-01,BL-A4802F,Máy xay,Philips Blender,Daikin,2,579000,1158000,Ahamove,65000,Giao lại
SHIP20260601099,PICK20260601099,SO20260601099,2026-06-30 16:58,2026-07-01 07:04,2026-07-02 18:34,HCM-Q1,WH-HCM-01,BL-BCB9B9,Máy xay,Panasonic Blender,Sunhouse,3,1016000,3048000,Ahamove,25000,Đã giao
SHIP20260601100,PICK20260601100,SO20260601100,2026-06-02 09:57,2026-06-02 23:33,2026-06-04 11:59,HCM-Q7,WH-HCM-02,RC-7580B4,Nồi cơm,Panasonic 1.8L,Panasonic,2,532000,1064000,Xe tải thuê ngoài,120000,Giao lại
SHIP20260601101,PICK20260601101,SO20260601101,2026-06-11 17:27,2026-06-12 05:20,2026-06-12 13:17,HN-HBT,WH-HN-02,RC-DA441E,Nồi cơm,Cuckoo 1.8L,Asia,2,2062000,4124000,GHN,120000,Đã giao
SHIP20260601102,PICK20260601102,SO20260601102,2026-06-08 17:25,2026-06-09 02:59,2026-06-09 11:55,CT-NK,WH-CT-01,VC-CF166B,Máy hút bụi,Philips FC,Senko,2,3035000,6070000,Nội bộ,120000,Đã giao
SHIP20260601103,PICK20260601103,SO20260601103,2026-06-01 20:54,2026-06-02 10:02,2026-06-03 16:13,BD-TDM,WH-BD-01,FN-FD271D,Quạt,Senko,Mitsubishi,2,398000,796000,GHN,0,Đã giao
SHIP20260601104,PICK20260601104,SO20260601104,2026-06-18 14:37,2026-06-19 02:03,2026-06-19 16:18,BD-TDM,WH-BD-01,MW-75B2CD,Lò vi sóng,Panasonic 25L,Samsung,3,3050000,9150000,Xe tải thuê ngoài,0,Đã giao
SHIP20260601105,PICK20260601105,SO20260601105,2026-06-02 10:32,2026-06-02 20:28,2026-06-03 09:25,HN-HBT,WH-HN-02,KT-081E4B,Ấm siêu tốc,Kangaroo,Xiaomi,1,895000,895000,Nội bộ,25000,Đã giao
SHIP20260601106,PICK20260601106,SO20260601106,2026-06-25 09:43,2026-06-25 19:10,2026-06-26 00:58,DN-HC,WH-DN-01,AC-3E9D78,Máy lạnh,Mitsubishi 1.5HP,Electrolux,3,7884000,23652000,GHN,300000,Đã giao
SHIP20260601107,PICK20260601107,SO20260601107,2026-06-21 18:40,2026-06-22 05:25,2026-06-22 19:03,CT-NK,WH-CT-01,VC-87EB59,Máy hút bụi,Dyson V8,Sony,3,2342000,7026000,GrabExpress,90000,Hoàn tất
SHIP20260601108,PICK20260601108,SO20260601108,2026-06-03 17:19,2026-06-04 10:30,2026-06-04 21:37,DN-HC,WH-DN-01,AC-D8DA6B,Máy lạnh,Daikin 1HP,Casper,1,12960000,12960000,GrabExpress,65000,Hoàn tất
SHIP20260601109,PICK20260601109,SO20260601109,2026-06-25 20:03,2026-06-26 00:12,2026-06-26 22:50,DN-HC,WH-DN-01,WM-016674,Máy giặt,Samsung 10kg,Sunhouse,1,5002000,5002000,Nội bộ,90000,Đã giao
SHIP20260601110,PICK20260601110,SO20260601110,2026-06-19 14:39,2026-06-20 01:41,2026-06-20 15:07,BD-TDM,WH-BD-01,FN-C25C4D,Quạt,Senko,Asia,2,1077000,2154000,Xe tải thuê ngoài,25000,Giao lại
SHIP20260601111,PICK20260601111,SO20260601111,2026-06-28 17:55,2026-06-29 11:48,2026-06-29 21:09,HN-HBT,WH-HN-02,MW-2091D9,Lò vi sóng,Electrolux 23L,Sharp,3,2481000,7443000,GHN,0,Giao lại
SHIP20260601112,PICK20260601112,SO20260601112,2026-06-15 10:15,2026-06-15 19:34,2026-06-17 00:29,HCM-Q7,WH-HCM-02,KT-2036D6,Ấm siêu tốc,Kangaroo,Panasonic,3,396000,1188000,Ahamove,120000,Hoàn tất
SHIP20260601113,PICK20260601113,SO20260601113,2026-06-01 13:31,2026-06-02 04:39,2026-06-03 05:10,HN-HBT,WH-HN-02,KT-912978,Ấm siêu tốc,Sunhouse,Philips,3,382000,1146000,Ahamove,35000,Đã giao
SHIP20260601114,PICK20260601114,SO20260601114,2026-06-08 11:27,2026-06-09 06:19,2026-06-09 21:26,HN-CG,WH-HN-01,VC-4B9FA6,Máy hút bụi,Philips FC,Aqua,1,5989000,5989000,Ahamove,0,Hoàn tất
SHIP20260601115,PICK20260601115,SO20260601115,2026-06-16 08:11,2026-06-16 14:10,2026-06-18 01:06,HN-HBT,WH-HN-02,AC-E7C43D,Máy lạnh,Panasonic 1.5HP,Casper,3,13768000,41304000,Xe tải thuê ngoài,210000,Đã giao
SHIP20260601116,PICK20260601116,SO20260601116,2026-06-27 14:38,2026-06-27 18:30,2026-06-29 04:45,HCM-TB,WH-HCM-03,AC-9162CC,Máy lạnh,Mitsubishi 1.5HP,Philips,3,10272000,30816000,Nội bộ,185000,Đã giao
SHIP20260601117,PICK20260601117,SO20260601117,2026-06-18 15:21,2026-06-19 08:46,2026-06-19 14:29,HCM-TB,WH-HCM-03,WM-4642FB,Máy giặt,LG 9kg,Asia,3,6280000,18840000,GHN,245000,Đã giao
SHIP20260601118,PICK20260601118,SO20260601118,2026-06-11 10:04,2026-06-11 13:03,2026-06-12 07:26,CT-NK,WH-CT-01,RF-082E8A,Tủ lạnh,Panasonic 300L,Senko,2,15031000,30062000,GrabExpress,300000,Hoàn tất
SHIP20260601119,PICK20260601119,SO20260601119,2026-06-08 09:26,2026-06-08 14:12,2026-06-09 23:44,HCM-TB,WH-HCM-03,BL-8778AF,Máy xay,Philips Blender,Mitsubishi,1,342000,342000,GHN,65000,Đã giao
SHIP20260601120,PICK20260601120,SO20260601120,2026-06-13 20:50,2026-06-14 07:30,2026-06-14 23:13,BD-TDM,WH-BD-01,KT-80B935,Ấm siêu tốc,Kangaroo,LG,1,541000,541000,Nội bộ,120000,Đã giao
SHIP20260601121,PICK20260601121,SO20260601121,2026-06-06 12:28,2026-06-06 16:07,2026-06-07 14:51,HCM-Q7,WH-HCM-02,RC-DF1FB9,Nồi cơm,Sunhouse 1.2L,Sunhouse,1,708000,708000,Nội bộ,35000,Đã giao
SHIP20260601122,PICK20260601122,SO20260601122,2026-06-23 12:36,2026-06-24 02:49,2026-06-24 21:13,BD-TDM,WH-BD-01,AC-D8DA6B,Máy lạnh,Daikin 1HP,Casper,1,5409000,5409000,Nội bộ,65000,Đã giao
SHIP20260601123,PICK20260601123,SO20260601123,2026-06-29 14:07,2026-06-29 16:21,2026-06-29 22:22,HCM-Q7,WH-HCM-02,RF-847D79,Tủ lạnh,Samsung Inverter 350L,Panasonic,3,17708000,53124000,Nội bộ,170000,Đã giao
SHIP20260601124,PICK20260601124,SO20260601124,2026-06-22 16:01,2026-06-22 18:38,2026-06-23 10:04,HCM-Q7,WH-HCM-02,RF-E5D449,Tủ lạnh,Aqua 250L,Cuckoo,2,5932000,11864000,GHN,120000,Đã giao
SHIP20260601125,PICK20260601125,SO20260601125,2026-06-21 08:18,2026-06-21 15:33,2026-06-22 11:15,DN-HC,WH-DN-01,MW-AE2881,Lò vi sóng,Panasonic 25L,Panasonic,1,3492000,3492000,Nội bộ,35000,Đã giao
SHIP20260601126,PICK20260601126,SO20260601126,2026-06-17 08:09,2026-06-17 10:36,2026-06-18 11:47,DN-HC,WH-DN-01,FN-02E143,Quạt,Senko,Sony,2,638000,1276000,Ahamove,90000,Đã giao
SHIP20260601127,PICK20260601127,SO20260601127,2026-06-16 09:21,2026-06-17 04:04,2026-06-18 03:42,CT-NK,WH-CT-01,KT-EFA122,Ấm siêu tốc,Sunhouse,Daikin,3,562000,1686000,GrabExpress,25000,Đã giao
SHIP20260601128,PICK20260601128,SO20260601128,2026-06-22 20:15,2026-06-23 05:42,2026-06-24 08:53,BD-TDM,WH-BD-01,RC-120EAC,Nồi cơm,Sunhouse 1.2L,Sharp,3,1425000,4275000,Nội bộ,65000,Đã giao
SHIP20260601129,PICK20260601129,SO20260601129,2026-06-14 17:23,2026-06-15 00:27,2026-06-15 10:57,HCM-Q7,WH-HCM-02,MW-640EAD,Lò vi sóng,Sharp 20L,LG,2,3235000,6470000,Xe tải thuê ngoài,120000,Đã giao
SHIP20260601130,PICK20260601130,SO20260601130,2026-06-12 10:34,2026-06-13 05:09,2026-06-13 22:48,BD-TDM,WH-BD-01,BL-A4BCD6,Máy xay,Philips Blender,Sunhouse,3,915000,2745000,Ahamove,90000,Đã giao
SHIP20260601131,PICK20260601131,SO20260601131,2026-06-01 17:29,2026-06-02 06:28,2026-06-03 06:17,HN-HBT,WH-HN-02,TV-74BDA3,TV,LG OLED 48,Sunhouse,3,6637000,19911000,Ahamove,115000,Đã giao
SHIP20260601132,PICK20260601132,SO20260601132,2026-06-15 13:27,2026-06-16 03:00,2026-06-17 14:08,HCM-Q1,WH-HCM-01,FN-5D5A92,Quạt,Asia,Casper,3,722000,2166000,Ahamove,35000,Đã giao
SHIP20260601133,PICK20260601133,SO20260601133,2026-06-10 12:43,2026-06-10 19:39,2026-06-11 17:19,DN-HC,WH-DN-01,TV-C718CB,TV,"Samsung 55"" 4K",Xiaomi,3,19000000,57000000,Xe tải thuê ngoài,270000,Đã giao
SHIP20260601134,PICK20260601134,SO20260601134,2026-06-09 18:30,2026-06-09 22:03,2026-06-10 12:11,HN-CG,WH-HN-01,VC-9C3BA7,Máy hút bụi,Xiaomi G10,Xiaomi,3,2133000,6399000,Xe tải thuê ngoài,120000,Đã giao
SHIP20260601135,PICK20260601135,SO20260601135,2026-06-13 16:43,2026-06-14 07:32,2026-06-15 20:03,BD-TDM,WH-BD-01,KT-01C6B2,Ấm siêu tốc,Kangaroo,Electrolux,2,624000,1248000,GHN,45000,Đã giao
SHIP20260601136,PICK20260601136,SO20260601136,2026-06-19 16:16,2026-06-19 21:29,2026-06-20 02:46,HCM-Q1,WH-HCM-01,FN-464655,Quạt,Panasonic,Toshiba,1,852000,852000,Xe tải thuê ngoài,90000,Đã giao
SHIP20260601137,PICK20260601137,SO20260601137,2026-06-18 14:55,2026-06-19 04:35,2026-06-19 18:55,HCM-TB,WH-HCM-03,RC-24D4CE,Nồi cơm,Sunhouse 1.2L,Philips,1,1793000,1793000,GrabExpress,35000,Hoàn tất
SHIP20260601138,PICK20260601138,SO20260601138,2026-06-17 18:40,2026-06-18 00:23,2026-06-18 08:13,HN-CG,WH-HN-01,WM-917ACE,Máy giặt,Panasonic 8.5kg,Philips,3,7645000,22935000,GrabExpress,225000,Hoàn tất
SHIP20260601139,PICK20260601139,SO20260601139,2026-06-13 20:23,2026-06-13 22:59,2026-06-15 06:41,HN-CG,WH-HN-01,MW-AE2881,Lò vi sóng,Panasonic 25L,Panasonic,2,1207000,2414000,Ahamove,90000,Hoàn tất
SHIP20260601140,PICK20260601140,SO20260601140,2026-06-19 10:08,2026-06-19 21:26,2026-06-20 22:11,HCM-Q1,WH-HCM-01,VC-C98E79,Máy hút bụi,Dyson V8,LG,2,2660000,5320000,GHN,0,Giao lại
SHIP20260601141,PICK20260601141,SO20260601141,2026-06-09 17:05,2026-06-10 07:30,2026-06-11 11:26,HN-HBT,WH-HN-02,TV-652BA6,TV,LG OLED 48,Senko,2,10578000,21156000,GHN,115000,Đã giao
SHIP20260601142,PICK20260601142,SO20260601142,2026-06-08 13:32,2026-06-08 16:06,2026-06-09 19:09,DN-HC,WH-DN-01,FN-1B187A,Quạt,Panasonic,Panasonic,1,457000,457000,GrabExpress,25000,Đã giao
SHIP20260601143,PICK20260601143,SO20260601143,2026-06-07 12:19,2026-06-07 17:03,2026-06-08 02:07,HCM-TB,WH-HCM-03,FN-05A833,Quạt,Asia,Aqua,2,675000,1350000,Nội bộ,0,Đã giao
SHIP20260601144,PICK20260601144,SO20260601144,2026-06-04 12:18,2026-06-04 20:56,2026-06-06 08:26,HN-CG,WH-HN-01,KT-3F3135,Ấm siêu tốc,Sunhouse,Sharp,2,550000,1100000,Ahamove,45000,Giao lại
SHIP20260601145,PICK20260601145,SO20260601145,2026-06-22 13:02,2026-06-23 01:20,2026-06-23 14:29,HCM-TB,WH-HCM-03,FN-A7C1D9,Quạt,Asia,LG,3,1347000,4041000,Nội bộ,90000,Đã giao
SHIP20260601146,PICK20260601146,SO20260601146,2026-06-04 11:26,2026-06-04 20:26,2026-06-06 08:55,DN-HC,WH-DN-01,MW-CC5E2E,Lò vi sóng,Electrolux 23L,Electrolux,3,1010000,3030000,GrabExpress,120000,Hoàn tất
SHIP20260601147,PICK20260601147,SO20260601147,2026-06-17 20:02,2026-06-18 00:10,2026-06-18 10:17,HCM-TB,WH-HCM-03,MW-1E7D48,Lò vi sóng,Sharp 20L,Xiaomi,2,3572000,7144000,Nội bộ,45000,Giao lại
SHIP20260601148,PICK20260601148,SO20260601148,2026-06-08 20:04,2026-06-09 14:25,2026-06-10 18:09,HN-CG,WH-HN-01,KT-619E7F,Ấm siêu tốc,Sunhouse,Cuckoo,3,736000,2208000,GHN,45000,Hoàn tất
SHIP20260601149,PICK20260601149,SO20260601149,2026-06-14 10:56,2026-06-14 17:44,2026-06-14 22:37,HCM-Q1,WH-HCM-01,FN-AEDFD9,Quạt,Panasonic,Sony,1,1228000,1228000,Ahamove,65000,Đã giao
SHIP20260601150,PICK20260601150,SO20260601150,2026-06-28 15:31,2026-06-29 09:40,2026-06-30 22:32,HN-HBT,WH-HN-02,FN-1B187A,Quạt,Panasonic,Panasonic,2,1014000,2028000,GHN,45000,Đã giao
SHIP20260601151,PICK20260601151,SO20260601151,2026-06-11 16:18,2026-06-11 22:31,2026-06-13 06:01,CT-NK,WH-CT-01,AC-EA5153,Máy lạnh,Casper 1HP,Sunhouse,2,6055000,12110000,Nội bộ,90000,Hoàn tất
SHIP20260601152,PICK20260601152,SO20260601152,2026-06-10 10:00,2026-06-11 03:20,2026-06-11 10:16,HN-CG,WH-HN-01,BL-A4802F,Máy xay,Philips Blender,Daikin,3,1202000,3606000,Ahamove,0,Giao lại
SHIP20260601153,PICK20260601153,SO20260601153,2026-06-06 20:17,2026-06-07 06:02,2026-06-08 17:43,HCM-Q7,WH-HCM-02,VC-C98E79,Máy hút bụi,Dyson V8,LG,2,2312000,4624000,GHN,25000,Hoàn tất
SHIP20260601154,PICK20260601154,SO20260601154,2026-06-20 17:47,2026-06-20 22:17,2026-06-21 03:45,HN-CG,WH-HN-01,FN-AB0CC6,Quạt,Asia,Xiaomi,3,1440000,4320000,GHN,120000,Hoàn tất
SHIP20260601155,PICK20260601155,SO20260601155,2026-06-04 11:13,2026-06-04 15:33,2026-06-05 19:45,HCM-TB,WH-HCM-03,KT-8BE75F,Ấm siêu tốc,Kangaroo,Samsung,3,676000,2028000,Xe tải thuê ngoài,90000,Hoàn tất
SHIP20260601156,PICK20260601156,SO20260601156,2026-06-21 16:42,2026-06-21 23:05,2026-06-22 05:23,BD-TDM,WH-BD-01,RC-4E5AAE,Nồi cơm,Panasonic 1.8L,Sony,1,1307000,1307000,GrabExpress,0,Đã giao
SHIP20260601157,PICK20260601157,SO20260601157,2026-06-23 08:35,2026-06-23 15:15,2026-06-24 19:17,HCM-Q1,WH-HCM-01,BL-AED849,Máy xay,Panasonic Blender,Electrolux,1,1259000,1259000,Ahamove,90000,Đã giao
SHIP20260601158,PICK20260601158,SO20260601158,2026-06-03 14:10,2026-06-04 06:12,2026-06-04 18:13,HCM-Q1,WH-HCM-01,AC-E66A0A,Máy lạnh,Daikin 1HP,Mitsubishi,3,5659000,16977000,GrabExpress,120000,Hoàn tất
SHIP20260601159,PICK20260601159,SO20260601159,2026-06-14 14:30,2026-06-15 04:23,2026-06-15 14:02,HN-CG,WH-HN-01,RC-6D8DC1,Nồi cơm,Panasonic 1.8L,Xiaomi,3,2140000,6420000,Xe tải thuê ngoài,35000,Giao lại
SHIP20260601160,PICK20260601160,SO20260601160,2026-06-18 11:33,2026-06-19 03:05,2026-06-19 20:30,HN-CG,WH-HN-01,BL-653303,Máy xay,Sunhouse Blender,Philips,2,249000,498000,Xe tải thuê ngoài,0,Đã giao
SHIP20260601161,PICK20260601161,SO20260601161,2026-06-03 12:54,2026-06-03 20:24,2026-06-04 00:29,HCM-Q1,WH-HCM-01,VC-98D4CD,Máy hút bụi,Xiaomi G10,Cuckoo,2,3322000,6644000,Ahamove,90000,Đã giao
SHIP20260601162,PICK20260601162,SO20260601162,2026-06-24 08:15,2026-06-24 22:26,2026-06-25 23:38,BD-TDM,WH-BD-01,RC-93DC24,Nồi cơm,Cuckoo 1.8L,Mitsubishi,3,916000,2748000,Ahamove,45000,Hoàn tất
SHIP20260601163,PICK20260601163,SO20260601163,2026-06-24 12:01,2026-06-24 21:18,2026-06-26 08:13,DN-HC,WH-DN-01,TV-0432E5,TV,"Sony 65""",Panasonic,1,16587000,16587000,Nội bộ,170000,Hoàn tất
SHIP20260601164,PICK20260601164,SO20260601164,2026-06-14 18:58,2026-06-15 01:32,2026-06-16 12:43,CT-NK,WH-CT-01,RF-4D4BA4,Tủ lạnh,Aqua 250L,Philips,2,6096000,12192000,Xe tải thuê ngoài,65000,Đã giao
SHIP20260601165,PICK20260601165,SO20260601165,2026-06-08 13:18,2026-06-08 20:51,2026-06-09 13:03,BD-TDM,WH-BD-01,KT-9065A4,Ấm siêu tốc,Philips,Mitsubishi,1,792000,792000,Ahamove,90000,Đã giao
SHIP20260601166,PICK20260601166,SO20260601166,2026-06-11 15:02,2026-06-11 19:56,2026-06-12 10:37,HCM-Q1,WH-HCM-01,RC-BC47CD,Nồi cơm,Sharp 1.8L,Aqua,3,2433000,7299000,Ahamove,25000,Đã giao
SHIP20260601167,PICK20260601167,SO20260601167,2026-06-06 19:50,2026-06-07 09:47,2026-06-07 14:16,HN-CG,WH-HN-01,WM-9F9723,Máy giặt,LG 9kg,Mitsubishi,1,5735000,5735000,GHN,120000,Đã giao
SHIP20260601168,PICK20260601168,SO20260601168,2026-06-04 12:59,2026-06-05 06:54,2026-06-05 14:44,HN-HBT,WH-HN-02,AC-A7840C,Máy lạnh,Mitsubishi 1.5HP,Panasonic,3,14667000,44001000,GHN,105000,Đã giao
SHIP20260601169,PICK20260601169,SO20260601169,2026-06-01 09:00,2026-06-01 23:48,2026-06-03 02:44,HCM-Q1,WH-HCM-01,AC-FFF461,Máy lạnh,Mitsubishi 1.5HP,LG,1,8020000,8020000,Xe tải thuê ngoài,45000,Đã giao
SHIP20260601170,PICK20260601170,SO20260601170,2026-06-28 09:11,2026-06-28 11:51,2026-06-29 17:33,HCM-TB,WH-HCM-03,VC-09CEE7,Máy hút bụi,Dyson V8,Philips,2,3890000,7780000,Ahamove,0,Hoàn tất
SHIP20260601171,PICK20260601171,SO20260601171,2026-06-07 20:17,2026-06-07 21:32,2026-06-08 04:29,HCM-TB,WH-HCM-03,WM-233DAD,Máy giặt,LG 9kg,Toshiba,1,4715000,4715000,GHN,120000,Hoàn tất
SHIP20260601172,PICK20260601172,SO20260601172,2026-06-24 20:40,2026-06-25 13:46,2026-06-26 03:04,CT-NK,WH-CT-01,FN-E6A9CC,Quạt,Panasonic,Asia,3,529000,1587000,Ahamove,65000,Đã giao
SHIP20260601173,PICK20260601173,SO20260601173,2026-06-25 12:59,2026-06-25 15:57,2026-06-27 01:41,HCM-TB,WH-HCM-03,TV-367380,TV,"Sony 65""",Sharp,2,6080000,12160000,Xe tải thuê ngoài,25000,Hoàn tất
SHIP20260601174,PICK20260601174,SO20260601174,2026-06-13 18:38,2026-06-14 04:14,2026-06-14 06:31,HCM-Q1,WH-HCM-01,KT-7A47B5,Ấm siêu tốc,Sunhouse,Sunhouse,2,198000,396000,GHN,25000,Hoàn tất
SHIP20260601175,PICK20260601175,SO20260601175,2026-06-28 20:29,2026-06-29 14:03,2026-06-30 17:07,DN-HC,WH-DN-01,AC-029767,Máy lạnh,Daikin 1HP,Sunhouse,1,11198000,11198000,Xe tải thuê ngoài,0,Đã giao
SHIP20260601176,PICK20260601176,SO20260601176,2026-06-08 12:34,2026-06-08 15:46,2026-06-09 07:29,HCM-TB,WH-HCM-03,VC-8A6FDF,Máy hút bụi,Dyson V8,Samsung,2,5480000,10960000,GHN,90000,Hoàn tất
SHIP20260601177,PICK20260601177,SO20260601177,2026-06-01 10:20,2026-06-01 20:06,2026-06-02 19:32,BD-TDM,WH-BD-01,RF-AA103D,Tủ lạnh,Panasonic 300L,Sunhouse,1,4274000,4274000,Ahamove,120000,Hoàn tất
SHIP20260601178,PICK20260601178,SO20260601178,2026-06-25 08:46,2026-06-25 23:41,2026-06-27 12:03,HCM-Q7,WH-HCM-02,VC-36242C,Máy hút bụi,Xiaomi G10,Sony,3,4514000,13542000,GrabExpress,225000,Hoàn tất
SHIP20260601179,PICK20260601179,SO20260601179,2026-06-10 10:58,2026-06-11 01:27,2026-06-12 00:38,HCM-TB,WH-HCM-03,TV-43365F,TV,"Samsung 55"" 4K",Cuckoo,2,12018000,24036000,Nội bộ,105000,Đã giao
SHIP20260601180,PICK20260601180,SO20260601180,2026-06-10 15:23,2026-06-11 06:33,2026-06-11 13:51,HN-HBT,WH-HN-02,KT-DB0B2F,Ấm siêu tốc,Sunhouse,Mitsubishi,2,345000,690000,Nội bộ,45000,Đã giao
SHIP20260601181,PICK20260601181,SO20260601181,2026-06-23 12:07,2026-06-24 03:01,2026-06-25 09:53,HCM-TB,WH-HCM-03,KT-60A177,Ấm siêu tốc,Kangaroo,Cuckoo,1,193000,193000,Xe tải thuê ngoài,65000,Đã giao
SHIP20260601182,PICK20260601182,SO20260601182,2026-06-03 10:41,2026-06-03 18:17,2026-06-04 02:41,BD-TDM,WH-BD-01,RF-742B7E,Tủ lạnh,Samsung Inverter 350L,Asia,1,14010000,14010000,Nội bộ,125000,Đã giao
SHIP20260601183,PICK20260601183,SO20260601183,2026-06-02 19:03,2026-06-03 07:22,2026-06-03 23:24,HN-HBT,WH-HN-02,RC-DBD450,Nồi cơm,Cuckoo 1.8L,Senko,1,424000,424000,Nội bộ,45000,Hoàn tất
SHIP20260601184,PICK20260601184,SO20260601184,2026-06-26 16:39,2026-06-26 17:42,2026-06-27 00:00,HN-HBT,WH-HN-02,KT-01C6B2,Ấm siêu tốc,Kangaroo,Electrolux,2,466000,932000,Xe tải thuê ngoài,25000,Đã giao
SHIP20260601185,PICK20260601185,SO20260601185,2026-06-10 12:54,2026-06-10 18:55,2026-06-11 22:53,HCM-TB,WH-HCM-03,MW-73FD95,Lò vi sóng,Sharp 20L,Asia,2,1910000,3820000,Nội bộ,0,Đã giao
SHIP20260601186,PICK20260601186,SO20260601186,2026-06-30 13:16,2026-07-01 00:27,2026-07-02 02:46,HCM-Q1,WH-HCM-01,WM-6CA151,Máy giặt,LG 9kg,Philips,2,10670000,21340000,Ahamove,185000,Giao lại
SHIP20260601187,PICK20260601187,SO20260601187,2026-06-14 17:18,2026-06-15 03:34,2026-06-16 00:32,HCM-TB,WH-HCM-03,VC-2D4AC5,Máy hút bụi,Philips FC,Toshiba,3,5606000,16818000,GrabExpress,215000,Đã giao
SHIP20260601188,PICK20260601188,SO20260601188,2026-06-10 08:06,2026-06-10 19:37,2026-06-12 04:14,BD-TDM,WH-BD-01,FN-FD271D,Quạt,Senko,Mitsubishi,2,1498000,2996000,Ahamove,45000,Đã giao
SHIP20260601189,PICK20260601189,SO20260601189,2026-06-21 19:41,2026-06-22 02:54,2026-06-22 10:26,HN-CG,WH-HN-01,TV-3F699A,TV,LG OLED 48,Aqua,3,6950000,20850000,GHN,170000,Hoàn tất
SHIP20260601190,PICK20260601190,SO20260601190,2026-06-29 08:35,2026-06-29 20:31,2026-06-30 19:12,BD-TDM,WH-BD-01,KT-2ABC39,Ấm siêu tốc,Kangaroo,Mitsubishi,1,232000,232000,Xe tải thuê ngoài,0,Giao lại
SHIP20260601191,PICK20260601191,SO20260601191,2026-06-01 16:40,2026-06-02 11:06,2026-06-03 13:04,DN-HC,WH-DN-01,BL-BCB9B9,Máy xay,Panasonic Blender,Sunhouse,2,1861000,3722000,GHN,45000,Đã giao
SHIP20260601192,PICK20260601192,SO20260601192,2026-06-03 17:38,2026-06-04 11:27,2026-06-05 23:21,HN-HBT,WH-HN-02,KT-F72092,Ấm siêu tốc,Sunhouse,Casper,1,217000,217000,GHN,45000,Hoàn tất
SHIP20260601193,PICK20260601193,SO20260601193,2026-06-25 13:00,2026-06-26 02:23,2026-06-26 12:09,HN-HBT,WH-HN-02,BL-BCB9B9,Máy xay,Panasonic Blender,Sunhouse,3,1689000,5067000,Ahamove,90000,Hoàn tất
SHIP20260601194,PICK20260601194,SO20260601194,2026-06-16 17:04,2026-06-16 23:40,2026-06-17 20:19,CT-NK,WH-CT-01,AC-9D4B2B,Máy lạnh,Mitsubishi 1.5HP,Sony,1,7647000,7647000,GrabExpress,45000,Đã giao
SHIP20260601195,PICK20260601195,SO20260601195,2026-06-27 16:52,2026-06-28 06:35,2026-06-28 12:37,DN-HC,WH-DN-01,WM-A2670F,Máy giặt,Toshiba 9kg,LG,2,3989000,7978000,GHN,0,Đã giao
SHIP20260601196,PICK20260601196,SO20260601196,2026-06-29 15:07,2026-06-29 18:45,2026-07-01 02:34,CT-NK,WH-CT-01,MW-A50B9A,Lò vi sóng,Electrolux 23L,Toshiba,3,2365000,7095000,Nội bộ,120000,Đã giao
SHIP20260601197,PICK20260601197,SO20260601197,2026-06-20 20:16,2026-06-21 09:26,2026-06-22 01:41,HCM-TB,WH-HCM-03,TV-1B61A7,TV,LG OLED 48,Samsung,3,6701000,20103000,Nội bộ,125000,Giao lại
SHIP20260601198,PICK20260601198,SO20260601198,2026-06-04 12:46,2026-06-04 20:01,2026-06-05 09:27,HCM-Q1,WH-HCM-01,TV-1C16CC,TV,"Samsung 55"" 4K",Sony,1,28338000,28338000,GrabExpress,245000,Hoàn tất
SHIP20260601199,PICK20260601199,SO20260601199,2026-06-09 09:43,2026-06-09 21:45,2026-06-10 21:37,BD-TDM,WH-BD-01,KT-930F94,Ấm siêu tốc,Philips,Sony,2,788000,1576000,Xe tải thuê ngoài,65000,Đã giao
SHIP20260601200,PICK20260601200,SO20260601200,2026-06-27 19:14,2026-06-28 00:50,2026-06-29 08:15,BD-TDM,WH-BD-01,BL-958487,Máy xay,Philips Blender,Toshiba,2,1330000,2660000,GrabExpress,120000,Đã giao
SHIP20260601201,PICK20260601201,SO20260601201,2026-06-16 09:31,2026-06-16 20:35,2026-06-18 01:27,HN-CG,WH-HN-01,RF-A7BDBE,Tủ lạnh,Aqua 250L,Toshiba,3,4638000,13914000,GHN,170000,Giao lại
SHIP20260601202,PICK20260601202,SO20260601202,2026-06-25 09:46,2026-06-25 23:39,2026-06-26 11:48,CT-NK,WH-CT-01,FN-1B187A,Quạt,Panasonic,Panasonic,3,1134000,3402000,Nội bộ,25000,Đã giao
SHIP20260601203,PICK20260601203,SO20260601203,2026-06-29 19:21,2026-06-30 04:19,2026-07-01 03:57,BD-TDM,WH-BD-01,KT-63AE81,Ấm siêu tốc,Kangaroo,Daikin,1,490000,490000,Xe tải thuê ngoài,0,Đã giao
SHIP20260601204,PICK20260601204,SO20260601204,2026-06-12 16:52,2026-06-13 08:05,2026-06-14 17:24,HCM-Q1,WH-HCM-01,RC-007FFA,Nồi cơm,Sharp 1.8L,Cuckoo,1,2050000,2050000,GHN,65000,Giao lại
SHIP20260601205,PICK20260601205,SO20260601205,2026-06-05 13:57,2026-06-05 21:29,2026-06-06 17:35,BD-TDM,WH-BD-01,WM-B66625,Máy giặt,Panasonic 8.5kg,Sony,1,7188000,7188000,Nội bộ,35000,Đã giao
SHIP20260601206,PICK20260601206,SO20260601206,2026-06-19 19:02,2026-06-20 04:23,2026-06-20 15:32,CT-NK,WH-CT-01,RF-BF179F,Tủ lạnh,Aqua 250L,Sunhouse,3,5294000,15882000,Ahamove,115000,Đã giao
SHIP20260601207,PICK20260601207,SO20260601207,2026-06-02 13:34,2026-06-03 04:41,2026-06-03 10:14,HCM-Q7,WH-HCM-02,KT-B5A58C,Ấm siêu tốc,Philips,Casper,2,195000,390000,GrabExpress,25000,Đã giao
SHIP20260601208,PICK20260601208,SO20260601208,2026-06-15 20:15,2026-06-15 22:23,2026-06-16 23:32,HCM-Q1,WH-HCM-01,AC-F47F82,Máy lạnh,Panasonic 1.5HP,LG,3,11004000,33012000,Xe tải thuê ngoài,155000,Đã giao
SHIP20260601209,PICK20260601209,SO20260601209,2026-06-08 14:44,2026-06-08 18:42,2026-06-09 06:37,HCM-TB,WH-HCM-03,AC-DB17BC,Máy lạnh,Casper 1HP,Aqua,2,11328000,22656000,Ahamove,270000,Đã giao
SHIP20260601210,PICK20260601210,SO20260601210,2026-06-12 19:21,2026-06-13 13:42,2026-06-14 22:22,DN-HC,WH-DN-01,RF-86779E,Tủ lạnh,Panasonic 300L,Sony,2,18955000,37910000,GrabExpress,225000,Đã giao
SHIP20260601211,PICK20260601211,SO20260601211,2026-06-11 10:16,2026-06-11 13:56,2026-06-12 23:24,HCM-Q1,WH-HCM-01,FN-C896F9,Quạt,Panasonic,Casper,1,1212000,1212000,GrabExpress,65000,Giao lại
SHIP20260601212,PICK20260601212,SO20260601212,2026-06-09 11:14,2026-06-09 22:06,2026-06-11 06:08,HN-HBT,WH-HN-02,VC-98D4CD,Máy hút bụi,Xiaomi G10,Cuckoo,2,1601000,3202000,GHN,25000,Đã giao
SHIP20260601213,PICK20260601213,SO20260601213,2026-06-17 16:55,2026-06-18 10:30,2026-06-19 08:02,HCM-Q1,WH-HCM-01,TV-3277C5,TV,"TCL 50""",Cuckoo,3,10208000,30624000,GrabExpress,120000,Đã giao
SHIP20260601214,PICK20260601214,SO20260601214,2026-06-12 11:46,2026-06-13 05:32,2026-06-14 09:30,HN-HBT,WH-HN-02,FN-FF4EE8,Quạt,Panasonic,Sunhouse,2,696000,1392000,Nội bộ,120000,Giao lại
SHIP20260601215,PICK20260601215,SO20260601215,2026-06-24 13:59,2026-06-24 18:52,2026-06-26 03:54,CT-NK,WH-CT-01,AC-F53EB5,Máy lạnh,Casper 1HP,Senko,3,12566000,37698000,Nội bộ,185000,Đã giao
SHIP20260601216,PICK20260601216,SO20260601216,2026-06-01 12:31,2026-06-02 01:33,2026-06-03 04:36,CT-NK,WH-CT-01,RC-08ECD3,Nồi cơm,Sunhouse 1.2L,Aqua,2,2367000,4734000,GHN,120000,Hoàn tất
SHIP20260601217,PICK20260601217,SO20260601217,2026-06-01 12:13,2026-06-01 20:32,2026-06-02 14:36,HN-HBT,WH-HN-02,TV-8A011F,TV,LG OLED 48,Philips,1,24265000,24265000,Ahamove,170000,Đã giao
SHIP20260601218,PICK20260601218,SO20260601218,2026-06-13 19:16,2026-06-14 09:27,2026-06-15 14:02,BD-TDM,WH-BD-01,WM-EE77C3,Máy giặt,Toshiba 9kg,Panasonic,2,3863000,7726000,Xe tải thuê ngoài,35000,Giao lại
SHIP20260601219,PICK20260601219,SO20260601219,2026-06-29 13:46,2026-06-30 02:58,2026-06-30 13:28,DN-HC,WH-DN-01,WM-57BF8B,Máy giặt,LG 9kg,Panasonic,1,4910000,4910000,Ahamove,90000,Đã giao
SHIP20260601220,PICK20260601220,SO20260601220,2026-06-28 13:22,2026-06-29 06:04,2026-06-30 08:21,HN-HBT,WH-HN-02,BL-27A8DA,Máy xay,Philips Blender,Sharp,1,297000,297000,GHN,0,Hoàn tất
SHIP20260601221,PICK20260601221,SO20260601221,2026-06-04 09:22,2026-06-04 21:32,2026-06-05 15:02,HCM-TB,WH-HCM-03,WM-AF4A41,Máy giặt,Toshiba 9kg,Asia,2,12206000,24412000,Ahamove,210000,Đã giao
SHIP20260601222,PICK20260601222,SO20260601222,2026-06-22 20:28,2026-06-23 08:34,2026-06-24 00:14,HCM-TB,WH-HCM-03,RC-189134,Nồi cơm,Sunhouse 1.2L,Samsung,1,1497000,1497000,Xe tải thuê ngoài,35000,Đã giao
SHIP20260601223,PICK20260601223,SO20260601223,2026-06-03 14:02,2026-06-03 22:51,2026-06-04 11:58,HCM-Q7,WH-HCM-02,AC-D8DA6B,Máy lạnh,Daikin 1HP,Casper,1,8864000,8864000,Nội bộ,0,Đã giao
SHIP20260601224,PICK20260601224,SO20260601224,2026-06-23 11:52,2026-06-23 18:24,2026-06-24 16:44,HCM-TB,WH-HCM-03,RF-2F5CFC,Tủ lạnh,Aqua 250L,Senko,2,9714000,19428000,Nội bộ,300000,Đã giao
SHIP20260601225,PICK20260601225,SO20260601225,2026-06-18 13:13,2026-06-19 04:05,2026-06-20 09:28,HCM-TB,WH-HCM-03,BL-C200AD,Máy xay,Sunhouse Blender,Daikin,3,635000,1905000,GrabExpress,45000,Đã giao
SHIP20260601226,PICK20260601226,SO20260601226,2026-06-27 17:23,2026-06-28 08:36,2026-06-28 14:56,HN-HBT,WH-HN-02,WM-917ACE,Máy giặt,Panasonic 8.5kg,Philips,2,8133000,16266000,GHN,165000,Đã giao
SHIP20260601227,PICK20260601227,SO20260601227,2026-06-23 15:13,2026-06-23 21:04,2026-06-24 00:10,HCM-TB,WH-HCM-03,BL-7C418A,Máy xay,Panasonic Blender,Asia,1,1720000,1720000,Xe tải thuê ngoài,65000,Đã giao
SHIP20260601228,PICK20260601228,SO20260601228,2026-06-11 11:37,2026-06-12 01:59,2026-06-13 00:57,HCM-Q7,WH-HCM-02,FN-FB4782,Quạt,Panasonic,Electrolux,1,1694000,1694000,GHN,25000,Đã giao
SHIP20260601229,PICK20260601229,SO20260601229,2026-06-19 11:02,2026-06-19 22:23,2026-06-20 15:34,BD-TDM,WH-BD-01,VC-CF166B,Máy hút bụi,Philips FC,Senko,2,7662000,15324000,Nội bộ,245000,Đã giao
SHIP20260601230,PICK20260601230,SO20260601230,2026-06-06 13:47,2026-06-07 01:14,2026-06-08 07:31,BD-TDM,WH-BD-01,VC-D89B2B,Máy hút bụi,Xiaomi G10,LG,3,4026000,12078000,Xe tải thuê ngoài,25000,Đã giao
SHIP20260601231,PICK20260601231,SO20260601231,2026-06-01 11:16,2026-06-02 05:13,2026-06-02 13:25,BD-TDM,WH-BD-01,RF-42BDE8,Tủ lạnh,LG 420L,Senko,2,16545000,33090000,GHN,200000,Giao lại
SHIP20260601232,PICK20260601232,SO20260601232,2026-06-24 17:40,2026-06-25 08:26,2026-06-25 18:01,HN-CG,WH-HN-01,VC-D4F050,Máy hút bụi,Xiaomi G10,Samsung,1,6890000,6890000,GrabExpress,25000,Đã giao
SHIP20260601233,PICK20260601233,SO20260601233,2026-06-09 16:44,2026-06-09 19:51,2026-06-10 10:46,HN-CG,WH-HN-01,FN-1B187A,Quạt,Panasonic,Panasonic,2,1087000,2174000,GHN,0,Đã giao
SHIP20260601234,PICK20260601234,SO20260601234,2026-06-18 20:45,2026-06-19 07:45,2026-06-19 22:54,HCM-Q1,WH-HCM-01,AC-D698B7,Máy lạnh,Mitsubishi 1.5HP,Casper,1,5038000,5038000,GHN,65000,Giao lại
SHIP20260601235,PICK20260601235,SO20260601235,2026-06-11 10:50,2026-06-12 01:44,2026-06-12 19:40,HN-HBT,WH-HN-02,KT-4BFC34,Ấm siêu tốc,Kangaroo,Sunhouse,3,826000,2478000,GrabExpress,90000,Đã giao
SHIP20260601236,PICK20260601236,SO20260601236,2026-06-07 17:38,2026-06-08 12:11,2026-06-09 10:57,HCM-Q1,WH-HCM-01,VC-BEE8C8,Máy hút bụi,Xiaomi G10,Asia,1,3849000,3849000,GHN,45000,Giao lại
SHIP20260601237,PICK20260601237,SO20260601237,2026-06-28 18:17,2026-06-29 02:01,2026-06-30 00:52,HN-CG,WH-HN-01,RF-F96CEA,Tủ lạnh,LG 420L,Sharp,1,19656000,19656000,Nội bộ,300000,Đã giao
SHIP20260601238,PICK20260601238,SO20260601238,2026-06-28 20:38,2026-06-29 05:31,2026-06-30 00:48,HN-CG,WH-HN-01,KT-BD9201,Ấm siêu tốc,Kangaroo,Aqua,3,520000,1560000,Ahamove,120000,Hoàn tất
SHIP20260601239,PICK20260601239,SO20260601239,2026-06-15 14:59,2026-06-15 17:34,2026-06-16 20:47,DN-HC,WH-DN-01,MW-83094B,Lò vi sóng,Sharp 20L,Casper,2,2887000,5774000,Ahamove,65000,Giao lại
SHIP20260601240,PICK20260601240,SO20260601240,2026-06-05 12:09,2026-06-06 05:19,2026-06-06 12:59,HCM-TB,WH-HCM-03,FN-441B27,Quạt,Senko,Samsung,1,1328000,1328000,GHN,120000,Hoàn tất
SHIP20260601241,PICK20260601241,SO20260601241,2026-06-05 09:28,2026-06-05 14:26,2026-06-06 20:07,HCM-Q1,WH-HCM-01,WM-268F3D,Máy giặt,Panasonic 8.5kg,Samsung,3,6364000,19092000,GHN,200000,Đã giao
SHIP20260601242,PICK20260601242,SO20260601242,2026-06-27 14:43,2026-06-27 16:40,2026-06-28 19:49,BD-TDM,WH-BD-01,KT-60A177,Ấm siêu tốc,Kangaroo,Cuckoo,2,699000,1398000,Ahamove,25000,Giao lại
SHIP20260601243,PICK20260601243,SO20260601243,2026-06-30 11:31,2026-06-30 22:33,2026-07-02 01:32,HCM-Q1,WH-HCM-01,TV-DE1879,TV,"Samsung 55"" 4K",Asia,1,11912000,11912000,Ahamove,45000,Đã giao
SHIP20260601244,PICK20260601244,SO20260601244,2026-06-04 17:02,2026-06-04 23:12,2026-06-06 02:38,HCM-Q7,WH-HCM-02,AC-E60FB6,Máy lạnh,Mitsubishi 1.5HP,Aqua,1,10992000,10992000,GrabExpress,35000,Đã giao
SHIP20260601245,PICK20260601245,SO20260601245,2026-06-06 12:01,2026-06-07 00:06,2026-06-07 19:24,CT-NK,WH-CT-01,BL-33ED9A,Máy xay,Philips Blender,Panasonic,2,2022000,4044000,Ahamove,65000,Đã giao
SHIP20260601246,PICK20260601246,SO20260601246,2026-06-20 15:48,2026-06-21 02:45,2026-06-22 11:54,DN-HC,WH-DN-01,KT-988AF8,Ấm siêu tốc,Kangaroo,Senko,1,757000,757000,Ahamove,25000,Đã giao
SHIP20260601247,PICK20260601247,SO20260601247,2026-06-21 15:58,2026-06-22 05:23,2026-06-23 02:05,HCM-Q7,WH-HCM-02,FN-C25C4D,Quạt,Senko,Asia,2,358000,716000,Xe tải thuê ngoài,45000,Giao lại
SHIP20260601248,PICK20260601248,SO20260601248,2026-06-01 14:08,2026-06-01 23:32,2026-06-03 01:51,HCM-Q7,WH-HCM-02,AC-B3192D,Máy lạnh,Panasonic 1.5HP,Panasonic,1,9339000,9339000,GHN,45000,Đã giao
SHIP20260601249,PICK20260601249,SO20260601249,2026-06-20 10:51,2026-06-20 13:00,2026-06-21 06:23,BD-TDM,WH-BD-01,RC-73BA31,Nồi cơm,Cuckoo 1.8L,Toshiba,1,2796000,2796000,Ahamove,0,Đã giao
SHIP20260601250,PICK20260601250,SO20260601250,2026-06-08 20:20,2026-06-09 09:03,2026-06-09 17:51,CT-NK,WH-CT-01,RF-40AAB7,Tủ lạnh,Samsung Inverter 350L,Electrolux,3,16376000,49128000,GrabExpress,165000,Hoàn tất
SHIP20260601251,PICK20260601251,SO20260601251,2026-06-11 16:50,2026-06-11 20:12,2026-06-13 01:26,HCM-Q1,WH-HCM-01,TV-3D03C9,TV,"Samsung 55"" 4K",Senko,3,19625000,58875000,Nội bộ,225000,Đã giao
SHIP20260601252,PICK20260601252,SO20260601252,2026-06-19 14:00,2026-06-20 00:34,2026-06-20 13:41,HN-HBT,WH-HN-02,TV-9BDABC,TV,"Sony 65""",Electrolux,2,12874000,25748000,Xe tải thuê ngoài,105000,Giao lại
SHIP20260601253,PICK20260601253,SO20260601253,2026-06-04 20:25,2026-06-05 04:36,2026-06-05 13:10,CT-NK,WH-CT-01,RC-BC47CD,Nồi cơm,Sharp 1.8L,Aqua,1,1000000,1000000,GHN,0,Đã giao
SHIP20260601254,PICK20260601254,SO20260601254,2026-06-12 17:56,2026-06-13 03:21,2026-06-13 11:22,HCM-Q7,WH-HCM-02,WM-5ED0A1,Máy giặt,Samsung 10kg,Cuckoo,3,5321000,15963000,GHN,120000,Đã giao
SHIP20260601255,PICK20260601255,SO20260601255,2026-06-15 16:38,2026-06-15 22:17,2026-06-16 11:01,HN-CG,WH-HN-01,MW-E7A58E,Lò vi sóng,Panasonic 25L,Philips,3,2482000,7446000,Ahamove,120000,Giao lại
SHIP20260601256,PICK20260601256,SO20260601256,2026-06-09 11:49,2026-06-09 23:25,2026-06-10 12:17,HCM-Q1,WH-HCM-01,MW-7ABF96,Lò vi sóng,Electrolux 23L,Panasonic,1,3207000,3207000,Nội bộ,0,Giao lại
SHIP20260601257,PICK20260601257,SO20260601257,2026-06-16 13:21,2026-06-17 01:06,2026-06-17 05:22,BD-TDM,WH-BD-01,BL-A4BCD6,Máy xay,Philips Blender,Sunhouse,1,1942000,1942000,GrabExpress,0,Đã giao
SHIP20260601258,PICK20260601258,SO20260601258,2026-06-05 10:31,2026-06-06 00:52,2026-06-06 10:47,DN-HC,WH-DN-01,FN-0333B4,Quạt,Asia,Daikin,2,1332000,2664000,GrabExpress,65000,Hoàn tất
SHIP20260601259,PICK20260601259,SO20260601259,2026-06-02 08:20,2026-06-02 23:40,2026-06-03 22:59,HCM-Q7,WH-HCM-02,VC-BEE8C8,Máy hút bụi,Xiaomi G10,Asia,3,1514000,4542000,Xe tải thuê ngoài,65000,Đã giao
SHIP20260601260,PICK20260601260,SO20260601260,2026-06-09 15:10,2026-06-10 01:31,2026-06-11 07:34,HN-CG,WH-HN-01,AC-F1CE55,Máy lạnh,Mitsubishi 1.5HP,Sunhouse,2,5957000,11914000,Ahamove,45000,Đã giao
SHIP20260601261,PICK20260601261,SO20260601261,2026-06-16 17:20,2026-06-16 21:15,2026-06-16 23:59,HCM-TB,WH-HCM-03,RC-FA47F8,Nồi cơm,Cuckoo 1.8L,Aqua,2,2431000,4862000,GHN,0,Đã giao
SHIP20260601262,PICK20260601262,SO20260601262,2026-06-13 08:55,2026-06-14 01:42,2026-06-15 07:35,HCM-Q1,WH-HCM-01,KT-633C48,Ấm siêu tốc,Philips,Asia,2,261000,522000,GHN,25000,Hoàn tất
SHIP20260601263,PICK20260601263,SO20260601263,2026-06-01 13:58,2026-06-02 03:48,2026-06-03 16:20,HCM-Q7,WH-HCM-02,AC-FFF461,Máy lạnh,Mitsubishi 1.5HP,LG,3,10834000,32502000,Ahamove,165000,Hoàn tất
SHIP20260601264,PICK20260601264,SO20260601264,2026-06-20 17:05,2026-06-20 22:40,2026-06-21 14:09,CT-NK,WH-CT-01,TV-65942A,TV,"Sony 65""",Toshiba,2,16839000,33678000,GrabExpress,210000,Giao lại
SHIP20260601265,PICK20260601265,SO20260601265,2026-06-02 13:49,2026-06-02 14:58,2026-06-03 18:18,HN-CG,WH-HN-01,RF-FB4D4D,Tủ lạnh,Samsung Inverter 350L,Samsung,1,12767000,12767000,GrabExpress,65000,Hoàn tất
SHIP20260601266,PICK20260601266,SO20260601266,2026-06-17 19:28,2026-06-18 10:16,2026-06-19 22:37,HN-HBT,WH-HN-02,VC-8877C5,Máy hút bụi,Philips FC,Daikin,1,3591000,3591000,Xe tải thuê ngoài,65000,Đã giao
SHIP20260601267,PICK20260601267,SO20260601267,2026-06-01 17:14,2026-06-01 19:46,2026-06-02 16:06,HCM-Q7,WH-HCM-02,TV-ED601B,TV,"TCL 50""",Panasonic,2,12096000,24192000,GHN,120000,Đã giao
SHIP20260601268,PICK20260601268,SO20260601268,2026-06-08 15:24,2026-06-09 04:12,2026-06-10 01:46,BD-TDM,WH-BD-01,MW-8CD991,Lò vi sóng,Panasonic 25L,Toshiba,2,2951000,5902000,GrabExpress,0,Hoàn tất
SHIP20260601269,PICK20260601269,SO20260601269,2026-06-21 14:17,2026-06-21 16:36,2026-06-23 02:14,CT-NK,WH-CT-01,KT-80B935,Ấm siêu tốc,Kangaroo,LG,2,990000,1980000,Nội bộ,90000,Đã giao
SHIP20260601270,PICK20260601270,SO20260601270,2026-06-24 09:59,2026-06-25 02:00,2026-06-25 05:49,HN-HBT,WH-HN-02,MW-3E4330,Lò vi sóng,Sharp 20L,Samsung,3,3297000,9891000,Ahamove,120000,Đã giao
SHIP20260601271,PICK20260601271,SO20260601271,2026-06-23 19:11,2026-06-24 01:31,2026-06-24 05:22,HCM-Q1,WH-HCM-01,VC-90DAA9,Máy hút bụi,Dyson V8,Casper,2,8319000,16638000,GHN,155000,Đã giao
SHIP20260601272,PICK20260601272,SO20260601272,2026-06-24 20:50,2026-06-25 03:01,2026-06-25 07:04,BD-TDM,WH-BD-01,KT-087F26,Ấm siêu tốc,Philips,Cuckoo,1,323000,323000,Xe tải thuê ngoài,25000,Đã giao
SHIP20260601273,PICK20260601273,SO20260601273,2026-06-07 10:29,2026-06-08 01:23,2026-06-09 04:21,BD-TDM,WH-BD-01,BL-2439D2,Máy xay,Philips Blender,Sony,1,944000,944000,GrabExpress,35000,Đã giao
SHIP20260601274,PICK20260601274,SO20260601274,2026-06-27 16:29,2026-06-28 00:17,2026-06-29 11:53,HN-CG,WH-HN-01,RF-E1EA3E,Tủ lạnh,Samsung Inverter 350L,Sunhouse,2,6789000,13578000,Xe tải thuê ngoài,185000,Đã giao
SHIP20260601275,PICK20260601275,SO20260601275,2026-06-18 14:30,2026-06-18 17:05,2026-06-19 08:38,HN-HBT,WH-HN-02,MW-807E15,Lò vi sóng,Panasonic 25L,Asia,2,3173000,6346000,GrabExpress,25000,Hoàn tất
SHIP20260601276,PICK20260601276,SO20260601276,2026-06-04 19:00,2026-06-05 03:31,2026-06-05 13:41,CT-NK,WH-CT-01,FN-7632BC,Quạt,Asia,Panasonic,1,1319000,1319000,Xe tải thuê ngoài,45000,Hoàn tất
SHIP20260601277,PICK20260601277,SO20260601277,2026-06-27 12:57,2026-06-28 05:42,2026-06-29 05:32,DN-HC,WH-DN-01,TV-4795B7,TV,"Samsung 55"" 4K",Electrolux,2,7548000,15096000,Xe tải thuê ngoài,80000,Đã giao
SHIP20260601278,PICK20260601278,SO20260601278,2026-06-13 09:41,2026-06-13 12:10,2026-06-13 16:28,HN-CG,WH-HN-01,RC-F33150,Nồi cơm,Panasonic 1.8L,Casper,1,1351000,1351000,Ahamove,0,Hoàn tất
SHIP20260601279,PICK20260601279,SO20260601279,2026-06-24 17:21,2026-06-25 02:43,2026-06-26 07:59,DN-HC,WH-DN-01,BL-D2FACB,Máy xay,Panasonic Blender,Toshiba,3,745000,2235000,Xe tải thuê ngoài,120000,Đã giao
SHIP20260601280,PICK20260601280,SO20260601280,2026-06-16 11:30,2026-06-17 04:16,2026-06-17 18:04,HCM-TB,WH-HCM-03,FN-E10178,Quạt,Panasonic,Xiaomi,3,207000,621000,GHN,120000,Đã giao
SHIP20260601281,PICK20260601281,SO20260601281,2026-06-26 13:45,2026-06-27 03:55,2026-06-28 12:48,HN-HBT,WH-HN-02,FN-A270E1,Quạt,Asia,Sony,3,286000,858000,Xe tải thuê ngoài,35000,Đã giao
SHIP20260601282,PICK20260601282,SO20260601282,2026-06-30 14:47,2026-07-01 07:47,2026-07-02 02:19,HCM-TB,WH-HCM-03,VC-90E8C9,Máy hút bụi,Xiaomi G10,Electrolux,3,1215000,3645000,GrabExpress,0,Đã giao
SHIP20260601283,PICK20260601283,SO20260601283,2026-06-15 11:33,2026-06-16 05:56,2026-06-17 12:37,HN-HBT,WH-HN-02,AC-D698B7,Máy lạnh,Mitsubishi 1.5HP,Casper,2,6392000,12784000,Nội bộ,80000,Hoàn tất
SHIP20260601284,PICK20260601284,SO20260601284,2026-06-29 19:02,2026-06-30 02:14,2026-06-30 19:54,HN-CG,WH-HN-01,RC-189134,Nồi cơm,Sunhouse 1.2L,Samsung,2,414000,828000,GHN,120000,Hoàn tất
SHIP20260601285,PICK20260601285,SO20260601285,2026-06-21 14:21,2026-06-22 01:33,2026-06-22 09:51,HN-CG,WH-HN-01,TV-4795B7,TV,"Samsung 55"" 4K",Electrolux,1,17348000,17348000,GrabExpress,245000,Đã giao
SHIP20260601286,PICK20260601286,SO20260601286,2026-06-03 17:52,2026-06-04 12:50,2026-06-04 22:33,HCM-Q1,WH-HCM-01,RF-7AFE5C,Tủ lạnh,LG 420L,Electrolux,2,14433000,28866000,Nội bộ,115000,Hoàn tất
SHIP20260601287,PICK20260601287,SO20260601287,2026-06-28 08:54,2026-06-28 17:59,2026-06-29 03:19,HCM-Q1,WH-HCM-01,KT-4F7F55,Ấm siêu tốc,Sunhouse,Electrolux,3,563000,1689000,Xe tải thuê ngoài,25000,Đã giao
SHIP20260601288,PICK20260601288,SO20260601288,2026-06-01 10:55,2026-06-01 19:49,2026-06-03 07:42,HCM-Q7,WH-HCM-02,RF-3465A9,Tủ lạnh,Aqua 250L,Samsung,1,10949000,10949000,GHN,45000,Giao lại
SHIP20260601289,PICK20260601289,SO20260601289,2026-06-08 19:08,2026-06-09 05:07,2026-06-10 17:37,HCM-Q1,WH-HCM-01,MW-9E4FC6,Lò vi sóng,Sharp 20L,Electrolux,3,2046000,6138000,Ahamove,120000,Đã giao
SHIP20260601290,PICK20260601290,SO20260601290,2026-06-20 20:10,2026-06-21 13:46,2026-06-22 13:25,HCM-TB,WH-HCM-03,VC-7AF11E,Máy hút bụi,Philips FC,Panasonic,3,7909000,23727000,Ahamove,165000,Hoàn tất
SHIP20260601291,PICK20260601291,SO20260601291,2026-06-25 16:22,2026-06-26 07:38,2026-06-26 12:47,HCM-Q1,WH-HCM-01,AC-84F331,Máy lạnh,Mitsubishi 1.5HP,Daikin,1,16276000,16276000,Ahamove,155000,Giao lại
SHIP20260601292,PICK20260601292,SO20260601292,2026-06-27 17:03,2026-06-28 03:33,2026-06-28 15:27,HN-HBT,WH-HN-02,TV-7BABFF,TV,"Sony 65""",Aqua,3,23647000,70941000,Xe tải thuê ngoài,270000,Đã giao
SHIP20260601293,PICK20260601293,SO20260601293,2026-06-04 10:50,2026-06-04 12:46,2026-06-05 13:39,HCM-Q1,WH-HCM-01,VC-51D140,Máy hút bụi,Xiaomi G10,Casper,3,6001000,18003000,GrabExpress,300000,Giao lại
SHIP20260601294,PICK20260601294,SO20260601294,2026-06-10 15:35,2026-06-11 07:52,2026-06-11 21:38,HN-CG,WH-HN-01,TV-888A32,TV,"TCL 50""",Mitsubishi,2,24067000,48134000,GrabExpress,115000,Đã giao
SHIP20260601295,PICK20260601295,SO20260601295,2026-06-27 10:45,2026-06-27 21:20,2026-06-28 15:22,HCM-Q7,WH-HCM-02,WM-AA0941,Máy giặt,Panasonic 8.5kg,Aqua,2,7925000,15850000,GHN,165000,Đã giao
SHIP20260601296,PICK20260601296,SO20260601296,2026-06-16 20:57,2026-06-17 08:03,2026-06-17 11:50,HN-CG,WH-HN-01,TV-3D03C9,TV,"Samsung 55"" 4K",Senko,2,25969000,51938000,Ahamove,155000,Giao lại
SHIP20260601297,PICK20260601297,SO20260601297,2026-06-18 18:32,2026-06-18 23:21,2026-06-19 13:22,DN-HC,WH-DN-01,RC-D51252,Nồi cơm,Sharp 1.8L,Daikin,2,2196000,4392000,Ahamove,45000,Hoàn tất
SHIP20260601298,PICK20260601298,SO20260601298,2026-06-07 08:17,2026-06-07 17:56,2026-06-08 12:17,HCM-Q1,WH-HCM-01,TV-DD340F,TV,"TCL 50""",LG,2,6971000,13942000,Ahamove,225000,Đã giao
SHIP20260601299,PICK20260601299,SO20260601299,2026-06-26 19:56,2026-06-27 00:53,2026-06-28 08:12,HN-HBT,WH-HN-02,BL-08E06D,Máy xay,Philips Blender,Casper,3,1411000,4233000,Nội bộ,25000,Đã giao
SHIP20260601300,PICK20260601300,SO20260601300,2026-06-12 20:01,2026-06-13 12:01,2026-06-14 03:08,HN-HBT,WH-HN-02,FN-49B147,Quạt,Panasonic,LG,3,1205000,3615000,Nội bộ,35000,Đã giao
SHIP20260601301,PICK20260601301,SO20260601301,2026-06-16 09:19,2026-06-16 13:10,2026-06-17 16:20,DN-HC,WH-DN-01,VC-B567E6,Máy hút bụi,Philips FC,Cuckoo,1,7051000,7051000,Ahamove,120000,Hoàn tất
SHIP20260601302,PICK20260601302,SO20260601302,2026-06-06 14:52,2026-06-07 04:08,2026-06-08 00:32,HN-CG,WH-HN-01,BL-95987D,Máy xay,Philips Blender,Asia,2,866000,1732000,Ahamove,45000,Giao lại
SHIP20260601303,PICK20260601303,SO20260601303,2026-06-26 10:50,2026-06-26 15:42,2026-06-27 09:07,BD-TDM,WH-BD-01,FN-896DEA,Quạt,Asia,Senko,1,1013000,1013000,GrabExpress,90000,Giao lại
SHIP20260601304,PICK20260601304,SO20260601304,2026-06-01 14:08,2026-06-02 03:01,2026-06-03 14:37,HN-CG,WH-HN-01,RC-F33CDE,Nồi cơm,Panasonic 1.8L,Senko,1,448000,448000,Nội bộ,120000,Đã giao
SHIP20260601305,PICK20260601305,SO20260601305,2026-06-02 14:48,2026-06-02 16:07,2026-06-04 02:58,HN-CG,WH-HN-01,BL-653303,Máy xay,Sunhouse Blender,Philips,2,633000,1266000,GrabExpress,25000,Đã giao
SHIP20260601306,PICK20260601306,SO20260601306,2026-06-19 09:36,2026-06-19 13:26,2026-06-19 23:02,DN-HC,WH-DN-01,TV-E2DD63,TV,LG OLED 48,Panasonic,3,8922000,26766000,Xe tải thuê ngoài,210000,Đã giao
SHIP20260601307,PICK20260601307,SO20260601307,2026-06-30 19:01,2026-07-01 05:43,2026-07-01 10:46,HCM-Q1,WH-HCM-01,AC-3E9D78,Máy lạnh,Mitsubishi 1.5HP,Electrolux,2,13909000,27818000,Xe tải thuê ngoài,170000,Giao lại
SHIP20260601308,PICK20260601308,SO20260601308,2026-06-26 20:14,2026-06-26 23:32,2026-06-28 02:04,BD-TDM,WH-BD-01,TV-43365F,TV,"Samsung 55"" 4K",Cuckoo,3,25902000,77706000,GrabExpress,180000,Đã giao
SHIP20260601309,PICK20260601309,SO20260601309,2026-06-22 10:33,2026-06-23 00:43,2026-06-23 15:13,CT-NK,WH-CT-01,WM-EE77C3,Máy giặt,Toshiba 9kg,Panasonic,3,4845000,14535000,GrabExpress,80000,Đã giao
SHIP20260601310,PICK20260601310,SO20260601310,2026-06-04 17:29,2026-06-05 08:51,2026-06-06 14:40,CT-NK,WH-CT-01,RF-F005D7,Tủ lạnh,Aqua 250L,Sony,1,8683000,8683000,Nội bộ,45000,Hoàn tất
SHIP20260601311,PICK20260601311,SO20260601311,2026-06-12 12:37,2026-06-13 04:27,2026-06-13 19:38,HN-CG,WH-HN-01,MW-8EA0CB,Lò vi sóng,Panasonic 25L,LG,2,2091000,4182000,Nội bộ,35000,Đã giao
SHIP20260601312,PICK20260601312,SO20260601312,2026-06-03 10:59,2026-06-04 05:15,2026-06-05 13:56,HN-HBT,WH-HN-02,RC-13DEBA,Nồi cơm,Panasonic 1.8L,Mitsubishi,3,1915000,5745000,Nội bộ,35000,Hoàn tất
SHIP20260601313,PICK20260601313,SO20260601313,2026-06-26 19:27,2026-06-27 11:43,2026-06-28 19:28,HCM-Q1,WH-HCM-01,RC-007FFA,Nồi cơm,Sharp 1.8L,Cuckoo,1,2092000,2092000,GHN,65000,Hoàn tất
SHIP20260601314,PICK20260601314,SO20260601314,2026-06-09 11:16,2026-06-09 14:12,2026-06-10 01:40,HN-HBT,WH-HN-02,BL-A4802F,Máy xay,Philips Blender,Daikin,2,1521000,3042000,GrabExpress,0,Đã giao
SHIP20260601315,PICK20260601315,SO20260601315,2026-06-20 20:55,2026-06-21 02:00,2026-06-22 05:36,DN-HC,WH-DN-01,KT-9BE99C,Ấm siêu tốc,Philips,Panasonic,3,617000,1851000,Nội bộ,120000,Giao lại
SHIP20260601316,PICK20260601316,SO20260601316,2026-06-17 12:28,2026-06-17 15:15,2026-06-18 11:42,HN-HBT,WH-HN-02,MW-CC5E2E,Lò vi sóng,Electrolux 23L,Electrolux,1,3155000,3155000,Ahamove,120000,Đã giao
SHIP20260601317,PICK20260601317,SO20260601317,2026-06-09 20:39,2026-06-10 04:48,2026-06-11 02:12,HCM-TB,WH-HCM-03,RF-F74DE6,Tủ lạnh,LG 420L,Toshiba,1,17251000,17251000,GHN,170000,Đã giao
SHIP20260601318,PICK20260601318,SO20260601318,2026-06-20 11:02,2026-06-21 04:39,2026-06-22 12:01,HCM-TB,WH-HCM-03,TV-0432E5,TV,"Sony 65""",Panasonic,3,20669000,62007000,Nội bộ,170000,Đã giao
SHIP20260601319,PICK20260601319,SO20260601319,2026-06-25 15:14,2026-06-25 18:56,2026-06-27 03:35,HN-CG,WH-HN-01,WM-6CA151,Máy giặt,LG 9kg,Philips,3,5628000,16884000,GrabExpress,205000,Đã giao
SHIP20260601320,PICK20260601320,SO20260601320,2026-06-03 08:14,2026-06-03 23:29,2026-06-05 09:53,CT-NK,WH-CT-01,WM-917ACE,Máy giặt,Panasonic 8.5kg,Philips,1,3885000,3885000,Nội bộ,65000,Hoàn tất
SHIP20260601321,PICK20260601321,SO20260601321,2026-06-28 16:19,2026-06-28 23:21,2026-06-30 07:50,DN-HC,WH-DN-01,FN-63D039,Quạt,Asia,Mitsubishi,3,828000,2484000,GHN,0,Đã giao
SHIP20260601322,PICK20260601322,SO20260601322,2026-06-19 11:45,2026-06-19 21:29,2026-06-20 11:17,HN-HBT,WH-HN-02,KT-37BC3F,Ấm siêu tốc,Sunhouse,Panasonic,2,509000,1018000,GHN,120000,Đã giao
SHIP20260601323,PICK20260601323,SO20260601323,2026-06-06 18:16,2026-06-06 20:30,2026-06-07 22:50,HN-HBT,WH-HN-02,RC-666E15,Nồi cơm,Sunhouse 1.2L,Panasonic,2,2100000,4200000,Ahamove,90000,Giao lại
SHIP20260601324,PICK20260601324,SO20260601324,2026-06-08 15:20,2026-06-09 09:12,2026-06-09 19:21,BD-TDM,WH-BD-01,FN-C43CC3,Quạt,Senko,Electrolux,1,909000,909000,Ahamove,90000,Đã giao
SHIP20260601325,PICK20260601325,SO20260601325,2026-06-11 14:48,2026-06-12 00:35,2026-06-12 13:50,HN-HBT,WH-HN-02,KT-F760AD,Ấm siêu tốc,Philips,LG,2,259000,518000,Ahamove,25000,Đã giao
SHIP20260601326,PICK20260601326,SO20260601326,2026-06-13 10:09,2026-06-13 22:40,2026-06-15 11:35,HCM-TB,WH-HCM-03,TV-DE1879,TV,"Samsung 55"" 4K",Asia,3,8615000,25845000,Nội bộ,215000,Đã giao
SHIP20260601327,PICK20260601327,SO20260601327,2026-06-25 10:51,2026-06-25 19:04,2026-06-26 13:03,HCM-Q1,WH-HCM-01,MW-4F3182,Lò vi sóng,Panasonic 25L,Daikin,3,3121000,9363000,GHN,45000,Đã giao
SHIP20260601328,PICK20260601328,SO20260601328,2026-06-18 20:42,2026-06-19 06:02,2026-06-20 07:16,HCM-Q1,WH-HCM-01,FN-077AB7,Quạt,Panasonic,Samsung,3,710000,2130000,Nội bộ,35000,Hoàn tất
SHIP20260601329,PICK20260601329,SO20260601329,2026-06-12 09:25,2026-06-12 19:07,2026-06-14 00:25,HN-HBT,WH-HN-02,WM-9F9723,Máy giặt,LG 9kg,Mitsubishi,3,8598000,25794000,Xe tải thuê ngoài,225000,Đã giao
SHIP20260601330,PICK20260601330,SO20260601330,2026-06-03 19:10,2026-06-04 08:23,2026-06-05 02:50,HCM-TB,WH-HCM-03,KT-C02AC0,Ấm siêu tốc,Kangaroo,Asia,2,204000,408000,Xe tải thuê ngoài,25000,Đã giao
SHIP20260601331,PICK20260601331,SO20260601331,2026-06-15 13:40,2026-06-16 03:44,2026-06-16 07:26,BD-TDM,WH-BD-01,TV-5243F8,TV,"Samsung 55"" 4K",LG,1,16274000,16274000,Nội bộ,215000,Hoàn tất
SHIP20260601332,PICK20260601332,SO20260601332,2026-06-25 20:37,2026-06-26 05:54,2026-06-27 03:14,HN-CG,WH-HN-01,WM-1A20E2,Máy giặt,Panasonic 8.5kg,Sharp,2,13124000,26248000,GrabExpress,245000,Đã giao
SHIP20260601333,PICK20260601333,SO20260601333,2026-06-28 16:47,2026-06-29 02:46,2026-06-30 04:12,HCM-TB,WH-HCM-03,VC-D86280,Máy hút bụi,Philips FC,Mitsubishi,1,6313000,6313000,Nội bộ,65000,Đã giao
SHIP20260601334,PICK20260601334,SO20260601334,2026-06-07 13:40,2026-06-08 08:18,2026-06-08 12:06,HN-CG,WH-HN-01,MW-83094B,Lò vi sóng,Sharp 20L,Casper,3,2329000,6987000,GHN,45000,Đã giao
SHIP20260601335,PICK20260601335,SO20260601335,2026-06-06 10:59,2026-06-06 15:22,2026-06-06 21:08,HCM-Q1,WH-HCM-01,KT-2ABC39,Ấm siêu tốc,Kangaroo,Mitsubishi,2,543000,1086000,GrabExpress,0,Đã giao
SHIP20260601336,PICK20260601336,SO20260601336,2026-06-29 10:38,2026-06-29 22:32,2026-06-30 09:44,CT-NK,WH-CT-01,RF-99918D,Tủ lạnh,LG 420L,Casper,1,6201000,6201000,Xe tải thuê ngoài,45000,Giao lại
SHIP20260601337,PICK20260601337,SO20260601337,2026-06-09 12:06,2026-06-09 20:54,2026-06-11 06:53,HCM-Q1,WH-HCM-01,VC-FA3352,Máy hút bụi,Dyson V8,Aqua,2,2527000,5054000,GHN,25000,Giao lại
SHIP20260601338,PICK20260601338,SO20260601338,2026-06-07 12:15,2026-06-07 23:01,2026-06-08 11:50,HN-CG,WH-HN-01,RC-E5BE41,Nồi cơm,Sharp 1.8L,Casper,3,2274000,6822000,Nội bộ,45000,Giao lại
SHIP20260601339,PICK20260601339,SO20260601339,2026-06-03 17:25,2026-06-04 00:00,2026-06-04 23:23,CT-NK,WH-CT-01,VC-98037D,Máy hút bụi,Dyson V8,Sunhouse,2,6539000,13078000,Nội bộ,145000,Giao lại
SHIP20260601340,PICK20260601340,SO20260601340,2026-06-28 11:17,2026-06-28 22:09,2026-06-29 12:16,HN-CG,WH-HN-01,TV-A7F7B3,TV,"Sony 65""",Senko,2,12702000,25404000,Xe tải thuê ngoài,165000,Hoàn tất
SHIP20260601341,PICK20260601341,SO20260601341,2026-06-13 09:08,2026-06-13 12:13,2026-06-15 00:40,HCM-Q7,WH-HCM-02,RC-D5DEB5,Nồi cơm,Panasonic 1.8L,Cuckoo,1,342000,342000,Nội bộ,35000,Hoàn tất
SHIP20260601342,PICK20260601342,SO20260601342,2026-06-01 10:35,2026-06-01 16:26,2026-06-01 19:34,HCM-Q7,WH-HCM-02,TV-8A011F,TV,LG OLED 48,Philips,3,9816000,29448000,GHN,185000,Hoàn tất
SHIP20260601343,PICK20260601343,SO20260601343,2026-06-24 13:36,2026-06-24 20:20,2026-06-25 16:48,HN-CG,WH-HN-01,WM-2257EF,Máy giặt,Samsung 10kg,Panasonic,3,9664000,28992000,Xe tải thuê ngoài,155000,Đã giao
SHIP20260601344,PICK20260601344,SO20260601344,2026-06-23 13:25,2026-06-23 18:46,2026-06-25 05:47,HN-HBT,WH-HN-02,AC-818A33,Máy lạnh,Casper 1HP,Electrolux,2,16562000,33124000,Nội bộ,125000,Đã giao
SHIP20260601345,PICK20260601345,SO20260601345,2026-06-16 13:07,2026-06-17 03:10,2026-06-17 18:28,HN-CG,WH-HN-01,FN-441B27,Quạt,Senko,Samsung,1,1369000,1369000,GHN,45000,Đã giao
SHIP20260601346,PICK20260601346,SO20260601346,2026-06-09 20:22,2026-06-10 14:26,2026-06-11 13:45,HCM-TB,WH-HCM-03,RC-A5EAB1,Nồi cơm,Cuckoo 1.8L,Sony,2,865000,1730000,GHN,25000,Hoàn tất
SHIP20260601347,PICK20260601347,SO20260601347,2026-06-15 11:11,2026-06-15 20:23,2026-06-17 07:00,HN-HBT,WH-HN-02,BL-F15989,Máy xay,Philips Blender,Samsung,3,1733000,5199000,GHN,0,Hoàn tất
SHIP20260601348,PICK20260601348,SO20260601348,2026-06-20 20:55,2026-06-21 13:14,2026-06-23 00:51,DN-HC,WH-DN-01,KT-C76795,Ấm siêu tốc,Philips,Aqua,3,694000,2082000,GHN,45000,Hoàn tất
SHIP20260601349,PICK20260601349,SO20260601349,2026-06-09 11:29,2026-06-10 01:56,2026-06-10 10:05,DN-HC,WH-DN-01,BL-33ED9A,Máy xay,Philips Blender,Panasonic,2,489000,978000,GHN,120000,Đã giao
SHIP20260601350,PICK20260601350,SO20260601350,2026-06-16 17:19,2026-06-17 10:49,2026-06-18 01:07,HN-HBT,WH-HN-02,RC-A4D4BD,Nồi cơm,Sunhouse 1.2L,Cuckoo,3,1003000,3009000,GrabExpress,25000,Đã giao
SHIP20260601351,PICK20260601351,SO20260601351,2026-06-11 20:27,2026-06-12 04:07,2026-06-13 10:11,HCM-Q1,WH-HCM-01,KT-25E86C,Ấm siêu tốc,Philips,Sharp,2,726000,1452000,Nội bộ,65000,Đã giao
SHIP20260601352,PICK20260601352,SO20260601352,2026-06-23 10:32,2026-06-23 21:27,2026-06-24 08:09,HCM-Q1,WH-HCM-01,FN-5AA0F8,Quạt,Senko,Cuckoo,3,758000,2274000,Nội bộ,90000,Đã giao
SHIP20260601353,PICK20260601353,SO20260601353,2026-06-28 17:44,2026-06-29 08:19,2026-06-30 08:42,BD-TDM,WH-BD-01,AC-84F331,Máy lạnh,Mitsubishi 1.5HP,Daikin,1,9019000,9019000,GrabExpress,90000,Đã giao
SHIP20260601354,PICK20260601354,SO20260601354,2026-06-24 15:42,2026-06-24 20:25,2026-06-26 04:01,HCM-Q1,WH-HCM-01,BL-3258EA,Máy xay,Panasonic Blender,Mitsubishi,3,1258000,3774000,GrabExpress,65000,Đã giao
SHIP20260601355,PICK20260601355,SO20260601355,2026-06-14 11:05,2026-06-14 15:46,2026-06-15 20:18,DN-HC,WH-DN-01,WM-AF1676,Máy giặt,Toshiba 9kg,Sunhouse,1,9270000,9270000,GrabExpress,120000,Đã giao
SHIP20260601356,PICK20260601356,SO20260601356,2026-06-13 09:19,2026-06-13 14:54,2026-06-15 01:36,HCM-TB,WH-HCM-03,WM-0EC5E7,Máy giặt,Toshiba 9kg,Sony,1,8899000,8899000,GrabExpress,35000,Giao lại
SHIP20260601357,PICK20260601357,SO20260601357,2026-06-22 11:01,2026-06-22 15:18,2026-06-23 06:35,HCM-Q1,WH-HCM-01,RC-13DEBA,Nồi cơm,Panasonic 1.8L,Mitsubishi,2,1794000,3588000,Nội bộ,120000,Hoàn tất
SHIP20260601358,PICK20260601358,SO20260601358,2026-06-14 12:30,2026-06-15 00:22,2026-06-15 12:08,HCM-Q1,WH-HCM-01,RC-6CF84A,Nồi cơm,Cuckoo 1.8L,Daikin,2,911000,1822000,GrabExpress,65000,Đã giao
SHIP20260601359,PICK20260601359,SO20260601359,2026-06-29 08:02,2026-06-29 13:20,2026-06-30 17:59,BD-TDM,WH-BD-01,RC-007FFA,Nồi cơm,Sharp 1.8L,Cuckoo,1,1819000,1819000,GHN,65000,Giao lại
SHIP20260601360,PICK20260601360,SO20260601360,2026-06-13 13:24,2026-06-13 17:47,2026-06-14 14:30,HCM-Q7,WH-HCM-02,TV-9BDABC,TV,"Sony 65""",Electrolux,1,20635000,20635000,GrabExpress,200000,Đã giao
SHIP20260601361,PICK20260601361,SO20260601361,2026-06-10 11:25,2026-06-11 00:38,2026-06-12 03:54,BD-TDM,WH-BD-01,BL-981E64,Máy xay,Sunhouse Blender,Samsung,1,1539000,1539000,GHN,90000,Đã giao
SHIP20260601362,PICK20260601362,SO20260601362,2026-06-10 20:40,2026-06-11 03:06,2026-06-11 10:27,DN-HC,WH-DN-01,BL-86D7E5,Máy xay,Philips Blender,Aqua,3,837000,2511000,Nội bộ,120000,Hoàn tất
SHIP20260601363,PICK20260601363,SO20260601363,2026-06-24 14:53,2026-06-25 04:34,2026-06-25 17:39,HN-HBT,WH-HN-02,TV-12CDFD,TV,"Samsung 55"" 4K",Sunhouse,3,6492000,19476000,Xe tải thuê ngoài,155000,Đã giao
SHIP20260601364,PICK20260601364,SO20260601364,2026-06-28 18:39,2026-06-29 05:25,2026-06-29 12:04,DN-HC,WH-DN-01,MW-8EA0CB,Lò vi sóng,Panasonic 25L,LG,3,1167000,3501000,Ahamove,25000,Giao lại
SHIP20260601365,PICK20260601365,SO20260601365,2026-06-24 18:47,2026-06-25 07:09,2026-06-25 19:11,HCM-TB,WH-HCM-03,FN-374368,Quạt,Senko,Panasonic,2,1495000,2990000,GrabExpress,25000,Giao lại
SHIP20260601366,PICK20260601366,SO20260601366,2026-06-30 12:59,2026-06-30 17:08,2026-06-30 19:57,HCM-TB,WH-HCM-03,MW-8EA0CB,Lò vi sóng,Panasonic 25L,LG,2,3561000,7122000,Ahamove,120000,Đã giao
SHIP20260601367,PICK20260601367,SO20260601367,2026-06-05 20:18,2026-06-06 13:36,2026-06-07 13:56,HCM-TB,WH-HCM-03,RC-BA76D0,Nồi cơm,Panasonic 1.8L,Daikin,3,526000,1578000,Xe tải thuê ngoài,90000,Hoàn tất
SHIP20260601368,PICK20260601368,SO20260601368,2026-06-12 14:25,2026-06-12 16:25,2026-06-13 07:53,BD-TDM,WH-BD-01,MW-8EFC71,Lò vi sóng,Electrolux 23L,Cuckoo,1,1807000,1807000,GHN,25000,Hoàn tất
SHIP20260601369,PICK20260601369,SO20260601369,2026-06-05 09:45,2026-06-05 22:07,2026-06-06 04:23,HN-CG,WH-HN-01,RC-18F162,Nồi cơm,Sharp 1.8L,Toshiba,3,563000,1689000,Nội bộ,90000,Đã giao
SHIP20260601370,PICK20260601370,SO20260601370,2026-06-04 14:25,2026-06-04 22:53,2026-06-06 04:48,DN-HC,WH-DN-01,WM-694A64,Máy giặt,Toshiba 9kg,Mitsubishi,2,8328000,16656000,Nội bộ,80000,Đã giao
SHIP20260601371,PICK20260601371,SO20260601371,2026-06-05 19:22,2026-06-06 12:54,2026-06-06 21:55,HCM-TB,WH-HCM-03,RF-F64CD4,Tủ lạnh,Samsung Inverter 350L,Casper,2,13375000,26750000,GrabExpress,80000,Giao lại
SHIP20260601372,PICK20260601372,SO20260601372,2026-06-03 10:29,2026-06-03 22:28,2026-06-05 05:02,HN-HBT,WH-HN-02,MW-2666B6,Lò vi sóng,Panasonic 25L,Mitsubishi,1,1415000,1415000,Nội bộ,25000,Hoàn tất
SHIP20260601373,PICK20260601373,SO20260601373,2026-06-26 10:14,2026-06-27 05:04,2026-06-27 08:37,HCM-Q7,WH-HCM-02,RF-F64CD4,Tủ lạnh,Samsung Inverter 350L,Casper,2,8251000,16502000,Xe tải thuê ngoài,225000,Đã giao
SHIP20260601374,PICK20260601374,SO20260601374,2026-06-05 16:58,2026-06-06 08:55,2026-06-07 21:19,HN-CG,WH-HN-01,AC-691AE0,Máy lạnh,Casper 1HP,LG,2,9954000,19908000,Nội bộ,165000,Đã giao
SHIP20260601375,PICK20260601375,SO20260601375,2026-06-19 08:39,2026-06-19 22:20,2026-06-21 07:21,HN-CG,WH-HN-01,BL-8A2ABB,Máy xay,Sunhouse Blender,Aqua,3,2157000,6471000,Ahamove,90000,Đã giao
SHIP20260601376,PICK20260601376,SO20260601376,2026-06-17 13:39,2026-06-18 05:25,2026-06-18 07:53,CT-NK,WH-CT-01,TV-652BA6,TV,LG OLED 48,Senko,1,26055000,26055000,Nội bộ,125000,Giao lại
SHIP20260601377,PICK20260601377,SO20260601377,2026-06-20 08:34,2026-06-20 20:22,2026-06-22 09:19,HN-CG,WH-HN-01,BL-2439D2,Máy xay,Philips Blender,Sony,3,1139000,3417000,GrabExpress,35000,Đã giao
SHIP20260601378,PICK20260601378,SO20260601378,2026-06-01 12:39,2026-06-02 03:27,2026-06-02 05:52,HN-CG,WH-HN-01,TV-5243F8,TV,"Samsung 55"" 4K",LG,1,20655000,20655000,GHN,200000,Giao lại
SHIP20260601379,PICK20260601379,SO20260601379,2026-06-07 16:59,2026-06-07 23:50,2026-06-09 08:25,HCM-Q1,WH-HCM-01,KT-930F94,Ấm siêu tốc,Philips,Sony,2,430000,860000,Nội bộ,90000,Đã giao
SHIP20260601380,PICK20260601380,SO20260601380,2026-06-21 12:02,2026-06-22 06:25,2026-06-22 19:28,CT-NK,WH-CT-01,FN-633F9D,Quạt,Panasonic,Cuckoo,2,329000,658000,Xe tải thuê ngoài,120000,Đã giao
SHIP20260601381,PICK20260601381,SO20260601381,2026-06-16 10:58,2026-06-16 16:41,2026-06-17 05:13,HCM-Q1,WH-HCM-01,BL-F15989,Máy xay,Philips Blender,Samsung,2,456000,912000,Ahamove,90000,Đã giao
SHIP20260601382,PICK20260601382,SO20260601382,2026-06-02 16:18,2026-06-03 03:44,2026-06-04 12:06,HCM-Q1,WH-HCM-01,WM-97FE8B,Máy giặt,Toshiba 9kg,Toshiba,2,10899000,21798000,Ahamove,205000,Giao lại
SHIP20260601383,PICK20260601383,SO20260601383,2026-06-26 11:09,2026-06-27 00:11,2026-06-28 11:09,BD-TDM,WH-BD-01,RF-8A361D,Tủ lạnh,Aqua 250L,Sharp,3,11753000,35259000,GrabExpress,180000,Đã giao
SHIP20260601384,PICK20260601384,SO20260601384,2026-06-22 19:35,2026-06-23 07:16,2026-06-23 14:57,BD-TDM,WH-BD-01,RC-16E175,Nồi cơm,Cuckoo 1.8L,Panasonic,2,1400000,2800000,Ahamove,35000,Giao lại
SHIP20260601385,PICK20260601385,SO20260601385,2026-06-19 18:54,2026-06-19 21:17,2026-06-20 17:46,HCM-Q7,WH-HCM-02,MW-75B2CD,Lò vi sóng,Panasonic 25L,Samsung,1,1443000,1443000,Ahamove,35000,Đã giao
SHIP20260601386,PICK20260601386,SO20260601386,2026-06-22 13:55,2026-06-23 05:16,2026-06-23 11:46,HCM-Q1,WH-HCM-01,KT-80B935,Ấm siêu tốc,Kangaroo,LG,2,823000,1646000,Nội bộ,35000,Hoàn tất
SHIP20260601387,PICK20260601387,SO20260601387,2026-06-05 09:27,2026-06-05 11:04,2026-06-06 23:08,DN-HC,WH-DN-01,VC-D89B2B,Máy hút bụi,Xiaomi G10,LG,1,1823000,1823000,Ahamove,45000,Đã giao
SHIP20260601388,PICK20260601388,SO20260601388,2026-06-12 10:57,2026-06-12 23:25,2026-06-13 18:45,HN-HBT,WH-HN-02,VC-110A19,Máy hút bụi,Philips FC,Philips,1,2865000,2865000,GrabExpress,65000,Đã giao
SHIP20260601389,PICK20260601389,SO20260601389,2026-06-16 18:04,2026-06-16 22:27,2026-06-17 19:24,HCM-Q1,WH-HCM-01,KT-EFA122,Ấm siêu tốc,Sunhouse,Daikin,2,365000,730000,Ahamove,35000,Đã giao
SHIP20260601390,PICK20260601390,SO20260601390,2026-06-14 08:03,2026-06-14 14:40,2026-06-14 17:20,HN-CG,WH-HN-01,VC-506EE5,Máy hút bụi,Philips FC,Sony,3,6795000,20385000,GrabExpress,225000,Đã giao
SHIP20260601391,PICK20260601391,SO20260601391,2026-06-04 09:25,2026-06-04 22:35,2026-06-06 09:50,HN-CG,WH-HN-01,AC-7543C2,Máy lạnh,Casper 1HP,Panasonic,1,8972000,8972000,Xe tải thuê ngoài,90000,Đã giao
SHIP20260601392,PICK20260601392,SO20260601392,2026-06-10 08:00,2026-06-10 22:01,2026-06-11 04:13,HCM-TB,WH-HCM-03,RF-A0C9D4,Tủ lạnh,LG 420L,Panasonic,3,10466000,31398000,GrabExpress,115000,Giao lại
SHIP20260601393,PICK20260601393,SO20260601393,2026-06-19 12:31,2026-06-19 20:56,2026-06-20 07:21,HCM-Q7,WH-HCM-02,AC-D15C8F,Máy lạnh,Daikin 1HP,Xiaomi,2,11623000,23246000,GHN,300000,Đã giao
SHIP20260601394,PICK20260601394,SO20260601394,2026-06-30 17:01,2026-07-01 06:12,2026-07-01 09:01,BD-TDM,WH-BD-01,WM-6AF796,Máy giặt,Panasonic 8.5kg,Senko,3,6336000,19008000,GrabExpress,115000,Hoàn tất
SHIP20260601395,PICK20260601395,SO20260601395,2026-06-10 19:18,2026-06-11 01:27,2026-06-11 09:07,CT-NK,WH-CT-01,WM-345051,Máy giặt,LG 9kg,Senko,2,9399000,18798000,GrabExpress,145000,Đã giao
SHIP20260601396,PICK20260601396,SO20260601396,2026-06-22 08:12,2026-06-22 18:56,2026-06-23 07:01,CT-NK,WH-CT-01,BL-67F131,Máy xay,Sunhouse Blender,Panasonic,1,1439000,1439000,GHN,45000,Đã giao
SHIP20260601397,PICK20260601397,SO20260601397,2026-06-14 08:43,2026-06-14 13:43,2026-06-14 20:01,CT-NK,WH-CT-01,TV-65942A,TV,"Sony 65""",Toshiba,3,14026000,42078000,Nội bộ,225000,Đã giao
SHIP20260601398,PICK20260601398,SO20260601398,2026-06-09 16:02,2026-06-10 04:10,2026-06-10 09:55,HN-CG,WH-HN-01,VC-F24900,Máy hút bụi,Xiaomi G10,Sunhouse,2,2216000,4432000,GHN,45000,Đã giao
SHIP20260601399,PICK20260601399,SO20260601399,2026-06-19 20:50,2026-06-20 08:20,2026-06-21 07:24,HCM-Q7,WH-HCM-02,TV-57E353,TV,LG OLED 48,Sony,1,15989000,15989000,Nội bộ,145000,Giao lại
SHIP20260601400,PICK20260601400,SO20260601400,2026-06-22 11:20,2026-06-22 15:37,2026-06-23 15:11,BD-TDM,WH-BD-01,MW-E3450C,Lò vi sóng,Electrolux 23L,LG,2,1974000,3948000,Nội bộ,120000,Đã giao
SHIP20260601401,PICK20260601401,SO20260601401,2026-06-11 20:15,2026-06-11 22:01,2026-06-13 05:31,BD-TDM,WH-BD-01,FN-63D039,Quạt,Asia,Mitsubishi,2,1319000,2638000,Ahamove,25000,Hoàn tất
SHIP20260601402,PICK20260601402,SO20260601402,2026-06-06 14:07,2026-06-06 17:26,2026-06-07 21:38,HN-CG,WH-HN-01,TV-E37EE9,TV,"Samsung 55"" 4K",Casper,2,6564000,13128000,Ahamove,65000,Giao lại
SHIP20260601403,PICK20260601403,SO20260601403,2026-06-12 10:04,2026-06-12 23:30,2026-06-13 15:53,HN-HBT,WH-HN-02,MW-3E4330,Lò vi sóng,Sharp 20L,Samsung,1,3609000,3609000,Nội bộ,45000,Hoàn tất
SHIP20260601404,PICK20260601404,SO20260601404,2026-06-22 13:04,2026-06-22 23:56,2026-06-23 20:18,DN-HC,WH-DN-01,RF-FA61AD,Tủ lạnh,Panasonic 300L,Samsung,2,6587000,13174000,Xe tải thuê ngoài,0,Hoàn tất
SHIP20260601405,PICK20260601405,SO20260601405,2026-06-05 19:20,2026-06-05 21:08,2026-06-06 00:34,HCM-TB,WH-HCM-03,WM-565F25,Máy giặt,Samsung 10kg,Daikin,1,13859000,13859000,Ahamove,25000,Đã giao
SHIP20260601406,PICK20260601406,SO20260601406,2026-06-20 12:21,2026-06-21 06:04,2026-06-22 10:02,DN-HC,WH-DN-01,RF-A7BDBE,Tủ lạnh,Aqua 250L,Toshiba,1,15862000,15862000,GHN,215000,Đã giao
SHIP20260601407,PICK20260601407,SO20260601407,2026-06-01 13:35,2026-06-02 05:50,2026-06-02 17:15,DN-HC,WH-DN-01,TV-3D03C9,TV,"Samsung 55"" 4K",Senko,3,13550000,40650000,Xe tải thuê ngoài,105000,Hoàn tất
SHIP20260601408,PICK20260601408,SO20260601408,2026-06-11 08:28,2026-06-11 20:05,2026-06-13 08:33,CT-NK,WH-CT-01,MW-03CA06,Lò vi sóng,Electrolux 23L,Aqua,3,3025000,9075000,Nội bộ,0,Giao lại
SHIP20260601409,PICK20260601409,SO20260601409,2026-06-17 18:21,2026-06-18 13:12,2026-06-19 12:30,HCM-TB,WH-HCM-03,RF-7A08B1,Tủ lạnh,Samsung Inverter 350L,Xiaomi,1,8346000,8346000,GrabExpress,45000,Đã giao
SHIP20260601410,PICK20260601410,SO20260601410,2026-06-02 11:45,2026-06-02 13:28,2026-06-03 13:17,HN-HBT,WH-HN-02,MW-FB2461,Lò vi sóng,Electrolux 23L,Senko,1,873000,873000,GrabExpress,45000,Hoàn tất
SHIP20260601411,PICK20260601411,SO20260601411,2026-06-29 14:41,2026-06-29 22:06,2026-06-30 19:29,DN-HC,WH-DN-01,BL-7EF713,Máy xay,Sunhouse Blender,Sharp,3,289000,867000,Nội bộ,90000,Giao lại
SHIP20260601412,PICK20260601412,SO20260601412,2026-06-09 15:44,2026-06-10 02:39,2026-06-11 09:11,CT-NK,WH-CT-01,WM-15F54A,Máy giặt,LG 9kg,Sharp,2,4080000,8160000,GrabExpress,120000,Đã giao
SHIP20260601413,PICK20260601413,SO20260601413,2026-06-05 10:12,2026-06-06 03:32,2026-06-06 10:21,HN-HBT,WH-HN-02,MW-D3DB9C,Lò vi sóng,Sharp 20L,Aqua,1,2134000,2134000,Ahamove,0,Giao lại
SHIP20260601414,PICK20260601414,SO20260601414,2026-06-26 14:33,2026-06-27 01:24,2026-06-27 09:14,DN-HC,WH-DN-01,VC-51D140,Máy hút bụi,Xiaomi G10,Casper,1,5206000,5206000,GrabExpress,120000,Đã giao
SHIP20260601415,PICK20260601415,SO20260601415,2026-06-14 12:48,2026-06-14 22:53,2026-06-15 05:22,HN-HBT,WH-HN-02,AC-84F331,Máy lạnh,Mitsubishi 1.5HP,Daikin,1,9261000,9261000,GHN,90000,Đã giao
SHIP20260601416,PICK20260601416,SO20260601416,2026-06-10 20:58,2026-06-11 01:46,2026-06-11 15:25,CT-NK,WH-CT-01,FN-63D039,Quạt,Asia,Mitsubishi,3,865000,2595000,Ahamove,25000,Hoàn tất
SHIP20260601417,PICK20260601417,SO20260601417,2026-06-03 09:38,2026-06-03 17:14,2026-06-04 04:31,HN-HBT,WH-HN-02,AC-50CBA5,Máy lạnh,Daikin 1HP,Aqua,1,5212000,5212000,GHN,0,Giao lại
SHIP20260601418,PICK20260601418,SO20260601418,2026-06-20 10:44,2026-06-20 12:22,2026-06-20 19:01,CT-NK,WH-CT-01,TV-C528C6,TV,LG OLED 48,Cuckoo,1,10221000,10221000,Nội bộ,65000,Đã giao
SHIP20260601419,PICK20260601419,SO20260601419,2026-06-04 11:49,2026-06-04 19:13,2026-06-06 06:40,HCM-Q1,WH-HCM-01,AC-E66A0A,Máy lạnh,Daikin 1HP,Mitsubishi,1,11242000,11242000,GrabExpress,120000,Giao lại
SHIP20260601420,PICK20260601420,SO20260601420,2026-06-28 17:34,2026-06-29 11:08,2026-06-30 17:57,BD-TDM,WH-BD-01,KT-619E7F,Ấm siêu tốc,Sunhouse,Cuckoo,3,599000,1797000,Ahamove,65000,Đã giao
SHIP20260601421,PICK20260601421,SO20260601421,2026-06-24 12:00,2026-06-24 19:06,2026-06-26 05:25,HCM-Q7,WH-HCM-02,VC-09CEE7,Máy hút bụi,Dyson V8,Philips,2,1823000,3646000,Nội bộ,0,Đã giao
SHIP20260601422,PICK20260601422,SO20260601422,2026-06-29 08:39,2026-06-29 18:50,2026-07-01 02:57,HCM-Q7,WH-HCM-02,RC-23C464,Nồi cơm,Sharp 1.8L,Xiaomi,2,2586000,5172000,Xe tải thuê ngoài,25000,Giao lại
SHIP20260601423,PICK20260601423,SO20260601423,2026-06-19 16:35,2026-06-19 17:46,2026-06-20 10:36,HCM-Q1,WH-HCM-01,VC-852D6B,Máy hút bụi,Philips FC,Sunhouse,1,1798000,1798000,Xe tải thuê ngoài,90000,Đã giao
SHIP20260601424,PICK20260601424,SO20260601424,2026-06-22 12:24,2026-06-23 05:15,2026-06-24 15:54,DN-HC,WH-DN-01,RC-607743,Nồi cơm,Cuckoo 1.8L,LG,2,2370000,4740000,Ahamove,35000,Hoàn tất
SHIP20260601425,PICK20260601425,SO20260601425,2026-06-08 13:35,2026-06-09 07:05,2026-06-10 09:33,HN-CG,WH-HN-01,AC-DF5234,Máy lạnh,Daikin 1HP,Asia,1,5215000,5215000,Ahamove,0,Đã giao
SHIP20260601426,PICK20260601426,SO20260601426,2026-06-16 15:10,2026-06-17 06:06,2026-06-18 09:48,HCM-TB,WH-HCM-03,MW-E148C6,Lò vi sóng,Electrolux 23L,Casper,2,3835000,7670000,Nội bộ,90000,Đã giao
SHIP20260601427,PICK20260601427,SO20260601427,2026-06-10 09:04,2026-06-10 23:47,2026-06-12 02:37,HCM-Q1,WH-HCM-01,TV-FBBB9A,TV,"Samsung 55"" 4K",Philips,2,19007000,38014000,GHN,155000,Đã giao
SHIP20260601428,PICK20260601428,SO20260601428,2026-06-05 20:36,2026-06-06 14:05,2026-06-06 20:31,DN-HC,WH-DN-01,MW-062948,Lò vi sóng,Sharp 20L,Cuckoo,2,933000,1866000,Nội bộ,0,Giao lại
SHIP20260601429,PICK20260601429,SO20260601429,2026-06-25 08:29,2026-06-25 17:51,2026-06-26 08:08,HCM-Q1,WH-HCM-01,RC-A61405,Nồi cơm,Sunhouse 1.2L,Senko,1,1614000,1614000,Ahamove,35000,Đã giao
SHIP20260601430,PICK20260601430,SO20260601430,2026-06-07 17:56,2026-06-08 06:35,2026-06-08 11:20,DN-HC,WH-DN-01,KT-925318,Ấm siêu tốc,Philips,Toshiba,3,320000,960000,Nội bộ,120000,Hoàn tất
SHIP20260601431,PICK20260601431,SO20260601431,2026-06-02 18:38,2026-06-03 03:18,2026-06-03 09:05,CT-NK,WH-CT-01,KT-988AF8,Ấm siêu tốc,Kangaroo,Senko,1,842000,842000,Nội bộ,45000,Giao lại
SHIP20260601432,PICK20260601432,SO20260601432,2026-06-29 11:44,2026-06-29 19:46,2026-06-30 14:50,HCM-TB,WH-HCM-03,AC-9162CC,Máy lạnh,Mitsubishi 1.5HP,Philips,2,14095000,28190000,GHN,215000,Đã giao
SHIP20260601433,PICK20260601433,SO20260601433,2026-06-28 08:17,2026-06-28 12:27,2026-06-29 13:06,HN-CG,WH-HN-01,RC-645E6F,Nồi cơm,Sunhouse 1.2L,Xiaomi,3,440000,1320000,Nội bộ,45000,Đã giao
SHIP20260601434,PICK20260601434,SO20260601434,2026-06-24 11:18,2026-06-24 20:22,2026-06-25 15:39,HCM-Q1,WH-HCM-01,BL-BF3F30,Máy xay,Panasonic Blender,Casper,2,463000,926000,GrabExpress,65000,Đã giao
SHIP20260601435,PICK20260601435,SO20260601435,2026-06-17 19:55,2026-06-18 11:42,2026-06-18 23:47,HN-CG,WH-HN-01,AC-A95991,Máy lạnh,Casper 1HP,Toshiba,1,5418000,5418000,Xe tải thuê ngoài,120000,Đã giao
SHIP20260601436,PICK20260601436,SO20260601436,2026-06-09 14:57,2026-06-10 04:53,2026-06-11 13:42,HN-CG,WH-HN-01,FN-4806DD,Quạt,Panasonic,Mitsubishi,2,515000,1030000,GHN,90000,Đã giao
SHIP20260601437,PICK20260601437,SO20260601437,2026-06-09 10:50,2026-06-09 16:43,2026-06-10 10:20,HN-CG,WH-HN-01,RC-443576,Nồi cơm,Sharp 1.8L,Asia,1,2621000,2621000,GHN,35000,Đã giao
SHIP20260601438,PICK20260601438,SO20260601438,2026-06-28 11:35,2026-06-28 22:34,2026-06-29 19:07,HN-CG,WH-HN-01,BL-AED849,Máy xay,Panasonic Blender,Electrolux,1,867000,867000,Ahamove,90000,Đã giao
SHIP20260601439,PICK20260601439,SO20260601439,2026-06-06 12:15,2026-06-06 20:20,2026-06-08 02:24,DN-HC,WH-DN-01,BL-A0575F,Máy xay,Sunhouse Blender,Sunhouse,2,1152000,2304000,Nội bộ,0,Đã giao
SHIP20260601440,PICK20260601440,SO20260601440,2026-06-02 14:38,2026-06-03 01:13,2026-06-04 04:46,BD-TDM,WH-BD-01,RF-309876,Tủ lạnh,Aqua 250L,LG,1,11090000,11090000,GrabExpress,65000,Giao lại
SHIP20260601441,PICK20260601441,SO20260601441,2026-06-14 10:23,2026-06-14 21:14,2026-06-15 03:48,BD-TDM,WH-BD-01,AC-076657,Máy lạnh,Mitsubishi 1.5HP,Xiaomi,3,5733000,17199000,Nội bộ,245000,Đã giao
SHIP20260601442,PICK20260601442,SO20260601442,2026-06-18 11:10,2026-06-19 03:48,2026-06-19 12:38,HCM-TB,WH-HCM-03,AC-B03170,Máy lạnh,Casper 1HP,Casper,2,8012000,16024000,GrabExpress,145000,Đã giao
SHIP20260601443,PICK20260601443,SO20260601443,2026-06-27 12:44,2026-06-28 00:35,2026-06-28 23:22,BD-TDM,WH-BD-01,BL-981E64,Máy xay,Sunhouse Blender,Samsung,1,1154000,1154000,Xe tải thuê ngoài,90000,Giao lại
SHIP20260601444,PICK20260601444,SO20260601444,2026-06-17 14:24,2026-06-17 22:38,2026-06-19 07:11,BD-TDM,WH-BD-01,KT-80B935,Ấm siêu tốc,Kangaroo,LG,3,494000,1482000,GHN,65000,Đã giao
SHIP20260601445,PICK20260601445,SO20260601445,2026-06-01 13:54,2026-06-02 08:36,2026-06-02 16:12,HCM-Q7,WH-HCM-02,AC-4EC148,Máy lạnh,Mitsubishi 1.5HP,Toshiba,1,12493000,12493000,Ahamove,0,Đã giao
SHIP20260601446,PICK20260601446,SO20260601446,2026-06-04 11:22,2026-06-04 16:18,2026-06-06 00:08,HN-CG,WH-HN-01,VC-354E06,Máy hút bụi,Dyson V8,Senko,3,8151000,24453000,GHN,145000,Đã giao
SHIP20260601447,PICK20260601447,SO20260601447,2026-06-18 14:51,2026-06-18 19:17,2026-06-19 17:00,DN-HC,WH-DN-01,KT-988AF8,Ấm siêu tốc,Kangaroo,Senko,2,758000,1516000,Xe tải thuê ngoài,25000,Đã giao
SHIP20260601448,PICK20260601448,SO20260601448,2026-06-19 19:33,2026-06-19 23:46,2026-06-21 03:38,DN-HC,WH-DN-01,WM-85FDED,Máy giặt,Samsung 10kg,Asia,1,8477000,8477000,Ahamove,35000,Đã giao
SHIP20260601449,PICK20260601449,SO20260601449,2026-06-29 13:33,2026-06-29 17:57,2026-06-29 21:53,HCM-TB,WH-HCM-03,WM-85FDED,Máy giặt,Samsung 10kg,Asia,3,13712000,41136000,GrabExpress,170000,Đã giao
SHIP20260601450,PICK20260601450,SO20260601450,2026-06-13 14:53,2026-06-14 05:53,2026-06-15 15:05,HCM-Q1,WH-HCM-01,RF-ECA283,Tủ lạnh,Panasonic 300L,Panasonic,1,15477000,15477000,GrabExpress,225000,Đã giao
SHIP20260601451,PICK20260601451,SO20260601451,2026-06-23 17:43,2026-06-24 12:11,2026-06-25 13:54,HN-CG,WH-HN-01,MW-4DBCB2,Lò vi sóng,Sharp 20L,Daikin,3,3055000,9165000,Nội bộ,65000,Đã giao
SHIP20260601452,PICK20260601452,SO20260601452,2026-06-10 10:27,2026-06-10 11:29,2026-06-11 10:32,DN-HC,WH-DN-01,TV-65B17D,TV,"Sony 65""",Samsung,1,27716000,27716000,Ahamove,215000,Đã giao
SHIP20260601453,PICK20260601453,SO20260601453,2026-06-27 14:11,2026-06-27 22:07,2026-06-28 23:35,HN-HBT,WH-HN-02,AC-8636EE,Máy lạnh,Casper 1HP,Sony,2,5002000,10004000,Ahamove,45000,Đã giao
SHIP20260601454,PICK20260601454,SO20260601454,2026-06-17 14:13,2026-06-17 20:11,2026-06-18 09:10,DN-HC,WH-DN-01,RC-30A967,Nồi cơm,Sharp 1.8L,Mitsubishi,2,993000,1986000,Ahamove,65000,Đã giao
SHIP20260601455,PICK20260601455,SO20260601455,2026-06-26 19:44,2026-06-27 04:04,2026-06-28 08:33,HN-HBT,WH-HN-02,FN-FF4EE8,Quạt,Panasonic,Sunhouse,1,533000,533000,Xe tải thuê ngoài,120000,Hoàn tất
SHIP20260601456,PICK20260601456,SO20260601456,2026-06-10 16:59,2026-06-11 02:49,2026-06-12 13:47,DN-HC,WH-DN-01,TV-751610,TV,"TCL 50""",Daikin,2,17450000,34900000,Xe tải thuê ngoài,215000,Hoàn tất
SHIP20260601457,PICK20260601457,SO20260601457,2026-06-11 10:54,2026-06-11 23:18,2026-06-12 20:01,CT-NK,WH-CT-01,MW-0108FD,Lò vi sóng,Sharp 20L,Senko,3,1235000,3705000,Nội bộ,65000,Đã giao
SHIP20260601458,PICK20260601458,SO20260601458,2026-06-29 08:32,2026-06-29 11:30,2026-06-29 21:06,HCM-Q1,WH-HCM-01,FN-05A833,Quạt,Asia,Aqua,3,842000,2526000,Nội bộ,35000,Đã giao
SHIP20260601459,PICK20260601459,SO20260601459,2026-06-16 09:23,2026-06-16 15:00,2026-06-18 00:50,DN-HC,WH-DN-01,AC-E60FB6,Máy lạnh,Mitsubishi 1.5HP,Aqua,3,7637000,22911000,GrabExpress,270000,Đã giao
SHIP20260601460,PICK20260601460,SO20260601460,2026-06-16 13:05,2026-06-17 02:40,2026-06-17 04:44,HCM-Q1,WH-HCM-01,WM-513972,Máy giặt,Panasonic 8.5kg,LG,3,5885000,17655000,Nội bộ,145000,Đã giao
SHIP20260601461,PICK20260601461,SO20260601461,2026-06-28 15:56,2026-06-28 21:38,2026-06-30 09:20,CT-NK,WH-CT-01,RF-8AEC72,Tủ lạnh,Samsung Inverter 350L,Daikin,3,16405000,49215000,Ahamove,155000,Đã giao
SHIP20260601462,PICK20260601462,SO20260601462,2026-06-03 17:28,2026-06-04 06:52,2026-06-04 11:33,HN-CG,WH-HN-01,KT-9065A4,Ấm siêu tốc,Philips,Mitsubishi,1,158000,158000,Nội bộ,65000,Đã giao
SHIP20260601463,PICK20260601463,SO20260601463,2026-06-08 09:36,2026-06-09 02:40,2026-06-09 12:09,HN-HBT,WH-HN-02,FN-5D5A92,Quạt,Asia,Casper,3,610000,1830000,GHN,90000,Đã giao
SHIP20260601464,PICK20260601464,SO20260601464,2026-06-24 15:04,2026-06-25 09:17,2026-06-25 17:30,BD-TDM,WH-BD-01,VC-36242C,Máy hút bụi,Xiaomi G10,Sony,2,7985000,15970000,Ahamove,145000,Đã giao
SHIP20260601465,PICK20260601465,SO20260601465,2026-06-29 16:32,2026-06-30 06:49,2026-06-30 13:49,DN-HC,WH-DN-01,KT-F760AD,Ấm siêu tốc,Philips,LG,1,595000,595000,GHN,90000,Đã giao
SHIP20260601466,PICK20260601466,SO20260601466,2026-06-01 16:15,2026-06-01 22:14,2026-06-02 17:35,HCM-TB,WH-HCM-03,VC-C98E79,Máy hút bụi,Dyson V8,LG,2,3042000,6084000,Xe tải thuê ngoài,45000,Đã giao
SHIP20260601467,PICK20260601467,SO20260601467,2026-06-01 15:55,2026-06-01 21:49,2026-06-02 00:38,HCM-Q1,WH-HCM-01,KT-C02AC0,Ấm siêu tốc,Kangaroo,Asia,3,336000,1008000,Xe tải thuê ngoài,25000,Giao lại
SHIP20260601468,PICK20260601468,SO20260601468,2026-06-01 19:45,2026-06-02 05:48,2026-06-02 22:52,DN-HC,WH-DN-01,KT-F72092,Ấm siêu tốc,Sunhouse,Casper,3,584000,1752000,Nội bộ,120000,Đã giao
SHIP20260601469,PICK20260601469,SO20260601469,2026-06-17 13:01,2026-06-17 20:32,2026-06-19 06:59,HCM-TB,WH-HCM-03,BL-981E64,Máy xay,Sunhouse Blender,Samsung,1,442000,442000,Ahamove,65000,Hoàn tất
SHIP20260601470,PICK20260601470,SO20260601470,2026-06-15 17:25,2026-06-16 05:35,2026-06-16 14:11,HN-CG,WH-HN-01,AC-E66A0A,Máy lạnh,Daikin 1HP,Mitsubishi,1,8226000,8226000,Ahamove,120000,Đã giao
SHIP20260601471,PICK20260601471,SO20260601471,2026-06-28 17:08,2026-06-28 21:23,2026-06-29 04:38,HN-CG,WH-HN-01,BL-7EF713,Máy xay,Sunhouse Blender,Sharp,1,627000,627000,Ahamove,45000,Giao lại
SHIP20260601472,PICK20260601472,SO20260601472,2026-06-07 12:17,2026-06-07 19:24,2026-06-08 02:00,DN-HC,WH-DN-01,RF-D3E578,Tủ lạnh,LG 420L,Xiaomi,3,7691000,23073000,GrabExpress,215000,Hoàn tất
SHIP20260601473,PICK20260601473,SO20260601473,2026-06-06 16:52,2026-06-06 21:50,2026-06-07 16:28,HN-CG,WH-HN-01,MW-83094B,Lò vi sóng,Sharp 20L,Casper,2,2918000,5836000,GHN,90000,Hoàn tất
SHIP20260601474,PICK20260601474,SO20260601474,2026-06-11 11:23,2026-06-11 19:47,2026-06-13 05:03,HN-CG,WH-HN-01,AC-C1535B,Máy lạnh,Panasonic 1.5HP,Asia,3,12011000,36033000,GHN,120000,Hoàn tất
SHIP20260601475,PICK20260601475,SO20260601475,2026-06-19 18:21,2026-06-20 03:29,2026-06-21 14:09,DN-HC,WH-DN-01,MW-E7A58E,Lò vi sóng,Panasonic 25L,Philips,2,2408000,4816000,GHN,90000,Giao lại
SHIP20260601476,PICK20260601476,SO20260601476,2026-06-23 11:51,2026-06-24 05:31,2026-06-25 00:52,DN-HC,WH-DN-01,BL-67F131,Máy xay,Sunhouse Blender,Panasonic,2,1768000,3536000,GrabExpress,0,Đã giao
SHIP20260601477,PICK20260601477,SO20260601477,2026-06-28 13:37,2026-06-28 20:54,2026-06-29 15:28,CT-NK,WH-CT-01,TV-BD30D1,TV,"TCL 50""",Asia,3,7986000,23958000,Ahamove,165000,Đã giao
SHIP20260601478,PICK20260601478,SO20260601478,2026-06-14 12:04,2026-06-14 13:22,2026-06-14 19:25,HCM-Q7,WH-HCM-02,RC-3298C0,Nồi cơm,Sunhouse 1.2L,Asia,3,2485000,7455000,GHN,65000,Đã giao
SHIP20260601479,PICK20260601479,SO20260601479,2026-06-18 15:44,2026-06-19 01:24,2026-06-19 19:26,DN-HC,WH-DN-01,RF-281021,Tủ lạnh,Samsung Inverter 350L,Cuckoo,1,9983000,9983000,Ahamove,90000,Đã giao
SHIP20260601480,PICK20260601480,SO20260601480,2026-06-11 20:24,2026-06-12 05:03,2026-06-13 12:48,BD-TDM,WH-BD-01,AC-D7C5BD,Máy lạnh,Daikin 1HP,Daikin,3,9825000,29475000,Ahamove,125000,Giao lại
SHIP20260601481,PICK20260601481,SO20260601481,2026-06-23 15:36,2026-06-23 21:48,2026-06-25 04:19,BD-TDM,WH-BD-01,FN-C79946,Quạt,Senko,Daikin,3,570000,1710000,GHN,45000,Hoàn tất
SHIP20260601482,PICK20260601482,SO20260601482,2026-06-10 14:44,2026-06-11 00:30,2026-06-11 05:12,HN-CG,WH-HN-01,BL-A4802F,Máy xay,Philips Blender,Daikin,3,508000,1524000,Ahamove,90000,Đã giao
SHIP20260601483,PICK20260601483,SO20260601483,2026-06-30 08:42,2026-06-30 16:31,2026-06-30 20:48,DN-HC,WH-DN-01,RC-D5DEB5,Nồi cơm,Panasonic 1.8L,Cuckoo,2,1094000,2188000,Nội bộ,0,Giao lại
SHIP20260601484,PICK20260601484,SO20260601484,2026-06-02 14:30,2026-06-03 00:48,2026-06-04 04:27,HCM-Q7,WH-HCM-02,FN-FC5CB1,Quạt,Asia,Asia,3,1015000,3045000,GHN,0,Đã giao
SHIP20260601485,PICK20260601485,SO20260601485,2026-06-19 11:27,2026-06-19 21:25,2026-06-20 03:36,HN-HBT,WH-HN-02,RC-A5EAB1,Nồi cơm,Cuckoo 1.8L,Sony,1,742000,742000,Ahamove,35000,Hoàn tất
SHIP20260601486,PICK20260601486,SO20260601486,2026-06-09 18:07,2026-06-09 22:51,2026-06-10 08:51,HN-CG,WH-HN-01,MW-83094B,Lò vi sóng,Sharp 20L,Casper,2,4464000,8928000,Xe tải thuê ngoài,90000,Đã giao
SHIP20260601487,PICK20260601487,SO20260601487,2026-06-06 15:25,2026-06-06 16:41,2026-06-07 17:33,DN-HC,WH-DN-01,BL-F7CCD6,Máy xay,Sunhouse Blender,Asia,2,286000,572000,Ahamove,35000,Đã giao
SHIP20260601488,PICK20260601488,SO20260601488,2026-06-06 10:44,2026-06-06 19:07,2026-06-07 03:40,DN-HC,WH-DN-01,AC-C1535B,Máy lạnh,Panasonic 1.5HP,Asia,3,17633000,52899000,GrabExpress,300000,Giao lại
SHIP20260601489,PICK20260601489,SO20260601489,2026-06-09 17:45,2026-06-10 10:03,2026-06-10 19:55,HCM-Q7,WH-HCM-02,FN-47B1B0,Quạt,Senko,Toshiba,1,614000,614000,GrabExpress,65000,Đã giao
SHIP20260601490,PICK20260601490,SO20260601490,2026-06-20 16:38,2026-06-20 23:40,2026-06-21 11:11,HN-HBT,WH-HN-02,AC-6A16AD,Máy lạnh,Daikin 1HP,Samsung,2,14500000,29000000,Xe tải thuê ngoài,200000,Giao lại
SHIP20260601491,PICK20260601491,SO20260601491,2026-06-24 11:05,2026-06-24 19:23,2026-06-25 18:12,HN-HBT,WH-HN-02,RF-5ECF76,Tủ lạnh,LG 420L,Mitsubishi,3,13979000,41937000,Xe tải thuê ngoài,205000,Đã giao
SHIP20260601492,PICK20260601492,SO20260601492,2026-06-17 16:53,2026-06-17 18:58,2026-06-18 16:29,BD-TDM,WH-BD-01,KT-3F3135,Ấm siêu tốc,Sunhouse,Sharp,3,1048000,3144000,Ahamove,120000,Hoàn tất
SHIP20260601493,PICK20260601493,SO20260601493,2026-06-15 20:48,2026-06-16 00:14,2026-06-16 21:23,HCM-Q7,WH-HCM-02,RF-555CFD,Tủ lạnh,LG 420L,Cuckoo,2,10136000,20272000,GHN,240000,Đã giao
SHIP20260601494,PICK20260601494,SO20260601494,2026-06-12 17:07,2026-06-13 04:08,2026-06-14 05:18,HCM-Q1,WH-HCM-01,WM-3E2B9E,Máy giặt,Toshiba 9kg,Cuckoo,2,6452000,12904000,Xe tải thuê ngoài,45000,Giao lại
SHIP20260601495,PICK20260601495,SO20260601495,2026-06-09 10:36,2026-06-09 14:37,2026-06-10 07:27,HN-HBT,WH-HN-02,AC-D7C5BD,Máy lạnh,Daikin 1HP,Daikin,2,12301000,24602000,Nội bộ,120000,Đã giao
SHIP20260601496,PICK20260601496,SO20260601496,2026-06-13 08:27,2026-06-13 14:13,2026-06-14 12:01,HCM-TB,WH-HCM-03,RC-DF1FB9,Nồi cơm,Sunhouse 1.2L,Sunhouse,2,2035000,4070000,GHN,35000,Đã giao
SHIP20260601497,PICK20260601497,SO20260601497,2026-06-24 17:37,2026-06-25 05:35,2026-06-26 03:33,HCM-Q7,WH-HCM-02,KT-EFA122,Ấm siêu tốc,Sunhouse,Daikin,1,314000,314000,Xe tải thuê ngoài,65000,Giao lại
SHIP20260601498,PICK20260601498,SO20260601498,2026-06-13 17:07,2026-06-13 18:19,2026-06-15 00:31,CT-NK,WH-CT-01,VC-BEE8C8,Máy hút bụi,Xiaomi G10,Asia,1,5300000,5300000,GHN,120000,Đã giao
SHIP20260601499,PICK20260601499,SO20260601499,2026-06-06 18:26,2026-06-07 06:02,2026-06-07 15:23,HCM-Q1,WH-HCM-01,VC-E19461,Máy hút bụi,Dyson V8,Panasonic,1,4429000,4429000,Xe tải thuê ngoài,25000,Đã giao
SHIP20260601500,PICK20260601500,SO20260601500,2026-06-06 16:35,2026-06-06 20:33,2026-06-08 08:26,BD-TDM,WH-BD-01,TV-65942A,TV,"Sony 65""",Toshiba,1,17843000,17843000,GHN,145000,Đã giao
