InvoiceNo,JournalNo,OrderID,InvoiceDate,Store,Salesperson,Payment,SKU,Category,Product,Brand,Qty,UnitPrice,Discount,NetRevenue,VATRate,VATOutput,InvoiceTotal,UnitCost,TotalCost,GrossProfit,MarginPct,AR_Debit,Revenue_Credit,VATOutput_Credit,COGS_Debit,Inventory_Credit,AR_Account,Revenue_Account,VAT_Account,COGS_Account,Inventory_Account,ScenarioID,LegalEntityID,ScenarioCurrency,CurrencyScope,ReportingTimezone,EvidenceType,AuthenticSourcePath,AuthenticSourceSHA256,AuthenticSourceRowNumber,GenerationPolicyVersion
INV20260500001,JV20260500001,SO20260500001,2026-05-14,CT-NK,NV009,Thẻ,AC-75386E,Máy lạnh,Mitsubishi 1.5HP,Cuckoo,3,20868918,0.02,61354618,0.08,4908369,66262987,16776000,50328000,11026618,0.1797,66262987,61354618,4908369,50328000,50328000,131-Phải thu khách hàng,511-Doanh thu bán hàng,3331-Thuế GTGT đầu ra,632-Giá vốn hàng bán,156-Hàng hóa,commerce_distribution_erp_scenario_v1,LIGHTBI_SCENARIO_ENTITY_001,VND,all_declared_accounting_money_columns,Asia/Ho_Chi_Minh,authentic_anchored_semi_synthetic_evidence,sample data/Accounting_ERP_May_2026.csv,3c59da1c10c67ab974dfd204b737402aff1c28d748665949942579fb5fb1a2fd,2,1.0.0
INV20260500002,JV20260500002,SO20260500002,2026-05-02,DN-HC,NV005,Thẻ,FN-633F9D,Quạt,Panasonic,Cuckoo,2,1244236,0.08,2289394,0.08,183151,2472545,925000,1850000,439394,0.1919,2472545,2289394,183151,1850000,1850000,131-Phải thu khách hàng,511-Doanh thu bán hàng,3331-Thuế GTGT đầu ra,632-Giá vốn hàng bán,156-Hàng hóa,commerce_distribution_erp_scenario_v1,LIGHTBI_SCENARIO_ENTITY_001,VND,all_declared_accounting_money_columns,Asia/Ho_Chi_Minh,authentic_anchored_semi_synthetic_evidence,sample data/Accounting_ERP_May_2026.csv,3c59da1c10c67ab974dfd204b737402aff1c28d748665949942579fb5fb1a2fd,3,1.0.0
INV20260500003,JV20260500003,SO20260500003,2026-05-23,CT-NK,NV003,Chuyển khoản,AC-389085,Máy lạnh,Mitsubishi 1.5HP,Samsung,2,19020489,0.05,36138929,0.08,2891114,39030043,15656000,31312000,4826929,0.1336,39030043,36138929,2891114,31312000,31312000,131-Phải thu khách hàng,511-Doanh thu bán hàng,3331-Thuế GTGT đầu ra,632-Giá vốn hàng bán,156-Hàng hóa,commerce_distribution_erp_scenario_v1,LIGHTBI_SCENARIO_ENTITY_001,VND,all_declared_accounting_money_columns,Asia/Ho_Chi_Minh,authentic_anchored_semi_synthetic_evidence,sample data/Accounting_ERP_May_2026.csv,3c59da1c10c67ab974dfd204b737402aff1c28d748665949942579fb5fb1a2fd,4,1.0.0
INV20260500004,JV20260500004,SO20260500004,2026-05-18,HCM-TB,NV019,Chuyển khoản,WM-F25444,Máy giặt,LG 9kg,Xiaomi,2,6918106,0.14,11899142,0.08,951931,12851073,5232000,10464000,1435142,0.1206,12851073,11899142,951931,10464000,10464000,131-Phải thu khách hàng,511-Doanh thu bán hàng,3331-Thuế GTGT đầu ra,632-Giá vốn hàng bán,156-Hàng hóa,commerce_distribution_erp_scenario_v1,LIGHTBI_SCENARIO_ENTITY_001,VND,all_declared_accounting_money_columns,Asia/Ho_Chi_Minh,authentic_anchored_semi_synthetic_evidence,sample data/Accounting_ERP_May_2026.csv,3c59da1c10c67ab974dfd204b737402aff1c28d748665949942579fb5fb1a2fd,5,1.0.0
INV20260500005,JV20260500005,SO20260500005,2026-05-09,HCM-Q1,NV022,Ví điện tử,RF-F6944C,Tủ lạnh,LG 420L,Sunhouse,2,16904093,0.05,32117776,0.08,2569422,34687198,13631000,27262000,4855776,0.1512,34687198,32117776,2569422,27262000,27262000,131-Phải thu khách hàng,511-Doanh thu bán hàng,3331-Thuế GTGT đầu ra,632-Giá vốn hàng bán,156-Hàng hóa,commerce_distribution_erp_scenario_v1,LIGHTBI_SCENARIO_ENTITY_001,VND,all_declared_accounting_money_columns,Asia/Ho_Chi_Minh,authentic_anchored_semi_synthetic_evidence,sample data/Accounting_ERP_May_2026.csv,3c59da1c10c67ab974dfd204b737402aff1c28d748665949942579fb5fb1a2fd,6,1.0.0
INV20260500006,JV20260500006,SO20260500006,2026-05-16,HCM-TB,NV025,Ví điện tử,AC-E7C43D,Máy lạnh,Panasonic 1.5HP,Casper,3,9244448,0.1,24960009,0.08,1996800,26956809,7417000,22251000,2709009,0.1085,26956809,24960009,1996800,22251000,22251000,131-Phải thu khách hàng,511-Doanh thu bán hàng,3331-Thuế GTGT đầu ra,632-Giá vốn hàng bán,156-Hàng hóa,commerce_distribution_erp_scenario_v1,LIGHTBI_SCENARIO_ENTITY_001,VND,all_declared_accounting_money_columns,Asia/Ho_Chi_Minh,authentic_anchored_semi_synthetic_evidence,sample data/Accounting_ERP_May_2026.csv,3c59da1c10c67ab974dfd204b737402aff1c28d748665949942579fb5fb1a2fd,7,1.0.0
INV20260500007,JV20260500007,SO20260500007,2026-05-08,HCM-TB,NV004,Trả góp,RF-20BB5C,Tủ lạnh,Panasonic 300L,Sharp,3,11121772,0.09,30362437,0.08,2428994,32791431,8922000,26766000,3596437,0.1185,32791431,30362437,2428994,26766000,26766000,131-Phải thu khách hàng,511-Doanh thu bán hàng,3331-Thuế GTGT đầu ra,632-Giá vốn hàng bán,156-Hàng hóa,commerce_distribution_erp_scenario_v1,LIGHTBI_SCENARIO_ENTITY_001,VND,all_declared_accounting_money_columns,Asia/Ho_Chi_Minh,authentic_anchored_semi_synthetic_evidence,sample data/Accounting_ERP_May_2026.csv,3c59da1c10c67ab974dfd204b737402aff1c28d748665949942579fb5fb1a2fd,8,1.0.0
INV20260500008,JV20260500008,SO20260500008,2026-05-25,HCM-Q1,NV012,Chuyển khoản,BL-3258EA,Máy xay,Panasonic Blender,Mitsubishi,1,1566581,0.13,1362925,0.08,109034,1471959,1100000,1100000,262925,0.1929,1471959,1362925,109034,1100000,1100000,131-Phải thu khách hàng,511-Doanh thu bán hàng,3331-Thuế GTGT đầu ra,632-Giá vốn hàng bán,156-Hàng hóa,commerce_distribution_erp_scenario_v1,LIGHTBI_SCENARIO_ENTITY_001,VND,all_declared_accounting_money_columns,Asia/Ho_Chi_Minh,authentic_anchored_semi_synthetic_evidence,sample data/Accounting_ERP_May_2026.csv,3c59da1c10c67ab974dfd204b737402aff1c28d748665949942579fb5fb1a2fd,9,1.0.0
INV20260500009,JV20260500009,SO20260500009,2026-05-28,BD-TDM,NV018,Trả góp,VC-98D4CD,Máy hút bụi,Xiaomi G10,Cuckoo,1,7249593,0.03,7032105,0.08,562568,7594673,5109000,5109000,1923105,0.2735,7594673,7032105,562568,5109000,5109000,131-Phải thu khách hàng,511-Doanh thu bán hàng,3331-Thuế GTGT đầu ra,632-Giá vốn hàng bán,156-Hàng hóa,commerce_distribution_erp_scenario_v1,LIGHTBI_SCENARIO_ENTITY_001,VND,all_declared_accounting_money_columns,Asia/Ho_Chi_Minh,authentic_anchored_semi_synthetic_evidence,sample data/Accounting_ERP_May_2026.csv,3c59da1c10c67ab974dfd204b737402aff1c28d748665949942579fb5fb1a2fd,10,1.0.0
INV20260500010,JV20260500010,SO20260500010,2026-05-24,BD-TDM,NV024,Chuyển khoản,WM-6ADDCB,Máy giặt,LG 9kg,Electrolux,2,10224349,0.03,19835237,0.08,1586818,21422055,7645000,15290000,4545237,0.2291,21422055,19835237,1586818,15290000,15290000,131-Phải thu khách hàng,511-Doanh thu bán hàng,3331-Thuế GTGT đầu ra,632-Giá vốn hàng bán,156-Hàng hóa,commerce_distribution_erp_scenario_v1,LIGHTBI_SCENARIO_ENTITY_001,VND,all_declared_accounting_money_columns,Asia/Ho_Chi_Minh,authentic_anchored_semi_synthetic_evidence,sample data/Accounting_ERP_May_2026.csv,3c59da1c10c67ab974dfd204b737402aff1c28d748665949942579fb5fb1a2fd,11,1.0.0
INV20260500011,JV20260500011,SO20260500011,2026-05-07,HCM-TB,NV013,Tiền mặt,WM-9170CB,Máy giặt,LG 9kg,LG,1,16412321,0.04,15755828,0.08,1260466,17016294,12703000,12703000,3052828,0.1938,17016294,15755828,1260466,12703000,12703000,131-Phải thu khách hàng,511-Doanh thu bán hàng,3331-Thuế GTGT đầu ra,632-Giá vốn hàng bán,156-Hàng hóa,commerce_distribution_erp_scenario_v1,LIGHTBI_SCENARIO_ENTITY_001,VND,all_declared_accounting_money_columns,Asia/Ho_Chi_Minh,authentic_anchored_semi_synthetic_evidence,sample data/Accounting_ERP_May_2026.csv,3c59da1c10c67ab974dfd204b737402aff1c28d748665949942579fb5fb1a2fd,12,1.0.0
INV20260500012,JV20260500012,SO20260500012,2026-05-10,BD-TDM,NV012,Thẻ,FN-5AA0F8,Quạt,Senko,Cuckoo,1,1234869,0.07,1148428,0.08,91874,1240302,754000,754000,394428,0.3435,1240302,1148428,91874,754000,754000,131-Phải thu khách hàng,511-Doanh thu bán hàng,3331-Thuế GTGT đầu ra,632-Giá vốn hàng bán,156-Hàng hóa,commerce_distribution_erp_scenario_v1,LIGHTBI_SCENARIO_ENTITY_001,VND,all_declared_accounting_money_columns,Asia/Ho_Chi_Minh,authentic_anchored_semi_synthetic_evidence,sample data/Accounting_ERP_May_2026.csv,3c59da1c10c67ab974dfd204b737402aff1c28d748665949942579fb5fb1a2fd,13,1.0.0
INV20260500013,JV20260500013,SO20260500013,2026-05-04,BD-TDM,NV003,Trả góp,TV-7BBB2A,TV,"TCL 50""",Aqua,2,31617296,0.03,61337554,0.08,4907004,66244558,26908000,53816000,7521554,0.1226,66244558,61337554,4907004,53816000,53816000,131-Phải thu khách hàng,511-Doanh thu bán hàng,3331-Thuế GTGT đầu ra,632-Giá vốn hàng bán,156-Hàng hóa,commerce_distribution_erp_scenario_v1,LIGHTBI_SCENARIO_ENTITY_001,VND,all_declared_accounting_money_columns,Asia/Ho_Chi_Minh,authentic_anchored_semi_synthetic_evidence,sample data/Accounting_ERP_May_2026.csv,3c59da1c10c67ab974dfd204b737402aff1c28d748665949942579fb5fb1a2fd,14,1.0.0
INV20260500014,JV20260500014,SO20260500014,2026-05-28,BD-TDM,NV004,Chuyển khoản,BL-BF3F30,Máy xay,Panasonic Blender,Casper,2,2198391,0.09,4001071,0.08,320085,4321156,1406000,2812000,1189071,0.2972,4321156,4001071,320085,2812000,2812000,131-Phải thu khách hàng,511-Doanh thu bán hàng,3331-Thuế GTGT đầu ra,632-Giá vốn hàng bán,156-Hàng hóa,commerce_distribution_erp_scenario_v1,LIGHTBI_SCENARIO_ENTITY_001,VND,all_declared_accounting_money_columns,Asia/Ho_Chi_Minh,authentic_anchored_semi_synthetic_evidence,sample data/Accounting_ERP_May_2026.csv,3c59da1c10c67ab974dfd204b737402aff1c28d748665949942579fb5fb1a2fd,15,1.0.0
INV20260500015,JV20260500015,SO20260500015,2026-05-23,HCM-Q7,NV008,Thẻ,RF-40AAB7,Tủ lạnh,Samsung Inverter 350L,Electrolux,1,13380978,0.08,12310499,0.08,984839,13295338,10104000,10104000,2206499,0.1792,13295338,12310499,984839,10104000,10104000,131-Phải thu khách hàng,511-Doanh thu bán hàng,3331-Thuế GTGT đầu ra,632-Giá vốn hàng bán,156-Hàng hóa,commerce_distribution_erp_scenario_v1,LIGHTBI_SCENARIO_ENTITY_001,VND,all_declared_accounting_money_columns,Asia/Ho_Chi_Minh,authentic_anchored_semi_synthetic_evidence,sample data/Accounting_ERP_May_2026.csv,3c59da1c10c67ab974dfd204b737402aff1c28d748665949942579fb5fb1a2fd,16,1.0.0
INV20260500016,JV20260500016,SO20260500016,2026-05-17,HN-CG,NV013,Chuyển khoản,FN-985D6E,Quạt,Panasonic,Sharp,1,768819,0.04,738066,0.08,59045,797111,456000,456000,282066,0.3822,797111,738066,59045,456000,456000,131-Phải thu khách hàng,511-Doanh thu bán hàng,3331-Thuế GTGT đầu ra,632-Giá vốn hàng bán,156-Hàng hóa,commerce_distribution_erp_scenario_v1,LIGHTBI_SCENARIO_ENTITY_001,VND,all_declared_accounting_money_columns,Asia/Ho_Chi_Minh,authentic_anchored_semi_synthetic_evidence,sample data/Accounting_ERP_May_2026.csv,3c59da1c10c67ab974dfd204b737402aff1c28d748665949942579fb5fb1a2fd,17,1.0.0
INV20260500017,JV20260500017,SO20260500017,2026-05-12,DN-HC,NV025,Chuyển khoản,MW-2896A4,Lò vi sóng,Sharp 20L,Panasonic,1,5169410,0.08,4755857,0.08,380468,5136325,3562000,3562000,1193857,0.251,5136325,4755857,380468,3562000,3562000,131-Phải thu khách hàng,511-Doanh thu bán hàng,3331-Thuế GTGT đầu ra,632-Giá vốn hàng bán,156-Hàng hóa,commerce_distribution_erp_scenario_v1,LIGHTBI_SCENARIO_ENTITY_001,VND,all_declared_accounting_money_columns,Asia/Ho_Chi_Minh,authentic_anchored_semi_synthetic_evidence,sample data/Accounting_ERP_May_2026.csv,3c59da1c10c67ab974dfd204b737402aff1c28d748665949942579fb5fb1a2fd,18,1.0.0
INV20260500018,JV20260500018,SO20260500018,2026-05-16,HCM-Q7,NV019,Thẻ,VC-FDD792,Máy hút bụi,Philips FC,Casper,3,2848592,0.05,8118487,0.08,649478,8767965,1807000,5421000,2697487,0.3323,8767965,8118487,649478,5421000,5421000,131-Phải thu khách hàng,511-Doanh thu bán hàng,3331-Thuế GTGT đầu ra,632-Giá vốn hàng bán,156-Hàng hóa,commerce_distribution_erp_scenario_v1,LIGHTBI_SCENARIO_ENTITY_001,VND,all_declared_accounting_money_columns,Asia/Ho_Chi_Minh,authentic_anchored_semi_synthetic_evidence,sample data/Accounting_ERP_May_2026.csv,3c59da1c10c67ab974dfd204b737402aff1c28d748665949942579fb5fb1a2fd,19,1.0.0
INV20260500019,JV20260500019,SO20260500019,2026-05-31,HCM-TB,NV024,Tiền mặt,VC-90DAA9,Máy hút bụi,Dyson V8,Casper,1,11108132,0.04,10663806,0.08,853104,11516910,8484000,8484000,2179806,0.2044,11516910,10663806,853104,8484000,8484000,131-Phải thu khách hàng,511-Doanh thu bán hàng,3331-Thuế GTGT đầu ra,632-Giá vốn hàng bán,156-Hàng hóa,commerce_distribution_erp_scenario_v1,LIGHTBI_SCENARIO_ENTITY_001,VND,all_declared_accounting_money_columns,Asia/Ho_Chi_Minh,authentic_anchored_semi_synthetic_evidence,sample data/Accounting_ERP_May_2026.csv,3c59da1c10c67ab974dfd204b737402aff1c28d748665949942579fb5fb1a2fd,20,1.0.0
INV20260500020,JV20260500020,SO20260500020,2026-05-18,HCM-TB,NV006,Ví điện tử,VC-490623,Máy hút bụi,Philips FC,LG,3,8670682,0.08,23931082,0.08,1914486,25845568,5681000,17043000,6888082,0.2878,25845568,23931082,1914486,17043000,17043000,131-Phải thu khách hàng,511-Doanh thu bán hàng,3331-Thuế GTGT đầu ra,632-Giá vốn hàng bán,156-Hàng hóa,commerce_distribution_erp_scenario_v1,LIGHTBI_SCENARIO_ENTITY_001,VND,all_declared_accounting_money_columns,Asia/Ho_Chi_Minh,authentic_anchored_semi_synthetic_evidence,sample data/Accounting_ERP_May_2026.csv,3c59da1c10c67ab974dfd204b737402aff1c28d748665949942579fb5fb1a2fd,21,1.0.0
INV20260500021,JV20260500021,SO20260500021,2026-05-18,HCM-Q1,NV016,Tiền mặt,AC-6A16AD,Máy lạnh,Daikin 1HP,Samsung,1,20332228,0.18,16672426,0.08,1333794,18006220,14656000,14656000,2016426,0.1209,18006220,16672426,1333794,14656000,14656000,131-Phải thu khách hàng,511-Doanh thu bán hàng,3331-Thuế GTGT đầu ra,632-Giá vốn hàng bán,156-Hàng hóa,commerce_distribution_erp_scenario_v1,LIGHTBI_SCENARIO_ENTITY_001,VND,all_declared_accounting_money_columns,Asia/Ho_Chi_Minh,authentic_anchored_semi_synthetic_evidence,sample data/Accounting_ERP_May_2026.csv,3c59da1c10c67ab974dfd204b737402aff1c28d748665949942579fb5fb1a2fd,22,1.0.0
INV20260500022,JV20260500022,SO20260500022,2026-05-30,BD-TDM,NV011,Ví điện tử,RC-3972B5,Nồi cơm,Sharp 1.8L,Samsung,1,3487659,0.2,2790127,0.08,223210,3013337,2198000,2198000,592127,0.2122,3013337,2790127,223210,2198000,2198000,131-Phải thu khách hàng,511-Doanh thu bán hàng,3331-Thuế GTGT đầu ra,632-Giá vốn hàng bán,156-Hàng hóa,commerce_distribution_erp_scenario_v1,LIGHTBI_SCENARIO_ENTITY_001,VND,all_declared_accounting_money_columns,Asia/Ho_Chi_Minh,authentic_anchored_semi_synthetic_evidence,sample data/Accounting_ERP_May_2026.csv,3c59da1c10c67ab974dfd204b737402aff1c28d748665949942579fb5fb1a2fd,23,1.0.0
INV20260500023,JV20260500023,SO20260500023,2026-05-01,DN-HC,NV003,Chuyển khoản,BL-2DE930,Máy xay,Sunhouse Blender,Toshiba,1,2368520,0.13,2060612,0.08,164848,2225460,1661000,1661000,399612,0.1939,2225460,2060612,164848,1661000,1661000,131-Phải thu khách hàng,511-Doanh thu bán hàng,3331-Thuế GTGT đầu ra,632-Giá vốn hàng bán,156-Hàng hóa,commerce_distribution_erp_scenario_v1,LIGHTBI_SCENARIO_ENTITY_001,VND,all_declared_accounting_money_columns,Asia/Ho_Chi_Minh,authentic_anchored_semi_synthetic_evidence,sample data/Accounting_ERP_May_2026.csv,3c59da1c10c67ab974dfd204b737402aff1c28d748665949942579fb5fb1a2fd,24,1.0.0
INV20260500024,JV20260500024,SO20260500024,2026-05-09,CT-NK,NV002,Chuyển khoản,VC-DD459E,Máy hút bụi,Dyson V8,Asia,3,8804892,0.18,21660034,0.08,1732802,23392836,5768000,17304000,4356034,0.2011,23392836,21660034,1732802,17304000,17304000,131-Phải thu khách hàng,511-Doanh thu bán hàng,3331-Thuế GTGT đầu ra,632-Giá vốn hàng bán,156-Hàng hóa,commerce_distribution_erp_scenario_v1,LIGHTBI_SCENARIO_ENTITY_001,VND,all_declared_accounting_money_columns,Asia/Ho_Chi_Minh,authentic_anchored_semi_synthetic_evidence,sample data/Accounting_ERP_May_2026.csv,3c59da1c10c67ab974dfd204b737402aff1c28d748665949942579fb5fb1a2fd,25,1.0.0
INV20260500025,JV20260500025,SO20260500025,2026-05-13,HCM-Q1,NV023,Trả góp,RC-19766E,Nồi cơm,Panasonic 1.8L,Sunhouse,1,2382345,0.12,2096463,0.08,167717,2264180,1545000,1545000,551463,0.263,2264180,2096463,167717,1545000,1545000,131-Phải thu khách hàng,511-Doanh thu bán hàng,3331-Thuế GTGT đầu ra,632-Giá vốn hàng bán,156-Hàng hóa,commerce_distribution_erp_scenario_v1,LIGHTBI_SCENARIO_ENTITY_001,VND,all_declared_accounting_money_columns,Asia/Ho_Chi_Minh,authentic_anchored_semi_synthetic_evidence,sample data/Accounting_ERP_May_2026.csv,3c59da1c10c67ab974dfd204b737402aff1c28d748665949942579fb5fb1a2fd,26,1.0.0
INV20260500026,JV20260500026,SO20260500026,2026-05-12,HN-HBT,NV015,Trả góp,RF-4D4BA4,Tủ lạnh,Aqua 250L,Philips,3,7608539,0.04,21912592,0.08,1753007,23665599,5943000,17829000,4083592,0.1864,23665599,21912592,1753007,17829000,17829000,131-Phải thu khách hàng,511-Doanh thu bán hàng,3331-Thuế GTGT đầu ra,632-Giá vốn hàng bán,156-Hàng hóa,commerce_distribution_erp_scenario_v1,LIGHTBI_SCENARIO_ENTITY_001,VND,all_declared_accounting_money_columns,Asia/Ho_Chi_Minh,authentic_anchored_semi_synthetic_evidence,sample data/Accounting_ERP_May_2026.csv,3c59da1c10c67ab974dfd204b737402aff1c28d748665949942579fb5fb1a2fd,27,1.0.0
INV20260500027,JV20260500027,SO20260500027,2026-05-22,BD-TDM,NV006,Ví điện tử,WM-6CA151,Máy giặt,LG 9kg,Philips,1,17884684,0.0,17884684,0.08,1430774,19315458,14832000,14832000,3052684,0.1707,19315458,17884684,1430774,14832000,14832000,131-Phải thu khách hàng,511-Doanh thu bán hàng,3331-Thuế GTGT đầu ra,632-Giá vốn hàng bán,156-Hàng hóa,commerce_distribution_erp_scenario_v1,LIGHTBI_SCENARIO_ENTITY_001,VND,all_declared_accounting_money_columns,Asia/Ho_Chi_Minh,authentic_anchored_semi_synthetic_evidence,sample data/Accounting_ERP_May_2026.csv,3c59da1c10c67ab974dfd204b737402aff1c28d748665949942579fb5fb1a2fd,28,1.0.0
INV20260500028,JV20260500028,SO20260500028,2026-05-25,HN-HBT,NV026,Tiền mặt,KT-225744,Ấm siêu tốc,Philips,Xiaomi,2,877047,0.05,1666389,0.08,133311,1799700,609000,1218000,448389,0.2691,1799700,1666389,133311,1218000,1218000,131-Phải thu khách hàng,511-Doanh thu bán hàng,3331-Thuế GTGT đầu ra,632-Giá vốn hàng bán,156-Hàng hóa,commerce_distribution_erp_scenario_v1,LIGHTBI_SCENARIO_ENTITY_001,VND,all_declared_accounting_money_columns,Asia/Ho_Chi_Minh,authentic_anchored_semi_synthetic_evidence,sample data/Accounting_ERP_May_2026.csv,3c59da1c10c67ab974dfd204b737402aff1c28d748665949942579fb5fb1a2fd,29,1.0.0
INV20260500029,JV20260500029,SO20260500029,2026-05-21,HCM-Q1,NV014,Ví điện tử,MW-807E15,Lò vi sóng,Panasonic 25L,Asia,3,4241223,0.13,11069592,0.08,885567,11955159,2942000,8826000,2243592,0.2027,11955159,11069592,885567,8826000,8826000,131-Phải thu khách hàng,511-Doanh thu bán hàng,3331-Thuế GTGT đầu ra,632-Giá vốn hàng bán,156-Hàng hóa,commerce_distribution_erp_scenario_v1,LIGHTBI_SCENARIO_ENTITY_001,VND,all_declared_accounting_money_columns,Asia/Ho_Chi_Minh,authentic_anchored_semi_synthetic_evidence,sample data/Accounting_ERP_May_2026.csv,3c59da1c10c67ab974dfd204b737402aff1c28d748665949942579fb5fb1a2fd,30,1.0.0
INV20260500030,JV20260500030,SO20260500030,2026-05-08,HCM-Q7,NV025,Tiền mặt,WM-B05DAD,Máy giặt,LG 9kg,Sony,1,8419365,0.01,8335171,0.08,666813,9001984,6908000,6908000,1427171,0.1712,9001984,8335171,666813,6908000,6908000,131-Phải thu khách hàng,511-Doanh thu bán hàng,3331-Thuế GTGT đầu ra,632-Giá vốn hàng bán,156-Hàng hóa,commerce_distribution_erp_scenario_v1,LIGHTBI_SCENARIO_ENTITY_001,VND,all_declared_accounting_money_columns,Asia/Ho_Chi_Minh,authentic_anchored_semi_synthetic_evidence,sample data/Accounting_ERP_May_2026.csv,3c59da1c10c67ab974dfd204b737402aff1c28d748665949942579fb5fb1a2fd,31,1.0.0
INV20260500031,JV20260500031,SO20260500031,2026-05-03,CT-NK,NV030,Trả góp,KT-A1D1DD,Ấm siêu tốc,Sunhouse,Senko,3,1266428,0.0,3799284,0.08,303942,4103226,676000,2028000,1771284,0.4662,4103226,3799284,303942,2028000,2028000,131-Phải thu khách hàng,511-Doanh thu bán hàng,3331-Thuế GTGT đầu ra,632-Giá vốn hàng bán,156-Hàng hóa,commerce_distribution_erp_scenario_v1,LIGHTBI_SCENARIO_ENTITY_001,VND,all_declared_accounting_money_columns,Asia/Ho_Chi_Minh,authentic_anchored_semi_synthetic_evidence,sample data/Accounting_ERP_May_2026.csv,3c59da1c10c67ab974dfd204b737402aff1c28d748665949942579fb5fb1a2fd,32,1.0.0
INV20260500032,JV20260500032,SO20260500032,2026-05-19,HCM-TB,NV017,Trả góp,RC-08ECD3,Nồi cơm,Sunhouse 1.2L,Aqua,1,2471657,0.17,2051475,0.08,164118,2215593,1772000,1772000,279475,0.1362,2215593,2051475,164118,1772000,1772000,131-Phải thu khách hàng,511-Doanh thu bán hàng,3331-Thuế GTGT đầu ra,632-Giá vốn hàng bán,156-Hàng hóa,commerce_distribution_erp_scenario_v1,LIGHTBI_SCENARIO_ENTITY_001,VND,all_declared_accounting_money_columns,Asia/Ho_Chi_Minh,authentic_anchored_semi_synthetic_evidence,sample data/Accounting_ERP_May_2026.csv,3c59da1c10c67ab974dfd204b737402aff1c28d748665949942579fb5fb1a2fd,33,1.0.0
INV20260500033,JV20260500033,SO20260500033,2026-05-18,HCM-Q1,NV023,Thẻ,RF-FBF6F9,Tủ lạnh,Panasonic 300L,Cuckoo,3,10443730,0.19,25378263,0.08,2030261,27408524,8956000,26868000,-1489737,-0.0587,27408524,25378263,2030261,26868000,26868000,131-Phải thu khách hàng,511-Doanh thu bán hàng,3331-Thuế GTGT đầu ra,632-Giá vốn hàng bán,156-Hàng hóa,commerce_distribution_erp_scenario_v1,LIGHTBI_SCENARIO_ENTITY_001,VND,all_declared_accounting_money_columns,Asia/Ho_Chi_Minh,authentic_anchored_semi_synthetic_evidence,sample data/Accounting_ERP_May_2026.csv,3c59da1c10c67ab974dfd204b737402aff1c28d748665949942579fb5fb1a2fd,34,1.0.0
INV20260500034,JV20260500034,SO20260500034,2026-05-25,HCM-TB,NV020,Thẻ,RC-3C975D,Nồi cơm,Panasonic 1.8L,Samsung,2,703629,0.11,1252459,0.08,100196,1352655,463000,926000,326459,0.2607,1352655,1252459,100196,926000,926000,131-Phải thu khách hàng,511-Doanh thu bán hàng,3331-Thuế GTGT đầu ra,632-Giá vốn hàng bán,156-Hàng hóa,commerce_distribution_erp_scenario_v1,LIGHTBI_SCENARIO_ENTITY_001,VND,all_declared_accounting_money_columns,Asia/Ho_Chi_Minh,authentic_anchored_semi_synthetic_evidence,sample data/Accounting_ERP_May_2026.csv,3c59da1c10c67ab974dfd204b737402aff1c28d748665949942579fb5fb1a2fd,35,1.0.0
INV20260500035,JV20260500035,SO20260500035,2026-05-28,CT-NK,NV020,Chuyển khoản,TV-693149,TV,"Samsung 55"" 4K",Aqua,2,17035676,0.15,28960649,0.08,2316851,31277500,13514000,27028000,1932649,0.0667,31277500,28960649,2316851,27028000,27028000,131-Phải thu khách hàng,511-Doanh thu bán hàng,3331-Thuế GTGT đầu ra,632-Giá vốn hàng bán,156-Hàng hóa,commerce_distribution_erp_scenario_v1,LIGHTBI_SCENARIO_ENTITY_001,VND,all_declared_accounting_money_columns,Asia/Ho_Chi_Minh,authentic_anchored_semi_synthetic_evidence,sample data/Accounting_ERP_May_2026.csv,3c59da1c10c67ab974dfd204b737402aff1c28d748665949942579fb5fb1a2fd,36,1.0.0
INV20260500036,JV20260500036,SO20260500036,2026-05-14,BD-TDM,NV012,Chuyển khoản,VC-B567E6,Máy hút bụi,Philips FC,Cuckoo,1,2376389,0.1,2138750,0.08,171100,2309850,1526000,1526000,612750,0.2865,2309850,2138750,171100,1526000,1526000,131-Phải thu khách hàng,511-Doanh thu bán hàng,3331-Thuế GTGT đầu ra,632-Giá vốn hàng bán,156-Hàng hóa,commerce_distribution_erp_scenario_v1,LIGHTBI_SCENARIO_ENTITY_001,VND,all_declared_accounting_money_columns,Asia/Ho_Chi_Minh,authentic_anchored_semi_synthetic_evidence,sample data/Accounting_ERP_May_2026.csv,3c59da1c10c67ab974dfd204b737402aff1c28d748665949942579fb5fb1a2fd,37,1.0.0
INV20260500037,JV20260500037,SO20260500037,2026-05-09,HCM-Q7,NV016,Trả góp,KT-63AE81,Ấm siêu tốc,Kangaroo,Daikin,3,570243,0.17,1419905,0.08,113592,1533497,351000,1053000,366905,0.2584,1533497,1419905,113592,1053000,1053000,131-Phải thu khách hàng,511-Doanh thu bán hàng,3331-Thuế GTGT đầu ra,632-Giá vốn hàng bán,156-Hàng hóa,commerce_distribution_erp_scenario_v1,LIGHTBI_SCENARIO_ENTITY_001,VND,all_declared_accounting_money_columns,Asia/Ho_Chi_Minh,authentic_anchored_semi_synthetic_evidence,sample data/Accounting_ERP_May_2026.csv,3c59da1c10c67ab974dfd204b737402aff1c28d748665949942579fb5fb1a2fd,38,1.0.0
INV20260500038,JV20260500038,SO20260500038,2026-05-27,HN-HBT,NV006,Chuyển khoản,WM-B05DAD,Máy giặt,LG 9kg,Sony,1,9063591,0.09,8247867,0.08,659829,8907696,7340000,7340000,907867,0.1101,8907696,8247867,659829,7340000,7340000,131-Phải thu khách hàng,511-Doanh thu bán hàng,3331-Thuế GTGT đầu ra,632-Giá vốn hàng bán,156-Hàng hóa,commerce_distribution_erp_scenario_v1,LIGHTBI_SCENARIO_ENTITY_001,VND,all_declared_accounting_money_columns,Asia/Ho_Chi_Minh,authentic_anchored_semi_synthetic_evidence,sample data/Accounting_ERP_May_2026.csv,3c59da1c10c67ab974dfd204b737402aff1c28d748665949942579fb5fb1a2fd,39,1.0.0
INV20260500039,JV20260500039,SO20260500039,2026-05-24,HCM-Q1,NV026,Trả góp,RC-3C3427,Nồi cơm,Sharp 1.8L,Senko,1,2358182,0.2,1886545,0.08,150923,2037468,1451000,1451000,435545,0.2309,2037468,1886545,150923,1451000,1451000,131-Phải thu khách hàng,511-Doanh thu bán hàng,3331-Thuế GTGT đầu ra,632-Giá vốn hàng bán,156-Hàng hóa,commerce_distribution_erp_scenario_v1,LIGHTBI_SCENARIO_ENTITY_001,VND,all_declared_accounting_money_columns,Asia/Ho_Chi_Minh,authentic_anchored_semi_synthetic_evidence,sample data/Accounting_ERP_May_2026.csv,3c59da1c10c67ab974dfd204b737402aff1c28d748665949942579fb5fb1a2fd,40,1.0.0
INV20260500040,JV20260500040,SO20260500040,2026-05-07,HN-HBT,NV015,Ví điện tử,KT-881318,Ấm siêu tốc,Sunhouse,Sony,1,489884,0.04,470288,0.08,37623,507911,295000,295000,175288,0.3727,507911,470288,37623,295000,295000,131-Phải thu khách hàng,511-Doanh thu bán hàng,3331-Thuế GTGT đầu ra,632-Giá vốn hàng bán,156-Hàng hóa,commerce_distribution_erp_scenario_v1,LIGHTBI_SCENARIO_ENTITY_001,VND,all_declared_accounting_money_columns,Asia/Ho_Chi_Minh,authentic_anchored_semi_synthetic_evidence,sample data/Accounting_ERP_May_2026.csv,3c59da1c10c67ab974dfd204b737402aff1c28d748665949942579fb5fb1a2fd,41,1.0.0
INV20260500041,JV20260500041,SO20260500041,2026-05-15,BD-TDM,NV023,Trả góp,AC-D7C5BD,Máy lạnh,Daikin 1HP,Daikin,3,17294104,0.18,42543495,0.08,3403479,45946974,13883000,41649000,894495,0.021,45946974,42543495,3403479,41649000,41649000,131-Phải thu khách hàng,511-Doanh thu bán hàng,3331-Thuế GTGT đầu ra,632-Giá vốn hàng bán,156-Hàng hóa,commerce_distribution_erp_scenario_v1,LIGHTBI_SCENARIO_ENTITY_001,VND,all_declared_accounting_money_columns,Asia/Ho_Chi_Minh,authentic_anchored_semi_synthetic_evidence,sample data/Accounting_ERP_May_2026.csv,3c59da1c10c67ab974dfd204b737402aff1c28d748665949942579fb5fb1a2fd,42,1.0.0
INV20260500042,JV20260500042,SO20260500042,2026-05-24,HN-HBT,NV019,Trả góp,VC-A4DECF,Máy hút bụi,Dyson V8,Mitsubishi,2,6260101,0.07,11643787,0.08,931502,12575289,4383000,8766000,2877787,0.2472,12575289,11643787,931502,8766000,8766000,131-Phải thu khách hàng,511-Doanh thu bán hàng,3331-Thuế GTGT đầu ra,632-Giá vốn hàng bán,156-Hàng hóa,commerce_distribution_erp_scenario_v1,LIGHTBI_SCENARIO_ENTITY_001,VND,all_declared_accounting_money_columns,Asia/Ho_Chi_Minh,authentic_anchored_semi_synthetic_evidence,sample data/Accounting_ERP_May_2026.csv,3c59da1c10c67ab974dfd204b737402aff1c28d748665949942579fb5fb1a2fd,43,1.0.0
INV20260500043,JV20260500043,SO20260500043,2026-05-06,BD-TDM,NV018,Thẻ,TV-41AACD,TV,"Samsung 55"" 4K",Daikin,3,7903222,0.07,22049989,0.08,1763999,23813988,6787000,20361000,1688989,0.0766,23813988,22049989,1763999,20361000,20361000,131-Phải thu khách hàng,511-Doanh thu bán hàng,3331-Thuế GTGT đầu ra,632-Giá vốn hàng bán,156-Hàng hóa,commerce_distribution_erp_scenario_v1,LIGHTBI_SCENARIO_ENTITY_001,VND,all_declared_accounting_money_columns,Asia/Ho_Chi_Minh,authentic_anchored_semi_synthetic_evidence,sample data/Accounting_ERP_May_2026.csv,3c59da1c10c67ab974dfd204b737402aff1c28d748665949942579fb5fb1a2fd,44,1.0.0
INV20260500044,JV20260500044,SO20260500044,2026-05-20,HCM-Q7,NV025,Trả góp,FN-374368,Quạt,Senko,Panasonic,3,1206953,0.16,3041521,0.08,243321,3284842,780000,2340000,701521,0.2306,3284842,3041521,243321,2340000,2340000,131-Phải thu khách hàng,511-Doanh thu bán hàng,3331-Thuế GTGT đầu ra,632-Giá vốn hàng bán,156-Hàng hóa,commerce_distribution_erp_scenario_v1,LIGHTBI_SCENARIO_ENTITY_001,VND,all_declared_accounting_money_columns,Asia/Ho_Chi_Minh,authentic_anchored_semi_synthetic_evidence,sample data/Accounting_ERP_May_2026.csv,3c59da1c10c67ab974dfd204b737402aff1c28d748665949942579fb5fb1a2fd,45,1.0.0
INV20260500045,JV20260500045,SO20260500045,2026-05-13,BD-TDM,NV012,Chuyển khoản,RF-309876,Tủ lạnh,Aqua 250L,LG,1,17781521,0.17,14758662,0.08,1180692,15939354,14880000,14880000,-121338,-0.0082,15939354,14758662,1180692,14880000,14880000,131-Phải thu khách hàng,511-Doanh thu bán hàng,3331-Thuế GTGT đầu ra,632-Giá vốn hàng bán,156-Hàng hóa,commerce_distribution_erp_scenario_v1,LIGHTBI_SCENARIO_ENTITY_001,VND,all_declared_accounting_money_columns,Asia/Ho_Chi_Minh,authentic_anchored_semi_synthetic_evidence,sample data/Accounting_ERP_May_2026.csv,3c59da1c10c67ab974dfd204b737402aff1c28d748665949942579fb5fb1a2fd,46,1.0.0
INV20260500046,JV20260500046,SO20260500046,2026-05-24,HN-HBT,NV022,Thẻ,TV-CC162B,TV,"TCL 50""",Sharp,3,15518806,0.12,40969647,0.08,3277571,44247218,12594000,37782000,3187647,0.0778,44247218,40969647,3277571,37782000,37782000,131-Phải thu khách hàng,511-Doanh thu bán hàng,3331-Thuế GTGT đầu ra,632-Giá vốn hàng bán,156-Hàng hóa,commerce_distribution_erp_scenario_v1,LIGHTBI_SCENARIO_ENTITY_001,VND,all_declared_accounting_money_columns,Asia/Ho_Chi_Minh,authentic_anchored_semi_synthetic_evidence,sample data/Accounting_ERP_May_2026.csv,3c59da1c10c67ab974dfd204b737402aff1c28d748665949942579fb5fb1a2fd,47,1.0.0
INV20260500047,JV20260500047,SO20260500047,2026-05-05,HCM-Q7,NV026,Chuyển khoản,RF-FA61AD,Tủ lạnh,Panasonic 300L,Samsung,1,9597041,0.06,9021218,0.08,721697,9742915,8148000,8148000,873218,0.0968,9742915,9021218,721697,8148000,8148000,131-Phải thu khách hàng,511-Doanh thu bán hàng,3331-Thuế GTGT đầu ra,632-Giá vốn hàng bán,156-Hàng hóa,commerce_distribution_erp_scenario_v1,LIGHTBI_SCENARIO_ENTITY_001,VND,all_declared_accounting_money_columns,Asia/Ho_Chi_Minh,authentic_anchored_semi_synthetic_evidence,sample data/Accounting_ERP_May_2026.csv,3c59da1c10c67ab974dfd204b737402aff1c28d748665949942579fb5fb1a2fd,48,1.0.0
INV20260500048,JV20260500048,SO20260500048,2026-05-06,CT-NK,NV012,Chuyển khoản,AC-8D2169,Máy lạnh,Panasonic 1.5HP,Sunhouse,2,11150211,0.1,20070379,0.08,1605630,21676009,9149000,18298000,1772379,0.0883,21676009,20070379,1605630,18298000,18298000,131-Phải thu khách hàng,511-Doanh thu bán hàng,3331-Thuế GTGT đầu ra,632-Giá vốn hàng bán,156-Hàng hóa,commerce_distribution_erp_scenario_v1,LIGHTBI_SCENARIO_ENTITY_001,VND,all_declared_accounting_money_columns,Asia/Ho_Chi_Minh,authentic_anchored_semi_synthetic_evidence,sample data/Accounting_ERP_May_2026.csv,3c59da1c10c67ab974dfd204b737402aff1c28d748665949942579fb5fb1a2fd,49,1.0.0
INV20260500049,JV20260500049,SO20260500049,2026-05-29,CT-NK,NV001,Chuyển khoản,RF-CBE628,Tủ lạnh,Aqua 250L,Casper,3,13962895,0.01,41469798,0.08,3317583,44787381,11550000,34650000,6819798,0.1645,44787381,41469798,3317583,34650000,34650000,131-Phải thu khách hàng,511-Doanh thu bán hàng,3331-Thuế GTGT đầu ra,632-Giá vốn hàng bán,156-Hàng hóa,commerce_distribution_erp_scenario_v1,LIGHTBI_SCENARIO_ENTITY_001,VND,all_declared_accounting_money_columns,Asia/Ho_Chi_Minh,authentic_anchored_semi_synthetic_evidence,sample data/Accounting_ERP_May_2026.csv,3c59da1c10c67ab974dfd204b737402aff1c28d748665949942579fb5fb1a2fd,50,1.0.0
INV20260500050,JV20260500050,SO20260500050,2026-05-14,CT-NK,NV010,Thẻ,WM-B66625,Máy giặt,Panasonic 8.5kg,Sony,2,6926816,0.08,12745341,0.08,1019627,13764968,5588000,11176000,1569341,0.1231,13764968,12745341,1019627,11176000,11176000,131-Phải thu khách hàng,511-Doanh thu bán hàng,3331-Thuế GTGT đầu ra,632-Giá vốn hàng bán,156-Hàng hóa,commerce_distribution_erp_scenario_v1,LIGHTBI_SCENARIO_ENTITY_001,VND,all_declared_accounting_money_columns,Asia/Ho_Chi_Minh,authentic_anchored_semi_synthetic_evidence,sample data/Accounting_ERP_May_2026.csv,3c59da1c10c67ab974dfd204b737402aff1c28d748665949942579fb5fb1a2fd,51,1.0.0
INV20260500051,JV20260500051,SO20260500051,2026-05-21,HCM-TB,NV005,Tiền mặt,AC-E7C43D,Máy lạnh,Panasonic 1.5HP,Casper,1,9956253,0.02,9757127,0.08,780570,10537697,8171000,8171000,1586127,0.1626,10537697,9757127,780570,8171000,8171000,131-Phải thu khách hàng,511-Doanh thu bán hàng,3331-Thuế GTGT đầu ra,632-Giá vốn hàng bán,156-Hàng hóa,commerce_distribution_erp_scenario_v1,LIGHTBI_SCENARIO_ENTITY_001,VND,all_declared_accounting_money_columns,Asia/Ho_Chi_Minh,authentic_anchored_semi_synthetic_evidence,sample data/Accounting_ERP_May_2026.csv,3c59da1c10c67ab974dfd204b737402aff1c28d748665949942579fb5fb1a2fd,52,1.0.0
INV20260500052,JV20260500052,SO20260500052,2026-05-18,CT-NK,NV004,Chuyển khoản,RF-742B7E,Tủ lạnh,Samsung Inverter 350L,Asia,1,7979976,0.19,6463780,0.08,517102,6980882,6554000,6554000,-90220,-0.014,6980882,6463780,517102,6554000,6554000,131-Phải thu khách hàng,511-Doanh thu bán hàng,3331-Thuế GTGT đầu ra,632-Giá vốn hàng bán,156-Hàng hóa,commerce_distribution_erp_scenario_v1,LIGHTBI_SCENARIO_ENTITY_001,VND,all_declared_accounting_money_columns,Asia/Ho_Chi_Minh,authentic_anchored_semi_synthetic_evidence,sample data/Accounting_ERP_May_2026.csv,3c59da1c10c67ab974dfd204b737402aff1c28d748665949942579fb5fb1a2fd,53,1.0.0
INV20260500053,JV20260500053,SO20260500053,2026-05-30,HCM-Q7,NV005,Ví điện tử,VC-D86280,Máy hút bụi,Philips FC,Mitsubishi,1,4181619,0.1,3763457,0.08,301076,4064533,2706000,2706000,1057457,0.281,4064533,3763457,301076,2706000,2706000,131-Phải thu khách hàng,511-Doanh thu bán hàng,3331-Thuế GTGT đầu ra,632-Giá vốn hàng bán,156-Hàng hóa,commerce_distribution_erp_scenario_v1,LIGHTBI_SCENARIO_ENTITY_001,VND,all_declared_accounting_money_columns,Asia/Ho_Chi_Minh,authentic_anchored_semi_synthetic_evidence,sample data/Accounting_ERP_May_2026.csv,3c59da1c10c67ab974dfd204b737402aff1c28d748665949942579fb5fb1a2fd,54,1.0.0
INV20260500054,JV20260500054,SO20260500054,2026-05-20,HN-CG,NV028,Chuyển khoản,AC-A7840C,Máy lạnh,Mitsubishi 1.5HP,Panasonic,2,8910506,0.1,16038910,0.08,1283112,17322022,6846000,13692000,2346910,0.1463,17322022,16038910,1283112,13692000,13692000,131-Phải thu khách hàng,511-Doanh thu bán hàng,3331-Thuế GTGT đầu ra,632-Giá vốn hàng bán,156-Hàng hóa,commerce_distribution_erp_scenario_v1,LIGHTBI_SCENARIO_ENTITY_001,VND,all_declared_accounting_money_columns,Asia/Ho_Chi_Minh,authentic_anchored_semi_synthetic_evidence,sample data/Accounting_ERP_May_2026.csv,3c59da1c10c67ab974dfd204b737402aff1c28d748665949942579fb5fb1a2fd,55,1.0.0
INV20260500055,JV20260500055,SO20260500055,2026-05-16,DN-HC,NV028,Ví điện tử,RF-42BDE8,Tủ lạnh,LG 420L,Senko,3,12868015,0.17,32041357,0.08,2563308,34604665,9902000,29706000,2335357,0.0729,34604665,32041357,2563308,29706000,29706000,131-Phải thu khách hàng,511-Doanh thu bán hàng,3331-Thuế GTGT đầu ra,632-Giá vốn hàng bán,156-Hàng hóa,commerce_distribution_erp_scenario_v1,LIGHTBI_SCENARIO_ENTITY_001,VND,all_declared_accounting_money_columns,Asia/Ho_Chi_Minh,authentic_anchored_semi_synthetic_evidence,sample data/Accounting_ERP_May_2026.csv,3c59da1c10c67ab974dfd204b737402aff1c28d748665949942579fb5fb1a2fd,56,1.0.0
INV20260500056,JV20260500056,SO20260500056,2026-05-12,HN-CG,NV017,Thẻ,VC-90DAA9,Máy hút bụi,Dyson V8,Casper,2,6063544,0.14,10429295,0.08,834343,11263638,3643000,7286000,3143295,0.3014,11263638,10429295,834343,7286000,7286000,131-Phải thu khách hàng,511-Doanh thu bán hàng,3331-Thuế GTGT đầu ra,632-Giá vốn hàng bán,156-Hàng hóa,commerce_distribution_erp_scenario_v1,LIGHTBI_SCENARIO_ENTITY_001,VND,all_declared_accounting_money_columns,Asia/Ho_Chi_Minh,authentic_anchored_semi_synthetic_evidence,sample data/Accounting_ERP_May_2026.csv,3c59da1c10c67ab974dfd204b737402aff1c28d748665949942579fb5fb1a2fd,57,1.0.0
INV20260500057,JV20260500057,SO20260500057,2026-05-10,HCM-TB,NV011,Ví điện tử,AC-CBBDDE,Máy lạnh,Panasonic 1.5HP,Sharp,2,20699973,0.16,34775954,0.08,2782076,37558030,17216000,34432000,343954,0.0099,37558030,34775954,2782076,34432000,34432000,131-Phải thu khách hàng,511-Doanh thu bán hàng,3331-Thuế GTGT đầu ra,632-Giá vốn hàng bán,156-Hàng hóa,commerce_distribution_erp_scenario_v1,LIGHTBI_SCENARIO_ENTITY_001,VND,all_declared_accounting_money_columns,Asia/Ho_Chi_Minh,authentic_anchored_semi_synthetic_evidence,sample data/Accounting_ERP_May_2026.csv,3c59da1c10c67ab974dfd204b737402aff1c28d748665949942579fb5fb1a2fd,58,1.0.0
INV20260500058,JV20260500058,SO20260500058,2026-05-12,HCM-Q7,NV003,Chuyển khoản,FN-FC4665,Quạt,Asia,Electrolux,2,352737,0.02,691364,0.08,55309,746673,199000,398000,293364,0.4243,746673,691364,55309,398000,398000,131-Phải thu khách hàng,511-Doanh thu bán hàng,3331-Thuế GTGT đầu ra,632-Giá vốn hàng bán,156-Hàng hóa,commerce_distribution_erp_scenario_v1,LIGHTBI_SCENARIO_ENTITY_001,VND,all_declared_accounting_money_columns,Asia/Ho_Chi_Minh,authentic_anchored_semi_synthetic_evidence,sample data/Accounting_ERP_May_2026.csv,3c59da1c10c67ab974dfd204b737402aff1c28d748665949942579fb5fb1a2fd,59,1.0.0
INV20260500059,JV20260500059,SO20260500059,2026-05-31,BD-TDM,NV005,Thẻ,TV-249EF8,TV,"Samsung 55"" 4K",Samsung,1,31106673,0.14,26751738,0.08,2140139,28891877,26387000,26387000,364738,0.0136,28891877,26751738,2140139,26387000,26387000,131-Phải thu khách hàng,511-Doanh thu bán hàng,3331-Thuế GTGT đầu ra,632-Giá vốn hàng bán,156-Hàng hóa,commerce_distribution_erp_scenario_v1,LIGHTBI_SCENARIO_ENTITY_001,VND,all_declared_accounting_money_columns,Asia/Ho_Chi_Minh,authentic_anchored_semi_synthetic_evidence,sample data/Accounting_ERP_May_2026.csv,3c59da1c10c67ab974dfd204b737402aff1c28d748665949942579fb5fb1a2fd,60,1.0.0
INV20260500060,JV20260500060,SO20260500060,2026-05-07,HCM-Q7,NV014,Thẻ,BL-A4BCD6,Máy xay,Philips Blender,Sunhouse,2,1871845,0.02,3668816,0.08,293505,3962321,1092000,2184000,1484816,0.4047,3962321,3668816,293505,2184000,2184000,131-Phải thu khách hàng,511-Doanh thu bán hàng,3331-Thuế GTGT đầu ra,632-Giá vốn hàng bán,156-Hàng hóa,commerce_distribution_erp_scenario_v1,LIGHTBI_SCENARIO_ENTITY_001,VND,all_declared_accounting_money_columns,Asia/Ho_Chi_Minh,authentic_anchored_semi_synthetic_evidence,sample data/Accounting_ERP_May_2026.csv,3c59da1c10c67ab974dfd204b737402aff1c28d748665949942579fb5fb1a2fd,61,1.0.0
INV20260500061,JV20260500061,SO20260500061,2026-05-01,HCM-Q7,NV014,Ví điện tử,TV-4795B7,TV,"Samsung 55"" 4K",Electrolux,2,27707938,0.02,54307558,0.08,4344604,58652162,23163000,46326000,7981558,0.147,58652162,54307558,4344604,46326000,46326000,131-Phải thu khách hàng,511-Doanh thu bán hàng,3331-Thuế GTGT đầu ra,632-Giá vốn hàng bán,156-Hàng hóa,commerce_distribution_erp_scenario_v1,LIGHTBI_SCENARIO_ENTITY_001,VND,all_declared_accounting_money_columns,Asia/Ho_Chi_Minh,authentic_anchored_semi_synthetic_evidence,sample data/Accounting_ERP_May_2026.csv,3c59da1c10c67ab974dfd204b737402aff1c28d748665949942579fb5fb1a2fd,62,1.0.0
INV20260500062,JV20260500062,SO20260500062,2026-05-31,HN-CG,NV006,Chuyển khoản,KT-A97869,Ấm siêu tốc,Sunhouse,LG,3,1380324,0.1,3726874,0.08,298149,4025023,924000,2772000,954874,0.2562,4025023,3726874,298149,2772000,2772000,131-Phải thu khách hàng,511-Doanh thu bán hàng,3331-Thuế GTGT đầu ra,632-Giá vốn hàng bán,156-Hàng hóa,commerce_distribution_erp_scenario_v1,LIGHTBI_SCENARIO_ENTITY_001,VND,all_declared_accounting_money_columns,Asia/Ho_Chi_Minh,authentic_anchored_semi_synthetic_evidence,sample data/Accounting_ERP_May_2026.csv,3c59da1c10c67ab974dfd204b737402aff1c28d748665949942579fb5fb1a2fd,63,1.0.0
INV20260500063,JV20260500063,SO20260500063,2026-05-15,HN-HBT,NV015,Thẻ,RF-ECA283,Tủ lạnh,Panasonic 300L,Panasonic,3,14721744,0.0,44165232,0.08,3533218,47698450,11578000,34734000,9431232,0.2135,47698450,44165232,3533218,34734000,34734000,131-Phải thu khách hàng,511-Doanh thu bán hàng,3331-Thuế GTGT đầu ra,632-Giá vốn hàng bán,156-Hàng hóa,commerce_distribution_erp_scenario_v1,LIGHTBI_SCENARIO_ENTITY_001,VND,all_declared_accounting_money_columns,Asia/Ho_Chi_Minh,authentic_anchored_semi_synthetic_evidence,sample data/Accounting_ERP_May_2026.csv,3c59da1c10c67ab974dfd204b737402aff1c28d748665949942579fb5fb1a2fd,64,1.0.0
INV20260500064,JV20260500064,SO20260500064,2026-05-20,CT-NK,NV002,Tiền mặt,RF-7AFE5C,Tủ lạnh,LG 420L,Electrolux,3,16480376,0.16,41530547,0.08,3322443,44852990,13583000,40749000,781547,0.0188,44852990,41530547,3322443,40749000,40749000,131-Phải thu khách hàng,511-Doanh thu bán hàng,3331-Thuế GTGT đầu ra,632-Giá vốn hàng bán,156-Hàng hóa,commerce_distribution_erp_scenario_v1,LIGHTBI_SCENARIO_ENTITY_001,VND,all_declared_accounting_money_columns,Asia/Ho_Chi_Minh,authentic_anchored_semi_synthetic_evidence,sample data/Accounting_ERP_May_2026.csv,3c59da1c10c67ab974dfd204b737402aff1c28d748665949942579fb5fb1a2fd,65,1.0.0
INV20260500065,JV20260500065,SO20260500065,2026-05-29,HCM-Q1,NV024,Ví điện tử,VC-FA3352,Máy hút bụi,Dyson V8,Aqua,2,7887691,0.06,14828859,0.08,1186308,16015167,4935000,9870000,4958859,0.3344,16015167,14828859,1186308,9870000,9870000,131-Phải thu khách hàng,511-Doanh thu bán hàng,3331-Thuế GTGT đầu ra,632-Giá vốn hàng bán,156-Hàng hóa,commerce_distribution_erp_scenario_v1,LIGHTBI_SCENARIO_ENTITY_001,VND,all_declared_accounting_money_columns,Asia/Ho_Chi_Minh,authentic_anchored_semi_synthetic_evidence,sample data/Accounting_ERP_May_2026.csv,3c59da1c10c67ab974dfd204b737402aff1c28d748665949942579fb5fb1a2fd,66,1.0.0
INV20260500066,JV20260500066,SO20260500066,2026-05-21,HCM-Q7,NV001,Chuyển khoản,WM-781AD9,Máy giặt,Samsung 10kg,Sharp,2,8433201,0.16,14167777,0.08,1133422,15301199,6355000,12710000,1457777,0.1029,15301199,14167777,1133422,12710000,12710000,131-Phải thu khách hàng,511-Doanh thu bán hàng,3331-Thuế GTGT đầu ra,632-Giá vốn hàng bán,156-Hàng hóa,commerce_distribution_erp_scenario_v1,LIGHTBI_SCENARIO_ENTITY_001,VND,all_declared_accounting_money_columns,Asia/Ho_Chi_Minh,authentic_anchored_semi_synthetic_evidence,sample data/Accounting_ERP_May_2026.csv,3c59da1c10c67ab974dfd204b737402aff1c28d748665949942579fb5fb1a2fd,67,1.0.0
INV20260500067,JV20260500067,SO20260500067,2026-05-30,CT-NK,NV015,Ví điện tử,KT-7A47B5,Ấm siêu tốc,Sunhouse,Sunhouse,3,503599,0.12,1329501,0.08,106360,1435861,344000,1032000,297501,0.2238,1435861,1329501,106360,1032000,1032000,131-Phải thu khách hàng,511-Doanh thu bán hàng,3331-Thuế GTGT đầu ra,632-Giá vốn hàng bán,156-Hàng hóa,commerce_distribution_erp_scenario_v1,LIGHTBI_SCENARIO_ENTITY_001,VND,all_declared_accounting_money_columns,Asia/Ho_Chi_Minh,authentic_anchored_semi_synthetic_evidence,sample data/Accounting_ERP_May_2026.csv,3c59da1c10c67ab974dfd204b737402aff1c28d748665949942579fb5fb1a2fd,68,1.0.0
INV20260500068,JV20260500068,SO20260500068,2026-05-23,BD-TDM,NV008,Trả góp,RF-4A3E4F,Tủ lạnh,Aqua 250L,Daikin,3,16907482,0.01,50215221,0.08,4017217,54232438,14180000,42540000,7675221,0.1528,54232438,50215221,4017217,42540000,42540000,131-Phải thu khách hàng,511-Doanh thu bán hàng,3331-Thuế GTGT đầu ra,632-Giá vốn hàng bán,156-Hàng hóa,commerce_distribution_erp_scenario_v1,LIGHTBI_SCENARIO_ENTITY_001,VND,all_declared_accounting_money_columns,Asia/Ho_Chi_Minh,authentic_anchored_semi_synthetic_evidence,sample data/Accounting_ERP_May_2026.csv,3c59da1c10c67ab974dfd204b737402aff1c28d748665949942579fb5fb1a2fd,69,1.0.0
INV20260500069,JV20260500069,SO20260500069,2026-05-27,DN-HC,NV009,Thẻ,VC-8A6FDF,Máy hút bụi,Dyson V8,Samsung,2,11436260,0.11,20356542,0.08,1628523,21985065,8942000,17884000,2472542,0.1215,21985065,20356542,1628523,17884000,17884000,131-Phải thu khách hàng,511-Doanh thu bán hàng,3331-Thuế GTGT đầu ra,632-Giá vốn hàng bán,156-Hàng hóa,commerce_distribution_erp_scenario_v1,LIGHTBI_SCENARIO_ENTITY_001,VND,all_declared_accounting_money_columns,Asia/Ho_Chi_Minh,authentic_anchored_semi_synthetic_evidence,sample data/Accounting_ERP_May_2026.csv,3c59da1c10c67ab974dfd204b737402aff1c28d748665949942579fb5fb1a2fd,70,1.0.0
INV20260500070,JV20260500070,SO20260500070,2026-05-07,DN-HC,NV024,Thẻ,FN-C79946,Quạt,Senko,Daikin,2,2405529,0.2,3848846,0.08,307907,4156753,1579000,3158000,690846,0.1795,4156753,3848846,307907,3158000,3158000,131-Phải thu khách hàng,511-Doanh thu bán hàng,3331-Thuế GTGT đầu ra,632-Giá vốn hàng bán,156-Hàng hóa,commerce_distribution_erp_scenario_v1,LIGHTBI_SCENARIO_ENTITY_001,VND,all_declared_accounting_money_columns,Asia/Ho_Chi_Minh,authentic_anchored_semi_synthetic_evidence,sample data/Accounting_ERP_May_2026.csv,3c59da1c10c67ab974dfd204b737402aff1c28d748665949942579fb5fb1a2fd,71,1.0.0
INV20260500071,JV20260500071,SO20260500071,2026-05-05,HN-CG,NV017,Chuyển khoản,MW-A83E5A,Lò vi sóng,Electrolux 23L,Sunhouse,3,3826828,0.04,11021264,0.08,881701,11902965,2424000,7272000,3749264,0.3402,11902965,11021264,881701,7272000,7272000,131-Phải thu khách hàng,511-Doanh thu bán hàng,3331-Thuế GTGT đầu ra,632-Giá vốn hàng bán,156-Hàng hóa,commerce_distribution_erp_scenario_v1,LIGHTBI_SCENARIO_ENTITY_001,VND,all_declared_accounting_money_columns,Asia/Ho_Chi_Minh,authentic_anchored_semi_synthetic_evidence,sample data/Accounting_ERP_May_2026.csv,3c59da1c10c67ab974dfd204b737402aff1c28d748665949942579fb5fb1a2fd,72,1.0.0
INV20260500072,JV20260500072,SO20260500072,2026-05-13,HN-HBT,NV026,Ví điện tử,TV-652BA6,TV,LG OLED 48,Senko,2,34651071,0.08,63757970,0.08,5100637,68858607,28584000,57168000,6589970,0.1034,68858607,63757970,5100637,57168000,57168000,131-Phải thu khách hàng,511-Doanh thu bán hàng,3331-Thuế GTGT đầu ra,632-Giá vốn hàng bán,156-Hàng hóa,commerce_distribution_erp_scenario_v1,LIGHTBI_SCENARIO_ENTITY_001,VND,all_declared_accounting_money_columns,Asia/Ho_Chi_Minh,authentic_anchored_semi_synthetic_evidence,sample data/Accounting_ERP_May_2026.csv,3c59da1c10c67ab974dfd204b737402aff1c28d748665949942579fb5fb1a2fd,73,1.0.0
INV20260500073,JV20260500073,SO20260500073,2026-05-10,HN-HBT,NV024,Chuyển khoản,VC-96423F,Máy hút bụi,Dyson V8,Xiaomi,2,3789295,0.14,6517587,0.08,521406,7038993,2507000,5014000,1503587,0.2307,7038993,6517587,521406,5014000,5014000,131-Phải thu khách hàng,511-Doanh thu bán hàng,3331-Thuế GTGT đầu ra,632-Giá vốn hàng bán,156-Hàng hóa,commerce_distribution_erp_scenario_v1,LIGHTBI_SCENARIO_ENTITY_001,VND,all_declared_accounting_money_columns,Asia/Ho_Chi_Minh,authentic_anchored_semi_synthetic_evidence,sample data/Accounting_ERP_May_2026.csv,3c59da1c10c67ab974dfd204b737402aff1c28d748665949942579fb5fb1a2fd,74,1.0.0
INV20260500074,JV20260500074,SO20260500074,2026-05-05,DN-HC,NV029,Chuyển khoản,RF-8AEC72,Tủ lạnh,Samsung Inverter 350L,Daikin,1,10565149,0.18,8663422,0.08,693073,9356495,8196000,8196000,467422,0.054,9356495,8663422,693073,8196000,8196000,131-Phải thu khách hàng,511-Doanh thu bán hàng,3331-Thuế GTGT đầu ra,632-Giá vốn hàng bán,156-Hàng hóa,commerce_distribution_erp_scenario_v1,LIGHTBI_SCENARIO_ENTITY_001,VND,all_declared_accounting_money_columns,Asia/Ho_Chi_Minh,authentic_anchored_semi_synthetic_evidence,sample data/Accounting_ERP_May_2026.csv,3c59da1c10c67ab974dfd204b737402aff1c28d748665949942579fb5fb1a2fd,75,1.0.0
INV20260500075,JV20260500075,SO20260500075,2026-05-18,HN-HBT,NV027,Thẻ,RC-443576,Nồi cơm,Sharp 1.8L,Asia,2,2645422,0.15,4497217,0.08,359777,4856994,1751000,3502000,995217,0.2213,4856994,4497217,359777,3502000,3502000,131-Phải thu khách hàng,511-Doanh thu bán hàng,3331-Thuế GTGT đầu ra,632-Giá vốn hàng bán,156-Hàng hóa,commerce_distribution_erp_scenario_v1,LIGHTBI_SCENARIO_ENTITY_001,VND,all_declared_accounting_money_columns,Asia/Ho_Chi_Minh,authentic_anchored_semi_synthetic_evidence,sample data/Accounting_ERP_May_2026.csv,3c59da1c10c67ab974dfd204b737402aff1c28d748665949942579fb5fb1a2fd,76,1.0.0
INV20260500076,JV20260500076,SO20260500076,2026-05-31,HN-CG,NV004,Tiền mặt,RF-6AEEF2,Tủ lạnh,Aqua 250L,Panasonic,2,19467377,0.03,37766711,0.08,3021336,40788047,14985000,29970000,7796711,0.2064,40788047,37766711,3021336,29970000,29970000,131-Phải thu khách hàng,511-Doanh thu bán hàng,3331-Thuế GTGT đầu ra,632-Giá vốn hàng bán,156-Hàng hóa,commerce_distribution_erp_scenario_v1,LIGHTBI_SCENARIO_ENTITY_001,VND,all_declared_accounting_money_columns,Asia/Ho_Chi_Minh,authentic_anchored_semi_synthetic_evidence,sample data/Accounting_ERP_May_2026.csv,3c59da1c10c67ab974dfd204b737402aff1c28d748665949942579fb5fb1a2fd,77,1.0.0
INV20260500077,JV20260500077,SO20260500077,2026-05-12,BD-TDM,NV023,Trả góp,MW-F8E59D,Lò vi sóng,Sharp 20L,Sharp,1,3864271,0.03,3748342,0.08,299867,4048209,2500000,2500000,1248342,0.333,4048209,3748342,299867,2500000,2500000,131-Phải thu khách hàng,511-Doanh thu bán hàng,3331-Thuế GTGT đầu ra,632-Giá vốn hàng bán,156-Hàng hóa,commerce_distribution_erp_scenario_v1,LIGHTBI_SCENARIO_ENTITY_001,VND,all_declared_accounting_money_columns,Asia/Ho_Chi_Minh,authentic_anchored_semi_synthetic_evidence,sample data/Accounting_ERP_May_2026.csv,3c59da1c10c67ab974dfd204b737402aff1c28d748665949942579fb5fb1a2fd,78,1.0.0
INV20260500078,JV20260500078,SO20260500078,2026-05-26,HCM-Q1,NV012,Tiền mặt,RF-577C9B,Tủ lạnh,Panasonic 300L,LG,3,17554525,0.04,50557032,0.08,4044562,54601594,13025000,39075000,11482032,0.2271,54601594,50557032,4044562,39075000,39075000,131-Phải thu khách hàng,511-Doanh thu bán hàng,3331-Thuế GTGT đầu ra,632-Giá vốn hàng bán,156-Hàng hóa,commerce_distribution_erp_scenario_v1,LIGHTBI_SCENARIO_ENTITY_001,VND,all_declared_accounting_money_columns,Asia/Ho_Chi_Minh,authentic_anchored_semi_synthetic_evidence,sample data/Accounting_ERP_May_2026.csv,3c59da1c10c67ab974dfd204b737402aff1c28d748665949942579fb5fb1a2fd,79,1.0.0
INV20260500079,JV20260500079,SO20260500079,2026-05-29,CT-NK,NV029,Trả góp,RF-681BCC,Tủ lạnh,LG 420L,Samsung,3,21710085,0.1,58617229,0.08,4689378,63306607,18642000,55926000,2691229,0.0459,63306607,58617229,4689378,55926000,55926000,131-Phải thu khách hàng,511-Doanh thu bán hàng,3331-Thuế GTGT đầu ra,632-Giá vốn hàng bán,156-Hàng hóa,commerce_distribution_erp_scenario_v1,LIGHTBI_SCENARIO_ENTITY_001,VND,all_declared_accounting_money_columns,Asia/Ho_Chi_Minh,authentic_anchored_semi_synthetic_evidence,sample data/Accounting_ERP_May_2026.csv,3c59da1c10c67ab974dfd204b737402aff1c28d748665949942579fb5fb1a2fd,80,1.0.0
INV20260500080,JV20260500080,SO20260500080,2026-05-27,BD-TDM,NV013,Trả góp,VC-506EE5,Máy hút bụi,Philips FC,Sony,1,4160987,0.16,3495229,0.08,279618,3774847,2875000,2875000,620229,0.1775,3774847,3495229,279618,2875000,2875000,131-Phải thu khách hàng,511-Doanh thu bán hàng,3331-Thuế GTGT đầu ra,632-Giá vốn hàng bán,156-Hàng hóa,commerce_distribution_erp_scenario_v1,LIGHTBI_SCENARIO_ENTITY_001,VND,all_declared_accounting_money_columns,Asia/Ho_Chi_Minh,authentic_anchored_semi_synthetic_evidence,sample data/Accounting_ERP_May_2026.csv,3c59da1c10c67ab974dfd204b737402aff1c28d748665949942579fb5fb1a2fd,81,1.0.0
INV20260500081,JV20260500081,SO20260500081,2026-05-31,BD-TDM,NV010,Trả góp,RF-1BAC8F,Tủ lạnh,Panasonic 300L,Electrolux,1,13790951,0.17,11446489,0.08,915719,12362208,11300000,11300000,146489,0.0128,12362208,11446489,915719,11300000,11300000,131-Phải thu khách hàng,511-Doanh thu bán hàng,3331-Thuế GTGT đầu ra,632-Giá vốn hàng bán,156-Hàng hóa,commerce_distribution_erp_scenario_v1,LIGHTBI_SCENARIO_ENTITY_001,VND,all_declared_accounting_money_columns,Asia/Ho_Chi_Minh,authentic_anchored_semi_synthetic_evidence,sample data/Accounting_ERP_May_2026.csv,3c59da1c10c67ab974dfd204b737402aff1c28d748665949942579fb5fb1a2fd,82,1.0.0
INV20260500082,JV20260500082,SO20260500082,2026-05-28,HCM-Q1,NV024,Ví điện tử,WM-E62700,Máy giặt,Samsung 10kg,Xiaomi,2,17673522,0.14,30398457,0.08,2431876,32830333,13098000,26196000,4202457,0.1382,32830333,30398457,2431876,26196000,26196000,131-Phải thu khách hàng,511-Doanh thu bán hàng,3331-Thuế GTGT đầu ra,632-Giá vốn hàng bán,156-Hàng hóa,commerce_distribution_erp_scenario_v1,LIGHTBI_SCENARIO_ENTITY_001,VND,all_declared_accounting_money_columns,Asia/Ho_Chi_Minh,authentic_anchored_semi_synthetic_evidence,sample data/Accounting_ERP_May_2026.csv,3c59da1c10c67ab974dfd204b737402aff1c28d748665949942579fb5fb1a2fd,83,1.0.0
INV20260500083,JV20260500083,SO20260500083,2026-05-23,HCM-Q1,NV024,Tiền mặt,KT-B5A58C,Ấm siêu tốc,Philips,Casper,3,1395310,0.09,3809196,0.08,304735,4113931,769000,2307000,1502196,0.3944,4113931,3809196,304735,2307000,2307000,131-Phải thu khách hàng,511-Doanh thu bán hàng,3331-Thuế GTGT đầu ra,632-Giá vốn hàng bán,156-Hàng hóa,commerce_distribution_erp_scenario_v1,LIGHTBI_SCENARIO_ENTITY_001,VND,all_declared_accounting_money_columns,Asia/Ho_Chi_Minh,authentic_anchored_semi_synthetic_evidence,sample data/Accounting_ERP_May_2026.csv,3c59da1c10c67ab974dfd204b737402aff1c28d748665949942579fb5fb1a2fd,84,1.0.0
INV20260500084,JV20260500084,SO20260500084,2026-05-08,CT-NK,NV023,Chuyển khoản,TV-BD30D1,TV,"TCL 50""",Asia,3,30287672,0.15,77233563,0.08,6178685,83412248,25564000,76692000,541563,0.007,83412248,77233563,6178685,76692000,76692000,131-Phải thu khách hàng,511-Doanh thu bán hàng,3331-Thuế GTGT đầu ra,632-Giá vốn hàng bán,156-Hàng hóa,commerce_distribution_erp_scenario_v1,LIGHTBI_SCENARIO_ENTITY_001,VND,all_declared_accounting_money_columns,Asia/Ho_Chi_Minh,authentic_anchored_semi_synthetic_evidence,sample data/Accounting_ERP_May_2026.csv,3c59da1c10c67ab974dfd204b737402aff1c28d748665949942579fb5fb1a2fd,85,1.0.0
INV20260500085,JV20260500085,SO20260500085,2026-05-17,BD-TDM,NV011,Chuyển khoản,VC-9C3BA7,Máy hút bụi,Xiaomi G10,Xiaomi,3,6924541,0.06,19527205,0.08,1562176,21089381,5452000,16356000,3171205,0.1624,21089381,19527205,1562176,16356000,16356000,131-Phải thu khách hàng,511-Doanh thu bán hàng,3331-Thuế GTGT đầu ra,632-Giá vốn hàng bán,156-Hàng hóa,commerce_distribution_erp_scenario_v1,LIGHTBI_SCENARIO_ENTITY_001,VND,all_declared_accounting_money_columns,Asia/Ho_Chi_Minh,authentic_anchored_semi_synthetic_evidence,sample data/Accounting_ERP_May_2026.csv,3c59da1c10c67ab974dfd204b737402aff1c28d748665949942579fb5fb1a2fd,86,1.0.0
INV20260500086,JV20260500086,SO20260500086,2026-05-25,HN-HBT,NV024,Chuyển khoản,TV-14F4F6,TV,"Sony 65""",Cuckoo,2,24034452,0.09,43742702,0.08,3499416,47242118,18743000,37486000,6256702,0.143,47242118,43742702,3499416,37486000,37486000,131-Phải thu khách hàng,511-Doanh thu bán hàng,3331-Thuế GTGT đầu ra,632-Giá vốn hàng bán,156-Hàng hóa,commerce_distribution_erp_scenario_v1,LIGHTBI_SCENARIO_ENTITY_001,VND,all_declared_accounting_money_columns,Asia/Ho_Chi_Minh,authentic_anchored_semi_synthetic_evidence,sample data/Accounting_ERP_May_2026.csv,3c59da1c10c67ab974dfd204b737402aff1c28d748665949942579fb5fb1a2fd,87,1.0.0
INV20260500087,JV20260500087,SO20260500087,2026-05-13,HN-CG,NV024,Chuyển khoản,RC-6CF84A,Nồi cơm,Cuckoo 1.8L,Daikin,3,2238800,0.1,6044760,0.08,483580,6528340,1622000,4866000,1178760,0.195,6528340,6044760,483580,4866000,4866000,131-Phải thu khách hàng,511-Doanh thu bán hàng,3331-Thuế GTGT đầu ra,632-Giá vốn hàng bán,156-Hàng hóa,commerce_distribution_erp_scenario_v1,LIGHTBI_SCENARIO_ENTITY_001,VND,all_declared_accounting_money_columns,Asia/Ho_Chi_Minh,authentic_anchored_semi_synthetic_evidence,sample data/Accounting_ERP_May_2026.csv,3c59da1c10c67ab974dfd204b737402aff1c28d748665949942579fb5fb1a2fd,88,1.0.0
INV20260500088,JV20260500088,SO20260500088,2026-05-19,BD-TDM,NV012,Chuyển khoản,RF-A7BDBE,Tủ lạnh,Aqua 250L,Toshiba,3,20695777,0.05,58982964,0.08,4718637,63701601,15757000,47271000,11711964,0.1986,63701601,58982964,4718637,47271000,47271000,131-Phải thu khách hàng,511-Doanh thu bán hàng,3331-Thuế GTGT đầu ra,632-Giá vốn hàng bán,156-Hàng hóa,commerce_distribution_erp_scenario_v1,LIGHTBI_SCENARIO_ENTITY_001,VND,all_declared_accounting_money_columns,Asia/Ho_Chi_Minh,authentic_anchored_semi_synthetic_evidence,sample data/Accounting_ERP_May_2026.csv,3c59da1c10c67ab974dfd204b737402aff1c28d748665949942579fb5fb1a2fd,89,1.0.0
INV20260500089,JV20260500089,SO20260500089,2026-05-03,HCM-Q1,NV022,Thẻ,BL-653303,Máy xay,Sunhouse Blender,Philips,3,2916813,0.1,7875395,0.08,630031,8505426,2067000,6201000,1674395,0.2126,8505426,7875395,630031,6201000,6201000,131-Phải thu khách hàng,511-Doanh thu bán hàng,3331-Thuế GTGT đầu ra,632-Giá vốn hàng bán,156-Hàng hóa,commerce_distribution_erp_scenario_v1,LIGHTBI_SCENARIO_ENTITY_001,VND,all_declared_accounting_money_columns,Asia/Ho_Chi_Minh,authentic_anchored_semi_synthetic_evidence,sample data/Accounting_ERP_May_2026.csv,3c59da1c10c67ab974dfd204b737402aff1c28d748665949942579fb5fb1a2fd,90,1.0.0
INV20260500090,JV20260500090,SO20260500090,2026-05-03,BD-TDM,NV015,Chuyển khoản,BL-958487,Máy xay,Philips Blender,Toshiba,3,2317198,0.13,6047886,0.08,483830,6531716,1348000,4044000,2003886,0.3313,6531716,6047886,483830,4044000,4044000,131-Phải thu khách hàng,511-Doanh thu bán hàng,3331-Thuế GTGT đầu ra,632-Giá vốn hàng bán,156-Hàng hóa,commerce_distribution_erp_scenario_v1,LIGHTBI_SCENARIO_ENTITY_001,VND,all_declared_accounting_money_columns,Asia/Ho_Chi_Minh,authentic_anchored_semi_synthetic_evidence,sample data/Accounting_ERP_May_2026.csv,3c59da1c10c67ab974dfd204b737402aff1c28d748665949942579fb5fb1a2fd,91,1.0.0
INV20260500091,JV20260500091,SO20260500091,2026-05-15,HN-CG,NV007,Tiền mặt,VC-51D140,Máy hút bụi,Xiaomi G10,Casper,2,10534108,0.02,20646851,0.08,1651748,22298599,8307000,16614000,4032851,0.1953,22298599,20646851,1651748,16614000,16614000,131-Phải thu khách hàng,511-Doanh thu bán hàng,3331-Thuế GTGT đầu ra,632-Giá vốn hàng bán,156-Hàng hóa,commerce_distribution_erp_scenario_v1,LIGHTBI_SCENARIO_ENTITY_001,VND,all_declared_accounting_money_columns,Asia/Ho_Chi_Minh,authentic_anchored_semi_synthetic_evidence,sample data/Accounting_ERP_May_2026.csv,3c59da1c10c67ab974dfd204b737402aff1c28d748665949942579fb5fb1a2fd,92,1.0.0
INV20260500092,JV20260500092,SO20260500092,2026-05-08,CT-NK,NV024,Thẻ,AC-F53EB5,Máy lạnh,Casper 1HP,Senko,3,17967164,0.06,50667402,0.08,4053392,54720794,14127000,42381000,8286402,0.1635,54720794,50667402,4053392,42381000,42381000,131-Phải thu khách hàng,511-Doanh thu bán hàng,3331-Thuế GTGT đầu ra,632-Giá vốn hàng bán,156-Hàng hóa,commerce_distribution_erp_scenario_v1,LIGHTBI_SCENARIO_ENTITY_001,VND,all_declared_accounting_money_columns,Asia/Ho_Chi_Minh,authentic_anchored_semi_synthetic_evidence,sample data/Accounting_ERP_May_2026.csv,3c59da1c10c67ab974dfd204b737402aff1c28d748665949942579fb5fb1a2fd,93,1.0.0
INV20260500093,JV20260500093,SO20260500093,2026-05-06,DN-HC,NV023,Chuyển khoản,VC-EF7A18,Máy hút bụi,Xiaomi G10,Aqua,3,7798972,0.13,20355316,0.08,1628425,21983741,5195000,15585000,4770316,0.2344,21983741,20355316,1628425,15585000,15585000,131-Phải thu khách hàng,511-Doanh thu bán hàng,3331-Thuế GTGT đầu ra,632-Giá vốn hàng bán,156-Hàng hóa,commerce_distribution_erp_scenario_v1,LIGHTBI_SCENARIO_ENTITY_001,VND,all_declared_accounting_money_columns,Asia/Ho_Chi_Minh,authentic_anchored_semi_synthetic_evidence,sample data/Accounting_ERP_May_2026.csv,3c59da1c10c67ab974dfd204b737402aff1c28d748665949942579fb5fb1a2fd,94,1.0.0
INV20260500094,JV20260500094,SO20260500094,2026-05-21,HN-HBT,NV021,Ví điện tử,FN-166747,Quạt,Senko,LG,1,1166405,0.02,1143076,0.08,91446,1234522,795000,795000,348076,0.3045,1234522,1143076,91446,795000,795000,131-Phải thu khách hàng,511-Doanh thu bán hàng,3331-Thuế GTGT đầu ra,632-Giá vốn hàng bán,156-Hàng hóa,commerce_distribution_erp_scenario_v1,LIGHTBI_SCENARIO_ENTITY_001,VND,all_declared_accounting_money_columns,Asia/Ho_Chi_Minh,authentic_anchored_semi_synthetic_evidence,sample data/Accounting_ERP_May_2026.csv,3c59da1c10c67ab974dfd204b737402aff1c28d748665949942579fb5fb1a2fd,95,1.0.0
INV20260500095,JV20260500095,SO20260500095,2026-05-26,BD-TDM,NV017,Chuyển khoản,BL-267545,Máy xay,Panasonic Blender,Cuckoo,1,2731382,0.01,2704068,0.08,216325,2920393,1611000,1611000,1093068,0.4042,2920393,2704068,216325,1611000,1611000,131-Phải thu khách hàng,511-Doanh thu bán hàng,3331-Thuế GTGT đầu ra,632-Giá vốn hàng bán,156-Hàng hóa,commerce_distribution_erp_scenario_v1,LIGHTBI_SCENARIO_ENTITY_001,VND,all_declared_accounting_money_columns,Asia/Ho_Chi_Minh,authentic_anchored_semi_synthetic_evidence,sample data/Accounting_ERP_May_2026.csv,3c59da1c10c67ab974dfd204b737402aff1c28d748665949942579fb5fb1a2fd,96,1.0.0
INV20260500096,JV20260500096,SO20260500096,2026-05-25,HN-HBT,NV012,Tiền mặt,BL-8778AF,Máy xay,Philips Blender,Mitsubishi,3,669297,0.06,1887417,0.08,150993,2038410,417000,1251000,636417,0.3372,2038410,1887417,150993,1251000,1251000,131-Phải thu khách hàng,511-Doanh thu bán hàng,3331-Thuế GTGT đầu ra,632-Giá vốn hàng bán,156-Hàng hóa,commerce_distribution_erp_scenario_v1,LIGHTBI_SCENARIO_ENTITY_001,VND,all_declared_accounting_money_columns,Asia/Ho_Chi_Minh,authentic_anchored_semi_synthetic_evidence,sample data/Accounting_ERP_May_2026.csv,3c59da1c10c67ab974dfd204b737402aff1c28d748665949942579fb5fb1a2fd,97,1.0.0
INV20260500097,JV20260500097,SO20260500097,2026-05-14,HCM-Q7,NV017,Chuyển khoản,RF-D9A75C,Tủ lạnh,Samsung Inverter 350L,Sony,3,5895778,0.01,17510460,0.08,1400836,18911296,4523000,13569000,3941460,0.2251,18911296,17510460,1400836,13569000,13569000,131-Phải thu khách hàng,511-Doanh thu bán hàng,3331-Thuế GTGT đầu ra,632-Giá vốn hàng bán,156-Hàng hóa,commerce_distribution_erp_scenario_v1,LIGHTBI_SCENARIO_ENTITY_001,VND,all_declared_accounting_money_columns,Asia/Ho_Chi_Minh,authentic_anchored_semi_synthetic_evidence,sample data/Accounting_ERP_May_2026.csv,3c59da1c10c67ab974dfd204b737402aff1c28d748665949942579fb5fb1a2fd,98,1.0.0
INV20260500098,JV20260500098,SO20260500098,2026-05-04,DN-HC,NV003,Tiền mặt,RC-007FFA,Nồi cơm,Sharp 1.8L,Cuckoo,2,3691778,0.04,7088213,0.08,567057,7655270,2753000,5506000,1582213,0.2232,7655270,7088213,567057,5506000,5506000,131-Phải thu khách hàng,511-Doanh thu bán hàng,3331-Thuế GTGT đầu ra,632-Giá vốn hàng bán,156-Hàng hóa,commerce_distribution_erp_scenario_v1,LIGHTBI_SCENARIO_ENTITY_001,VND,all_declared_accounting_money_columns,Asia/Ho_Chi_Minh,authentic_anchored_semi_synthetic_evidence,sample data/Accounting_ERP_May_2026.csv,3c59da1c10c67ab974dfd204b737402aff1c28d748665949942579fb5fb1a2fd,99,1.0.0
INV20260500099,JV20260500099,SO20260500099,2026-05-20,HN-HBT,NV012,Thẻ,VC-110A19,Máy hút bụi,Philips FC,Philips,1,1848065,0.05,1755661,0.08,140452,1896113,1351000,1351000,404661,0.2305,1896113,1755661,140452,1351000,1351000,131-Phải thu khách hàng,511-Doanh thu bán hàng,3331-Thuế GTGT đầu ra,632-Giá vốn hàng bán,156-Hàng hóa,commerce_distribution_erp_scenario_v1,LIGHTBI_SCENARIO_ENTITY_001,VND,all_declared_accounting_money_columns,Asia/Ho_Chi_Minh,authentic_anchored_semi_synthetic_evidence,sample data/Accounting_ERP_May_2026.csv,3c59da1c10c67ab974dfd204b737402aff1c28d748665949942579fb5fb1a2fd,100,1.0.0
INV20260500100,JV20260500100,SO20260500100,2026-05-27,HCM-Q1,NV010,Chuyển khoản,AC-0877C5,Máy lạnh,Daikin 1HP,Sony,2,6863434,0.07,12765987,0.08,1021278,13787265,5506000,11012000,1753987,0.1374,13787265,12765987,1021278,11012000,11012000,131-Phải thu khách hàng,511-Doanh thu bán hàng,3331-Thuế GTGT đầu ra,632-Giá vốn hàng bán,156-Hàng hóa,commerce_distribution_erp_scenario_v1,LIGHTBI_SCENARIO_ENTITY_001,VND,all_declared_accounting_money_columns,Asia/Ho_Chi_Minh,authentic_anchored_semi_synthetic_evidence,sample data/Accounting_ERP_May_2026.csv,3c59da1c10c67ab974dfd204b737402aff1c28d748665949942579fb5fb1a2fd,101,1.0.0
INV20260500101,JV20260500101,SO20260500101,2026-05-09,CT-NK,NV012,Trả góp,BL-981E64,Máy xay,Sunhouse Blender,Samsung,2,2596777,0.16,4362585,0.08,349006,4711591,1830000,3660000,702585,0.161,4711591,4362585,349006,3660000,3660000,131-Phải thu khách hàng,511-Doanh thu bán hàng,3331-Thuế GTGT đầu ra,632-Giá vốn hàng bán,156-Hàng hóa,commerce_distribution_erp_scenario_v1,LIGHTBI_SCENARIO_ENTITY_001,VND,all_declared_accounting_money_columns,Asia/Ho_Chi_Minh,authentic_anchored_semi_synthetic_evidence,sample data/Accounting_ERP_May_2026.csv,3c59da1c10c67ab974dfd204b737402aff1c28d748665949942579fb5fb1a2fd,102,1.0.0
INV20260500102,JV20260500102,SO20260500102,2026-05-18,HN-CG,NV004,Chuyển khoản,TV-ED601B,TV,"TCL 50""",Panasonic,1,23014381,0.18,18871792,0.08,1509743,20381535,18893000,18893000,-21208,-0.0011,20381535,18871792,1509743,18893000,18893000,131-Phải thu khách hàng,511-Doanh thu bán hàng,3331-Thuế GTGT đầu ra,632-Giá vốn hàng bán,156-Hàng hóa,commerce_distribution_erp_scenario_v1,LIGHTBI_SCENARIO_ENTITY_001,VND,all_declared_accounting_money_columns,Asia/Ho_Chi_Minh,authentic_anchored_semi_synthetic_evidence,sample data/Accounting_ERP_May_2026.csv,3c59da1c10c67ab974dfd204b737402aff1c28d748665949942579fb5fb1a2fd,103,1.0.0
INV20260500103,JV20260500103,SO20260500103,2026-05-26,BD-TDM,NV029,Thẻ,KT-54AD13,Ấm siêu tốc,Philips,Samsung,1,1062254,0.01,1051631,0.08,84130,1135761,601000,601000,450631,0.4285,1135761,1051631,84130,601000,601000,131-Phải thu khách hàng,511-Doanh thu bán hàng,3331-Thuế GTGT đầu ra,632-Giá vốn hàng bán,156-Hàng hóa,commerce_distribution_erp_scenario_v1,LIGHTBI_SCENARIO_ENTITY_001,VND,all_declared_accounting_money_columns,Asia/Ho_Chi_Minh,authentic_anchored_semi_synthetic_evidence,sample data/Accounting_ERP_May_2026.csv,3c59da1c10c67ab974dfd204b737402aff1c28d748665949942579fb5fb1a2fd,104,1.0.0
INV20260500104,JV20260500104,SO20260500104,2026-05-19,HCM-Q7,NV003,Thẻ,TV-7BABFF,TV,"Sony 65""",Aqua,3,21290625,0.19,51736218,0.08,4138897,55875115,16205000,48615000,3121218,0.0603,55875115,51736218,4138897,48615000,48615000,131-Phải thu khách hàng,511-Doanh thu bán hàng,3331-Thuế GTGT đầu ra,632-Giá vốn hàng bán,156-Hàng hóa,commerce_distribution_erp_scenario_v1,LIGHTBI_SCENARIO_ENTITY_001,VND,all_declared_accounting_money_columns,Asia/Ho_Chi_Minh,authentic_anchored_semi_synthetic_evidence,sample data/Accounting_ERP_May_2026.csv,3c59da1c10c67ab974dfd204b737402aff1c28d748665949942579fb5fb1a2fd,105,1.0.0
INV20260500105,JV20260500105,SO20260500105,2026-05-07,HCM-TB,NV030,Ví điện tử,WM-EAF44E,Máy giặt,Panasonic 8.5kg,Panasonic,1,8774617,0.2,7019693,0.08,561575,7581268,7370000,7370000,-350307,-0.0499,7581268,7019693,561575,7370000,7370000,131-Phải thu khách hàng,511-Doanh thu bán hàng,3331-Thuế GTGT đầu ra,632-Giá vốn hàng bán,156-Hàng hóa,commerce_distribution_erp_scenario_v1,LIGHTBI_SCENARIO_ENTITY_001,VND,all_declared_accounting_money_columns,Asia/Ho_Chi_Minh,authentic_anchored_semi_synthetic_evidence,sample data/Accounting_ERP_May_2026.csv,3c59da1c10c67ab974dfd204b737402aff1c28d748665949942579fb5fb1a2fd,106,1.0.0
INV20260500106,JV20260500106,SO20260500106,2026-05-23,BD-TDM,NV007,Thẻ,TV-3F699A,TV,LG OLED 48,Aqua,2,18621332,0.18,30538984,0.08,2443118,32982102,14755000,29510000,1028984,0.0337,32982102,30538984,2443118,29510000,29510000,131-Phải thu khách hàng,511-Doanh thu bán hàng,3331-Thuế GTGT đầu ra,632-Giá vốn hàng bán,156-Hàng hóa,commerce_distribution_erp_scenario_v1,LIGHTBI_SCENARIO_ENTITY_001,VND,all_declared_accounting_money_columns,Asia/Ho_Chi_Minh,authentic_anchored_semi_synthetic_evidence,sample data/Accounting_ERP_May_2026.csv,3c59da1c10c67ab974dfd204b737402aff1c28d748665949942579fb5fb1a2fd,107,1.0.0
INV20260500107,JV20260500107,SO20260500107,2026-05-31,HN-CG,NV015,Ví điện tử,MW-21A949,Lò vi sóng,Panasonic 25L,Cuckoo,3,5824049,0.16,14676603,0.08,1174128,15850731,3735000,11205000,3471603,0.2365,15850731,14676603,1174128,11205000,11205000,131-Phải thu khách hàng,511-Doanh thu bán hàng,3331-Thuế GTGT đầu ra,632-Giá vốn hàng bán,156-Hàng hóa,commerce_distribution_erp_scenario_v1,LIGHTBI_SCENARIO_ENTITY_001,VND,all_declared_accounting_money_columns,Asia/Ho_Chi_Minh,authentic_anchored_semi_synthetic_evidence,sample data/Accounting_ERP_May_2026.csv,3c59da1c10c67ab974dfd204b737402aff1c28d748665949942579fb5fb1a2fd,108,1.0.0
INV20260500108,JV20260500108,SO20260500108,2026-05-31,HCM-Q7,NV003,Ví điện tử,RF-ECA283,Tủ lạnh,Panasonic 300L,Panasonic,3,16379414,0.06,46189947,0.08,3695195,49885142,12605000,37815000,8374947,0.1813,49885142,46189947,3695195,37815000,37815000,131-Phải thu khách hàng,511-Doanh thu bán hàng,3331-Thuế GTGT đầu ra,632-Giá vốn hàng bán,156-Hàng hóa,commerce_distribution_erp_scenario_v1,LIGHTBI_SCENARIO_ENTITY_001,VND,all_declared_accounting_money_columns,Asia/Ho_Chi_Minh,authentic_anchored_semi_synthetic_evidence,sample data/Accounting_ERP_May_2026.csv,3c59da1c10c67ab974dfd204b737402aff1c28d748665949942579fb5fb1a2fd,109,1.0.0
INV20260500109,JV20260500109,SO20260500109,2026-05-16,HCM-TB,NV017,Tiền mặt,VC-98D4CD,Máy hút bụi,Xiaomi G10,Cuckoo,3,9939238,0.17,24748702,0.08,1979896,26728598,6878000,20634000,4114702,0.1663,26728598,24748702,1979896,20634000,20634000,131-Phải thu khách hàng,511-Doanh thu bán hàng,3331-Thuế GTGT đầu ra,632-Giá vốn hàng bán,156-Hàng hóa,commerce_distribution_erp_scenario_v1,LIGHTBI_SCENARIO_ENTITY_001,VND,all_declared_accounting_money_columns,Asia/Ho_Chi_Minh,authentic_anchored_semi_synthetic_evidence,sample data/Accounting_ERP_May_2026.csv,3c59da1c10c67ab974dfd204b737402aff1c28d748665949942579fb5fb1a2fd,110,1.0.0
INV20260500110,JV20260500110,SO20260500110,2026-05-07,BD-TDM,NV012,Chuyển khoản,RF-709E60,Tủ lạnh,LG 420L,LG,2,7759267,0.18,12725197,0.08,1018015,13743212,6559000,13118000,-392803,-0.0309,13743212,12725197,1018015,13118000,13118000,131-Phải thu khách hàng,511-Doanh thu bán hàng,3331-Thuế GTGT đầu ra,632-Giá vốn hàng bán,156-Hàng hóa,commerce_distribution_erp_scenario_v1,LIGHTBI_SCENARIO_ENTITY_001,VND,all_declared_accounting_money_columns,Asia/Ho_Chi_Minh,authentic_anchored_semi_synthetic_evidence,sample data/Accounting_ERP_May_2026.csv,3c59da1c10c67ab974dfd204b737402aff1c28d748665949942579fb5fb1a2fd,111,1.0.0
INV20260500111,JV20260500111,SO20260500111,2026-05-29,HCM-Q1,NV006,Ví điện tử,WM-E62700,Máy giặt,Samsung 10kg,Xiaomi,3,14865947,0.18,36570229,0.08,2925618,39495847,11735000,35205000,1365229,0.0373,39495847,36570229,2925618,35205000,35205000,131-Phải thu khách hàng,511-Doanh thu bán hàng,3331-Thuế GTGT đầu ra,632-Giá vốn hàng bán,156-Hàng hóa,commerce_distribution_erp_scenario_v1,LIGHTBI_SCENARIO_ENTITY_001,VND,all_declared_accounting_money_columns,Asia/Ho_Chi_Minh,authentic_anchored_semi_synthetic_evidence,sample data/Accounting_ERP_May_2026.csv,3c59da1c10c67ab974dfd204b737402aff1c28d748665949942579fb5fb1a2fd,112,1.0.0
INV20260500112,JV20260500112,SO20260500112,2026-05-02,HCM-TB,NV021,Thẻ,FN-A4A668,Quạt,Asia,Cuckoo,2,1109213,0.0,2218426,0.08,177474,2395900,788000,1576000,642426,0.2896,2395900,2218426,177474,1576000,1576000,131-Phải thu khách hàng,511-Doanh thu bán hàng,3331-Thuế GTGT đầu ra,632-Giá vốn hàng bán,156-Hàng hóa,commerce_distribution_erp_scenario_v1,LIGHTBI_SCENARIO_ENTITY_001,VND,all_declared_accounting_money_columns,Asia/Ho_Chi_Minh,authentic_anchored_semi_synthetic_evidence,sample data/Accounting_ERP_May_2026.csv,3c59da1c10c67ab974dfd204b737402aff1c28d748665949942579fb5fb1a2fd,113,1.0.0
INV20260500113,JV20260500113,SO20260500113,2026-05-07,DN-HC,NV013,Chuyển khoản,BL-981E64,Máy xay,Sunhouse Blender,Samsung,3,728481,0.06,2054316,0.08,164345,2218661,498000,1494000,560316,0.2728,2218661,2054316,164345,1494000,1494000,131-Phải thu khách hàng,511-Doanh thu bán hàng,3331-Thuế GTGT đầu ra,632-Giá vốn hàng bán,156-Hàng hóa,commerce_distribution_erp_scenario_v1,LIGHTBI_SCENARIO_ENTITY_001,VND,all_declared_accounting_money_columns,Asia/Ho_Chi_Minh,authentic_anchored_semi_synthetic_evidence,sample data/Accounting_ERP_May_2026.csv,3c59da1c10c67ab974dfd204b737402aff1c28d748665949942579fb5fb1a2fd,114,1.0.0
INV20260500114,JV20260500114,SO20260500114,2026-05-26,HN-HBT,NV020,Tiền mặt,RF-CAB84B,Tủ lạnh,Samsung Inverter 350L,Senko,3,17237113,0.04,49642885,0.08,3971430,53614315,13766000,41298000,8344885,0.1681,53614315,49642885,3971430,41298000,41298000,131-Phải thu khách hàng,511-Doanh thu bán hàng,3331-Thuế GTGT đầu ra,632-Giá vốn hàng bán,156-Hàng hóa,commerce_distribution_erp_scenario_v1,LIGHTBI_SCENARIO_ENTITY_001,VND,all_declared_accounting_money_columns,Asia/Ho_Chi_Minh,authentic_anchored_semi_synthetic_evidence,sample data/Accounting_ERP_May_2026.csv,3c59da1c10c67ab974dfd204b737402aff1c28d748665949942579fb5fb1a2fd,115,1.0.0
INV20260500115,JV20260500115,SO20260500115,2026-05-13,HN-CG,NV019,Ví điện tử,TV-3F699A,TV,LG OLED 48,Aqua,1,24166033,0.12,21266109,0.08,1701288,22967397,19395000,19395000,1871109,0.088,22967397,21266109,1701288,19395000,19395000,131-Phải thu khách hàng,511-Doanh thu bán hàng,3331-Thuế GTGT đầu ra,632-Giá vốn hàng bán,156-Hàng hóa,commerce_distribution_erp_scenario_v1,LIGHTBI_SCENARIO_ENTITY_001,VND,all_declared_accounting_money_columns,Asia/Ho_Chi_Minh,authentic_anchored_semi_synthetic_evidence,sample data/Accounting_ERP_May_2026.csv,3c59da1c10c67ab974dfd204b737402aff1c28d748665949942579fb5fb1a2fd,116,1.0.0
INV20260500116,JV20260500116,SO20260500116,2026-05-24,HCM-TB,NV011,Thẻ,FN-47B1B0,Quạt,Senko,Toshiba,2,1148361,0.07,2135951,0.08,170876,2306827,784000,1568000,567951,0.2659,2306827,2135951,170876,1568000,1568000,131-Phải thu khách hàng,511-Doanh thu bán hàng,3331-Thuế GTGT đầu ra,632-Giá vốn hàng bán,156-Hàng hóa,commerce_distribution_erp_scenario_v1,LIGHTBI_SCENARIO_ENTITY_001,VND,all_declared_accounting_money_columns,Asia/Ho_Chi_Minh,authentic_anchored_semi_synthetic_evidence,sample data/Accounting_ERP_May_2026.csv,3c59da1c10c67ab974dfd204b737402aff1c28d748665949942579fb5fb1a2fd,117,1.0.0
INV20260500117,JV20260500117,SO20260500117,2026-05-28,HN-HBT,NV030,Thẻ,WM-06AD1A,Máy giặt,Panasonic 8.5kg,Casper,2,17034464,0.09,31002724,0.08,2480217,33482941,13978000,27956000,3046724,0.0983,33482941,31002724,2480217,27956000,27956000,131-Phải thu khách hàng,511-Doanh thu bán hàng,3331-Thuế GTGT đầu ra,632-Giá vốn hàng bán,156-Hàng hóa,commerce_distribution_erp_scenario_v1,LIGHTBI_SCENARIO_ENTITY_001,VND,all_declared_accounting_money_columns,Asia/Ho_Chi_Minh,authentic_anchored_semi_synthetic_evidence,sample data/Accounting_ERP_May_2026.csv,3c59da1c10c67ab974dfd204b737402aff1c28d748665949942579fb5fb1a2fd,118,1.0.0
INV20260500118,JV20260500118,SO20260500118,2026-05-12,HCM-Q7,NV005,Trả góp,KT-BD9201,Ấm siêu tốc,Kangaroo,Aqua,2,970329,0.15,1649559,0.08,131964,1781523,568000,1136000,513559,0.3113,1781523,1649559,131964,1136000,1136000,131-Phải thu khách hàng,511-Doanh thu bán hàng,3331-Thuế GTGT đầu ra,632-Giá vốn hàng bán,156-Hàng hóa,commerce_distribution_erp_scenario_v1,LIGHTBI_SCENARIO_ENTITY_001,VND,all_declared_accounting_money_columns,Asia/Ho_Chi_Minh,authentic_anchored_semi_synthetic_evidence,sample data/Accounting_ERP_May_2026.csv,3c59da1c10c67ab974dfd204b737402aff1c28d748665949942579fb5fb1a2fd,119,1.0.0
INV20260500119,JV20260500119,SO20260500119,2026-05-25,DN-HC,NV001,Trả góp,TV-0432E5,TV,"Sony 65""",Panasonic,3,16622717,0.2,39894520,0.08,3191561,43086081,13233000,39699000,195520,0.0049,43086081,39894520,3191561,39699000,39699000,131-Phải thu khách hàng,511-Doanh thu bán hàng,3331-Thuế GTGT đầu ra,632-Giá vốn hàng bán,156-Hàng hóa,commerce_distribution_erp_scenario_v1,LIGHTBI_SCENARIO_ENTITY_001,VND,all_declared_accounting_money_columns,Asia/Ho_Chi_Minh,authentic_anchored_semi_synthetic_evidence,sample data/Accounting_ERP_May_2026.csv,3c59da1c10c67ab974dfd204b737402aff1c28d748665949942579fb5fb1a2fd,120,1.0.0
INV20260500120,JV20260500120,SO20260500120,2026-05-15,CT-NK,NV029,Chuyển khoản,VC-E19461,Máy hút bụi,Dyson V8,Panasonic,2,2588027,0.06,4865490,0.08,389239,5254729,1949000,3898000,967490,0.1988,5254729,4865490,389239,3898000,3898000,131-Phải thu khách hàng,511-Doanh thu bán hàng,3331-Thuế GTGT đầu ra,632-Giá vốn hàng bán,156-Hàng hóa,commerce_distribution_erp_scenario_v1,LIGHTBI_SCENARIO_ENTITY_001,VND,all_declared_accounting_money_columns,Asia/Ho_Chi_Minh,authentic_anchored_semi_synthetic_evidence,sample data/Accounting_ERP_May_2026.csv,3c59da1c10c67ab974dfd204b737402aff1c28d748665949942579fb5fb1a2fd,121,1.0.0
INV20260500121,JV20260500121,SO20260500121,2026-05-21,DN-HC,NV016,Trả góp,RF-281021,Tủ lạnh,Samsung Inverter 350L,Cuckoo,3,7768021,0.09,21206697,0.08,1696535,22903232,6369000,19107000,2099697,0.099,22903232,21206697,1696535,19107000,19107000,131-Phải thu khách hàng,511-Doanh thu bán hàng,3331-Thuế GTGT đầu ra,632-Giá vốn hàng bán,156-Hàng hóa,commerce_distribution_erp_scenario_v1,LIGHTBI_SCENARIO_ENTITY_001,VND,all_declared_accounting_money_columns,Asia/Ho_Chi_Minh,authentic_anchored_semi_synthetic_evidence,sample data/Accounting_ERP_May_2026.csv,3c59da1c10c67ab974dfd204b737402aff1c28d748665949942579fb5fb1a2fd,122,1.0.0
INV20260500122,JV20260500122,SO20260500122,2026-05-23,HCM-TB,NV004,Thẻ,RF-577C9B,Tủ lạnh,Panasonic 300L,LG,2,12241403,0.09,22279353,0.08,1782348,24061701,9610000,19220000,3059353,0.1373,24061701,22279353,1782348,19220000,19220000,131-Phải thu khách hàng,511-Doanh thu bán hàng,3331-Thuế GTGT đầu ra,632-Giá vốn hàng bán,156-Hàng hóa,commerce_distribution_erp_scenario_v1,LIGHTBI_SCENARIO_ENTITY_001,VND,all_declared_accounting_money_columns,Asia/Ho_Chi_Minh,authentic_anchored_semi_synthetic_evidence,sample data/Accounting_ERP_May_2026.csv,3c59da1c10c67ab974dfd204b737402aff1c28d748665949942579fb5fb1a2fd,123,1.0.0
INV20260500123,JV20260500123,SO20260500123,2026-05-30,CT-NK,NV004,Thẻ,WM-AA0941,Máy giặt,Panasonic 8.5kg,Aqua,1,12161196,0.2,9728956,0.08,778316,10507272,9564000,9564000,164956,0.017,10507272,9728956,778316,9564000,9564000,131-Phải thu khách hàng,511-Doanh thu bán hàng,3331-Thuế GTGT đầu ra,632-Giá vốn hàng bán,156-Hàng hóa,commerce_distribution_erp_scenario_v1,LIGHTBI_SCENARIO_ENTITY_001,VND,all_declared_accounting_money_columns,Asia/Ho_Chi_Minh,authentic_anchored_semi_synthetic_evidence,sample data/Accounting_ERP_May_2026.csv,3c59da1c10c67ab974dfd204b737402aff1c28d748665949942579fb5fb1a2fd,124,1.0.0
INV20260500124,JV20260500124,SO20260500124,2026-05-25,HCM-Q7,NV002,Tiền mặt,VC-4F893C,Máy hút bụi,Dyson V8,Daikin,2,4368200,0.01,8649036,0.08,691922,9340958,2828000,5656000,2993036,0.3461,9340958,8649036,691922,5656000,5656000,131-Phải thu khách hàng,511-Doanh thu bán hàng,3331-Thuế GTGT đầu ra,632-Giá vốn hàng bán,156-Hàng hóa,commerce_distribution_erp_scenario_v1,LIGHTBI_SCENARIO_ENTITY_001,VND,all_declared_accounting_money_columns,Asia/Ho_Chi_Minh,authentic_anchored_semi_synthetic_evidence,sample data/Accounting_ERP_May_2026.csv,3c59da1c10c67ab974dfd204b737402aff1c28d748665949942579fb5fb1a2fd,125,1.0.0
INV20260500125,JV20260500125,SO20260500125,2026-05-09,HN-HBT,NV026,Ví điện tử,AC-DD7A97,Máy lạnh,Daikin 1HP,Toshiba,2,14161844,0.07,26341029,0.08,2107282,28448311,11516000,23032000,3309029,0.1256,28448311,26341029,2107282,23032000,23032000,131-Phải thu khách hàng,511-Doanh thu bán hàng,3331-Thuế GTGT đầu ra,632-Giá vốn hàng bán,156-Hàng hóa,commerce_distribution_erp_scenario_v1,LIGHTBI_SCENARIO_ENTITY_001,VND,all_declared_accounting_money_columns,Asia/Ho_Chi_Minh,authentic_anchored_semi_synthetic_evidence,sample data/Accounting_ERP_May_2026.csv,3c59da1c10c67ab974dfd204b737402aff1c28d748665949942579fb5fb1a2fd,126,1.0.0
INV20260500126,JV20260500126,SO20260500126,2026-05-04,HN-HBT,NV027,Trả góp,RC-588B19,Nồi cơm,Sunhouse 1.2L,Electrolux,1,734459,0.15,624290,0.08,49943,674233,427000,427000,197290,0.316,674233,624290,49943,427000,427000,131-Phải thu khách hàng,511-Doanh thu bán hàng,3331-Thuế GTGT đầu ra,632-Giá vốn hàng bán,156-Hàng hóa,commerce_distribution_erp_scenario_v1,LIGHTBI_SCENARIO_ENTITY_001,VND,all_declared_accounting_money_columns,Asia/Ho_Chi_Minh,authentic_anchored_semi_synthetic_evidence,sample data/Accounting_ERP_May_2026.csv,3c59da1c10c67ab974dfd204b737402aff1c28d748665949942579fb5fb1a2fd,127,1.0.0
INV20260500127,JV20260500127,SO20260500127,2026-05-04,BD-TDM,NV019,Ví điện tử,FN-166747,Quạt,Senko,LG,1,1049787,0.13,913314,0.08,73065,986379,631000,631000,282314,0.3091,986379,913314,73065,631000,631000,131-Phải thu khách hàng,511-Doanh thu bán hàng,3331-Thuế GTGT đầu ra,632-Giá vốn hàng bán,156-Hàng hóa,commerce_distribution_erp_scenario_v1,LIGHTBI_SCENARIO_ENTITY_001,VND,all_declared_accounting_money_columns,Asia/Ho_Chi_Minh,authentic_anchored_semi_synthetic_evidence,sample data/Accounting_ERP_May_2026.csv,3c59da1c10c67ab974dfd204b737402aff1c28d748665949942579fb5fb1a2fd,128,1.0.0
INV20260500128,JV20260500128,SO20260500128,2026-05-29,HCM-Q7,NV017,Ví điện tử,TV-14F4F6,TV,"Sony 65""",Cuckoo,3,24985385,0.15,63712731,0.08,5097018,68809749,21691000,65073000,-1360269,-0.0214,68809749,63712731,5097018,65073000,65073000,131-Phải thu khách hàng,511-Doanh thu bán hàng,3331-Thuế GTGT đầu ra,632-Giá vốn hàng bán,156-Hàng hóa,commerce_distribution_erp_scenario_v1,LIGHTBI_SCENARIO_ENTITY_001,VND,all_declared_accounting_money_columns,Asia/Ho_Chi_Minh,authentic_anchored_semi_synthetic_evidence,sample data/Accounting_ERP_May_2026.csv,3c59da1c10c67ab974dfd204b737402aff1c28d748665949942579fb5fb1a2fd,129,1.0.0
INV20260500129,JV20260500129,SO20260500129,2026-05-15,CT-NK,NV012,Thẻ,TV-FBBB9A,TV,"Samsung 55"" 4K",Philips,1,30576847,0.06,28742236,0.08,2299378,31041614,24149000,24149000,4593236,0.1598,31041614,28742236,2299378,24149000,24149000,131-Phải thu khách hàng,511-Doanh thu bán hàng,3331-Thuế GTGT đầu ra,632-Giá vốn hàng bán,156-Hàng hóa,commerce_distribution_erp_scenario_v1,LIGHTBI_SCENARIO_ENTITY_001,VND,all_declared_accounting_money_columns,Asia/Ho_Chi_Minh,authentic_anchored_semi_synthetic_evidence,sample data/Accounting_ERP_May_2026.csv,3c59da1c10c67ab974dfd204b737402aff1c28d748665949942579fb5fb1a2fd,130,1.0.0
INV20260500130,JV20260500130,SO20260500130,2026-05-03,DN-HC,NV020,Chuyển khoản,BL-A4802F,Máy xay,Philips Blender,Daikin,3,2305637,0.07,6432727,0.08,514618,6947345,1629000,4887000,1545727,0.2403,6947345,6432727,514618,4887000,4887000,131-Phải thu khách hàng,511-Doanh thu bán hàng,3331-Thuế GTGT đầu ra,632-Giá vốn hàng bán,156-Hàng hóa,commerce_distribution_erp_scenario_v1,LIGHTBI_SCENARIO_ENTITY_001,VND,all_declared_accounting_money_columns,Asia/Ho_Chi_Minh,authentic_anchored_semi_synthetic_evidence,sample data/Accounting_ERP_May_2026.csv,3c59da1c10c67ab974dfd204b737402aff1c28d748665949942579fb5fb1a2fd,131,1.0.0
INV20260500131,JV20260500131,SO20260500131,2026-05-01,HCM-Q7,NV021,Trả góp,TV-91B89E,TV,"TCL 50""",Toshiba,3,8068775,0.12,21301566,0.08,1704125,23005691,7016000,21048000,253566,0.0119,23005691,21301566,1704125,21048000,21048000,131-Phải thu khách hàng,511-Doanh thu bán hàng,3331-Thuế GTGT đầu ra,632-Giá vốn hàng bán,156-Hàng hóa,commerce_distribution_erp_scenario_v1,LIGHTBI_SCENARIO_ENTITY_001,VND,all_declared_accounting_money_columns,Asia/Ho_Chi_Minh,authentic_anchored_semi_synthetic_evidence,sample data/Accounting_ERP_May_2026.csv,3c59da1c10c67ab974dfd204b737402aff1c28d748665949942579fb5fb1a2fd,132,1.0.0
INV20260500132,JV20260500132,SO20260500132,2026-05-07,HCM-Q1,NV009,Chuyển khoản,RC-7DABD5,Nồi cơm,Sunhouse 1.2L,Mitsubishi,1,687394,0.13,598032,0.08,47842,645874,518000,518000,80032,0.1338,645874,598032,47842,518000,518000,131-Phải thu khách hàng,511-Doanh thu bán hàng,3331-Thuế GTGT đầu ra,632-Giá vốn hàng bán,156-Hàng hóa,commerce_distribution_erp_scenario_v1,LIGHTBI_SCENARIO_ENTITY_001,VND,all_declared_accounting_money_columns,Asia/Ho_Chi_Minh,authentic_anchored_semi_synthetic_evidence,sample data/Accounting_ERP_May_2026.csv,3c59da1c10c67ab974dfd204b737402aff1c28d748665949942579fb5fb1a2fd,133,1.0.0
INV20260500133,JV20260500133,SO20260500133,2026-05-05,HCM-Q7,NV023,Thẻ,TV-C718CB,TV,"Samsung 55"" 4K",Xiaomi,1,34093765,0.12,30002513,0.08,2400201,32402714,27627000,27627000,2375513,0.0792,32402714,30002513,2400201,27627000,27627000,131-Phải thu khách hàng,511-Doanh thu bán hàng,3331-Thuế GTGT đầu ra,632-Giá vốn hàng bán,156-Hàng hóa,commerce_distribution_erp_scenario_v1,LIGHTBI_SCENARIO_ENTITY_001,VND,all_declared_accounting_money_columns,Asia/Ho_Chi_Minh,authentic_anchored_semi_synthetic_evidence,sample data/Accounting_ERP_May_2026.csv,3c59da1c10c67ab974dfd204b737402aff1c28d748665949942579fb5fb1a2fd,134,1.0.0
INV20260500134,JV20260500134,SO20260500134,2026-05-19,HCM-Q7,NV020,Ví điện tử,VC-D89B2B,Máy hút bụi,Xiaomi G10,LG,2,7443878,0.18,12207959,0.08,976636,13184595,5457000,10914000,1293959,0.106,13184595,12207959,976636,10914000,10914000,131-Phải thu khách hàng,511-Doanh thu bán hàng,3331-Thuế GTGT đầu ra,632-Giá vốn hàng bán,156-Hàng hóa,commerce_distribution_erp_scenario_v1,LIGHTBI_SCENARIO_ENTITY_001,VND,all_declared_accounting_money_columns,Asia/Ho_Chi_Minh,authentic_anchored_semi_synthetic_evidence,sample data/Accounting_ERP_May_2026.csv,3c59da1c10c67ab974dfd204b737402aff1c28d748665949942579fb5fb1a2fd,135,1.0.0
INV20260500135,JV20260500135,SO20260500135,2026-05-19,HCM-Q7,NV017,Thẻ,VC-3898BC,Máy hút bụi,Xiaomi G10,Toshiba,1,6144558,0.17,5099983,0.08,407998,5507981,4410000,4410000,689983,0.1353,5507981,5099983,407998,4410000,4410000,131-Phải thu khách hàng,511-Doanh thu bán hàng,3331-Thuế GTGT đầu ra,632-Giá vốn hàng bán,156-Hàng hóa,commerce_distribution_erp_scenario_v1,LIGHTBI_SCENARIO_ENTITY_001,VND,all_declared_accounting_money_columns,Asia/Ho_Chi_Minh,authentic_anchored_semi_synthetic_evidence,sample data/Accounting_ERP_May_2026.csv,3c59da1c10c67ab974dfd204b737402aff1c28d748665949942579fb5fb1a2fd,136,1.0.0
INV20260500136,JV20260500136,SO20260500136,2026-05-25,CT-NK,NV005,Thẻ,BL-2DE930,Máy xay,Sunhouse Blender,Toshiba,2,1049274,0.05,1993620,0.08,159489,2153109,589000,1178000,815620,0.4091,2153109,1993620,159489,1178000,1178000,131-Phải thu khách hàng,511-Doanh thu bán hàng,3331-Thuế GTGT đầu ra,632-Giá vốn hàng bán,156-Hàng hóa,commerce_distribution_erp_scenario_v1,LIGHTBI_SCENARIO_ENTITY_001,VND,all_declared_accounting_money_columns,Asia/Ho_Chi_Minh,authentic_anchored_semi_synthetic_evidence,sample data/Accounting_ERP_May_2026.csv,3c59da1c10c67ab974dfd204b737402aff1c28d748665949942579fb5fb1a2fd,137,1.0.0
INV20260500137,JV20260500137,SO20260500137,2026-05-27,BD-TDM,NV017,Ví điện tử,RC-443576,Nồi cơm,Sharp 1.8L,Asia,1,2976409,0.08,2738296,0.08,219063,2957359,2023000,2023000,715296,0.2612,2957359,2738296,219063,2023000,2023000,131-Phải thu khách hàng,511-Doanh thu bán hàng,3331-Thuế GTGT đầu ra,632-Giá vốn hàng bán,156-Hàng hóa,commerce_distribution_erp_scenario_v1,LIGHTBI_SCENARIO_ENTITY_001,VND,all_declared_accounting_money_columns,Asia/Ho_Chi_Minh,authentic_anchored_semi_synthetic_evidence,sample data/Accounting_ERP_May_2026.csv,3c59da1c10c67ab974dfd204b737402aff1c28d748665949942579fb5fb1a2fd,138,1.0.0
INV20260500138,JV20260500138,SO20260500138,2026-05-23,BD-TDM,NV007,Thẻ,BL-AB2BDE,Máy xay,Sunhouse Blender,Senko,2,2189833,0.18,3591326,0.08,287306,3878632,1373000,2746000,845326,0.2354,3878632,3591326,287306,2746000,2746000,131-Phải thu khách hàng,511-Doanh thu bán hàng,3331-Thuế GTGT đầu ra,632-Giá vốn hàng bán,156-Hàng hóa,commerce_distribution_erp_scenario_v1,LIGHTBI_SCENARIO_ENTITY_001,VND,all_declared_accounting_money_columns,Asia/Ho_Chi_Minh,authentic_anchored_semi_synthetic_evidence,sample data/Accounting_ERP_May_2026.csv,3c59da1c10c67ab974dfd204b737402aff1c28d748665949942579fb5fb1a2fd,139,1.0.0
INV20260500139,JV20260500139,SO20260500139,2026-05-09,HN-CG,NV011,Trả góp,VC-4DCE77,Máy hút bụi,Dyson V8,Toshiba,1,9453130,0.15,8035160,0.08,642812,8677972,7193000,7193000,842160,0.1048,8677972,8035160,642812,7193000,7193000,131-Phải thu khách hàng,511-Doanh thu bán hàng,3331-Thuế GTGT đầu ra,632-Giá vốn hàng bán,156-Hàng hóa,commerce_distribution_erp_scenario_v1,LIGHTBI_SCENARIO_ENTITY_001,VND,all_declared_accounting_money_columns,Asia/Ho_Chi_Minh,authentic_anchored_semi_synthetic_evidence,sample data/Accounting_ERP_May_2026.csv,3c59da1c10c67ab974dfd204b737402aff1c28d748665949942579fb5fb1a2fd,140,1.0.0
INV20260500140,JV20260500140,SO20260500140,2026-05-08,DN-HC,NV006,Ví điện tử,FN-C79946,Quạt,Senko,Daikin,3,2372030,0.11,6333320,0.08,506665,6839985,1566000,4698000,1635320,0.2582,6839985,6333320,506665,4698000,4698000,131-Phải thu khách hàng,511-Doanh thu bán hàng,3331-Thuế GTGT đầu ra,632-Giá vốn hàng bán,156-Hàng hóa,commerce_distribution_erp_scenario_v1,LIGHTBI_SCENARIO_ENTITY_001,VND,all_declared_accounting_money_columns,Asia/Ho_Chi_Minh,authentic_anchored_semi_synthetic_evidence,sample data/Accounting_ERP_May_2026.csv,3c59da1c10c67ab974dfd204b737402aff1c28d748665949942579fb5fb1a2fd,141,1.0.0
INV20260500141,JV20260500141,SO20260500141,2026-05-22,HCM-TB,NV022,Ví điện tử,MW-9F1382,Lò vi sóng,Panasonic 25L,Aqua,2,2220975,0.07,4131013,0.08,330481,4461494,1457000,2914000,1217013,0.2946,4461494,4131013,330481,2914000,2914000,131-Phải thu khách hàng,511-Doanh thu bán hàng,3331-Thuế GTGT đầu ra,632-Giá vốn hàng bán,156-Hàng hóa,commerce_distribution_erp_scenario_v1,LIGHTBI_SCENARIO_ENTITY_001,VND,all_declared_accounting_money_columns,Asia/Ho_Chi_Minh,authentic_anchored_semi_synthetic_evidence,sample data/Accounting_ERP_May_2026.csv,3c59da1c10c67ab974dfd204b737402aff1c28d748665949942579fb5fb1a2fd,142,1.0.0
INV20260500142,JV20260500142,SO20260500142,2026-05-25,CT-NK,NV029,Ví điện tử,TV-3A9F5F,TV,LG OLED 48,Casper,3,10376431,0.16,26148606,0.08,2091888,28240494,9046000,27138000,-989394,-0.0378,28240494,26148606,2091888,27138000,27138000,131-Phải thu khách hàng,511-Doanh thu bán hàng,3331-Thuế GTGT đầu ra,632-Giá vốn hàng bán,156-Hàng hóa,commerce_distribution_erp_scenario_v1,LIGHTBI_SCENARIO_ENTITY_001,VND,all_declared_accounting_money_columns,Asia/Ho_Chi_Minh,authentic_anchored_semi_synthetic_evidence,sample data/Accounting_ERP_May_2026.csv,3c59da1c10c67ab974dfd204b737402aff1c28d748665949942579fb5fb1a2fd,143,1.0.0
INV20260500143,JV20260500143,SO20260500143,2026-05-22,HCM-TB,NV001,Tiền mặt,WM-AF4A41,Máy giặt,Toshiba 9kg,Asia,2,7919160,0.04,15204787,0.08,1216382,16421169,6494000,12988000,2216787,0.1458,16421169,15204787,1216382,12988000,12988000,131-Phải thu khách hàng,511-Doanh thu bán hàng,3331-Thuế GTGT đầu ra,632-Giá vốn hàng bán,156-Hàng hóa,commerce_distribution_erp_scenario_v1,LIGHTBI_SCENARIO_ENTITY_001,VND,all_declared_accounting_money_columns,Asia/Ho_Chi_Minh,authentic_anchored_semi_synthetic_evidence,sample data/Accounting_ERP_May_2026.csv,3c59da1c10c67ab974dfd204b737402aff1c28d748665949942579fb5fb1a2fd,144,1.0.0
INV20260500144,JV20260500144,SO20260500144,2026-05-20,HCM-Q1,NV024,Tiền mặt,RC-E521C4,Nồi cơm,Sharp 1.8L,Electrolux,1,2730911,0.05,2594365,0.08,207549,2801914,1869000,1869000,725365,0.2796,2801914,2594365,207549,1869000,1869000,131-Phải thu khách hàng,511-Doanh thu bán hàng,3331-Thuế GTGT đầu ra,632-Giá vốn hàng bán,156-Hàng hóa,commerce_distribution_erp_scenario_v1,LIGHTBI_SCENARIO_ENTITY_001,VND,all_declared_accounting_money_columns,Asia/Ho_Chi_Minh,authentic_anchored_semi_synthetic_evidence,sample data/Accounting_ERP_May_2026.csv,3c59da1c10c67ab974dfd204b737402aff1c28d748665949942579fb5fb1a2fd,145,1.0.0
INV20260500145,JV20260500145,SO20260500145,2026-05-17,HN-HBT,NV006,Thẻ,AC-D2FD31,Máy lạnh,Panasonic 1.5HP,Toshiba,2,13178048,0.07,24511169,0.08,1960893,26472062,10704000,21408000,3103169,0.1266,26472062,24511169,1960893,21408000,21408000,131-Phải thu khách hàng,511-Doanh thu bán hàng,3331-Thuế GTGT đầu ra,632-Giá vốn hàng bán,156-Hàng hóa,commerce_distribution_erp_scenario_v1,LIGHTBI_SCENARIO_ENTITY_001,VND,all_declared_accounting_money_columns,Asia/Ho_Chi_Minh,authentic_anchored_semi_synthetic_evidence,sample data/Accounting_ERP_May_2026.csv,3c59da1c10c67ab974dfd204b737402aff1c28d748665949942579fb5fb1a2fd,146,1.0.0
INV20260500146,JV20260500146,SO20260500146,2026-05-14,HCM-TB,NV029,Thẻ,FN-04019E,Quạt,Senko,Philips,1,2145519,0.12,1888056,0.08,151044,2039100,1558000,1558000,330056,0.1748,2039100,1888056,151044,1558000,1558000,131-Phải thu khách hàng,511-Doanh thu bán hàng,3331-Thuế GTGT đầu ra,632-Giá vốn hàng bán,156-Hàng hóa,commerce_distribution_erp_scenario_v1,LIGHTBI_SCENARIO_ENTITY_001,VND,all_declared_accounting_money_columns,Asia/Ho_Chi_Minh,authentic_anchored_semi_synthetic_evidence,sample data/Accounting_ERP_May_2026.csv,3c59da1c10c67ab974dfd204b737402aff1c28d748665949942579fb5fb1a2fd,147,1.0.0
INV20260500147,JV20260500147,SO20260500147,2026-05-12,HCM-Q1,NV023,Ví điện tử,MW-8411BA,Lò vi sóng,Panasonic 25L,Electrolux,2,2602274,0.0,5204548,0.08,416363,5620911,1702000,3404000,1800548,0.346,5620911,5204548,416363,3404000,3404000,131-Phải thu khách hàng,511-Doanh thu bán hàng,3331-Thuế GTGT đầu ra,632-Giá vốn hàng bán,156-Hàng hóa,commerce_distribution_erp_scenario_v1,LIGHTBI_SCENARIO_ENTITY_001,VND,all_declared_accounting_money_columns,Asia/Ho_Chi_Minh,authentic_anchored_semi_synthetic_evidence,sample data/Accounting_ERP_May_2026.csv,3c59da1c10c67ab974dfd204b737402aff1c28d748665949942579fb5fb1a2fd,148,1.0.0
INV20260500148,JV20260500148,SO20260500148,2026-05-29,BD-TDM,NV024,Tiền mặt,VC-A4DECF,Máy hút bụi,Dyson V8,Mitsubishi,1,1863355,0.14,1602485,0.08,128198,1730683,1286000,1286000,316485,0.1975,1730683,1602485,128198,1286000,1286000,131-Phải thu khách hàng,511-Doanh thu bán hàng,3331-Thuế GTGT đầu ra,632-Giá vốn hàng bán,156-Hàng hóa,commerce_distribution_erp_scenario_v1,LIGHTBI_SCENARIO_ENTITY_001,VND,all_declared_accounting_money_columns,Asia/Ho_Chi_Minh,authentic_anchored_semi_synthetic_evidence,sample data/Accounting_ERP_May_2026.csv,3c59da1c10c67ab974dfd204b737402aff1c28d748665949942579fb5fb1a2fd,149,1.0.0
INV20260500149,JV20260500149,SO20260500149,2026-05-25,HCM-Q1,NV004,Chuyển khoản,VC-3898BC,Máy hút bụi,Xiaomi G10,Toshiba,1,11296464,0.18,9263100,0.08,741048,10004148,8357000,8357000,906100,0.0978,10004148,9263100,741048,8357000,8357000,131-Phải thu khách hàng,511-Doanh thu bán hàng,3331-Thuế GTGT đầu ra,632-Giá vốn hàng bán,156-Hàng hóa,commerce_distribution_erp_scenario_v1,LIGHTBI_SCENARIO_ENTITY_001,VND,all_declared_accounting_money_columns,Asia/Ho_Chi_Minh,authentic_anchored_semi_synthetic_evidence,sample data/Accounting_ERP_May_2026.csv,3c59da1c10c67ab974dfd204b737402aff1c28d748665949942579fb5fb1a2fd,150,1.0.0
INV20260500150,JV20260500150,SO20260500150,2026-05-13,HCM-Q1,NV023,Trả góp,KT-9BE99C,Ấm siêu tốc,Philips,Panasonic,3,945238,0.13,2467071,0.08,197365,2664436,501000,1503000,964071,0.3908,2664436,2467071,197365,1503000,1503000,131-Phải thu khách hàng,511-Doanh thu bán hàng,3331-Thuế GTGT đầu ra,632-Giá vốn hàng bán,156-Hàng hóa,commerce_distribution_erp_scenario_v1,LIGHTBI_SCENARIO_ENTITY_001,VND,all_declared_accounting_money_columns,Asia/Ho_Chi_Minh,authentic_anchored_semi_synthetic_evidence,sample data/Accounting_ERP_May_2026.csv,3c59da1c10c67ab974dfd204b737402aff1c28d748665949942579fb5fb1a2fd,151,1.0.0
INV20260500151,JV20260500151,SO20260500151,2026-05-11,HN-CG,NV004,Tiền mặt,WM-0D19E6,Máy giặt,Toshiba 9kg,Samsung,2,12661883,0.03,24564053,0.08,1965124,26529177,10212000,20424000,4140053,0.1685,26529177,24564053,1965124,20424000,20424000,131-Phải thu khách hàng,511-Doanh thu bán hàng,3331-Thuế GTGT đầu ra,632-Giá vốn hàng bán,156-Hàng hóa,commerce_distribution_erp_scenario_v1,LIGHTBI_SCENARIO_ENTITY_001,VND,all_declared_accounting_money_columns,Asia/Ho_Chi_Minh,authentic_anchored_semi_synthetic_evidence,sample data/Accounting_ERP_May_2026.csv,3c59da1c10c67ab974dfd204b737402aff1c28d748665949942579fb5fb1a2fd,152,1.0.0
INV20260500152,JV20260500152,SO20260500152,2026-05-24,HN-HBT,NV022,Tiền mặt,BL-63B96E,Máy xay,Panasonic Blender,Panasonic,1,988375,0.02,968607,0.08,77488,1046095,565000,565000,403607,0.4167,1046095,968607,77488,565000,565000,131-Phải thu khách hàng,511-Doanh thu bán hàng,3331-Thuế GTGT đầu ra,632-Giá vốn hàng bán,156-Hàng hóa,commerce_distribution_erp_scenario_v1,LIGHTBI_SCENARIO_ENTITY_001,VND,all_declared_accounting_money_columns,Asia/Ho_Chi_Minh,authentic_anchored_semi_synthetic_evidence,sample data/Accounting_ERP_May_2026.csv,3c59da1c10c67ab974dfd204b737402aff1c28d748665949942579fb5fb1a2fd,153,1.0.0
INV20260500153,JV20260500153,SO20260500153,2026-05-15,DN-HC,NV017,Chuyển khoản,KT-F72092,Ấm siêu tốc,Sunhouse,Casper,3,1097742,0.08,3029767,0.08,242381,3272148,714000,2142000,887767,0.293,3272148,3029767,242381,2142000,2142000,131-Phải thu khách hàng,511-Doanh thu bán hàng,3331-Thuế GTGT đầu ra,632-Giá vốn hàng bán,156-Hàng hóa,commerce_distribution_erp_scenario_v1,LIGHTBI_SCENARIO_ENTITY_001,VND,all_declared_accounting_money_columns,Asia/Ho_Chi_Minh,authentic_anchored_semi_synthetic_evidence,sample data/Accounting_ERP_May_2026.csv,3c59da1c10c67ab974dfd204b737402aff1c28d748665949942579fb5fb1a2fd,154,1.0.0
INV20260500154,JV20260500154,SO20260500154,2026-05-03,HCM-Q7,NV009,Trả góp,WM-4E5FAA,Máy giặt,Toshiba 9kg,Sharp,2,11108337,0.17,18439839,0.08,1475187,19915026,9156000,18312000,127839,0.0069,19915026,18439839,1475187,18312000,18312000,131-Phải thu khách hàng,511-Doanh thu bán hàng,3331-Thuế GTGT đầu ra,632-Giá vốn hàng bán,156-Hàng hóa,commerce_distribution_erp_scenario_v1,LIGHTBI_SCENARIO_ENTITY_001,VND,all_declared_accounting_money_columns,Asia/Ho_Chi_Minh,authentic_anchored_semi_synthetic_evidence,sample data/Accounting_ERP_May_2026.csv,3c59da1c10c67ab974dfd204b737402aff1c28d748665949942579fb5fb1a2fd,155,1.0.0
INV20260500155,JV20260500155,SO20260500155,2026-05-23,HCM-Q1,NV028,Tiền mặt,BL-981E64,Máy xay,Sunhouse Blender,Samsung,3,2027941,0.08,5597117,0.08,447769,6044886,1385000,4155000,1442117,0.2577,6044886,5597117,447769,4155000,4155000,131-Phải thu khách hàng,511-Doanh thu bán hàng,3331-Thuế GTGT đầu ra,632-Giá vốn hàng bán,156-Hàng hóa,commerce_distribution_erp_scenario_v1,LIGHTBI_SCENARIO_ENTITY_001,VND,all_declared_accounting_money_columns,Asia/Ho_Chi_Minh,authentic_anchored_semi_synthetic_evidence,sample data/Accounting_ERP_May_2026.csv,3c59da1c10c67ab974dfd204b737402aff1c28d748665949942579fb5fb1a2fd,156,1.0.0
INV20260500156,JV20260500156,SO20260500156,2026-05-07,BD-TDM,NV026,Chuyển khoản,FN-EEAA84,Quạt,Asia,Toshiba,2,2297317,0.1,4135170,0.08,330813,4465983,1553000,3106000,1029170,0.2489,4465983,4135170,330813,3106000,3106000,131-Phải thu khách hàng,511-Doanh thu bán hàng,3331-Thuế GTGT đầu ra,632-Giá vốn hàng bán,156-Hàng hóa,commerce_distribution_erp_scenario_v1,LIGHTBI_SCENARIO_ENTITY_001,VND,all_declared_accounting_money_columns,Asia/Ho_Chi_Minh,authentic_anchored_semi_synthetic_evidence,sample data/Accounting_ERP_May_2026.csv,3c59da1c10c67ab974dfd204b737402aff1c28d748665949942579fb5fb1a2fd,157,1.0.0
INV20260500157,JV20260500157,SO20260500157,2026-05-17,DN-HC,NV019,Ví điện tử,AC-E8C723,Máy lạnh,Casper 1HP,Mitsubishi,3,6634253,0.05,18907621,0.08,1512609,20420230,5223000,15669000,3238621,0.1713,20420230,18907621,1512609,15669000,15669000,131-Phải thu khách hàng,511-Doanh thu bán hàng,3331-Thuế GTGT đầu ra,632-Giá vốn hàng bán,156-Hàng hóa,commerce_distribution_erp_scenario_v1,LIGHTBI_SCENARIO_ENTITY_001,VND,all_declared_accounting_money_columns,Asia/Ho_Chi_Minh,authentic_anchored_semi_synthetic_evidence,sample data/Accounting_ERP_May_2026.csv,3c59da1c10c67ab974dfd204b737402aff1c28d748665949942579fb5fb1a2fd,158,1.0.0
INV20260500158,JV20260500158,SO20260500158,2026-05-03,HCM-Q1,NV029,Trả góp,KT-63AE81,Ấm siêu tốc,Kangaroo,Daikin,1,706481,0.05,671156,0.08,53692,724848,385000,385000,286156,0.4264,724848,671156,53692,385000,385000,131-Phải thu khách hàng,511-Doanh thu bán hàng,3331-Thuế GTGT đầu ra,632-Giá vốn hàng bán,156-Hàng hóa,commerce_distribution_erp_scenario_v1,LIGHTBI_SCENARIO_ENTITY_001,VND,all_declared_accounting_money_columns,Asia/Ho_Chi_Minh,authentic_anchored_semi_synthetic_evidence,sample data/Accounting_ERP_May_2026.csv,3c59da1c10c67ab974dfd204b737402aff1c28d748665949942579fb5fb1a2fd,159,1.0.0
INV20260500159,JV20260500159,SO20260500159,2026-05-10,HCM-Q7,NV002,Tiền mặt,KT-54AD13,Ấm siêu tốc,Philips,Samsung,3,568986,0.03,1655749,0.08,132459,1788208,328000,984000,671749,0.4057,1788208,1655749,132459,984000,984000,131-Phải thu khách hàng,511-Doanh thu bán hàng,3331-Thuế GTGT đầu ra,632-Giá vốn hàng bán,156-Hàng hóa,commerce_distribution_erp_scenario_v1,LIGHTBI_SCENARIO_ENTITY_001,VND,all_declared_accounting_money_columns,Asia/Ho_Chi_Minh,authentic_anchored_semi_synthetic_evidence,sample data/Accounting_ERP_May_2026.csv,3c59da1c10c67ab974dfd204b737402aff1c28d748665949942579fb5fb1a2fd,160,1.0.0
INV20260500160,JV20260500160,SO20260500160,2026-05-01,BD-TDM,NV020,Ví điện tử,RF-555CFD,Tủ lạnh,LG 420L,Cuckoo,2,21364006,0.16,35891530,0.08,2871322,38762852,16679000,33358000,2533530,0.0706,38762852,35891530,2871322,33358000,33358000,131-Phải thu khách hàng,511-Doanh thu bán hàng,3331-Thuế GTGT đầu ra,632-Giá vốn hàng bán,156-Hàng hóa,commerce_distribution_erp_scenario_v1,LIGHTBI_SCENARIO_ENTITY_001,VND,all_declared_accounting_money_columns,Asia/Ho_Chi_Minh,authentic_anchored_semi_synthetic_evidence,sample data/Accounting_ERP_May_2026.csv,3c59da1c10c67ab974dfd204b737402aff1c28d748665949942579fb5fb1a2fd,161,1.0.0
INV20260500161,JV20260500161,SO20260500161,2026-05-11,HN-CG,NV015,Trả góp,RF-A0C9D4,Tủ lạnh,LG 420L,Panasonic,3,10363826,0.16,26116841,0.08,2089347,28206188,8392000,25176000,940841,0.036,28206188,26116841,2089347,25176000,25176000,131-Phải thu khách hàng,511-Doanh thu bán hàng,3331-Thuế GTGT đầu ra,632-Giá vốn hàng bán,156-Hàng hóa,commerce_distribution_erp_scenario_v1,LIGHTBI_SCENARIO_ENTITY_001,VND,all_declared_accounting_money_columns,Asia/Ho_Chi_Minh,authentic_anchored_semi_synthetic_evidence,sample data/Accounting_ERP_May_2026.csv,3c59da1c10c67ab974dfd204b737402aff1c28d748665949942579fb5fb1a2fd,162,1.0.0
INV20260500162,JV20260500162,SO20260500162,2026-05-31,BD-TDM,NV030,Tiền mặt,FN-47B1B0,Quạt,Senko,Toshiba,1,2458221,0.16,2064905,0.08,165192,2230097,1367000,1367000,697905,0.338,2230097,2064905,165192,1367000,1367000,131-Phải thu khách hàng,511-Doanh thu bán hàng,3331-Thuế GTGT đầu ra,632-Giá vốn hàng bán,156-Hàng hóa,commerce_distribution_erp_scenario_v1,LIGHTBI_SCENARIO_ENTITY_001,VND,all_declared_accounting_money_columns,Asia/Ho_Chi_Minh,authentic_anchored_semi_synthetic_evidence,sample data/Accounting_ERP_May_2026.csv,3c59da1c10c67ab974dfd204b737402aff1c28d748665949942579fb5fb1a2fd,163,1.0.0
INV20260500163,JV20260500163,SO20260500163,2026-05-22,HCM-TB,NV008,Ví điện tử,FN-FE30E7,Quạt,Panasonic,Senko,1,971252,0.05,922689,0.08,73815,996504,541000,541000,381689,0.4137,996504,922689,73815,541000,541000,131-Phải thu khách hàng,511-Doanh thu bán hàng,3331-Thuế GTGT đầu ra,632-Giá vốn hàng bán,156-Hàng hóa,commerce_distribution_erp_scenario_v1,LIGHTBI_SCENARIO_ENTITY_001,VND,all_declared_accounting_money_columns,Asia/Ho_Chi_Minh,authentic_anchored_semi_synthetic_evidence,sample data/Accounting_ERP_May_2026.csv,3c59da1c10c67ab974dfd204b737402aff1c28d748665949942579fb5fb1a2fd,164,1.0.0
INV20260500164,JV20260500164,SO20260500164,2026-05-29,BD-TDM,NV018,Ví điện tử,FN-AB0CC6,Quạt,Asia,Xiaomi,1,1991345,0.13,1732470,0.08,138597,1871067,1299000,1299000,433470,0.2502,1871067,1732470,138597,1299000,1299000,131-Phải thu khách hàng,511-Doanh thu bán hàng,3331-Thuế GTGT đầu ra,632-Giá vốn hàng bán,156-Hàng hóa,commerce_distribution_erp_scenario_v1,LIGHTBI_SCENARIO_ENTITY_001,VND,all_declared_accounting_money_columns,Asia/Ho_Chi_Minh,authentic_anchored_semi_synthetic_evidence,sample data/Accounting_ERP_May_2026.csv,3c59da1c10c67ab974dfd204b737402aff1c28d748665949942579fb5fb1a2fd,165,1.0.0
INV20260500165,JV20260500165,SO20260500165,2026-05-21,HCM-Q1,NV003,Chuyển khoản,AC-C1535B,Máy lạnh,Panasonic 1.5HP,Asia,2,13786489,0.03,26745788,0.08,2139663,28885451,10996000,21992000,4753788,0.1777,28885451,26745788,2139663,21992000,21992000,131-Phải thu khách hàng,511-Doanh thu bán hàng,3331-Thuế GTGT đầu ra,632-Giá vốn hàng bán,156-Hàng hóa,commerce_distribution_erp_scenario_v1,LIGHTBI_SCENARIO_ENTITY_001,VND,all_declared_accounting_money_columns,Asia/Ho_Chi_Minh,authentic_anchored_semi_synthetic_evidence,sample data/Accounting_ERP_May_2026.csv,3c59da1c10c67ab974dfd204b737402aff1c28d748665949942579fb5fb1a2fd,166,1.0.0
INV20260500166,JV20260500166,SO20260500166,2026-05-22,HCM-Q1,NV027,Tiền mặt,AC-496EEC,Máy lạnh,Casper 1HP,Philips,3,17225571,0.14,44441973,0.08,3555357,47997330,14326000,42978000,1463973,0.0329,47997330,44441973,3555357,42978000,42978000,131-Phải thu khách hàng,511-Doanh thu bán hàng,3331-Thuế GTGT đầu ra,632-Giá vốn hàng bán,156-Hàng hóa,commerce_distribution_erp_scenario_v1,LIGHTBI_SCENARIO_ENTITY_001,VND,all_declared_accounting_money_columns,Asia/Ho_Chi_Minh,authentic_anchored_semi_synthetic_evidence,sample data/Accounting_ERP_May_2026.csv,3c59da1c10c67ab974dfd204b737402aff1c28d748665949942579fb5fb1a2fd,167,1.0.0
INV20260500167,JV20260500167,SO20260500167,2026-05-23,HCM-Q7,NV020,Ví điện tử,FN-A7C1D9,Quạt,Asia,LG,1,1406647,0.02,1378514,0.08,110281,1488795,1026000,1026000,352514,0.2557,1488795,1378514,110281,1026000,1026000,131-Phải thu khách hàng,511-Doanh thu bán hàng,3331-Thuế GTGT đầu ra,632-Giá vốn hàng bán,156-Hàng hóa,commerce_distribution_erp_scenario_v1,LIGHTBI_SCENARIO_ENTITY_001,VND,all_declared_accounting_money_columns,Asia/Ho_Chi_Minh,authentic_anchored_semi_synthetic_evidence,sample data/Accounting_ERP_May_2026.csv,3c59da1c10c67ab974dfd204b737402aff1c28d748665949942579fb5fb1a2fd,168,1.0.0
INV20260500168,JV20260500168,SO20260500168,2026-05-23,CT-NK,NV024,Tiền mặt,VC-B711CC,Máy hút bụi,Xiaomi G10,Panasonic,1,4494270,0.06,4224613,0.08,337969,4562582,3328000,3328000,896613,0.2122,4562582,4224613,337969,3328000,3328000,131-Phải thu khách hàng,511-Doanh thu bán hàng,3331-Thuế GTGT đầu ra,632-Giá vốn hàng bán,156-Hàng hóa,commerce_distribution_erp_scenario_v1,LIGHTBI_SCENARIO_ENTITY_001,VND,all_declared_accounting_money_columns,Asia/Ho_Chi_Minh,authentic_anchored_semi_synthetic_evidence,sample data/Accounting_ERP_May_2026.csv,3c59da1c10c67ab974dfd204b737402aff1c28d748665949942579fb5fb1a2fd,169,1.0.0
INV20260500169,JV20260500169,SO20260500169,2026-05-11,HCM-TB,NV025,Thẻ,FN-374368,Quạt,Senko,Panasonic,1,1586748,0.14,1364603,0.08,109168,1473771,1032000,1032000,332603,0.2437,1473771,1364603,109168,1032000,1032000,131-Phải thu khách hàng,511-Doanh thu bán hàng,3331-Thuế GTGT đầu ra,632-Giá vốn hàng bán,156-Hàng hóa,commerce_distribution_erp_scenario_v1,LIGHTBI_SCENARIO_ENTITY_001,VND,all_declared_accounting_money_columns,Asia/Ho_Chi_Minh,authentic_anchored_semi_synthetic_evidence,sample data/Accounting_ERP_May_2026.csv,3c59da1c10c67ab974dfd204b737402aff1c28d748665949942579fb5fb1a2fd,170,1.0.0
INV20260500170,JV20260500170,SO20260500170,2026-05-05,HCM-TB,NV019,Trả góp,AC-691AE0,Máy lạnh,Casper 1HP,LG,1,8427614,0.09,7669128,0.08,613530,8282658,6417000,6417000,1252128,0.1633,8282658,7669128,613530,6417000,6417000,131-Phải thu khách hàng,511-Doanh thu bán hàng,3331-Thuế GTGT đầu ra,632-Giá vốn hàng bán,156-Hàng hóa,commerce_distribution_erp_scenario_v1,LIGHTBI_SCENARIO_ENTITY_001,VND,all_declared_accounting_money_columns,Asia/Ho_Chi_Minh,authentic_anchored_semi_synthetic_evidence,sample data/Accounting_ERP_May_2026.csv,3c59da1c10c67ab974dfd204b737402aff1c28d748665949942579fb5fb1a2fd,171,1.0.0
INV20260500171,JV20260500171,SO20260500171,2026-05-31,BD-TDM,NV018,Tiền mặt,AC-3E9D78,Máy lạnh,Mitsubishi 1.5HP,Electrolux,3,13639213,0.18,33552463,0.08,2684197,36236660,10012000,30036000,3516463,0.1048,36236660,33552463,2684197,30036000,30036000,131-Phải thu khách hàng,511-Doanh thu bán hàng,3331-Thuế GTGT đầu ra,632-Giá vốn hàng bán,156-Hàng hóa,commerce_distribution_erp_scenario_v1,LIGHTBI_SCENARIO_ENTITY_001,VND,all_declared_accounting_money_columns,Asia/Ho_Chi_Minh,authentic_anchored_semi_synthetic_evidence,sample data/Accounting_ERP_May_2026.csv,3c59da1c10c67ab974dfd204b737402aff1c28d748665949942579fb5fb1a2fd,172,1.0.0
INV20260500172,JV20260500172,SO20260500172,2026-05-22,HN-CG,NV019,Ví điện tử,MW-E148C6,Lò vi sóng,Electrolux 23L,Casper,3,4305275,0.01,12786666,0.08,1022933,13809599,2883000,8649000,4137666,0.3236,13809599,12786666,1022933,8649000,8649000,131-Phải thu khách hàng,511-Doanh thu bán hàng,3331-Thuế GTGT đầu ra,632-Giá vốn hàng bán,156-Hàng hóa,commerce_distribution_erp_scenario_v1,LIGHTBI_SCENARIO_ENTITY_001,VND,all_declared_accounting_money_columns,Asia/Ho_Chi_Minh,authentic_anchored_semi_synthetic_evidence,sample data/Accounting_ERP_May_2026.csv,3c59da1c10c67ab974dfd204b737402aff1c28d748665949942579fb5fb1a2fd,173,1.0.0
INV20260500173,JV20260500173,SO20260500173,2026-05-31,BD-TDM,NV021,Trả góp,AC-D15C8F,Máy lạnh,Daikin 1HP,Xiaomi,2,20107773,0.07,37400457,0.08,2992036,40392493,14208000,28416000,8984457,0.2402,40392493,37400457,2992036,28416000,28416000,131-Phải thu khách hàng,511-Doanh thu bán hàng,3331-Thuế GTGT đầu ra,632-Giá vốn hàng bán,156-Hàng hóa,commerce_distribution_erp_scenario_v1,LIGHTBI_SCENARIO_ENTITY_001,VND,all_declared_accounting_money_columns,Asia/Ho_Chi_Minh,authentic_anchored_semi_synthetic_evidence,sample data/Accounting_ERP_May_2026.csv,3c59da1c10c67ab974dfd204b737402aff1c28d748665949942579fb5fb1a2fd,174,1.0.0
INV20260500174,JV20260500174,SO20260500174,2026-05-30,HCM-TB,NV010,Chuyển khoản,KT-925318,Ấm siêu tốc,Philips,Toshiba,1,980693,0.04,941465,0.08,75317,1016782,514000,514000,427465,0.454,1016782,941465,75317,514000,514000,131-Phải thu khách hàng,511-Doanh thu bán hàng,3331-Thuế GTGT đầu ra,632-Giá vốn hàng bán,156-Hàng hóa,commerce_distribution_erp_scenario_v1,LIGHTBI_SCENARIO_ENTITY_001,VND,all_declared_accounting_money_columns,Asia/Ho_Chi_Minh,authentic_anchored_semi_synthetic_evidence,sample data/Accounting_ERP_May_2026.csv,3c59da1c10c67ab974dfd204b737402aff1c28d748665949942579fb5fb1a2fd,175,1.0.0
INV20260500175,JV20260500175,SO20260500175,2026-05-27,HCM-Q1,NV012,Thẻ,TV-469414,TV,"Sony 65""",LG,2,11409539,0.14,19624407,0.08,1569952,21194359,9462000,18924000,700407,0.0357,21194359,19624407,1569952,18924000,18924000,131-Phải thu khách hàng,511-Doanh thu bán hàng,3331-Thuế GTGT đầu ra,632-Giá vốn hàng bán,156-Hàng hóa,commerce_distribution_erp_scenario_v1,LIGHTBI_SCENARIO_ENTITY_001,VND,all_declared_accounting_money_columns,Asia/Ho_Chi_Minh,authentic_anchored_semi_synthetic_evidence,sample data/Accounting_ERP_May_2026.csv,3c59da1c10c67ab974dfd204b737402aff1c28d748665949942579fb5fb1a2fd,176,1.0.0
INV20260500176,JV20260500176,SO20260500176,2026-05-03,HCM-Q1,NV007,Tiền mặt,AC-F32BBC,Máy lạnh,Mitsubishi 1.5HP,Mitsubishi,3,11957444,0.1,32285098,0.08,2582807,34867905,8525000,25575000,6710098,0.2078,34867905,32285098,2582807,25575000,25575000,131-Phải thu khách hàng,511-Doanh thu bán hàng,3331-Thuế GTGT đầu ra,632-Giá vốn hàng bán,156-Hàng hóa,commerce_distribution_erp_scenario_v1,LIGHTBI_SCENARIO_ENTITY_001,VND,all_declared_accounting_money_columns,Asia/Ho_Chi_Minh,authentic_anchored_semi_synthetic_evidence,sample data/Accounting_ERP_May_2026.csv,3c59da1c10c67ab974dfd204b737402aff1c28d748665949942579fb5fb1a2fd,177,1.0.0
INV20260500177,JV20260500177,SO20260500177,2026-05-30,HCM-TB,NV026,Ví điện tử,AC-249FC9,Máy lạnh,Daikin 1HP,Panasonic,1,14693779,0.2,11755023,0.08,940401,12695424,10780000,10780000,975023,0.0829,12695424,11755023,940401,10780000,10780000,131-Phải thu khách hàng,511-Doanh thu bán hàng,3331-Thuế GTGT đầu ra,632-Giá vốn hàng bán,156-Hàng hóa,commerce_distribution_erp_scenario_v1,LIGHTBI_SCENARIO_ENTITY_001,VND,all_declared_accounting_money_columns,Asia/Ho_Chi_Minh,authentic_anchored_semi_synthetic_evidence,sample data/Accounting_ERP_May_2026.csv,3c59da1c10c67ab974dfd204b737402aff1c28d748665949942579fb5fb1a2fd,178,1.0.0
INV20260500178,JV20260500178,SO20260500178,2026-05-01,CT-NK,NV026,Chuyển khoản,FN-5366D0,Quạt,Senko,Senko,3,1678278,0.12,4430653,0.08,354452,4785105,958000,2874000,1556653,0.3513,4785105,4430653,354452,2874000,2874000,131-Phải thu khách hàng,511-Doanh thu bán hàng,3331-Thuế GTGT đầu ra,632-Giá vốn hàng bán,156-Hàng hóa,commerce_distribution_erp_scenario_v1,LIGHTBI_SCENARIO_ENTITY_001,VND,all_declared_accounting_money_columns,Asia/Ho_Chi_Minh,authentic_anchored_semi_synthetic_evidence,sample data/Accounting_ERP_May_2026.csv,3c59da1c10c67ab974dfd204b737402aff1c28d748665949942579fb5fb1a2fd,179,1.0.0
INV20260500179,JV20260500179,SO20260500179,2026-05-20,HCM-TB,NV008,Chuyển khoản,VC-049BC9,Máy hút bụi,Xiaomi G10,Mitsubishi,2,3817216,0.08,7023677,0.08,561894,7585571,2363000,4726000,2297677,0.3271,7585571,7023677,561894,4726000,4726000,131-Phải thu khách hàng,511-Doanh thu bán hàng,3331-Thuế GTGT đầu ra,632-Giá vốn hàng bán,156-Hàng hóa,commerce_distribution_erp_scenario_v1,LIGHTBI_SCENARIO_ENTITY_001,VND,all_declared_accounting_money_columns,Asia/Ho_Chi_Minh,authentic_anchored_semi_synthetic_evidence,sample data/Accounting_ERP_May_2026.csv,3c59da1c10c67ab974dfd204b737402aff1c28d748665949942579fb5fb1a2fd,180,1.0.0
INV20260500180,JV20260500180,SO20260500180,2026-05-20,DN-HC,NV011,Chuyển khoản,VC-490623,Máy hút bụi,Philips FC,LG,1,2237456,0.06,2103208,0.08,168256,2271464,1378000,1378000,725208,0.3448,2271464,2103208,168256,1378000,1378000,131-Phải thu khách hàng,511-Doanh thu bán hàng,3331-Thuế GTGT đầu ra,632-Giá vốn hàng bán,156-Hàng hóa,commerce_distribution_erp_scenario_v1,LIGHTBI_SCENARIO_ENTITY_001,VND,all_declared_accounting_money_columns,Asia/Ho_Chi_Minh,authentic_anchored_semi_synthetic_evidence,sample data/Accounting_ERP_May_2026.csv,3c59da1c10c67ab974dfd204b737402aff1c28d748665949942579fb5fb1a2fd,181,1.0.0
INV20260500181,JV20260500181,SO20260500181,2026-05-01,HCM-Q7,NV002,Tiền mặt,RF-86779E,Tủ lạnh,Panasonic 300L,Sony,3,17734188,0.09,48414333,0.08,3873146,52287479,14746000,44238000,4176333,0.0863,52287479,48414333,3873146,44238000,44238000,131-Phải thu khách hàng,511-Doanh thu bán hàng,3331-Thuế GTGT đầu ra,632-Giá vốn hàng bán,156-Hàng hóa,commerce_distribution_erp_scenario_v1,LIGHTBI_SCENARIO_ENTITY_001,VND,all_declared_accounting_money_columns,Asia/Ho_Chi_Minh,authentic_anchored_semi_synthetic_evidence,sample data/Accounting_ERP_May_2026.csv,3c59da1c10c67ab974dfd204b737402aff1c28d748665949942579fb5fb1a2fd,182,1.0.0
INV20260500182,JV20260500182,SO20260500182,2026-05-21,HCM-Q1,NV018,Ví điện tử,RC-FA47F8,Nồi cơm,Cuckoo 1.8L,Aqua,1,2200852,0.09,2002775,0.08,160222,2162997,1310000,1310000,692775,0.3459,2162997,2002775,160222,1310000,1310000,131-Phải thu khách hàng,511-Doanh thu bán hàng,3331-Thuế GTGT đầu ra,632-Giá vốn hàng bán,156-Hàng hóa,commerce_distribution_erp_scenario_v1,LIGHTBI_SCENARIO_ENTITY_001,VND,all_declared_accounting_money_columns,Asia/Ho_Chi_Minh,authentic_anchored_semi_synthetic_evidence,sample data/Accounting_ERP_May_2026.csv,3c59da1c10c67ab974dfd204b737402aff1c28d748665949942579fb5fb1a2fd,183,1.0.0
INV20260500183,JV20260500183,SO20260500183,2026-05-25,DN-HC,NV023,Tiền mặt,TV-1C16CC,TV,"Samsung 55"" 4K",Sony,1,29674187,0.16,24926317,0.08,1994105,26920422,25500000,25500000,-573683,-0.023,26920422,24926317,1994105,25500000,25500000,131-Phải thu khách hàng,511-Doanh thu bán hàng,3331-Thuế GTGT đầu ra,632-Giá vốn hàng bán,156-Hàng hóa,commerce_distribution_erp_scenario_v1,LIGHTBI_SCENARIO_ENTITY_001,VND,all_declared_accounting_money_columns,Asia/Ho_Chi_Minh,authentic_anchored_semi_synthetic_evidence,sample data/Accounting_ERP_May_2026.csv,3c59da1c10c67ab974dfd204b737402aff1c28d748665949942579fb5fb1a2fd,184,1.0.0
INV20260500184,JV20260500184,SO20260500184,2026-05-15,HN-HBT,NV010,Chuyển khoản,RF-4A3E4F,Tủ lạnh,Aqua 250L,Daikin,2,5500135,0.12,9680237,0.08,774418,10454655,4523000,9046000,634237,0.0655,10454655,9680237,774418,9046000,9046000,131-Phải thu khách hàng,511-Doanh thu bán hàng,3331-Thuế GTGT đầu ra,632-Giá vốn hàng bán,156-Hàng hóa,commerce_distribution_erp_scenario_v1,LIGHTBI_SCENARIO_ENTITY_001,VND,all_declared_accounting_money_columns,Asia/Ho_Chi_Minh,authentic_anchored_semi_synthetic_evidence,sample data/Accounting_ERP_May_2026.csv,3c59da1c10c67ab974dfd204b737402aff1c28d748665949942579fb5fb1a2fd,185,1.0.0
INV20260500185,JV20260500185,SO20260500185,2026-05-30,HN-CG,NV010,Chuyển khoản,FN-AB0CC6,Quạt,Asia,Xiaomi,1,1491914,0.04,1432237,0.08,114578,1546815,1028000,1028000,404237,0.2822,1546815,1432237,114578,1028000,1028000,131-Phải thu khách hàng,511-Doanh thu bán hàng,3331-Thuế GTGT đầu ra,632-Giá vốn hàng bán,156-Hàng hóa,commerce_distribution_erp_scenario_v1,LIGHTBI_SCENARIO_ENTITY_001,VND,all_declared_accounting_money_columns,Asia/Ho_Chi_Minh,authentic_anchored_semi_synthetic_evidence,sample data/Accounting_ERP_May_2026.csv,3c59da1c10c67ab974dfd204b737402aff1c28d748665949942579fb5fb1a2fd,186,1.0.0
INV20260500186,JV20260500186,SO20260500186,2026-05-12,DN-HC,NV020,Tiền mặt,FN-FB4782,Quạt,Panasonic,Electrolux,1,1313644,0.01,1300507,0.08,104040,1404547,905000,905000,395507,0.3041,1404547,1300507,104040,905000,905000,131-Phải thu khách hàng,511-Doanh thu bán hàng,3331-Thuế GTGT đầu ra,632-Giá vốn hàng bán,156-Hàng hóa,commerce_distribution_erp_scenario_v1,LIGHTBI_SCENARIO_ENTITY_001,VND,all_declared_accounting_money_columns,Asia/Ho_Chi_Minh,authentic_anchored_semi_synthetic_evidence,sample data/Accounting_ERP_May_2026.csv,3c59da1c10c67ab974dfd204b737402aff1c28d748665949942579fb5fb1a2fd,187,1.0.0
INV20260500187,JV20260500187,SO20260500187,2026-05-15,HCM-Q7,NV018,Chuyển khoản,MW-3E4330,Lò vi sóng,Sharp 20L,Samsung,2,4402269,0.18,7219721,0.08,577577,7797298,2875000,5750000,1469721,0.2036,7797298,7219721,577577,5750000,5750000,131-Phải thu khách hàng,511-Doanh thu bán hàng,3331-Thuế GTGT đầu ra,632-Giá vốn hàng bán,156-Hàng hóa,commerce_distribution_erp_scenario_v1,LIGHTBI_SCENARIO_ENTITY_001,VND,all_declared_accounting_money_columns,Asia/Ho_Chi_Minh,authentic_anchored_semi_synthetic_evidence,sample data/Accounting_ERP_May_2026.csv,3c59da1c10c67ab974dfd204b737402aff1c28d748665949942579fb5fb1a2fd,188,1.0.0
INV20260500188,JV20260500188,SO20260500188,2026-05-07,HCM-Q1,NV027,Trả góp,RC-23C464,Nồi cơm,Sharp 1.8L,Xiaomi,2,3970761,0.13,6909124,0.08,552729,7461853,2403000,4806000,2103124,0.3044,7461853,6909124,552729,4806000,4806000,131-Phải thu khách hàng,511-Doanh thu bán hàng,3331-Thuế GTGT đầu ra,632-Giá vốn hàng bán,156-Hàng hóa,commerce_distribution_erp_scenario_v1,LIGHTBI_SCENARIO_ENTITY_001,VND,all_declared_accounting_money_columns,Asia/Ho_Chi_Minh,authentic_anchored_semi_synthetic_evidence,sample data/Accounting_ERP_May_2026.csv,3c59da1c10c67ab974dfd204b737402aff1c28d748665949942579fb5fb1a2fd,189,1.0.0
INV20260500189,JV20260500189,SO20260500189,2026-05-16,HN-CG,NV025,Chuyển khoản,MW-21A949,Lò vi sóng,Panasonic 25L,Cuckoo,2,2610133,0.0,5220266,0.08,417621,5637887,1993000,3986000,1234266,0.2364,5637887,5220266,417621,3986000,3986000,131-Phải thu khách hàng,511-Doanh thu bán hàng,3331-Thuế GTGT đầu ra,632-Giá vốn hàng bán,156-Hàng hóa,commerce_distribution_erp_scenario_v1,LIGHTBI_SCENARIO_ENTITY_001,VND,all_declared_accounting_money_columns,Asia/Ho_Chi_Minh,authentic_anchored_semi_synthetic_evidence,sample data/Accounting_ERP_May_2026.csv,3c59da1c10c67ab974dfd204b737402aff1c28d748665949942579fb5fb1a2fd,190,1.0.0
INV20260500190,JV20260500190,SO20260500190,2026-05-11,HCM-Q1,NV003,Ví điện tử,TV-DE1879,TV,"Samsung 55"" 4K",Asia,2,21725359,0.17,36064095,0.08,2885127,38949222,18984000,37968000,-1903905,-0.0528,38949222,36064095,2885127,37968000,37968000,131-Phải thu khách hàng,511-Doanh thu bán hàng,3331-Thuế GTGT đầu ra,632-Giá vốn hàng bán,156-Hàng hóa,commerce_distribution_erp_scenario_v1,LIGHTBI_SCENARIO_ENTITY_001,VND,all_declared_accounting_money_columns,Asia/Ho_Chi_Minh,authentic_anchored_semi_synthetic_evidence,sample data/Accounting_ERP_May_2026.csv,3c59da1c10c67ab974dfd204b737402aff1c28d748665949942579fb5fb1a2fd,191,1.0.0
INV20260500191,JV20260500191,SO20260500191,2026-05-22,HCM-TB,NV021,Thẻ,VC-2544A1,Máy hút bụi,Dyson V8,Cuckoo,2,8856403,0.19,14347372,0.08,1147789,15495161,6471000,12942000,1405372,0.098,15495161,14347372,1147789,12942000,12942000,131-Phải thu khách hàng,511-Doanh thu bán hàng,3331-Thuế GTGT đầu ra,632-Giá vốn hàng bán,156-Hàng hóa,commerce_distribution_erp_scenario_v1,LIGHTBI_SCENARIO_ENTITY_001,VND,all_declared_accounting_money_columns,Asia/Ho_Chi_Minh,authentic_anchored_semi_synthetic_evidence,sample data/Accounting_ERP_May_2026.csv,3c59da1c10c67ab974dfd204b737402aff1c28d748665949942579fb5fb1a2fd,192,1.0.0
INV20260500192,JV20260500192,SO20260500192,2026-05-03,HCM-TB,NV017,Thẻ,BL-A57566,Máy xay,Panasonic Blender,Aqua,2,840830,0.16,1412594,0.08,113007,1525601,487000,974000,438594,0.3105,1525601,1412594,113007,974000,974000,131-Phải thu khách hàng,511-Doanh thu bán hàng,3331-Thuế GTGT đầu ra,632-Giá vốn hàng bán,156-Hàng hóa,commerce_distribution_erp_scenario_v1,LIGHTBI_SCENARIO_ENTITY_001,VND,all_declared_accounting_money_columns,Asia/Ho_Chi_Minh,authentic_anchored_semi_synthetic_evidence,sample data/Accounting_ERP_May_2026.csv,3c59da1c10c67ab974dfd204b737402aff1c28d748665949942579fb5fb1a2fd,193,1.0.0
INV20260500193,JV20260500193,SO20260500193,2026-05-17,HCM-Q1,NV017,Trả góp,MW-7ABF96,Lò vi sóng,Electrolux 23L,Panasonic,2,1238283,0.02,2427034,0.08,194162,2621196,844000,1688000,739034,0.3045,2621196,2427034,194162,1688000,1688000,131-Phải thu khách hàng,511-Doanh thu bán hàng,3331-Thuế GTGT đầu ra,632-Giá vốn hàng bán,156-Hàng hóa,commerce_distribution_erp_scenario_v1,LIGHTBI_SCENARIO_ENTITY_001,VND,all_declared_accounting_money_columns,Asia/Ho_Chi_Minh,authentic_anchored_semi_synthetic_evidence,sample data/Accounting_ERP_May_2026.csv,3c59da1c10c67ab974dfd204b737402aff1c28d748665949942579fb5fb1a2fd,194,1.0.0
INV20260500194,JV20260500194,SO20260500194,2026-05-16,HCM-TB,NV025,Tiền mặt,AC-9EB347,Máy lạnh,Panasonic 1.5HP,Xiaomi,3,18798242,0.03,54702884,0.08,4376230,59079114,14348000,43044000,11658884,0.2131,59079114,54702884,4376230,43044000,43044000,131-Phải thu khách hàng,511-Doanh thu bán hàng,3331-Thuế GTGT đầu ra,632-Giá vốn hàng bán,156-Hàng hóa,commerce_distribution_erp_scenario_v1,LIGHTBI_SCENARIO_ENTITY_001,VND,all_declared_accounting_money_columns,Asia/Ho_Chi_Minh,authentic_anchored_semi_synthetic_evidence,sample data/Accounting_ERP_May_2026.csv,3c59da1c10c67ab974dfd204b737402aff1c28d748665949942579fb5fb1a2fd,195,1.0.0
INV20260500195,JV20260500195,SO20260500195,2026-05-17,DN-HC,NV005,Tiền mặt,RC-607743,Nồi cơm,Cuckoo 1.8L,LG,2,2103485,0.09,3828342,0.08,306267,4134609,1561000,3122000,706342,0.1845,4134609,3828342,306267,3122000,3122000,131-Phải thu khách hàng,511-Doanh thu bán hàng,3331-Thuế GTGT đầu ra,632-Giá vốn hàng bán,156-Hàng hóa,commerce_distribution_erp_scenario_v1,LIGHTBI_SCENARIO_ENTITY_001,VND,all_declared_accounting_money_columns,Asia/Ho_Chi_Minh,authentic_anchored_semi_synthetic_evidence,sample data/Accounting_ERP_May_2026.csv,3c59da1c10c67ab974dfd204b737402aff1c28d748665949942579fb5fb1a2fd,196,1.0.0
INV20260500196,JV20260500196,SO20260500196,2026-05-21,HN-HBT,NV013,Ví điện tử,VC-E19461,Máy hút bụi,Dyson V8,Panasonic,1,3286372,0.18,2694825,0.08,215586,2910411,2584000,2584000,110825,0.0411,2910411,2694825,215586,2584000,2584000,131-Phải thu khách hàng,511-Doanh thu bán hàng,3331-Thuế GTGT đầu ra,632-Giá vốn hàng bán,156-Hàng hóa,commerce_distribution_erp_scenario_v1,LIGHTBI_SCENARIO_ENTITY_001,VND,all_declared_accounting_money_columns,Asia/Ho_Chi_Minh,authentic_anchored_semi_synthetic_evidence,sample data/Accounting_ERP_May_2026.csv,3c59da1c10c67ab974dfd204b737402aff1c28d748665949942579fb5fb1a2fd,197,1.0.0
INV20260500197,JV20260500197,SO20260500197,2026-05-10,HCM-TB,NV005,Trả góp,RC-E521C4,Nồi cơm,Sharp 1.8L,Electrolux,1,3141554,0.17,2607489,0.08,208599,2816088,2231000,2231000,376489,0.1444,2816088,2607489,208599,2231000,2231000,131-Phải thu khách hàng,511-Doanh thu bán hàng,3331-Thuế GTGT đầu ra,632-Giá vốn hàng bán,156-Hàng hóa,commerce_distribution_erp_scenario_v1,LIGHTBI_SCENARIO_ENTITY_001,VND,all_declared_accounting_money_columns,Asia/Ho_Chi_Minh,authentic_anchored_semi_synthetic_evidence,sample data/Accounting_ERP_May_2026.csv,3c59da1c10c67ab974dfd204b737402aff1c28d748665949942579fb5fb1a2fd,198,1.0.0
INV20260500198,JV20260500198,SO20260500198,2026-05-16,HN-HBT,NV007,Thẻ,BL-F7CCD6,Máy xay,Sunhouse Blender,Asia,3,1122818,0.07,3132662,0.08,250612,3383274,634000,1902000,1230662,0.3928,3383274,3132662,250612,1902000,1902000,131-Phải thu khách hàng,511-Doanh thu bán hàng,3331-Thuế GTGT đầu ra,632-Giá vốn hàng bán,156-Hàng hóa,commerce_distribution_erp_scenario_v1,LIGHTBI_SCENARIO_ENTITY_001,VND,all_declared_accounting_money_columns,Asia/Ho_Chi_Minh,authentic_anchored_semi_synthetic_evidence,sample data/Accounting_ERP_May_2026.csv,3c59da1c10c67ab974dfd204b737402aff1c28d748665949942579fb5fb1a2fd,199,1.0.0
INV20260500199,JV20260500199,SO20260500199,2026-05-19,HCM-TB,NV021,Chuyển khoản,VC-DE537A,Máy hút bụi,Dyson V8,Electrolux,3,11790321,0.04,33956124,0.08,2716489,36672613,7945000,23835000,10121124,0.2981,36672613,33956124,2716489,23835000,23835000,131-Phải thu khách hàng,511-Doanh thu bán hàng,3331-Thuế GTGT đầu ra,632-Giá vốn hàng bán,156-Hàng hóa,commerce_distribution_erp_scenario_v1,LIGHTBI_SCENARIO_ENTITY_001,VND,all_declared_accounting_money_columns,Asia/Ho_Chi_Minh,authentic_anchored_semi_synthetic_evidence,sample data/Accounting_ERP_May_2026.csv,3c59da1c10c67ab974dfd204b737402aff1c28d748665949942579fb5fb1a2fd,200,1.0.0
INV20260500200,JV20260500200,SO20260500200,2026-05-25,HCM-Q7,NV022,Thẻ,TV-6DF2DA,TV,"TCL 50""",Electrolux,3,22962544,0.18,56487858,0.08,4519028,61006886,19840000,59520000,-3032142,-0.0537,61006886,56487858,4519028,59520000,59520000,131-Phải thu khách hàng,511-Doanh thu bán hàng,3331-Thuế GTGT đầu ra,632-Giá vốn hàng bán,156-Hàng hóa,commerce_distribution_erp_scenario_v1,LIGHTBI_SCENARIO_ENTITY_001,VND,all_declared_accounting_money_columns,Asia/Ho_Chi_Minh,authentic_anchored_semi_synthetic_evidence,sample data/Accounting_ERP_May_2026.csv,3c59da1c10c67ab974dfd204b737402aff1c28d748665949942579fb5fb1a2fd,201,1.0.0
INV20260500201,JV20260500201,SO20260500201,2026-05-22,HN-CG,NV027,Trả góp,MW-95E139,Lò vi sóng,Sharp 20L,Philips,2,5276255,0.05,10024884,0.08,801990,10826874,3747000,7494000,2530884,0.2525,10826874,10024884,801990,7494000,7494000,131-Phải thu khách hàng,511-Doanh thu bán hàng,3331-Thuế GTGT đầu ra,632-Giá vốn hàng bán,156-Hàng hóa,commerce_distribution_erp_scenario_v1,LIGHTBI_SCENARIO_ENTITY_001,VND,all_declared_accounting_money_columns,Asia/Ho_Chi_Minh,authentic_anchored_semi_synthetic_evidence,sample data/Accounting_ERP_May_2026.csv,3c59da1c10c67ab974dfd204b737402aff1c28d748665949942579fb5fb1a2fd,202,1.0.0
INV20260500202,JV20260500202,SO20260500202,2026-05-26,CT-NK,NV012,Chuyển khoản,RC-CCF100,Nồi cơm,Sharp 1.8L,Sunhouse,3,864002,0.09,2358725,0.08,188698,2547423,571000,1713000,645725,0.2738,2547423,2358725,188698,1713000,1713000,131-Phải thu khách hàng,511-Doanh thu bán hàng,3331-Thuế GTGT đầu ra,632-Giá vốn hàng bán,156-Hàng hóa,commerce_distribution_erp_scenario_v1,LIGHTBI_SCENARIO_ENTITY_001,VND,all_declared_accounting_money_columns,Asia/Ho_Chi_Minh,authentic_anchored_semi_synthetic_evidence,sample data/Accounting_ERP_May_2026.csv,3c59da1c10c67ab974dfd204b737402aff1c28d748665949942579fb5fb1a2fd,203,1.0.0
INV20260500203,JV20260500203,SO20260500203,2026-05-20,HCM-Q1,NV003,Tiền mặt,MW-1E7D48,Lò vi sóng,Sharp 20L,Xiaomi,1,3843192,0.15,3266713,0.08,261337,3528050,2535000,2535000,731713,0.224,3528050,3266713,261337,2535000,2535000,131-Phải thu khách hàng,511-Doanh thu bán hàng,3331-Thuế GTGT đầu ra,632-Giá vốn hàng bán,156-Hàng hóa,commerce_distribution_erp_scenario_v1,LIGHTBI_SCENARIO_ENTITY_001,VND,all_declared_accounting_money_columns,Asia/Ho_Chi_Minh,authentic_anchored_semi_synthetic_evidence,sample data/Accounting_ERP_May_2026.csv,3c59da1c10c67ab974dfd204b737402aff1c28d748665949942579fb5fb1a2fd,204,1.0.0
INV20260500204,JV20260500204,SO20260500204,2026-05-04,HCM-Q7,NV004,Trả góp,RC-3972B5,Nồi cơm,Sharp 1.8L,Samsung,3,1071304,0.07,2988938,0.08,239115,3228053,803000,2409000,579938,0.194,3228053,2988938,239115,2409000,2409000,131-Phải thu khách hàng,511-Doanh thu bán hàng,3331-Thuế GTGT đầu ra,632-Giá vốn hàng bán,156-Hàng hóa,commerce_distribution_erp_scenario_v1,LIGHTBI_SCENARIO_ENTITY_001,VND,all_declared_accounting_money_columns,Asia/Ho_Chi_Minh,authentic_anchored_semi_synthetic_evidence,sample data/Accounting_ERP_May_2026.csv,3c59da1c10c67ab974dfd204b737402aff1c28d748665949942579fb5fb1a2fd,205,1.0.0
INV20260500205,JV20260500205,SO20260500205,2026-05-23,HCM-Q1,NV014,Ví điện tử,RC-CCF100,Nồi cơm,Sharp 1.8L,Sunhouse,2,2365079,0.08,4351745,0.08,348139,4699884,1394000,2788000,1563745,0.3593,4699884,4351745,348139,2788000,2788000,131-Phải thu khách hàng,511-Doanh thu bán hàng,3331-Thuế GTGT đầu ra,632-Giá vốn hàng bán,156-Hàng hóa,commerce_distribution_erp_scenario_v1,LIGHTBI_SCENARIO_ENTITY_001,VND,all_declared_accounting_money_columns,Asia/Ho_Chi_Minh,authentic_anchored_semi_synthetic_evidence,sample data/Accounting_ERP_May_2026.csv,3c59da1c10c67ab974dfd204b737402aff1c28d748665949942579fb5fb1a2fd,206,1.0.0
INV20260500206,JV20260500206,SO20260500206,2026-05-15,HCM-Q7,NV028,Ví điện tử,BL-653303,Máy xay,Sunhouse Blender,Philips,3,1602240,0.12,4229913,0.08,338393,4568306,1084000,3252000,977913,0.2312,4568306,4229913,338393,3252000,3252000,131-Phải thu khách hàng,511-Doanh thu bán hàng,3331-Thuế GTGT đầu ra,632-Giá vốn hàng bán,156-Hàng hóa,commerce_distribution_erp_scenario_v1,LIGHTBI_SCENARIO_ENTITY_001,VND,all_declared_accounting_money_columns,Asia/Ho_Chi_Minh,authentic_anchored_semi_synthetic_evidence,sample data/Accounting_ERP_May_2026.csv,3c59da1c10c67ab974dfd204b737402aff1c28d748665949942579fb5fb1a2fd,207,1.0.0
INV20260500207,JV20260500207,SO20260500207,2026-05-25,HCM-Q1,NV027,Trả góp,MW-3E4330,Lò vi sóng,Sharp 20L,Samsung,2,5928721,0.07,11027421,0.08,882193,11909614,4470000,8940000,2087421,0.1893,11909614,11027421,882193,8940000,8940000,131-Phải thu khách hàng,511-Doanh thu bán hàng,3331-Thuế GTGT đầu ra,632-Giá vốn hàng bán,156-Hàng hóa,commerce_distribution_erp_scenario_v1,LIGHTBI_SCENARIO_ENTITY_001,VND,all_declared_accounting_money_columns,Asia/Ho_Chi_Minh,authentic_anchored_semi_synthetic_evidence,sample data/Accounting_ERP_May_2026.csv,3c59da1c10c67ab974dfd204b737402aff1c28d748665949942579fb5fb1a2fd,208,1.0.0
INV20260500208,JV20260500208,SO20260500208,2026-05-18,HCM-TB,NV014,Ví điện tử,KT-A5DE2B,Ấm siêu tốc,Philips,Senko,3,965814,0.16,2433851,0.08,194708,2628559,690000,2070000,363851,0.1495,2628559,2433851,194708,2070000,2070000,131-Phải thu khách hàng,511-Doanh thu bán hàng,3331-Thuế GTGT đầu ra,632-Giá vốn hàng bán,156-Hàng hóa,commerce_distribution_erp_scenario_v1,LIGHTBI_SCENARIO_ENTITY_001,VND,all_declared_accounting_money_columns,Asia/Ho_Chi_Minh,authentic_anchored_semi_synthetic_evidence,sample data/Accounting_ERP_May_2026.csv,3c59da1c10c67ab974dfd204b737402aff1c28d748665949942579fb5fb1a2fd,209,1.0.0
INV20260500209,JV20260500209,SO20260500209,2026-05-26,CT-NK,NV024,Chuyển khoản,RF-7AFE5C,Tủ lạnh,LG 420L,Electrolux,2,23200701,0.1,41761261,0.08,3340900,45102161,19601000,39202000,2559261,0.0613,45102161,41761261,3340900,39202000,39202000,131-Phải thu khách hàng,511-Doanh thu bán hàng,3331-Thuế GTGT đầu ra,632-Giá vốn hàng bán,156-Hàng hóa,commerce_distribution_erp_scenario_v1,LIGHTBI_SCENARIO_ENTITY_001,VND,all_declared_accounting_money_columns,Asia/Ho_Chi_Minh,authentic_anchored_semi_synthetic_evidence,sample data/Accounting_ERP_May_2026.csv,3c59da1c10c67ab974dfd204b737402aff1c28d748665949942579fb5fb1a2fd,210,1.0.0
INV20260500210,JV20260500210,SO20260500210,2026-05-17,DN-HC,NV011,Chuyển khoản,WM-758BD9,Máy giặt,Panasonic 8.5kg,Xiaomi,1,14909724,0.05,14164237,0.08,1133138,15297375,12302000,12302000,1862237,0.1315,15297375,14164237,1133138,12302000,12302000,131-Phải thu khách hàng,511-Doanh thu bán hàng,3331-Thuế GTGT đầu ra,632-Giá vốn hàng bán,156-Hàng hóa,commerce_distribution_erp_scenario_v1,LIGHTBI_SCENARIO_ENTITY_001,VND,all_declared_accounting_money_columns,Asia/Ho_Chi_Minh,authentic_anchored_semi_synthetic_evidence,sample data/Accounting_ERP_May_2026.csv,3c59da1c10c67ab974dfd204b737402aff1c28d748665949942579fb5fb1a2fd,211,1.0.0
INV20260500211,JV20260500211,SO20260500211,2026-05-27,HCM-Q1,NV028,Tiền mặt,AC-0202C4,Máy lạnh,Mitsubishi 1.5HP,Senko,2,9014719,0.04,17308260,0.08,1384660,18692920,7516000,15032000,2276260,0.1315,18692920,17308260,1384660,15032000,15032000,131-Phải thu khách hàng,511-Doanh thu bán hàng,3331-Thuế GTGT đầu ra,632-Giá vốn hàng bán,156-Hàng hóa,commerce_distribution_erp_scenario_v1,LIGHTBI_SCENARIO_ENTITY_001,VND,all_declared_accounting_money_columns,Asia/Ho_Chi_Minh,authentic_anchored_semi_synthetic_evidence,sample data/Accounting_ERP_May_2026.csv,3c59da1c10c67ab974dfd204b737402aff1c28d748665949942579fb5fb1a2fd,212,1.0.0
INV20260500212,JV20260500212,SO20260500212,2026-05-26,HCM-TB,NV015,Trả góp,VC-4DCE77,Máy hút bụi,Dyson V8,Toshiba,1,3556475,0.05,3378651,0.08,270292,3648943,2673000,2673000,705651,0.2089,3648943,3378651,270292,2673000,2673000,131-Phải thu khách hàng,511-Doanh thu bán hàng,3331-Thuế GTGT đầu ra,632-Giá vốn hàng bán,156-Hàng hóa,commerce_distribution_erp_scenario_v1,LIGHTBI_SCENARIO_ENTITY_001,VND,all_declared_accounting_money_columns,Asia/Ho_Chi_Minh,authentic_anchored_semi_synthetic_evidence,sample data/Accounting_ERP_May_2026.csv,3c59da1c10c67ab974dfd204b737402aff1c28d748665949942579fb5fb1a2fd,213,1.0.0
INV20260500213,JV20260500213,SO20260500213,2026-05-20,HN-CG,NV024,Thẻ,AC-462093,Máy lạnh,Casper 1HP,Daikin,3,18441328,0.02,54217504,0.08,4337400,58554904,15240000,45720000,8497504,0.1567,58554904,54217504,4337400,45720000,45720000,131-Phải thu khách hàng,511-Doanh thu bán hàng,3331-Thuế GTGT đầu ra,632-Giá vốn hàng bán,156-Hàng hóa,commerce_distribution_erp_scenario_v1,LIGHTBI_SCENARIO_ENTITY_001,VND,all_declared_accounting_money_columns,Asia/Ho_Chi_Minh,authentic_anchored_semi_synthetic_evidence,sample data/Accounting_ERP_May_2026.csv,3c59da1c10c67ab974dfd204b737402aff1c28d748665949942579fb5fb1a2fd,214,1.0.0
INV20260500214,JV20260500214,SO20260500214,2026-05-26,HN-CG,NV018,Ví điện tử,MW-CC5E2E,Lò vi sóng,Electrolux 23L,Electrolux,2,3886547,0.12,6840322,0.08,547225,7387547,3021000,6042000,798322,0.1167,7387547,6840322,547225,6042000,6042000,131-Phải thu khách hàng,511-Doanh thu bán hàng,3331-Thuế GTGT đầu ra,632-Giá vốn hàng bán,156-Hàng hóa,commerce_distribution_erp_scenario_v1,LIGHTBI_SCENARIO_ENTITY_001,VND,all_declared_accounting_money_columns,Asia/Ho_Chi_Minh,authentic_anchored_semi_synthetic_evidence,sample data/Accounting_ERP_May_2026.csv,3c59da1c10c67ab974dfd204b737402aff1c28d748665949942579fb5fb1a2fd,215,1.0.0
INV20260500215,JV20260500215,SO20260500215,2026-05-09,DN-HC,NV004,Ví điện tử,TV-91B89E,TV,"TCL 50""",Toshiba,2,31813056,0.11,56627239,0.08,4530179,61157418,27475000,54950000,1677239,0.0296,61157418,56627239,4530179,54950000,54950000,131-Phải thu khách hàng,511-Doanh thu bán hàng,3331-Thuế GTGT đầu ra,632-Giá vốn hàng bán,156-Hàng hóa,commerce_distribution_erp_scenario_v1,LIGHTBI_SCENARIO_ENTITY_001,VND,all_declared_accounting_money_columns,Asia/Ho_Chi_Minh,authentic_anchored_semi_synthetic_evidence,sample data/Accounting_ERP_May_2026.csv,3c59da1c10c67ab974dfd204b737402aff1c28d748665949942579fb5fb1a2fd,216,1.0.0
INV20260500216,JV20260500216,SO20260500216,2026-05-01,CT-NK,NV010,Thẻ,TV-751610,TV,"TCL 50""",Daikin,2,16004595,0.14,27527903,0.08,2202232,29730135,12680000,25360000,2167903,0.0788,29730135,27527903,2202232,25360000,25360000,131-Phải thu khách hàng,511-Doanh thu bán hàng,3331-Thuế GTGT đầu ra,632-Giá vốn hàng bán,156-Hàng hóa,commerce_distribution_erp_scenario_v1,LIGHTBI_SCENARIO_ENTITY_001,VND,all_declared_accounting_money_columns,Asia/Ho_Chi_Minh,authentic_anchored_semi_synthetic_evidence,sample data/Accounting_ERP_May_2026.csv,3c59da1c10c67ab974dfd204b737402aff1c28d748665949942579fb5fb1a2fd,217,1.0.0
INV20260500217,JV20260500217,SO20260500217,2026-05-16,HCM-TB,NV005,Tiền mặt,WM-3E2B9E,Máy giặt,Toshiba 9kg,Cuckoo,2,12673177,0.15,21544400,0.08,1723552,23267952,9620000,19240000,2304400,0.107,23267952,21544400,1723552,19240000,19240000,131-Phải thu khách hàng,511-Doanh thu bán hàng,3331-Thuế GTGT đầu ra,632-Giá vốn hàng bán,156-Hàng hóa,commerce_distribution_erp_scenario_v1,LIGHTBI_SCENARIO_ENTITY_001,VND,all_declared_accounting_money_columns,Asia/Ho_Chi_Minh,authentic_anchored_semi_synthetic_evidence,sample data/Accounting_ERP_May_2026.csv,3c59da1c10c67ab974dfd204b737402aff1c28d748665949942579fb5fb1a2fd,218,1.0.0
INV20260500218,JV20260500218,SO20260500218,2026-05-11,BD-TDM,NV016,Thẻ,TV-6CC437,TV,"TCL 50""",Samsung,1,9341239,0.06,8780764,0.08,702461,9483225,7293000,7293000,1487764,0.1694,9483225,8780764,702461,7293000,7293000,131-Phải thu khách hàng,511-Doanh thu bán hàng,3331-Thuế GTGT đầu ra,632-Giá vốn hàng bán,156-Hàng hóa,commerce_distribution_erp_scenario_v1,LIGHTBI_SCENARIO_ENTITY_001,VND,all_declared_accounting_money_columns,Asia/Ho_Chi_Minh,authentic_anchored_semi_synthetic_evidence,sample data/Accounting_ERP_May_2026.csv,3c59da1c10c67ab974dfd204b737402aff1c28d748665949942579fb5fb1a2fd,219,1.0.0
INV20260500219,JV20260500219,SO20260500219,2026-05-21,HN-HBT,NV026,Thẻ,FN-05A833,Quạt,Asia,Aqua,2,1893505,0.12,3332568,0.08,266605,3599173,1359000,2718000,614568,0.1844,3599173,3332568,266605,2718000,2718000,131-Phải thu khách hàng,511-Doanh thu bán hàng,3331-Thuế GTGT đầu ra,632-Giá vốn hàng bán,156-Hàng hóa,commerce_distribution_erp_scenario_v1,LIGHTBI_SCENARIO_ENTITY_001,VND,all_declared_accounting_money_columns,Asia/Ho_Chi_Minh,authentic_anchored_semi_synthetic_evidence,sample data/Accounting_ERP_May_2026.csv,3c59da1c10c67ab974dfd204b737402aff1c28d748665949942579fb5fb1a2fd,220,1.0.0
INV20260500220,JV20260500220,SO20260500220,2026-05-30,HN-HBT,NV017,Ví điện tử,RC-DF1FB9,Nồi cơm,Sunhouse 1.2L,Sunhouse,2,3727738,0.13,6486264,0.08,518901,7005165,2360000,4720000,1766264,0.2723,7005165,6486264,518901,4720000,4720000,131-Phải thu khách hàng,511-Doanh thu bán hàng,3331-Thuế GTGT đầu ra,632-Giá vốn hàng bán,156-Hàng hóa,commerce_distribution_erp_scenario_v1,LIGHTBI_SCENARIO_ENTITY_001,VND,all_declared_accounting_money_columns,Asia/Ho_Chi_Minh,authentic_anchored_semi_synthetic_evidence,sample data/Accounting_ERP_May_2026.csv,3c59da1c10c67ab974dfd204b737402aff1c28d748665949942579fb5fb1a2fd,221,1.0.0
INV20260500221,JV20260500221,SO20260500221,2026-05-02,HN-CG,NV001,Ví điện tử,RC-5D6078,Nồi cơm,Cuckoo 1.8L,Sunhouse,1,3756146,0.17,3117601,0.08,249408,3367009,2723000,2723000,394601,0.1266,3367009,3117601,249408,2723000,2723000,131-Phải thu khách hàng,511-Doanh thu bán hàng,3331-Thuế GTGT đầu ra,632-Giá vốn hàng bán,156-Hàng hóa,commerce_distribution_erp_scenario_v1,LIGHTBI_SCENARIO_ENTITY_001,VND,all_declared_accounting_money_columns,Asia/Ho_Chi_Minh,authentic_anchored_semi_synthetic_evidence,sample data/Accounting_ERP_May_2026.csv,3c59da1c10c67ab974dfd204b737402aff1c28d748665949942579fb5fb1a2fd,222,1.0.0
INV20260500222,JV20260500222,SO20260500222,2026-05-07,HCM-TB,NV009,Tiền mặt,RF-FA61AD,Tủ lạnh,Panasonic 300L,Samsung,1,8447243,0.09,7686991,0.08,614959,8301950,6479000,6479000,1207991,0.1571,8301950,7686991,614959,6479000,6479000,131-Phải thu khách hàng,511-Doanh thu bán hàng,3331-Thuế GTGT đầu ra,632-Giá vốn hàng bán,156-Hàng hóa,commerce_distribution_erp_scenario_v1,LIGHTBI_SCENARIO_ENTITY_001,VND,all_declared_accounting_money_columns,Asia/Ho_Chi_Minh,authentic_anchored_semi_synthetic_evidence,sample data/Accounting_ERP_May_2026.csv,3c59da1c10c67ab974dfd204b737402aff1c28d748665949942579fb5fb1a2fd,223,1.0.0
INV20260500223,JV20260500223,SO20260500223,2026-05-18,CT-NK,NV017,Trả góp,RC-E5BE41,Nồi cơm,Sharp 1.8L,Casper,2,919479,0.06,1728620,0.08,138289,1866909,607000,1214000,514620,0.2977,1866909,1728620,138289,1214000,1214000,131-Phải thu khách hàng,511-Doanh thu bán hàng,3331-Thuế GTGT đầu ra,632-Giá vốn hàng bán,156-Hàng hóa,commerce_distribution_erp_scenario_v1,LIGHTBI_SCENARIO_ENTITY_001,VND,all_declared_accounting_money_columns,Asia/Ho_Chi_Minh,authentic_anchored_semi_synthetic_evidence,sample data/Accounting_ERP_May_2026.csv,3c59da1c10c67ab974dfd204b737402aff1c28d748665949942579fb5fb1a2fd,224,1.0.0
INV20260500224,JV20260500224,SO20260500224,2026-05-11,HN-CG,NV021,Chuyển khoản,WM-5ED0A1,Máy giặt,Samsung 10kg,Cuckoo,3,13897191,0.08,38356247,0.08,3068499,41424746,11394000,34182000,4174247,0.1088,41424746,38356247,3068499,34182000,34182000,131-Phải thu khách hàng,511-Doanh thu bán hàng,3331-Thuế GTGT đầu ra,632-Giá vốn hàng bán,156-Hàng hóa,commerce_distribution_erp_scenario_v1,LIGHTBI_SCENARIO_ENTITY_001,VND,all_declared_accounting_money_columns,Asia/Ho_Chi_Minh,authentic_anchored_semi_synthetic_evidence,sample data/Accounting_ERP_May_2026.csv,3c59da1c10c67ab974dfd204b737402aff1c28d748665949942579fb5fb1a2fd,225,1.0.0
INV20260500225,JV20260500225,SO20260500225,2026-05-23,HCM-Q1,NV017,Trả góp,RC-443576,Nồi cơm,Sharp 1.8L,Asia,1,2399018,0.0,2399018,0.08,191921,2590939,1602000,1602000,797018,0.3322,2590939,2399018,191921,1602000,1602000,131-Phải thu khách hàng,511-Doanh thu bán hàng,3331-Thuế GTGT đầu ra,632-Giá vốn hàng bán,156-Hàng hóa,commerce_distribution_erp_scenario_v1,LIGHTBI_SCENARIO_ENTITY_001,VND,all_declared_accounting_money_columns,Asia/Ho_Chi_Minh,authentic_anchored_semi_synthetic_evidence,sample data/Accounting_ERP_May_2026.csv,3c59da1c10c67ab974dfd204b737402aff1c28d748665949942579fb5fb1a2fd,226,1.0.0
INV20260500226,JV20260500226,SO20260500226,2026-05-17,BD-TDM,NV027,Tiền mặt,KT-63AE81,Ấm siêu tốc,Kangaroo,Daikin,3,1306830,0.18,3214801,0.08,257184,3471985,789000,2367000,847801,0.2637,3471985,3214801,257184,2367000,2367000,131-Phải thu khách hàng,511-Doanh thu bán hàng,3331-Thuế GTGT đầu ra,632-Giá vốn hàng bán,156-Hàng hóa,commerce_distribution_erp_scenario_v1,LIGHTBI_SCENARIO_ENTITY_001,VND,all_declared_accounting_money_columns,Asia/Ho_Chi_Minh,authentic_anchored_semi_synthetic_evidence,sample data/Accounting_ERP_May_2026.csv,3c59da1c10c67ab974dfd204b737402aff1c28d748665949942579fb5fb1a2fd,227,1.0.0
INV20260500227,JV20260500227,SO20260500227,2026-05-12,DN-HC,NV026,Ví điện tử,VC-354E06,Máy hút bụi,Dyson V8,Senko,2,9567652,0.03,18561244,0.08,1484899,20046143,5906000,11812000,6749244,0.3636,20046143,18561244,1484899,11812000,11812000,131-Phải thu khách hàng,511-Doanh thu bán hàng,3331-Thuế GTGT đầu ra,632-Giá vốn hàng bán,156-Hàng hóa,commerce_distribution_erp_scenario_v1,LIGHTBI_SCENARIO_ENTITY_001,VND,all_declared_accounting_money_columns,Asia/Ho_Chi_Minh,authentic_anchored_semi_synthetic_evidence,sample data/Accounting_ERP_May_2026.csv,3c59da1c10c67ab974dfd204b737402aff1c28d748665949942579fb5fb1a2fd,228,1.0.0
INV20260500228,JV20260500228,SO20260500228,2026-05-10,DN-HC,NV027,Tiền mặt,VC-AA028D,Máy hút bụi,Xiaomi G10,Daikin,2,10611363,0.1,19100453,0.08,1528036,20628489,7794000,15588000,3512453,0.1839,20628489,19100453,1528036,15588000,15588000,131-Phải thu khách hàng,511-Doanh thu bán hàng,3331-Thuế GTGT đầu ra,632-Giá vốn hàng bán,156-Hàng hóa,commerce_distribution_erp_scenario_v1,LIGHTBI_SCENARIO_ENTITY_001,VND,all_declared_accounting_money_columns,Asia/Ho_Chi_Minh,authentic_anchored_semi_synthetic_evidence,sample data/Accounting_ERP_May_2026.csv,3c59da1c10c67ab974dfd204b737402aff1c28d748665949942579fb5fb1a2fd,229,1.0.0
INV20260500229,JV20260500229,SO20260500229,2026-05-23,DN-HC,NV016,Chuyển khoản,WM-255403,Máy giặt,LG 9kg,Daikin,1,7680131,0.15,6528111,0.08,522248,7050359,6015000,6015000,513111,0.0786,7050359,6528111,522248,6015000,6015000,131-Phải thu khách hàng,511-Doanh thu bán hàng,3331-Thuế GTGT đầu ra,632-Giá vốn hàng bán,156-Hàng hóa,commerce_distribution_erp_scenario_v1,LIGHTBI_SCENARIO_ENTITY_001,VND,all_declared_accounting_money_columns,Asia/Ho_Chi_Minh,authentic_anchored_semi_synthetic_evidence,sample data/Accounting_ERP_May_2026.csv,3c59da1c10c67ab974dfd204b737402aff1c28d748665949942579fb5fb1a2fd,230,1.0.0
INV20260500230,JV20260500230,SO20260500230,2026-05-01,DN-HC,NV007,Thẻ,AC-E8C723,Máy lạnh,Casper 1HP,Mitsubishi,2,7739377,0.12,13621303,0.08,1089704,14711007,5456000,10912000,2709303,0.1989,14711007,13621303,1089704,10912000,10912000,131-Phải thu khách hàng,511-Doanh thu bán hàng,3331-Thuế GTGT đầu ra,632-Giá vốn hàng bán,156-Hàng hóa,commerce_distribution_erp_scenario_v1,LIGHTBI_SCENARIO_ENTITY_001,VND,all_declared_accounting_money_columns,Asia/Ho_Chi_Minh,authentic_anchored_semi_synthetic_evidence,sample data/Accounting_ERP_May_2026.csv,3c59da1c10c67ab974dfd204b737402aff1c28d748665949942579fb5fb1a2fd,231,1.0.0
INV20260500231,JV20260500231,SO20260500231,2026-05-25,HN-HBT,NV011,Thẻ,FN-166747,Quạt,Senko,LG,2,649755,0.02,1273519,0.08,101881,1375400,376000,752000,521519,0.4095,1375400,1273519,101881,752000,752000,131-Phải thu khách hàng,511-Doanh thu bán hàng,3331-Thuế GTGT đầu ra,632-Giá vốn hàng bán,156-Hàng hóa,commerce_distribution_erp_scenario_v1,LIGHTBI_SCENARIO_ENTITY_001,VND,all_declared_accounting_money_columns,Asia/Ho_Chi_Minh,authentic_anchored_semi_synthetic_evidence,sample data/Accounting_ERP_May_2026.csv,3c59da1c10c67ab974dfd204b737402aff1c28d748665949942579fb5fb1a2fd,232,1.0.0
INV20260500232,JV20260500232,SO20260500232,2026-05-05,HCM-Q1,NV007,Ví điện tử,RF-6FD99B,Tủ lạnh,Panasonic 300L,Casper,3,17246863,0.14,44496906,0.08,3559752,48056658,13438000,40314000,4182906,0.094,48056658,44496906,3559752,40314000,40314000,131-Phải thu khách hàng,511-Doanh thu bán hàng,3331-Thuế GTGT đầu ra,632-Giá vốn hàng bán,156-Hàng hóa,commerce_distribution_erp_scenario_v1,LIGHTBI_SCENARIO_ENTITY_001,VND,all_declared_accounting_money_columns,Asia/Ho_Chi_Minh,authentic_anchored_semi_synthetic_evidence,sample data/Accounting_ERP_May_2026.csv,3c59da1c10c67ab974dfd204b737402aff1c28d748665949942579fb5fb1a2fd,233,1.0.0
INV20260500233,JV20260500233,SO20260500233,2026-05-24,HCM-Q1,NV022,Thẻ,FN-FF4EE8,Quạt,Panasonic,Sunhouse,2,2038366,0.15,3465222,0.08,277217,3742439,1214000,2428000,1037222,0.2993,3742439,3465222,277217,2428000,2428000,131-Phải thu khách hàng,511-Doanh thu bán hàng,3331-Thuế GTGT đầu ra,632-Giá vốn hàng bán,156-Hàng hóa,commerce_distribution_erp_scenario_v1,LIGHTBI_SCENARIO_ENTITY_001,VND,all_declared_accounting_money_columns,Asia/Ho_Chi_Minh,authentic_anchored_semi_synthetic_evidence,sample data/Accounting_ERP_May_2026.csv,3c59da1c10c67ab974dfd204b737402aff1c28d748665949942579fb5fb1a2fd,234,1.0.0
INV20260500234,JV20260500234,SO20260500234,2026-05-07,HN-CG,NV010,Chuyển khoản,MW-F2FBBA,Lò vi sóng,Panasonic 25L,Sunhouse,3,2838233,0.04,8174111,0.08,653928,8828039,2033000,6099000,2075111,0.2539,8828039,8174111,653928,6099000,6099000,131-Phải thu khách hàng,511-Doanh thu bán hàng,3331-Thuế GTGT đầu ra,632-Giá vốn hàng bán,156-Hàng hóa,commerce_distribution_erp_scenario_v1,LIGHTBI_SCENARIO_ENTITY_001,VND,all_declared_accounting_money_columns,Asia/Ho_Chi_Minh,authentic_anchored_semi_synthetic_evidence,sample data/Accounting_ERP_May_2026.csv,3c59da1c10c67ab974dfd204b737402aff1c28d748665949942579fb5fb1a2fd,235,1.0.0
INV20260500235,JV20260500235,SO20260500235,2026-05-05,CT-NK,NV017,Tiền mặt,TV-E47777,TV,LG OLED 48,Asia,1,34091548,0.02,33409717,0.08,2672777,36082494,26350000,26350000,7059717,0.2113,36082494,33409717,2672777,26350000,26350000,131-Phải thu khách hàng,511-Doanh thu bán hàng,3331-Thuế GTGT đầu ra,632-Giá vốn hàng bán,156-Hàng hóa,commerce_distribution_erp_scenario_v1,LIGHTBI_SCENARIO_ENTITY_001,VND,all_declared_accounting_money_columns,Asia/Ho_Chi_Minh,authentic_anchored_semi_synthetic_evidence,sample data/Accounting_ERP_May_2026.csv,3c59da1c10c67ab974dfd204b737402aff1c28d748665949942579fb5fb1a2fd,236,1.0.0
INV20260500236,JV20260500236,SO20260500236,2026-05-23,DN-HC,NV001,Thẻ,RC-C8DD6A,Nồi cơm,Panasonic 1.8L,LG,1,1181162,0.07,1098480,0.08,87878,1186358,789000,789000,309480,0.2817,1186358,1098480,87878,789000,789000,131-Phải thu khách hàng,511-Doanh thu bán hàng,3331-Thuế GTGT đầu ra,632-Giá vốn hàng bán,156-Hàng hóa,commerce_distribution_erp_scenario_v1,LIGHTBI_SCENARIO_ENTITY_001,VND,all_declared_accounting_money_columns,Asia/Ho_Chi_Minh,authentic_anchored_semi_synthetic_evidence,sample data/Accounting_ERP_May_2026.csv,3c59da1c10c67ab974dfd204b737402aff1c28d748665949942579fb5fb1a2fd,237,1.0.0
INV20260500237,JV20260500237,SO20260500237,2026-05-04,HCM-TB,NV025,Ví điện tử,RC-7580B4,Nồi cơm,Panasonic 1.8L,Panasonic,2,3626919,0.15,6165762,0.08,493260,6659022,2254000,4508000,1657762,0.2689,6659022,6165762,493260,4508000,4508000,131-Phải thu khách hàng,511-Doanh thu bán hàng,3331-Thuế GTGT đầu ra,632-Giá vốn hàng bán,156-Hàng hóa,commerce_distribution_erp_scenario_v1,LIGHTBI_SCENARIO_ENTITY_001,VND,all_declared_accounting_money_columns,Asia/Ho_Chi_Minh,authentic_anchored_semi_synthetic_evidence,sample data/Accounting_ERP_May_2026.csv,3c59da1c10c67ab974dfd204b737402aff1c28d748665949942579fb5fb1a2fd,238,1.0.0
INV20260500238,JV20260500238,SO20260500238,2026-05-20,HN-HBT,NV008,Chuyển khoản,BL-8778AF,Máy xay,Philips Blender,Mitsubishi,3,469347,0.2,1126432,0.08,90114,1216546,335000,1005000,121432,0.1078,1216546,1126432,90114,1005000,1005000,131-Phải thu khách hàng,511-Doanh thu bán hàng,3331-Thuế GTGT đầu ra,632-Giá vốn hàng bán,156-Hàng hóa,commerce_distribution_erp_scenario_v1,LIGHTBI_SCENARIO_ENTITY_001,VND,all_declared_accounting_money_columns,Asia/Ho_Chi_Minh,authentic_anchored_semi_synthetic_evidence,sample data/Accounting_ERP_May_2026.csv,3c59da1c10c67ab974dfd204b737402aff1c28d748665949942579fb5fb1a2fd,239,1.0.0
INV20260500239,JV20260500239,SO20260500239,2026-05-22,HCM-Q7,NV028,Trả góp,FN-A7C1D9,Quạt,Asia,LG,2,1606554,0.13,2795403,0.08,223632,3019035,1051000,2102000,693403,0.2481,3019035,2795403,223632,2102000,2102000,131-Phải thu khách hàng,511-Doanh thu bán hàng,3331-Thuế GTGT đầu ra,632-Giá vốn hàng bán,156-Hàng hóa,commerce_distribution_erp_scenario_v1,LIGHTBI_SCENARIO_ENTITY_001,VND,all_declared_accounting_money_columns,Asia/Ho_Chi_Minh,authentic_anchored_semi_synthetic_evidence,sample data/Accounting_ERP_May_2026.csv,3c59da1c10c67ab974dfd204b737402aff1c28d748665949942579fb5fb1a2fd,240,1.0.0
INV20260500240,JV20260500240,SO20260500240,2026-05-08,BD-TDM,NV016,Ví điện tử,VC-9C3BA7,Máy hút bụi,Xiaomi G10,Xiaomi,3,1949308,0.18,4795297,0.08,383623,5178920,1330000,3990000,805297,0.1679,5178920,4795297,383623,3990000,3990000,131-Phải thu khách hàng,511-Doanh thu bán hàng,3331-Thuế GTGT đầu ra,632-Giá vốn hàng bán,156-Hàng hóa,commerce_distribution_erp_scenario_v1,LIGHTBI_SCENARIO_ENTITY_001,VND,all_declared_accounting_money_columns,Asia/Ho_Chi_Minh,authentic_anchored_semi_synthetic_evidence,sample data/Accounting_ERP_May_2026.csv,3c59da1c10c67ab974dfd204b737402aff1c28d748665949942579fb5fb1a2fd,241,1.0.0
INV20260500241,JV20260500241,SO20260500241,2026-05-08,HN-HBT,NV005,Ví điện tử,WM-758BD9,Máy giặt,Panasonic 8.5kg,Xiaomi,3,8319814,0.04,23961064,0.08,1916885,25877949,6120000,18360000,5601064,0.2338,25877949,23961064,1916885,18360000,18360000,131-Phải thu khách hàng,511-Doanh thu bán hàng,3331-Thuế GTGT đầu ra,632-Giá vốn hàng bán,156-Hàng hóa,commerce_distribution_erp_scenario_v1,LIGHTBI_SCENARIO_ENTITY_001,VND,all_declared_accounting_money_columns,Asia/Ho_Chi_Minh,authentic_anchored_semi_synthetic_evidence,sample data/Accounting_ERP_May_2026.csv,3c59da1c10c67ab974dfd204b737402aff1c28d748665949942579fb5fb1a2fd,242,1.0.0
INV20260500242,JV20260500242,SO20260500242,2026-05-04,HCM-Q1,NV007,Trả góp,TV-3F699A,TV,LG OLED 48,Aqua,3,26677828,0.2,64026787,0.08,5122142,69148929,21269000,63807000,219787,0.0034,69148929,64026787,5122142,63807000,63807000,131-Phải thu khách hàng,511-Doanh thu bán hàng,3331-Thuế GTGT đầu ra,632-Giá vốn hàng bán,156-Hàng hóa,commerce_distribution_erp_scenario_v1,LIGHTBI_SCENARIO_ENTITY_001,VND,all_declared_accounting_money_columns,Asia/Ho_Chi_Minh,authentic_anchored_semi_synthetic_evidence,sample data/Accounting_ERP_May_2026.csv,3c59da1c10c67ab974dfd204b737402aff1c28d748665949942579fb5fb1a2fd,243,1.0.0
INV20260500243,JV20260500243,SO20260500243,2026-05-18,HCM-Q7,NV014,Tiền mặt,TV-BD30D1,TV,"TCL 50""",Asia,1,32187503,0.12,28325002,0.08,2266000,30591002,26532000,26532000,1793002,0.0633,30591002,28325002,2266000,26532000,26532000,131-Phải thu khách hàng,511-Doanh thu bán hàng,3331-Thuế GTGT đầu ra,632-Giá vốn hàng bán,156-Hàng hóa,commerce_distribution_erp_scenario_v1,LIGHTBI_SCENARIO_ENTITY_001,VND,all_declared_accounting_money_columns,Asia/Ho_Chi_Minh,authentic_anchored_semi_synthetic_evidence,sample data/Accounting_ERP_May_2026.csv,3c59da1c10c67ab974dfd204b737402aff1c28d748665949942579fb5fb1a2fd,244,1.0.0
INV20260500244,JV20260500244,SO20260500244,2026-05-29,HCM-TB,NV004,Trả góp,MW-E3450C,Lò vi sóng,Electrolux 23L,LG,3,4929396,0.07,13753014,0.08,1100241,14853255,3640000,10920000,2833014,0.206,14853255,13753014,1100241,10920000,10920000,131-Phải thu khách hàng,511-Doanh thu bán hàng,3331-Thuế GTGT đầu ra,632-Giá vốn hàng bán,156-Hàng hóa,commerce_distribution_erp_scenario_v1,LIGHTBI_SCENARIO_ENTITY_001,VND,all_declared_accounting_money_columns,Asia/Ho_Chi_Minh,authentic_anchored_semi_synthetic_evidence,sample data/Accounting_ERP_May_2026.csv,3c59da1c10c67ab974dfd204b737402aff1c28d748665949942579fb5fb1a2fd,245,1.0.0
INV20260500245,JV20260500245,SO20260500245,2026-05-21,HCM-Q7,NV021,Tiền mặt,VC-4BDADC,Máy hút bụi,Philips FC,Electrolux,1,7119970,0.18,5838375,0.08,467070,6305445,4805000,4805000,1033375,0.177,6305445,5838375,467070,4805000,4805000,131-Phải thu khách hàng,511-Doanh thu bán hàng,3331-Thuế GTGT đầu ra,632-Giá vốn hàng bán,156-Hàng hóa,commerce_distribution_erp_scenario_v1,LIGHTBI_SCENARIO_ENTITY_001,VND,all_declared_accounting_money_columns,Asia/Ho_Chi_Minh,authentic_anchored_semi_synthetic_evidence,sample data/Accounting_ERP_May_2026.csv,3c59da1c10c67ab974dfd204b737402aff1c28d748665949942579fb5fb1a2fd,246,1.0.0
INV20260500246,JV20260500246,SO20260500246,2026-05-16,HCM-Q1,NV016,Chuyển khoản,VC-A1C900,Máy hút bụi,Philips FC,Xiaomi,1,6026141,0.12,5303004,0.08,424240,5727244,4419000,4419000,884004,0.1667,5727244,5303004,424240,4419000,4419000,131-Phải thu khách hàng,511-Doanh thu bán hàng,3331-Thuế GTGT đầu ra,632-Giá vốn hàng bán,156-Hàng hóa,commerce_distribution_erp_scenario_v1,LIGHTBI_SCENARIO_ENTITY_001,VND,all_declared_accounting_money_columns,Asia/Ho_Chi_Minh,authentic_anchored_semi_synthetic_evidence,sample data/Accounting_ERP_May_2026.csv,3c59da1c10c67ab974dfd204b737402aff1c28d748665949942579fb5fb1a2fd,247,1.0.0
INV20260500247,JV20260500247,SO20260500247,2026-05-07,HCM-Q7,NV006,Chuyển khoản,BL-95987D,Máy xay,Philips Blender,Asia,3,2508932,0.05,7150456,0.08,572036,7722492,1414000,4242000,2908456,0.4068,7722492,7150456,572036,4242000,4242000,131-Phải thu khách hàng,511-Doanh thu bán hàng,3331-Thuế GTGT đầu ra,632-Giá vốn hàng bán,156-Hàng hóa,commerce_distribution_erp_scenario_v1,LIGHTBI_SCENARIO_ENTITY_001,VND,all_declared_accounting_money_columns,Asia/Ho_Chi_Minh,authentic_anchored_semi_synthetic_evidence,sample data/Accounting_ERP_May_2026.csv,3c59da1c10c67ab974dfd204b737402aff1c28d748665949942579fb5fb1a2fd,248,1.0.0
INV20260500248,JV20260500248,SO20260500248,2026-05-24,CT-NK,NV002,Tiền mặt,AC-D3705C,Máy lạnh,Daikin 1HP,LG,1,9411918,0.02,9223679,0.08,737894,9961573,7591000,7591000,1632679,0.177,9961573,9223679,737894,7591000,7591000,131-Phải thu khách hàng,511-Doanh thu bán hàng,3331-Thuế GTGT đầu ra,632-Giá vốn hàng bán,156-Hàng hóa,commerce_distribution_erp_scenario_v1,LIGHTBI_SCENARIO_ENTITY_001,VND,all_declared_accounting_money_columns,Asia/Ho_Chi_Minh,authentic_anchored_semi_synthetic_evidence,sample data/Accounting_ERP_May_2026.csv,3c59da1c10c67ab974dfd204b737402aff1c28d748665949942579fb5fb1a2fd,249,1.0.0
INV20260500249,JV20260500249,SO20260500249,2026-05-24,HN-HBT,NV003,Thẻ,VC-AA028D,Máy hút bụi,Xiaomi G10,Daikin,2,5312554,0.02,10412605,0.08,833008,11245613,3942000,7884000,2528605,0.2428,11245613,10412605,833008,7884000,7884000,131-Phải thu khách hàng,511-Doanh thu bán hàng,3331-Thuế GTGT đầu ra,632-Giá vốn hàng bán,156-Hàng hóa,commerce_distribution_erp_scenario_v1,LIGHTBI_SCENARIO_ENTITY_001,VND,all_declared_accounting_money_columns,Asia/Ho_Chi_Minh,authentic_anchored_semi_synthetic_evidence,sample data/Accounting_ERP_May_2026.csv,3c59da1c10c67ab974dfd204b737402aff1c28d748665949942579fb5fb1a2fd,250,1.0.0
INV20260500250,JV20260500250,SO20260500250,2026-05-12,HCM-Q1,NV018,Ví điện tử,VC-8877C5,Máy hút bụi,Philips FC,Daikin,3,7791354,0.18,19166730,0.08,1533338,20700068,5019000,15057000,4109730,0.2144,20700068,19166730,1533338,15057000,15057000,131-Phải thu khách hàng,511-Doanh thu bán hàng,3331-Thuế GTGT đầu ra,632-Giá vốn hàng bán,156-Hàng hóa,commerce_distribution_erp_scenario_v1,LIGHTBI_SCENARIO_ENTITY_001,VND,all_declared_accounting_money_columns,Asia/Ho_Chi_Minh,authentic_anchored_semi_synthetic_evidence,sample data/Accounting_ERP_May_2026.csv,3c59da1c10c67ab974dfd204b737402aff1c28d748665949942579fb5fb1a2fd,251,1.0.0
INV20260500251,JV20260500251,SO20260500251,2026-05-08,CT-NK,NV009,Chuyển khoản,WM-016674,Máy giặt,Samsung 10kg,Sunhouse,2,12907999,0.13,22459918,0.08,1796793,24256711,9787000,19574000,2885918,0.1285,24256711,22459918,1796793,19574000,19574000,131-Phải thu khách hàng,511-Doanh thu bán hàng,3331-Thuế GTGT đầu ra,632-Giá vốn hàng bán,156-Hàng hóa,commerce_distribution_erp_scenario_v1,LIGHTBI_SCENARIO_ENTITY_001,VND,all_declared_accounting_money_columns,Asia/Ho_Chi_Minh,authentic_anchored_semi_synthetic_evidence,sample data/Accounting_ERP_May_2026.csv,3c59da1c10c67ab974dfd204b737402aff1c28d748665949942579fb5fb1a2fd,252,1.0.0
INV20260500252,JV20260500252,SO20260500252,2026-05-23,HN-CG,NV016,Thẻ,MW-5F52F7,Lò vi sóng,Sharp 20L,Toshiba,2,4999648,0.06,9399338,0.08,751947,10151285,3486000,6972000,2427338,0.2582,10151285,9399338,751947,6972000,6972000,131-Phải thu khách hàng,511-Doanh thu bán hàng,3331-Thuế GTGT đầu ra,632-Giá vốn hàng bán,156-Hàng hóa,commerce_distribution_erp_scenario_v1,LIGHTBI_SCENARIO_ENTITY_001,VND,all_declared_accounting_money_columns,Asia/Ho_Chi_Minh,authentic_anchored_semi_synthetic_evidence,sample data/Accounting_ERP_May_2026.csv,3c59da1c10c67ab974dfd204b737402aff1c28d748665949942579fb5fb1a2fd,253,1.0.0
INV20260500253,JV20260500253,SO20260500253,2026-05-23,HN-HBT,NV017,Trả góp,MW-CC5E2E,Lò vi sóng,Electrolux 23L,Electrolux,3,4486281,0.09,12247547,0.08,979803,13227350,2900000,8700000,3547547,0.2897,13227350,12247547,979803,8700000,8700000,131-Phải thu khách hàng,511-Doanh thu bán hàng,3331-Thuế GTGT đầu ra,632-Giá vốn hàng bán,156-Hàng hóa,commerce_distribution_erp_scenario_v1,LIGHTBI_SCENARIO_ENTITY_001,VND,all_declared_accounting_money_columns,Asia/Ho_Chi_Minh,authentic_anchored_semi_synthetic_evidence,sample data/Accounting_ERP_May_2026.csv,3c59da1c10c67ab974dfd204b737402aff1c28d748665949942579fb5fb1a2fd,254,1.0.0
INV20260500254,JV20260500254,SO20260500254,2026-05-13,HCM-Q7,NV024,Thẻ,RF-37AAE4,Tủ lạnh,LG 420L,Philips,3,21472993,0.04,61842219,0.08,4947377,66789596,16974000,50922000,10920219,0.1766,66789596,61842219,4947377,50922000,50922000,131-Phải thu khách hàng,511-Doanh thu bán hàng,3331-Thuế GTGT đầu ra,632-Giá vốn hàng bán,156-Hàng hóa,commerce_distribution_erp_scenario_v1,LIGHTBI_SCENARIO_ENTITY_001,VND,all_declared_accounting_money_columns,Asia/Ho_Chi_Minh,authentic_anchored_semi_synthetic_evidence,sample data/Accounting_ERP_May_2026.csv,3c59da1c10c67ab974dfd204b737402aff1c28d748665949942579fb5fb1a2fd,255,1.0.0
INV20260500255,JV20260500255,SO20260500255,2026-05-02,BD-TDM,NV002,Trả góp,KT-DB0B2F,Ấm siêu tốc,Sunhouse,Mitsubishi,2,277492,0.16,466186,0.08,37294,503480,199000,398000,68186,0.1463,503480,466186,37294,398000,398000,131-Phải thu khách hàng,511-Doanh thu bán hàng,3331-Thuế GTGT đầu ra,632-Giá vốn hàng bán,156-Hàng hóa,commerce_distribution_erp_scenario_v1,LIGHTBI_SCENARIO_ENTITY_001,VND,all_declared_accounting_money_columns,Asia/Ho_Chi_Minh,authentic_anchored_semi_synthetic_evidence,sample data/Accounting_ERP_May_2026.csv,3c59da1c10c67ab974dfd204b737402aff1c28d748665949942579fb5fb1a2fd,256,1.0.0
INV20260500256,JV20260500256,SO20260500256,2026-05-03,HCM-TB,NV024,Ví điện tử,FN-A4A668,Quạt,Asia,Cuckoo,1,986390,0.14,848295,0.08,67863,916158,676000,676000,172295,0.2031,916158,848295,67863,676000,676000,131-Phải thu khách hàng,511-Doanh thu bán hàng,3331-Thuế GTGT đầu ra,632-Giá vốn hàng bán,156-Hàng hóa,commerce_distribution_erp_scenario_v1,LIGHTBI_SCENARIO_ENTITY_001,VND,all_declared_accounting_money_columns,Asia/Ho_Chi_Minh,authentic_anchored_semi_synthetic_evidence,sample data/Accounting_ERP_May_2026.csv,3c59da1c10c67ab974dfd204b737402aff1c28d748665949942579fb5fb1a2fd,257,1.0.0
INV20260500257,JV20260500257,SO20260500257,2026-05-27,HCM-Q1,NV017,Tiền mặt,FN-A7C1D9,Quạt,Asia,LG,3,736074,0.1,1987399,0.08,158991,2146390,470000,1410000,577399,0.2905,2146390,1987399,158991,1410000,1410000,131-Phải thu khách hàng,511-Doanh thu bán hàng,3331-Thuế GTGT đầu ra,632-Giá vốn hàng bán,156-Hàng hóa,commerce_distribution_erp_scenario_v1,LIGHTBI_SCENARIO_ENTITY_001,VND,all_declared_accounting_money_columns,Asia/Ho_Chi_Minh,authentic_anchored_semi_synthetic_evidence,sample data/Accounting_ERP_May_2026.csv,3c59da1c10c67ab974dfd204b737402aff1c28d748665949942579fb5fb1a2fd,258,1.0.0
INV20260500258,JV20260500258,SO20260500258,2026-05-21,HCM-TB,NV001,Chuyển khoản,FN-310542,Quạt,Senko,Casper,3,536033,0.01,1592018,0.08,127361,1719379,381000,1143000,449018,0.282,1719379,1592018,127361,1143000,1143000,131-Phải thu khách hàng,511-Doanh thu bán hàng,3331-Thuế GTGT đầu ra,632-Giá vốn hàng bán,156-Hàng hóa,commerce_distribution_erp_scenario_v1,LIGHTBI_SCENARIO_ENTITY_001,VND,all_declared_accounting_money_columns,Asia/Ho_Chi_Minh,authentic_anchored_semi_synthetic_evidence,sample data/Accounting_ERP_May_2026.csv,3c59da1c10c67ab974dfd204b737402aff1c28d748665949942579fb5fb1a2fd,259,1.0.0
INV20260500259,JV20260500259,SO20260500259,2026-05-19,HCM-Q1,NV001,Thẻ,BL-BF3F30,Máy xay,Panasonic Blender,Casper,2,869823,0.01,1722249,0.08,137779,1860028,624000,1248000,474249,0.2754,1860028,1722249,137779,1248000,1248000,131-Phải thu khách hàng,511-Doanh thu bán hàng,3331-Thuế GTGT đầu ra,632-Giá vốn hàng bán,156-Hàng hóa,commerce_distribution_erp_scenario_v1,LIGHTBI_SCENARIO_ENTITY_001,VND,all_declared_accounting_money_columns,Asia/Ho_Chi_Minh,authentic_anchored_semi_synthetic_evidence,sample data/Accounting_ERP_May_2026.csv,3c59da1c10c67ab974dfd204b737402aff1c28d748665949942579fb5fb1a2fd,260,1.0.0
INV20260500260,JV20260500260,SO20260500260,2026-05-19,HN-CG,NV020,Trả góp,AC-D7C5BD,Máy lạnh,Daikin 1HP,Daikin,2,19739720,0.19,31978346,0.08,2558267,34536613,16346000,32692000,-713654,-0.0223,34536613,31978346,2558267,32692000,32692000,131-Phải thu khách hàng,511-Doanh thu bán hàng,3331-Thuế GTGT đầu ra,632-Giá vốn hàng bán,156-Hàng hóa,commerce_distribution_erp_scenario_v1,LIGHTBI_SCENARIO_ENTITY_001,VND,all_declared_accounting_money_columns,Asia/Ho_Chi_Minh,authentic_anchored_semi_synthetic_evidence,sample data/Accounting_ERP_May_2026.csv,3c59da1c10c67ab974dfd204b737402aff1c28d748665949942579fb5fb1a2fd,261,1.0.0
INV20260500261,JV20260500261,SO20260500261,2026-05-12,HCM-Q7,NV001,Ví điện tử,VC-96423F,Máy hút bụi,Dyson V8,Xiaomi,2,9774554,0.15,16616741,0.08,1329339,17946080,7232000,14464000,2152741,0.1296,17946080,16616741,1329339,14464000,14464000,131-Phải thu khách hàng,511-Doanh thu bán hàng,3331-Thuế GTGT đầu ra,632-Giá vốn hàng bán,156-Hàng hóa,commerce_distribution_erp_scenario_v1,LIGHTBI_SCENARIO_ENTITY_001,VND,all_declared_accounting_money_columns,Asia/Ho_Chi_Minh,authentic_anchored_semi_synthetic_evidence,sample data/Accounting_ERP_May_2026.csv,3c59da1c10c67ab974dfd204b737402aff1c28d748665949942579fb5fb1a2fd,262,1.0.0
INV20260500262,JV20260500262,SO20260500262,2026-05-11,CT-NK,NV014,Tiền mặt,AC-818A33,Máy lạnh,Casper 1HP,Electrolux,2,18430840,0.07,34281362,0.08,2742508,37023870,14242000,28484000,5797362,0.1691,37023870,34281362,2742508,28484000,28484000,131-Phải thu khách hàng,511-Doanh thu bán hàng,3331-Thuế GTGT đầu ra,632-Giá vốn hàng bán,156-Hàng hóa,commerce_distribution_erp_scenario_v1,LIGHTBI_SCENARIO_ENTITY_001,VND,all_declared_accounting_money_columns,Asia/Ho_Chi_Minh,authentic_anchored_semi_synthetic_evidence,sample data/Accounting_ERP_May_2026.csv,3c59da1c10c67ab974dfd204b737402aff1c28d748665949942579fb5fb1a2fd,263,1.0.0
INV20260500263,JV20260500263,SO20260500263,2026-05-15,HCM-Q7,NV009,Tiền mặt,RF-F74DE6,Tủ lạnh,LG 420L,Toshiba,3,23356342,0.1,63062123,0.08,5044969,68107092,19454000,58362000,4700123,0.0745,68107092,63062123,5044969,58362000,58362000,131-Phải thu khách hàng,511-Doanh thu bán hàng,3331-Thuế GTGT đầu ra,632-Giá vốn hàng bán,156-Hàng hóa,commerce_distribution_erp_scenario_v1,LIGHTBI_SCENARIO_ENTITY_001,VND,all_declared_accounting_money_columns,Asia/Ho_Chi_Minh,authentic_anchored_semi_synthetic_evidence,sample data/Accounting_ERP_May_2026.csv,3c59da1c10c67ab974dfd204b737402aff1c28d748665949942579fb5fb1a2fd,264,1.0.0
INV20260500264,JV20260500264,SO20260500264,2026-05-22,HCM-Q1,NV004,Tiền mặt,RC-BCC6AD,Nồi cơm,Panasonic 1.8L,Sharp,1,3612921,0.18,2962595,0.08,237007,3199602,2202000,2202000,760595,0.2567,3199602,2962595,237007,2202000,2202000,131-Phải thu khách hàng,511-Doanh thu bán hàng,3331-Thuế GTGT đầu ra,632-Giá vốn hàng bán,156-Hàng hóa,commerce_distribution_erp_scenario_v1,LIGHTBI_SCENARIO_ENTITY_001,VND,all_declared_accounting_money_columns,Asia/Ho_Chi_Minh,authentic_anchored_semi_synthetic_evidence,sample data/Accounting_ERP_May_2026.csv,3c59da1c10c67ab974dfd204b737402aff1c28d748665949942579fb5fb1a2fd,265,1.0.0
INV20260500265,JV20260500265,SO20260500265,2026-05-19,HN-HBT,NV017,Trả góp,MW-A50B9A,Lò vi sóng,Electrolux 23L,Toshiba,2,4918998,0.13,8559056,0.08,684724,9243780,3275000,6550000,2009056,0.2347,9243780,8559056,684724,6550000,6550000,131-Phải thu khách hàng,511-Doanh thu bán hàng,3331-Thuế GTGT đầu ra,632-Giá vốn hàng bán,156-Hàng hóa,commerce_distribution_erp_scenario_v1,LIGHTBI_SCENARIO_ENTITY_001,VND,all_declared_accounting_money_columns,Asia/Ho_Chi_Minh,authentic_anchored_semi_synthetic_evidence,sample data/Accounting_ERP_May_2026.csv,3c59da1c10c67ab974dfd204b737402aff1c28d748665949942579fb5fb1a2fd,266,1.0.0
INV20260500266,JV20260500266,SO20260500266,2026-05-08,HN-CG,NV023,Trả góp,MW-03CA06,Lò vi sóng,Electrolux 23L,Aqua,2,5269745,0.05,10012515,0.08,801001,10813516,3426000,6852000,3160515,0.3157,10813516,10012515,801001,6852000,6852000,131-Phải thu khách hàng,511-Doanh thu bán hàng,3331-Thuế GTGT đầu ra,632-Giá vốn hàng bán,156-Hàng hóa,commerce_distribution_erp_scenario_v1,LIGHTBI_SCENARIO_ENTITY_001,VND,all_declared_accounting_money_columns,Asia/Ho_Chi_Minh,authentic_anchored_semi_synthetic_evidence,sample data/Accounting_ERP_May_2026.csv,3c59da1c10c67ab974dfd204b737402aff1c28d748665949942579fb5fb1a2fd,267,1.0.0
INV20260500267,JV20260500267,SO20260500267,2026-05-06,HCM-Q1,NV002,Thẻ,RC-588B19,Nồi cơm,Sunhouse 1.2L,Electrolux,1,1178683,0.01,1166896,0.08,93351,1260247,823000,823000,343896,0.2947,1260247,1166896,93351,823000,823000,131-Phải thu khách hàng,511-Doanh thu bán hàng,3331-Thuế GTGT đầu ra,632-Giá vốn hàng bán,156-Hàng hóa,commerce_distribution_erp_scenario_v1,LIGHTBI_SCENARIO_ENTITY_001,VND,all_declared_accounting_money_columns,Asia/Ho_Chi_Minh,authentic_anchored_semi_synthetic_evidence,sample data/Accounting_ERP_May_2026.csv,3c59da1c10c67ab974dfd204b737402aff1c28d748665949942579fb5fb1a2fd,268,1.0.0
INV20260500268,JV20260500268,SO20260500268,2026-05-17,HCM-Q1,NV003,Ví điện tử,BL-267545,Máy xay,Panasonic Blender,Cuckoo,3,2630760,0.16,6629515,0.08,530361,7159876,1455000,4365000,2264515,0.3416,7159876,6629515,530361,4365000,4365000,131-Phải thu khách hàng,511-Doanh thu bán hàng,3331-Thuế GTGT đầu ra,632-Giá vốn hàng bán,156-Hàng hóa,commerce_distribution_erp_scenario_v1,LIGHTBI_SCENARIO_ENTITY_001,VND,all_declared_accounting_money_columns,Asia/Ho_Chi_Minh,authentic_anchored_semi_synthetic_evidence,sample data/Accounting_ERP_May_2026.csv,3c59da1c10c67ab974dfd204b737402aff1c28d748665949942579fb5fb1a2fd,269,1.0.0
INV20260500269,JV20260500269,SO20260500269,2026-05-09,DN-HC,NV010,Trả góp,KT-4D9F3E,Ấm siêu tốc,Kangaroo,Philips,3,747284,0.17,1860737,0.08,148858,2009595,531000,1593000,267737,0.1439,2009595,1860737,148858,1593000,1593000,131-Phải thu khách hàng,511-Doanh thu bán hàng,3331-Thuế GTGT đầu ra,632-Giá vốn hàng bán,156-Hàng hóa,commerce_distribution_erp_scenario_v1,LIGHTBI_SCENARIO_ENTITY_001,VND,all_declared_accounting_money_columns,Asia/Ho_Chi_Minh,authentic_anchored_semi_synthetic_evidence,sample data/Accounting_ERP_May_2026.csv,3c59da1c10c67ab974dfd204b737402aff1c28d748665949942579fb5fb1a2fd,270,1.0.0
INV20260500270,JV20260500270,SO20260500270,2026-05-12,HCM-TB,NV006,Tiền mặt,FN-C896F9,Quạt,Panasonic,Casper,3,1058260,0.0,3174780,0.08,253982,3428762,679000,2037000,1137780,0.3584,3428762,3174780,253982,2037000,2037000,131-Phải thu khách hàng,511-Doanh thu bán hàng,3331-Thuế GTGT đầu ra,632-Giá vốn hàng bán,156-Hàng hóa,commerce_distribution_erp_scenario_v1,LIGHTBI_SCENARIO_ENTITY_001,VND,all_declared_accounting_money_columns,Asia/Ho_Chi_Minh,authentic_anchored_semi_synthetic_evidence,sample data/Accounting_ERP_May_2026.csv,3c59da1c10c67ab974dfd204b737402aff1c28d748665949942579fb5fb1a2fd,271,1.0.0
INV20260500271,JV20260500271,SO20260500271,2026-05-24,HCM-Q1,NV024,Chuyển khoản,MW-83094B,Lò vi sóng,Sharp 20L,Casper,3,4809583,0.16,12120149,0.08,969611,13089760,3527000,10581000,1539149,0.127,13089760,12120149,969611,10581000,10581000,131-Phải thu khách hàng,511-Doanh thu bán hàng,3331-Thuế GTGT đầu ra,632-Giá vốn hàng bán,156-Hàng hóa,commerce_distribution_erp_scenario_v1,LIGHTBI_SCENARIO_ENTITY_001,VND,all_declared_accounting_money_columns,Asia/Ho_Chi_Minh,authentic_anchored_semi_synthetic_evidence,sample data/Accounting_ERP_May_2026.csv,3c59da1c10c67ab974dfd204b737402aff1c28d748665949942579fb5fb1a2fd,272,1.0.0
INV20260500272,JV20260500272,SO20260500272,2026-05-29,BD-TDM,NV010,Ví điện tử,VC-B711CC,Máy hút bụi,Xiaomi G10,Panasonic,2,8083386,0.08,14873430,0.08,1189874,16063304,5842000,11684000,3189430,0.2144,16063304,14873430,1189874,11684000,11684000,131-Phải thu khách hàng,511-Doanh thu bán hàng,3331-Thuế GTGT đầu ra,632-Giá vốn hàng bán,156-Hàng hóa,commerce_distribution_erp_scenario_v1,LIGHTBI_SCENARIO_ENTITY_001,VND,all_declared_accounting_money_columns,Asia/Ho_Chi_Minh,authentic_anchored_semi_synthetic_evidence,sample data/Accounting_ERP_May_2026.csv,3c59da1c10c67ab974dfd204b737402aff1c28d748665949942579fb5fb1a2fd,273,1.0.0
INV20260500273,JV20260500273,SO20260500273,2026-05-15,DN-HC,NV005,Trả góp,MW-83094B,Lò vi sóng,Sharp 20L,Casper,1,2941293,0.18,2411860,0.08,192948,2604808,1851000,1851000,560860,0.2325,2604808,2411860,192948,1851000,1851000,131-Phải thu khách hàng,511-Doanh thu bán hàng,3331-Thuế GTGT đầu ra,632-Giá vốn hàng bán,156-Hàng hóa,commerce_distribution_erp_scenario_v1,LIGHTBI_SCENARIO_ENTITY_001,VND,all_declared_accounting_money_columns,Asia/Ho_Chi_Minh,authentic_anchored_semi_synthetic_evidence,sample data/Accounting_ERP_May_2026.csv,3c59da1c10c67ab974dfd204b737402aff1c28d748665949942579fb5fb1a2fd,274,1.0.0
INV20260500274,JV20260500274,SO20260500274,2026-05-26,CT-NK,NV001,Ví điện tử,AC-8D2169,Máy lạnh,Panasonic 1.5HP,Sunhouse,1,16844882,0.15,14318149,0.08,1145451,15463600,12868000,12868000,1450149,0.1013,15463600,14318149,1145451,12868000,12868000,131-Phải thu khách hàng,511-Doanh thu bán hàng,3331-Thuế GTGT đầu ra,632-Giá vốn hàng bán,156-Hàng hóa,commerce_distribution_erp_scenario_v1,LIGHTBI_SCENARIO_ENTITY_001,VND,all_declared_accounting_money_columns,Asia/Ho_Chi_Minh,authentic_anchored_semi_synthetic_evidence,sample data/Accounting_ERP_May_2026.csv,3c59da1c10c67ab974dfd204b737402aff1c28d748665949942579fb5fb1a2fd,275,1.0.0
INV20260500275,JV20260500275,SO20260500275,2026-05-26,HCM-TB,NV027,Ví điện tử,BL-BE1E34,Máy xay,Panasonic Blender,Senko,3,2070114,0.19,5030377,0.08,402430,5432807,1328000,3984000,1046377,0.208,5432807,5030377,402430,3984000,3984000,131-Phải thu khách hàng,511-Doanh thu bán hàng,3331-Thuế GTGT đầu ra,632-Giá vốn hàng bán,156-Hàng hóa,commerce_distribution_erp_scenario_v1,LIGHTBI_SCENARIO_ENTITY_001,VND,all_declared_accounting_money_columns,Asia/Ho_Chi_Minh,authentic_anchored_semi_synthetic_evidence,sample data/Accounting_ERP_May_2026.csv,3c59da1c10c67ab974dfd204b737402aff1c28d748665949942579fb5fb1a2fd,276,1.0.0
INV20260500276,JV20260500276,SO20260500276,2026-05-24,HCM-Q7,NV005,Tiền mặt,WM-9170CB,Máy giặt,LG 9kg,LG,1,7174817,0.03,6959572,0.08,556765,7516337,5267000,5267000,1692572,0.2432,7516337,6959572,556765,5267000,5267000,131-Phải thu khách hàng,511-Doanh thu bán hàng,3331-Thuế GTGT đầu ra,632-Giá vốn hàng bán,156-Hàng hóa,commerce_distribution_erp_scenario_v1,LIGHTBI_SCENARIO_ENTITY_001,VND,all_declared_accounting_money_columns,Asia/Ho_Chi_Minh,authentic_anchored_semi_synthetic_evidence,sample data/Accounting_ERP_May_2026.csv,3c59da1c10c67ab974dfd204b737402aff1c28d748665949942579fb5fb1a2fd,277,1.0.0
INV20260500277,JV20260500277,SO20260500277,2026-05-16,HCM-TB,NV025,Chuyển khoản,RF-D3E578,Tủ lạnh,LG 420L,Xiaomi,1,10237733,0.01,10135355,0.08,810828,10946183,8767000,8767000,1368355,0.135,10946183,10135355,810828,8767000,8767000,131-Phải thu khách hàng,511-Doanh thu bán hàng,3331-Thuế GTGT đầu ra,632-Giá vốn hàng bán,156-Hàng hóa,commerce_distribution_erp_scenario_v1,LIGHTBI_SCENARIO_ENTITY_001,VND,all_declared_accounting_money_columns,Asia/Ho_Chi_Minh,authentic_anchored_semi_synthetic_evidence,sample data/Accounting_ERP_May_2026.csv,3c59da1c10c67ab974dfd204b737402aff1c28d748665949942579fb5fb1a2fd,278,1.0.0
INV20260500278,JV20260500278,SO20260500278,2026-05-30,CT-NK,NV006,Ví điện tử,RC-A4D4BD,Nồi cơm,Sunhouse 1.2L,Cuckoo,2,3244974,0.16,5451556,0.08,436124,5887680,2064000,4128000,1323556,0.2428,5887680,5451556,436124,4128000,4128000,131-Phải thu khách hàng,511-Doanh thu bán hàng,3331-Thuế GTGT đầu ra,632-Giá vốn hàng bán,156-Hàng hóa,commerce_distribution_erp_scenario_v1,LIGHTBI_SCENARIO_ENTITY_001,VND,all_declared_accounting_money_columns,Asia/Ho_Chi_Minh,authentic_anchored_semi_synthetic_evidence,sample data/Accounting_ERP_May_2026.csv,3c59da1c10c67ab974dfd204b737402aff1c28d748665949942579fb5fb1a2fd,279,1.0.0
INV20260500279,JV20260500279,SO20260500279,2026-05-19,BD-TDM,NV020,Trả góp,RF-8F66CC,Tủ lạnh,Aqua 250L,Xiaomi,2,22078775,0.12,38858644,0.08,3108691,41967335,17585000,35170000,3688644,0.0949,41967335,38858644,3108691,35170000,35170000,131-Phải thu khách hàng,511-Doanh thu bán hàng,3331-Thuế GTGT đầu ra,632-Giá vốn hàng bán,156-Hàng hóa,commerce_distribution_erp_scenario_v1,LIGHTBI_SCENARIO_ENTITY_001,VND,all_declared_accounting_money_columns,Asia/Ho_Chi_Minh,authentic_anchored_semi_synthetic_evidence,sample data/Accounting_ERP_May_2026.csv,3c59da1c10c67ab974dfd204b737402aff1c28d748665949942579fb5fb1a2fd,280,1.0.0
INV20260500280,JV20260500280,SO20260500280,2026-05-26,HCM-TB,NV011,Trả góp,VC-8A6FDF,Máy hút bụi,Dyson V8,Samsung,3,5802798,0.16,14623050,0.08,1169844,15792894,3766000,11298000,3325050,0.2274,15792894,14623050,1169844,11298000,11298000,131-Phải thu khách hàng,511-Doanh thu bán hàng,3331-Thuế GTGT đầu ra,632-Giá vốn hàng bán,156-Hàng hóa,commerce_distribution_erp_scenario_v1,LIGHTBI_SCENARIO_ENTITY_001,VND,all_declared_accounting_money_columns,Asia/Ho_Chi_Minh,authentic_anchored_semi_synthetic_evidence,sample data/Accounting_ERP_May_2026.csv,3c59da1c10c67ab974dfd204b737402aff1c28d748665949942579fb5fb1a2fd,281,1.0.0
INV20260500281,JV20260500281,SO20260500281,2026-05-31,HN-CG,NV014,Tiền mặt,KT-BD9201,Ấm siêu tốc,Kangaroo,Aqua,2,899253,0.14,1546715,0.08,123737,1670452,494000,988000,558715,0.3612,1670452,1546715,123737,988000,988000,131-Phải thu khách hàng,511-Doanh thu bán hàng,3331-Thuế GTGT đầu ra,632-Giá vốn hàng bán,156-Hàng hóa,commerce_distribution_erp_scenario_v1,LIGHTBI_SCENARIO_ENTITY_001,VND,all_declared_accounting_money_columns,Asia/Ho_Chi_Minh,authentic_anchored_semi_synthetic_evidence,sample data/Accounting_ERP_May_2026.csv,3c59da1c10c67ab974dfd204b737402aff1c28d748665949942579fb5fb1a2fd,282,1.0.0
INV20260500282,JV20260500282,SO20260500282,2026-05-05,HCM-Q7,NV017,Chuyển khoản,WM-0EC5E7,Máy giặt,Toshiba 9kg,Sony,2,16838348,0.14,28961958,0.08,2316956,31278914,13548000,27096000,1865958,0.0644,31278914,28961958,2316956,27096000,27096000,131-Phải thu khách hàng,511-Doanh thu bán hàng,3331-Thuế GTGT đầu ra,632-Giá vốn hàng bán,156-Hàng hóa,commerce_distribution_erp_scenario_v1,LIGHTBI_SCENARIO_ENTITY_001,VND,all_declared_accounting_money_columns,Asia/Ho_Chi_Minh,authentic_anchored_semi_synthetic_evidence,sample data/Accounting_ERP_May_2026.csv,3c59da1c10c67ab974dfd204b737402aff1c28d748665949942579fb5fb1a2fd,283,1.0.0
INV20260500283,JV20260500283,SO20260500283,2026-05-07,HN-CG,NV030,Thẻ,KT-225744,Ấm siêu tốc,Philips,Xiaomi,2,1394075,0.18,2286283,0.08,182902,2469185,895000,1790000,496283,0.2171,2469185,2286283,182902,1790000,1790000,131-Phải thu khách hàng,511-Doanh thu bán hàng,3331-Thuế GTGT đầu ra,632-Giá vốn hàng bán,156-Hàng hóa,commerce_distribution_erp_scenario_v1,LIGHTBI_SCENARIO_ENTITY_001,VND,all_declared_accounting_money_columns,Asia/Ho_Chi_Minh,authentic_anchored_semi_synthetic_evidence,sample data/Accounting_ERP_May_2026.csv,3c59da1c10c67ab974dfd204b737402aff1c28d748665949942579fb5fb1a2fd,284,1.0.0
INV20260500284,JV20260500284,SO20260500284,2026-05-07,CT-NK,NV001,Chuyển khoản,KT-80B935,Ấm siêu tốc,Kangaroo,LG,2,575732,0.18,944200,0.08,75536,1019736,367000,734000,210200,0.2226,1019736,944200,75536,734000,734000,131-Phải thu khách hàng,511-Doanh thu bán hàng,3331-Thuế GTGT đầu ra,632-Giá vốn hàng bán,156-Hàng hóa,commerce_distribution_erp_scenario_v1,LIGHTBI_SCENARIO_ENTITY_001,VND,all_declared_accounting_money_columns,Asia/Ho_Chi_Minh,authentic_anchored_semi_synthetic_evidence,sample data/Accounting_ERP_May_2026.csv,3c59da1c10c67ab974dfd204b737402aff1c28d748665949942579fb5fb1a2fd,285,1.0.0
INV20260500285,JV20260500285,SO20260500285,2026-05-11,HCM-Q7,NV030,Chuyển khoản,BL-404E2E,Máy xay,Panasonic Blender,Daikin,3,929720,0.17,2315002,0.08,185200,2500202,589000,1767000,548002,0.2367,2500202,2315002,185200,1767000,1767000,131-Phải thu khách hàng,511-Doanh thu bán hàng,3331-Thuế GTGT đầu ra,632-Giá vốn hàng bán,156-Hàng hóa,commerce_distribution_erp_scenario_v1,LIGHTBI_SCENARIO_ENTITY_001,VND,all_declared_accounting_money_columns,Asia/Ho_Chi_Minh,authentic_anchored_semi_synthetic_evidence,sample data/Accounting_ERP_May_2026.csv,3c59da1c10c67ab974dfd204b737402aff1c28d748665949942579fb5fb1a2fd,286,1.0.0
INV20260500286,JV20260500286,SO20260500286,2026-05-06,HCM-Q7,NV007,Trả góp,MW-8EA0CB,Lò vi sóng,Panasonic 25L,LG,1,3619219,0.08,3329681,0.08,266374,3596055,2481000,2481000,848681,0.2549,3596055,3329681,266374,2481000,2481000,131-Phải thu khách hàng,511-Doanh thu bán hàng,3331-Thuế GTGT đầu ra,632-Giá vốn hàng bán,156-Hàng hóa,commerce_distribution_erp_scenario_v1,LIGHTBI_SCENARIO_ENTITY_001,VND,all_declared_accounting_money_columns,Asia/Ho_Chi_Minh,authentic_anchored_semi_synthetic_evidence,sample data/Accounting_ERP_May_2026.csv,3c59da1c10c67ab974dfd204b737402aff1c28d748665949942579fb5fb1a2fd,287,1.0.0
INV20260500287,JV20260500287,SO20260500287,2026-05-25,HCM-Q1,NV022,Ví điện tử,VC-2544A1,Máy hút bụi,Dyson V8,Cuckoo,2,2065177,0.16,3469497,0.08,277559,3747056,1497000,2994000,475497,0.1371,3747056,3469497,277559,2994000,2994000,131-Phải thu khách hàng,511-Doanh thu bán hàng,3331-Thuế GTGT đầu ra,632-Giá vốn hàng bán,156-Hàng hóa,commerce_distribution_erp_scenario_v1,LIGHTBI_SCENARIO_ENTITY_001,VND,all_declared_accounting_money_columns,Asia/Ho_Chi_Minh,authentic_anchored_semi_synthetic_evidence,sample data/Accounting_ERP_May_2026.csv,3c59da1c10c67ab974dfd204b737402aff1c28d748665949942579fb5fb1a2fd,288,1.0.0
INV20260500288,JV20260500288,SO20260500288,2026-05-27,HCM-TB,NV029,Thẻ,VC-B567E6,Máy hút bụi,Philips FC,Cuckoo,2,6538694,0.09,11900423,0.08,952033,12852456,4593000,9186000,2714423,0.2281,12852456,11900423,952033,9186000,9186000,131-Phải thu khách hàng,511-Doanh thu bán hàng,3331-Thuế GTGT đầu ra,632-Giá vốn hàng bán,156-Hàng hóa,commerce_distribution_erp_scenario_v1,LIGHTBI_SCENARIO_ENTITY_001,VND,all_declared_accounting_money_columns,Asia/Ho_Chi_Minh,authentic_anchored_semi_synthetic_evidence,sample data/Accounting_ERP_May_2026.csv,3c59da1c10c67ab974dfd204b737402aff1c28d748665949942579fb5fb1a2fd,289,1.0.0
INV20260500289,JV20260500289,SO20260500289,2026-05-15,HN-HBT,NV013,Thẻ,KT-8BE75F,Ấm siêu tốc,Kangaroo,Samsung,2,621395,0.19,1006659,0.08,80532,1087191,382000,764000,242659,0.2411,1087191,1006659,80532,764000,764000,131-Phải thu khách hàng,511-Doanh thu bán hàng,3331-Thuế GTGT đầu ra,632-Giá vốn hàng bán,156-Hàng hóa,commerce_distribution_erp_scenario_v1,LIGHTBI_SCENARIO_ENTITY_001,VND,all_declared_accounting_money_columns,Asia/Ho_Chi_Minh,authentic_anchored_semi_synthetic_evidence,sample data/Accounting_ERP_May_2026.csv,3c59da1c10c67ab974dfd204b737402aff1c28d748665949942579fb5fb1a2fd,290,1.0.0
INV20260500290,JV20260500290,SO20260500290,2026-05-02,CT-NK,NV010,Thẻ,AC-48A793,Máy lạnh,Panasonic 1.5HP,Sony,1,14862098,0.03,14416235,0.08,1153298,15569533,10934000,10934000,3482235,0.2415,15569533,14416235,1153298,10934000,10934000,131-Phải thu khách hàng,511-Doanh thu bán hàng,3331-Thuế GTGT đầu ra,632-Giá vốn hàng bán,156-Hàng hóa,commerce_distribution_erp_scenario_v1,LIGHTBI_SCENARIO_ENTITY_001,VND,all_declared_accounting_money_columns,Asia/Ho_Chi_Minh,authentic_anchored_semi_synthetic_evidence,sample data/Accounting_ERP_May_2026.csv,3c59da1c10c67ab974dfd204b737402aff1c28d748665949942579fb5fb1a2fd,291,1.0.0
INV20260500291,JV20260500291,SO20260500291,2026-05-28,HCM-Q7,NV020,Chuyển khoản,BL-8778AF,Máy xay,Philips Blender,Mitsubishi,3,2544275,0.0,7632825,0.08,610626,8243451,1764000,5292000,2340825,0.3067,8243451,7632825,610626,5292000,5292000,131-Phải thu khách hàng,511-Doanh thu bán hàng,3331-Thuế GTGT đầu ra,632-Giá vốn hàng bán,156-Hàng hóa,commerce_distribution_erp_scenario_v1,LIGHTBI_SCENARIO_ENTITY_001,VND,all_declared_accounting_money_columns,Asia/Ho_Chi_Minh,authentic_anchored_semi_synthetic_evidence,sample data/Accounting_ERP_May_2026.csv,3c59da1c10c67ab974dfd204b737402aff1c28d748665949942579fb5fb1a2fd,292,1.0.0
INV20260500292,JV20260500292,SO20260500292,2026-05-12,HCM-Q7,NV010,Thẻ,FN-4806DD,Quạt,Panasonic,Mitsubishi,2,1429893,0.08,2631003,0.08,210480,2841483,954000,1908000,723003,0.2748,2841483,2631003,210480,1908000,1908000,131-Phải thu khách hàng,511-Doanh thu bán hàng,3331-Thuế GTGT đầu ra,632-Giá vốn hàng bán,156-Hàng hóa,commerce_distribution_erp_scenario_v1,LIGHTBI_SCENARIO_ENTITY_001,VND,all_declared_accounting_money_columns,Asia/Ho_Chi_Minh,authentic_anchored_semi_synthetic_evidence,sample data/Accounting_ERP_May_2026.csv,3c59da1c10c67ab974dfd204b737402aff1c28d748665949942579fb5fb1a2fd,293,1.0.0
INV20260500293,JV20260500293,SO20260500293,2026-05-09,HN-HBT,NV013,Chuyển khoản,FN-FC5CB1,Quạt,Asia,Asia,1,1799235,0.11,1601319,0.08,128105,1729424,1239000,1239000,362319,0.2263,1729424,1601319,128105,1239000,1239000,131-Phải thu khách hàng,511-Doanh thu bán hàng,3331-Thuế GTGT đầu ra,632-Giá vốn hàng bán,156-Hàng hóa,commerce_distribution_erp_scenario_v1,LIGHTBI_SCENARIO_ENTITY_001,VND,all_declared_accounting_money_columns,Asia/Ho_Chi_Minh,authentic_anchored_semi_synthetic_evidence,sample data/Accounting_ERP_May_2026.csv,3c59da1c10c67ab974dfd204b737402aff1c28d748665949942579fb5fb1a2fd,294,1.0.0
INV20260500294,JV20260500294,SO20260500294,2026-05-28,CT-NK,NV029,Thẻ,MW-D62048,Lò vi sóng,Panasonic 25L,Xiaomi,3,5821205,0.13,15193345,0.08,1215467,16408812,3677000,11031000,4162345,0.274,16408812,15193345,1215467,11031000,11031000,131-Phải thu khách hàng,511-Doanh thu bán hàng,3331-Thuế GTGT đầu ra,632-Giá vốn hàng bán,156-Hàng hóa,commerce_distribution_erp_scenario_v1,LIGHTBI_SCENARIO_ENTITY_001,VND,all_declared_accounting_money_columns,Asia/Ho_Chi_Minh,authentic_anchored_semi_synthetic_evidence,sample data/Accounting_ERP_May_2026.csv,3c59da1c10c67ab974dfd204b737402aff1c28d748665949942579fb5fb1a2fd,295,1.0.0
INV20260500295,JV20260500295,SO20260500295,2026-05-22,HCM-TB,NV023,Chuyển khoản,RC-607743,Nồi cơm,Cuckoo 1.8L,LG,2,3516993,0.1,6330587,0.08,506446,6837033,2194000,4388000,1942587,0.3069,6837033,6330587,506446,4388000,4388000,131-Phải thu khách hàng,511-Doanh thu bán hàng,3331-Thuế GTGT đầu ra,632-Giá vốn hàng bán,156-Hàng hóa,commerce_distribution_erp_scenario_v1,LIGHTBI_SCENARIO_ENTITY_001,VND,all_declared_accounting_money_columns,Asia/Ho_Chi_Minh,authentic_anchored_semi_synthetic_evidence,sample data/Accounting_ERP_May_2026.csv,3c59da1c10c67ab974dfd204b737402aff1c28d748665949942579fb5fb1a2fd,296,1.0.0
INV20260500296,JV20260500296,SO20260500296,2026-05-24,HN-HBT,NV028,Tiền mặt,RC-13DEBA,Nồi cơm,Panasonic 1.8L,Mitsubishi,3,2323694,0.14,5995130,0.08,479610,6474740,1503000,4509000,1486130,0.2479,6474740,5995130,479610,4509000,4509000,131-Phải thu khách hàng,511-Doanh thu bán hàng,3331-Thuế GTGT đầu ra,632-Giá vốn hàng bán,156-Hàng hóa,commerce_distribution_erp_scenario_v1,LIGHTBI_SCENARIO_ENTITY_001,VND,all_declared_accounting_money_columns,Asia/Ho_Chi_Minh,authentic_anchored_semi_synthetic_evidence,sample data/Accounting_ERP_May_2026.csv,3c59da1c10c67ab974dfd204b737402aff1c28d748665949942579fb5fb1a2fd,297,1.0.0
INV20260500297,JV20260500297,SO20260500297,2026-05-12,BD-TDM,NV013,Tiền mặt,MW-7ABF96,Lò vi sóng,Electrolux 23L,Panasonic,3,5209911,0.11,13910462,0.08,1112836,15023298,3748000,11244000,2666462,0.1917,15023298,13910462,1112836,11244000,11244000,131-Phải thu khách hàng,511-Doanh thu bán hàng,3331-Thuế GTGT đầu ra,632-Giá vốn hàng bán,156-Hàng hóa,commerce_distribution_erp_scenario_v1,LIGHTBI_SCENARIO_ENTITY_001,VND,all_declared_accounting_money_columns,Asia/Ho_Chi_Minh,authentic_anchored_semi_synthetic_evidence,sample data/Accounting_ERP_May_2026.csv,3c59da1c10c67ab974dfd204b737402aff1c28d748665949942579fb5fb1a2fd,298,1.0.0
INV20260500298,JV20260500298,SO20260500298,2026-05-23,DN-HC,NV005,Thẻ,TV-43937F,TV,"Sony 65""",Daikin,3,18099632,0.09,49411995,0.08,3952959,53364954,14877000,44631000,4780995,0.0968,53364954,49411995,3952959,44631000,44631000,131-Phải thu khách hàng,511-Doanh thu bán hàng,3331-Thuế GTGT đầu ra,632-Giá vốn hàng bán,156-Hàng hóa,commerce_distribution_erp_scenario_v1,LIGHTBI_SCENARIO_ENTITY_001,VND,all_declared_accounting_money_columns,Asia/Ho_Chi_Minh,authentic_anchored_semi_synthetic_evidence,sample data/Accounting_ERP_May_2026.csv,3c59da1c10c67ab974dfd204b737402aff1c28d748665949942579fb5fb1a2fd,299,1.0.0
INV20260500299,JV20260500299,SO20260500299,2026-05-30,HN-HBT,NV028,Ví điện tử,TV-DD0514,TV,"Samsung 55"" 4K",Mitsubishi,1,14593835,0.03,14156019,0.08,1132481,15288500,12044000,12044000,2112019,0.1492,15288500,14156019,1132481,12044000,12044000,131-Phải thu khách hàng,511-Doanh thu bán hàng,3331-Thuế GTGT đầu ra,632-Giá vốn hàng bán,156-Hàng hóa,commerce_distribution_erp_scenario_v1,LIGHTBI_SCENARIO_ENTITY_001,VND,all_declared_accounting_money_columns,Asia/Ho_Chi_Minh,authentic_anchored_semi_synthetic_evidence,sample data/Accounting_ERP_May_2026.csv,3c59da1c10c67ab974dfd204b737402aff1c28d748665949942579fb5fb1a2fd,300,1.0.0
INV20260500300,JV20260500300,SO20260500300,2026-05-14,CT-NK,NV027,Chuyển khoản,RC-607743,Nồi cơm,Cuckoo 1.8L,LG,3,1487252,0.14,3837110,0.08,306968,4144078,1090000,3270000,567110,0.1478,4144078,3837110,306968,3270000,3270000,131-Phải thu khách hàng,511-Doanh thu bán hàng,3331-Thuế GTGT đầu ra,632-Giá vốn hàng bán,156-Hàng hóa,commerce_distribution_erp_scenario_v1,LIGHTBI_SCENARIO_ENTITY_001,VND,all_declared_accounting_money_columns,Asia/Ho_Chi_Minh,authentic_anchored_semi_synthetic_evidence,sample data/Accounting_ERP_May_2026.csv,3c59da1c10c67ab974dfd204b737402aff1c28d748665949942579fb5fb1a2fd,301,1.0.0
INV20260500301,JV20260500301,SO20260500301,2026-05-06,HCM-Q7,NV011,Thẻ,MW-62BD16,Lò vi sóng,Electrolux 23L,Philips,1,4300197,0.06,4042185,0.08,323374,4365559,3160000,3160000,882185,0.2182,4365559,4042185,323374,3160000,3160000,131-Phải thu khách hàng,511-Doanh thu bán hàng,3331-Thuế GTGT đầu ra,632-Giá vốn hàng bán,156-Hàng hóa,commerce_distribution_erp_scenario_v1,LIGHTBI_SCENARIO_ENTITY_001,VND,all_declared_accounting_money_columns,Asia/Ho_Chi_Minh,authentic_anchored_semi_synthetic_evidence,sample data/Accounting_ERP_May_2026.csv,3c59da1c10c67ab974dfd204b737402aff1c28d748665949942579fb5fb1a2fd,302,1.0.0
INV20260500302,JV20260500302,SO20260500302,2026-05-03,CT-NK,NV028,Tiền mặt,BL-8AFBB7,Máy xay,Panasonic Blender,Xiaomi,1,2912524,0.19,2359144,0.08,188731,2547875,1724000,1724000,635144,0.2692,2547875,2359144,188731,1724000,1724000,131-Phải thu khách hàng,511-Doanh thu bán hàng,3331-Thuế GTGT đầu ra,632-Giá vốn hàng bán,156-Hàng hóa,commerce_distribution_erp_scenario_v1,LIGHTBI_SCENARIO_ENTITY_001,VND,all_declared_accounting_money_columns,Asia/Ho_Chi_Minh,authentic_anchored_semi_synthetic_evidence,sample data/Accounting_ERP_May_2026.csv,3c59da1c10c67ab974dfd204b737402aff1c28d748665949942579fb5fb1a2fd,303,1.0.0
INV20260500303,JV20260500303,SO20260500303,2026-05-19,CT-NK,NV024,Chuyển khoản,VC-F24900,Máy hút bụi,Xiaomi G10,Sunhouse,1,9274022,0.15,7882918,0.08,630633,8513551,5818000,5818000,2064918,0.2619,8513551,7882918,630633,5818000,5818000,131-Phải thu khách hàng,511-Doanh thu bán hàng,3331-Thuế GTGT đầu ra,632-Giá vốn hàng bán,156-Hàng hóa,commerce_distribution_erp_scenario_v1,LIGHTBI_SCENARIO_ENTITY_001,VND,all_declared_accounting_money_columns,Asia/Ho_Chi_Minh,authentic_anchored_semi_synthetic_evidence,sample data/Accounting_ERP_May_2026.csv,3c59da1c10c67ab974dfd204b737402aff1c28d748665949942579fb5fb1a2fd,304,1.0.0
INV20260500304,JV20260500304,SO20260500304,2026-05-22,BD-TDM,NV002,Ví điện tử,WM-513972,Máy giặt,Panasonic 8.5kg,LG,3,11212716,0.2,26910518,0.08,2152841,29063359,8833000,26499000,411518,0.0153,29063359,26910518,2152841,26499000,26499000,131-Phải thu khách hàng,511-Doanh thu bán hàng,3331-Thuế GTGT đầu ra,632-Giá vốn hàng bán,156-Hàng hóa,commerce_distribution_erp_scenario_v1,LIGHTBI_SCENARIO_ENTITY_001,VND,all_declared_accounting_money_columns,Asia/Ho_Chi_Minh,authentic_anchored_semi_synthetic_evidence,sample data/Accounting_ERP_May_2026.csv,3c59da1c10c67ab974dfd204b737402aff1c28d748665949942579fb5fb1a2fd,305,1.0.0
INV20260500305,JV20260500305,SO20260500305,2026-05-14,HCM-Q7,NV019,Trả góp,BL-BF3F30,Máy xay,Panasonic Blender,Casper,2,2827133,0.15,4806126,0.08,384490,5190616,2005000,4010000,796126,0.1656,5190616,4806126,384490,4010000,4010000,131-Phải thu khách hàng,511-Doanh thu bán hàng,3331-Thuế GTGT đầu ra,632-Giá vốn hàng bán,156-Hàng hóa,commerce_distribution_erp_scenario_v1,LIGHTBI_SCENARIO_ENTITY_001,VND,all_declared_accounting_money_columns,Asia/Ho_Chi_Minh,authentic_anchored_semi_synthetic_evidence,sample data/Accounting_ERP_May_2026.csv,3c59da1c10c67ab974dfd204b737402aff1c28d748665949942579fb5fb1a2fd,306,1.0.0
INV20260500306,JV20260500306,SO20260500306,2026-05-10,CT-NK,NV001,Ví điện tử,KT-F72092,Ấm siêu tốc,Sunhouse,Casper,3,744863,0.17,1854708,0.08,148376,2003084,501000,1503000,351708,0.1896,2003084,1854708,148376,1503000,1503000,131-Phải thu khách hàng,511-Doanh thu bán hàng,3331-Thuế GTGT đầu ra,632-Giá vốn hàng bán,156-Hàng hóa,commerce_distribution_erp_scenario_v1,LIGHTBI_SCENARIO_ENTITY_001,VND,all_declared_accounting_money_columns,Asia/Ho_Chi_Minh,authentic_anchored_semi_synthetic_evidence,sample data/Accounting_ERP_May_2026.csv,3c59da1c10c67ab974dfd204b737402aff1c28d748665949942579fb5fb1a2fd,307,1.0.0
INV20260500307,JV20260500307,SO20260500307,2026-05-24,CT-NK,NV020,Tiền mặt,FN-FC4665,Quạt,Asia,Electrolux,1,553454,0.01,547919,0.08,43833,591752,369000,369000,178919,0.3265,591752,547919,43833,369000,369000,131-Phải thu khách hàng,511-Doanh thu bán hàng,3331-Thuế GTGT đầu ra,632-Giá vốn hàng bán,156-Hàng hóa,commerce_distribution_erp_scenario_v1,LIGHTBI_SCENARIO_ENTITY_001,VND,all_declared_accounting_money_columns,Asia/Ho_Chi_Minh,authentic_anchored_semi_synthetic_evidence,sample data/Accounting_ERP_May_2026.csv,3c59da1c10c67ab974dfd204b737402aff1c28d748665949942579fb5fb1a2fd,308,1.0.0
INV20260500308,JV20260500308,SO20260500308,2026-05-23,HCM-Q7,NV009,Trả góp,TV-367380,TV,"Sony 65""",Sharp,2,25770840,0.05,48964596,0.08,3917167,52881763,22292000,44584000,4380596,0.0895,52881763,48964596,3917167,44584000,44584000,131-Phải thu khách hàng,511-Doanh thu bán hàng,3331-Thuế GTGT đầu ra,632-Giá vốn hàng bán,156-Hàng hóa,commerce_distribution_erp_scenario_v1,LIGHTBI_SCENARIO_ENTITY_001,VND,all_declared_accounting_money_columns,Asia/Ho_Chi_Minh,authentic_anchored_semi_synthetic_evidence,sample data/Accounting_ERP_May_2026.csv,3c59da1c10c67ab974dfd204b737402aff1c28d748665949942579fb5fb1a2fd,309,1.0.0
INV20260500309,JV20260500309,SO20260500309,2026-05-07,HCM-Q7,NV008,Thẻ,RF-0980E0,Tủ lạnh,Samsung Inverter 350L,Mitsubishi,3,13359901,0.07,37274123,0.08,2981929,40256052,10645000,31935000,5339123,0.1432,40256052,37274123,2981929,31935000,31935000,131-Phải thu khách hàng,511-Doanh thu bán hàng,3331-Thuế GTGT đầu ra,632-Giá vốn hàng bán,156-Hàng hóa,commerce_distribution_erp_scenario_v1,LIGHTBI_SCENARIO_ENTITY_001,VND,all_declared_accounting_money_columns,Asia/Ho_Chi_Minh,authentic_anchored_semi_synthetic_evidence,sample data/Accounting_ERP_May_2026.csv,3c59da1c10c67ab974dfd204b737402aff1c28d748665949942579fb5fb1a2fd,310,1.0.0
INV20260500310,JV20260500310,SO20260500310,2026-05-16,HN-HBT,NV020,Tiền mặt,RF-F64CD4,Tủ lạnh,Samsung Inverter 350L,Casper,2,18226711,0.19,29527271,0.08,2362181,31889452,15279000,30558000,-1030729,-0.0349,31889452,29527271,2362181,30558000,30558000,131-Phải thu khách hàng,511-Doanh thu bán hàng,3331-Thuế GTGT đầu ra,632-Giá vốn hàng bán,156-Hàng hóa,commerce_distribution_erp_scenario_v1,LIGHTBI_SCENARIO_ENTITY_001,VND,all_declared_accounting_money_columns,Asia/Ho_Chi_Minh,authentic_anchored_semi_synthetic_evidence,sample data/Accounting_ERP_May_2026.csv,3c59da1c10c67ab974dfd204b737402aff1c28d748665949942579fb5fb1a2fd,311,1.0.0
INV20260500311,JV20260500311,SO20260500311,2026-05-02,HN-CG,NV023,Thẻ,FN-FC5CB1,Quạt,Asia,Asia,3,829267,0.15,2114630,0.08,169170,2283800,614000,1842000,272630,0.1289,2283800,2114630,169170,1842000,1842000,131-Phải thu khách hàng,511-Doanh thu bán hàng,3331-Thuế GTGT đầu ra,632-Giá vốn hàng bán,156-Hàng hóa,commerce_distribution_erp_scenario_v1,LIGHTBI_SCENARIO_ENTITY_001,VND,all_declared_accounting_money_columns,Asia/Ho_Chi_Minh,authentic_anchored_semi_synthetic_evidence,sample data/Accounting_ERP_May_2026.csv,3c59da1c10c67ab974dfd204b737402aff1c28d748665949942579fb5fb1a2fd,312,1.0.0
INV20260500312,JV20260500312,SO20260500312,2026-05-17,HCM-Q1,NV019,Thẻ,TV-E37EE9,TV,"Samsung 55"" 4K",Casper,2,20415675,0.13,35523274,0.08,2841861,38365135,17342000,34684000,839274,0.0236,38365135,35523274,2841861,34684000,34684000,131-Phải thu khách hàng,511-Doanh thu bán hàng,3331-Thuế GTGT đầu ra,632-Giá vốn hàng bán,156-Hàng hóa,commerce_distribution_erp_scenario_v1,LIGHTBI_SCENARIO_ENTITY_001,VND,all_declared_accounting_money_columns,Asia/Ho_Chi_Minh,authentic_anchored_semi_synthetic_evidence,sample data/Accounting_ERP_May_2026.csv,3c59da1c10c67ab974dfd204b737402aff1c28d748665949942579fb5fb1a2fd,313,1.0.0
INV20260500313,JV20260500313,SO20260500313,2026-05-03,HN-HBT,NV026,Thẻ,VC-36242C,Máy hút bụi,Xiaomi G10,Sony,3,8911327,0.06,25129942,0.08,2010395,27140337,6897000,20691000,4438942,0.1766,27140337,25129942,2010395,20691000,20691000,131-Phải thu khách hàng,511-Doanh thu bán hàng,3331-Thuế GTGT đầu ra,632-Giá vốn hàng bán,156-Hàng hóa,commerce_distribution_erp_scenario_v1,LIGHTBI_SCENARIO_ENTITY_001,VND,all_declared_accounting_money_columns,Asia/Ho_Chi_Minh,authentic_anchored_semi_synthetic_evidence,sample data/Accounting_ERP_May_2026.csv,3c59da1c10c67ab974dfd204b737402aff1c28d748665949942579fb5fb1a2fd,314,1.0.0
INV20260500314,JV20260500314,SO20260500314,2026-05-17,BD-TDM,NV015,Chuyển khoản,FN-FD271D,Quạt,Senko,Mitsubishi,2,875486,0.12,1540855,0.08,123268,1664123,632000,1264000,276855,0.1797,1664123,1540855,123268,1264000,1264000,131-Phải thu khách hàng,511-Doanh thu bán hàng,3331-Thuế GTGT đầu ra,632-Giá vốn hàng bán,156-Hàng hóa,commerce_distribution_erp_scenario_v1,LIGHTBI_SCENARIO_ENTITY_001,VND,all_declared_accounting_money_columns,Asia/Ho_Chi_Minh,authentic_anchored_semi_synthetic_evidence,sample data/Accounting_ERP_May_2026.csv,3c59da1c10c67ab974dfd204b737402aff1c28d748665949942579fb5fb1a2fd,315,1.0.0
INV20260500315,JV20260500315,SO20260500315,2026-05-07,HCM-Q1,NV021,Trả góp,RF-A7BDBE,Tủ lạnh,Aqua 250L,Toshiba,1,14541642,0.15,12360395,0.08,988831,13349226,11400000,11400000,960395,0.0777,13349226,12360395,988831,11400000,11400000,131-Phải thu khách hàng,511-Doanh thu bán hàng,3331-Thuế GTGT đầu ra,632-Giá vốn hàng bán,156-Hàng hóa,commerce_distribution_erp_scenario_v1,LIGHTBI_SCENARIO_ENTITY_001,VND,all_declared_accounting_money_columns,Asia/Ho_Chi_Minh,authentic_anchored_semi_synthetic_evidence,sample data/Accounting_ERP_May_2026.csv,3c59da1c10c67ab974dfd204b737402aff1c28d748665949942579fb5fb1a2fd,316,1.0.0
INV20260500316,JV20260500316,SO20260500316,2026-05-13,HCM-Q1,NV023,Trả góp,TV-7BBB2A,TV,"TCL 50""",Aqua,3,25842284,0.03,75201046,0.08,6016083,81217129,20564000,61692000,13509046,0.1796,81217129,75201046,6016083,61692000,61692000,131-Phải thu khách hàng,511-Doanh thu bán hàng,3331-Thuế GTGT đầu ra,632-Giá vốn hàng bán,156-Hàng hóa,commerce_distribution_erp_scenario_v1,LIGHTBI_SCENARIO_ENTITY_001,VND,all_declared_accounting_money_columns,Asia/Ho_Chi_Minh,authentic_anchored_semi_synthetic_evidence,sample data/Accounting_ERP_May_2026.csv,3c59da1c10c67ab974dfd204b737402aff1c28d748665949942579fb5fb1a2fd,317,1.0.0
INV20260500317,JV20260500317,SO20260500317,2026-05-14,HCM-TB,NV019,Chuyển khoản,FN-441B27,Quạt,Senko,Samsung,2,1829271,0.17,3036589,0.08,242927,3279516,1261000,2522000,514589,0.1695,3279516,3036589,242927,2522000,2522000,131-Phải thu khách hàng,511-Doanh thu bán hàng,3331-Thuế GTGT đầu ra,632-Giá vốn hàng bán,156-Hàng hóa,commerce_distribution_erp_scenario_v1,LIGHTBI_SCENARIO_ENTITY_001,VND,all_declared_accounting_money_columns,Asia/Ho_Chi_Minh,authentic_anchored_semi_synthetic_evidence,sample data/Accounting_ERP_May_2026.csv,3c59da1c10c67ab974dfd204b737402aff1c28d748665949942579fb5fb1a2fd,318,1.0.0
INV20260500318,JV20260500318,SO20260500318,2026-05-15,CT-NK,NV024,Trả góp,MW-B116A2,Lò vi sóng,Panasonic 25L,Senko,2,1378765,0.15,2343900,0.08,187512,2531412,867000,1734000,609900,0.2602,2531412,2343900,187512,1734000,1734000,131-Phải thu khách hàng,511-Doanh thu bán hàng,3331-Thuế GTGT đầu ra,632-Giá vốn hàng bán,156-Hàng hóa,commerce_distribution_erp_scenario_v1,LIGHTBI_SCENARIO_ENTITY_001,VND,all_declared_accounting_money_columns,Asia/Ho_Chi_Minh,authentic_anchored_semi_synthetic_evidence,sample data/Accounting_ERP_May_2026.csv,3c59da1c10c67ab974dfd204b737402aff1c28d748665949942579fb5fb1a2fd,319,1.0.0
INV20260500319,JV20260500319,SO20260500319,2026-05-28,HCM-Q7,NV003,Thẻ,BL-14DC96,Máy xay,Sunhouse Blender,Sony,3,2910320,0.19,7072077,0.08,565766,7637843,2055000,6165000,907077,0.1283,7637843,7072077,565766,6165000,6165000,131-Phải thu khách hàng,511-Doanh thu bán hàng,3331-Thuế GTGT đầu ra,632-Giá vốn hàng bán,156-Hàng hóa,commerce_distribution_erp_scenario_v1,LIGHTBI_SCENARIO_ENTITY_001,VND,all_declared_accounting_money_columns,Asia/Ho_Chi_Minh,authentic_anchored_semi_synthetic_evidence,sample data/Accounting_ERP_May_2026.csv,3c59da1c10c67ab974dfd204b737402aff1c28d748665949942579fb5fb1a2fd,320,1.0.0
INV20260500320,JV20260500320,SO20260500320,2026-05-28,HCM-Q1,NV005,Ví điện tử,FN-E10178,Quạt,Panasonic,Xiaomi,2,1469045,0.11,2614900,0.08,209192,2824092,899000,1798000,816900,0.3124,2824092,2614900,209192,1798000,1798000,131-Phải thu khách hàng,511-Doanh thu bán hàng,3331-Thuế GTGT đầu ra,632-Giá vốn hàng bán,156-Hàng hóa,commerce_distribution_erp_scenario_v1,LIGHTBI_SCENARIO_ENTITY_001,VND,all_declared_accounting_money_columns,Asia/Ho_Chi_Minh,authentic_anchored_semi_synthetic_evidence,sample data/Accounting_ERP_May_2026.csv,3c59da1c10c67ab974dfd204b737402aff1c28d748665949942579fb5fb1a2fd,321,1.0.0
INV20260500321,JV20260500321,SO20260500321,2026-05-15,HCM-TB,NV018,Thẻ,TV-92EE57,TV,LG OLED 48,LG,3,22280201,0.17,55477700,0.08,4438216,59915916,19589000,58767000,-3289300,-0.0593,59915916,55477700,4438216,58767000,58767000,131-Phải thu khách hàng,511-Doanh thu bán hàng,3331-Thuế GTGT đầu ra,632-Giá vốn hàng bán,156-Hàng hóa,commerce_distribution_erp_scenario_v1,LIGHTBI_SCENARIO_ENTITY_001,VND,all_declared_accounting_money_columns,Asia/Ho_Chi_Minh,authentic_anchored_semi_synthetic_evidence,sample data/Accounting_ERP_May_2026.csv,3c59da1c10c67ab974dfd204b737402aff1c28d748665949942579fb5fb1a2fd,322,1.0.0
INV20260500322,JV20260500322,SO20260500322,2026-05-08,BD-TDM,NV014,Thẻ,WM-54F949,Máy giặt,Toshiba 9kg,Xiaomi,2,12314696,0.04,23644216,0.08,1891537,25535753,9493000,18986000,4658216,0.197,25535753,23644216,1891537,18986000,18986000,131-Phải thu khách hàng,511-Doanh thu bán hàng,3331-Thuế GTGT đầu ra,632-Giá vốn hàng bán,156-Hàng hóa,commerce_distribution_erp_scenario_v1,LIGHTBI_SCENARIO_ENTITY_001,VND,all_declared_accounting_money_columns,Asia/Ho_Chi_Minh,authentic_anchored_semi_synthetic_evidence,sample data/Accounting_ERP_May_2026.csv,3c59da1c10c67ab974dfd204b737402aff1c28d748665949942579fb5fb1a2fd,323,1.0.0
INV20260500323,JV20260500323,SO20260500323,2026-05-08,HCM-Q7,NV026,Tiền mặt,VC-4B9FA6,Máy hút bụi,Philips FC,Aqua,2,4291830,0.04,8240313,0.08,659225,8899538,2683000,5366000,2874313,0.3488,8899538,8240313,659225,5366000,5366000,131-Phải thu khách hàng,511-Doanh thu bán hàng,3331-Thuế GTGT đầu ra,632-Giá vốn hàng bán,156-Hàng hóa,commerce_distribution_erp_scenario_v1,LIGHTBI_SCENARIO_ENTITY_001,VND,all_declared_accounting_money_columns,Asia/Ho_Chi_Minh,authentic_anchored_semi_synthetic_evidence,sample data/Accounting_ERP_May_2026.csv,3c59da1c10c67ab974dfd204b737402aff1c28d748665949942579fb5fb1a2fd,324,1.0.0
INV20260500324,JV20260500324,SO20260500324,2026-05-08,BD-TDM,NV015,Thẻ,RC-BC47CD,Nồi cơm,Sharp 1.8L,Aqua,2,2477713,0.03,4806763,0.08,384541,5191304,1516000,3032000,1774763,0.3692,5191304,4806763,384541,3032000,3032000,131-Phải thu khách hàng,511-Doanh thu bán hàng,3331-Thuế GTGT đầu ra,632-Giá vốn hàng bán,156-Hàng hóa,commerce_distribution_erp_scenario_v1,LIGHTBI_SCENARIO_ENTITY_001,VND,all_declared_accounting_money_columns,Asia/Ho_Chi_Minh,authentic_anchored_semi_synthetic_evidence,sample data/Accounting_ERP_May_2026.csv,3c59da1c10c67ab974dfd204b737402aff1c28d748665949942579fb5fb1a2fd,325,1.0.0
INV20260500325,JV20260500325,SO20260500325,2026-05-28,HN-HBT,NV026,Tiền mặt,RF-F6944C,Tủ lạnh,LG 420L,Sunhouse,2,15057745,0.1,27103941,0.08,2168315,29272256,11609000,23218000,3885941,0.1434,29272256,27103941,2168315,23218000,23218000,131-Phải thu khách hàng,511-Doanh thu bán hàng,3331-Thuế GTGT đầu ra,632-Giá vốn hàng bán,156-Hàng hóa,commerce_distribution_erp_scenario_v1,LIGHTBI_SCENARIO_ENTITY_001,VND,all_declared_accounting_money_columns,Asia/Ho_Chi_Minh,authentic_anchored_semi_synthetic_evidence,sample data/Accounting_ERP_May_2026.csv,3c59da1c10c67ab974dfd204b737402aff1c28d748665949942579fb5fb1a2fd,326,1.0.0
INV20260500326,JV20260500326,SO20260500326,2026-05-20,HN-HBT,NV024,Chuyển khoản,BL-DF2EF5,Máy xay,Sunhouse Blender,LG,2,1344770,0.11,2393690,0.08,191495,2585185,942000,1884000,509690,0.2129,2585185,2393690,191495,1884000,1884000,131-Phải thu khách hàng,511-Doanh thu bán hàng,3331-Thuế GTGT đầu ra,632-Giá vốn hàng bán,156-Hàng hóa,commerce_distribution_erp_scenario_v1,LIGHTBI_SCENARIO_ENTITY_001,VND,all_declared_accounting_money_columns,Asia/Ho_Chi_Minh,authentic_anchored_semi_synthetic_evidence,sample data/Accounting_ERP_May_2026.csv,3c59da1c10c67ab974dfd204b737402aff1c28d748665949942579fb5fb1a2fd,327,1.0.0
INV20260500327,JV20260500327,SO20260500327,2026-05-15,BD-TDM,NV006,Trả góp,RF-794862,Tủ lạnh,Samsung Inverter 350L,Aqua,2,14642760,0.03,28406954,0.08,2272556,30679510,12569000,25138000,3268954,0.1151,30679510,28406954,2272556,25138000,25138000,131-Phải thu khách hàng,511-Doanh thu bán hàng,3331-Thuế GTGT đầu ra,632-Giá vốn hàng bán,156-Hàng hóa,commerce_distribution_erp_scenario_v1,LIGHTBI_SCENARIO_ENTITY_001,VND,all_declared_accounting_money_columns,Asia/Ho_Chi_Minh,authentic_anchored_semi_synthetic_evidence,sample data/Accounting_ERP_May_2026.csv,3c59da1c10c67ab974dfd204b737402aff1c28d748665949942579fb5fb1a2fd,328,1.0.0
INV20260500328,JV20260500328,SO20260500328,2026-05-24,DN-HC,NV001,Ví điện tử,KT-F760AD,Ấm siêu tốc,Philips,LG,3,678073,0.04,1952850,0.08,156228,2109078,399000,1197000,755850,0.387,2109078,1952850,156228,1197000,1197000,131-Phải thu khách hàng,511-Doanh thu bán hàng,3331-Thuế GTGT đầu ra,632-Giá vốn hàng bán,156-Hàng hóa,commerce_distribution_erp_scenario_v1,LIGHTBI_SCENARIO_ENTITY_001,VND,all_declared_accounting_money_columns,Asia/Ho_Chi_Minh,authentic_anchored_semi_synthetic_evidence,sample data/Accounting_ERP_May_2026.csv,3c59da1c10c67ab974dfd204b737402aff1c28d748665949942579fb5fb1a2fd,329,1.0.0
INV20260500329,JV20260500329,SO20260500329,2026-05-19,BD-TDM,NV023,Trả góp,WM-4EAB5C,Máy giặt,Samsung 10kg,LG,2,5470194,0.01,10830984,0.08,866478,11697462,4466000,8932000,1898984,0.1753,11697462,10830984,866478,8932000,8932000,131-Phải thu khách hàng,511-Doanh thu bán hàng,3331-Thuế GTGT đầu ra,632-Giá vốn hàng bán,156-Hàng hóa,commerce_distribution_erp_scenario_v1,LIGHTBI_SCENARIO_ENTITY_001,VND,all_declared_accounting_money_columns,Asia/Ho_Chi_Minh,authentic_anchored_semi_synthetic_evidence,sample data/Accounting_ERP_May_2026.csv,3c59da1c10c67ab974dfd204b737402aff1c28d748665949942579fb5fb1a2fd,330,1.0.0
INV20260500330,JV20260500330,SO20260500330,2026-05-09,DN-HC,NV014,Ví điện tử,VC-36242C,Máy hút bụi,Xiaomi G10,Sony,1,6981303,0.19,5654855,0.08,452388,6107243,5509000,5509000,145855,0.0258,6107243,5654855,452388,5509000,5509000,131-Phải thu khách hàng,511-Doanh thu bán hàng,3331-Thuế GTGT đầu ra,632-Giá vốn hàng bán,156-Hàng hóa,commerce_distribution_erp_scenario_v1,LIGHTBI_SCENARIO_ENTITY_001,VND,all_declared_accounting_money_columns,Asia/Ho_Chi_Minh,authentic_anchored_semi_synthetic_evidence,sample data/Accounting_ERP_May_2026.csv,3c59da1c10c67ab974dfd204b737402aff1c28d748665949942579fb5fb1a2fd,331,1.0.0
INV20260500331,JV20260500331,SO20260500331,2026-05-12,DN-HC,NV009,Chuyển khoản,TV-9A9F11,TV,"Samsung 55"" 4K",Toshiba,3,16117068,0.03,46900667,0.08,3752053,50652720,12937000,38811000,8089667,0.1725,50652720,46900667,3752053,38811000,38811000,131-Phải thu khách hàng,511-Doanh thu bán hàng,3331-Thuế GTGT đầu ra,632-Giá vốn hàng bán,156-Hàng hóa,commerce_distribution_erp_scenario_v1,LIGHTBI_SCENARIO_ENTITY_001,VND,all_declared_accounting_money_columns,Asia/Ho_Chi_Minh,authentic_anchored_semi_synthetic_evidence,sample data/Accounting_ERP_May_2026.csv,3c59da1c10c67ab974dfd204b737402aff1c28d748665949942579fb5fb1a2fd,332,1.0.0
INV20260500332,JV20260500332,SO20260500332,2026-05-07,HCM-TB,NV010,Ví điện tử,WM-70D3A7,Máy giặt,Panasonic 8.5kg,Daikin,3,9108660,0.08,25139901,0.08,2011192,27151093,7031000,21093000,4046901,0.161,27151093,25139901,2011192,21093000,21093000,131-Phải thu khách hàng,511-Doanh thu bán hàng,3331-Thuế GTGT đầu ra,632-Giá vốn hàng bán,156-Hàng hóa,commerce_distribution_erp_scenario_v1,LIGHTBI_SCENARIO_ENTITY_001,VND,all_declared_accounting_money_columns,Asia/Ho_Chi_Minh,authentic_anchored_semi_synthetic_evidence,sample data/Accounting_ERP_May_2026.csv,3c59da1c10c67ab974dfd204b737402aff1c28d748665949942579fb5fb1a2fd,333,1.0.0
INV20260500333,JV20260500333,SO20260500333,2026-05-06,HCM-Q7,NV011,Tiền mặt,WM-AF4A41,Máy giặt,Toshiba 9kg,Asia,2,16297506,0.02,31943111,0.08,2555448,34498559,13151000,26302000,5641111,0.1766,34498559,31943111,2555448,26302000,26302000,131-Phải thu khách hàng,511-Doanh thu bán hàng,3331-Thuế GTGT đầu ra,632-Giá vốn hàng bán,156-Hàng hóa,commerce_distribution_erp_scenario_v1,LIGHTBI_SCENARIO_ENTITY_001,VND,all_declared_accounting_money_columns,Asia/Ho_Chi_Minh,authentic_anchored_semi_synthetic_evidence,sample data/Accounting_ERP_May_2026.csv,3c59da1c10c67ab974dfd204b737402aff1c28d748665949942579fb5fb1a2fd,334,1.0.0
INV20260500334,JV20260500334,SO20260500334,2026-05-07,CT-NK,NV024,Chuyển khoản,RF-191AF7,Tủ lạnh,Panasonic 300L,Toshiba,1,24914407,0.11,22173822,0.08,1773905,23947727,21096000,21096000,1077822,0.0486,23947727,22173822,1773905,21096000,21096000,131-Phải thu khách hàng,511-Doanh thu bán hàng,3331-Thuế GTGT đầu ra,632-Giá vốn hàng bán,156-Hàng hóa,commerce_distribution_erp_scenario_v1,LIGHTBI_SCENARIO_ENTITY_001,VND,all_declared_accounting_money_columns,Asia/Ho_Chi_Minh,authentic_anchored_semi_synthetic_evidence,sample data/Accounting_ERP_May_2026.csv,3c59da1c10c67ab974dfd204b737402aff1c28d748665949942579fb5fb1a2fd,335,1.0.0
INV20260500335,JV20260500335,SO20260500335,2026-05-27,HN-HBT,NV001,Chuyển khoản,WM-513972,Máy giặt,Panasonic 8.5kg,LG,2,13649272,0.17,22657791,0.08,1812623,24470414,11463000,22926000,-268209,-0.0118,24470414,22657791,1812623,22926000,22926000,131-Phải thu khách hàng,511-Doanh thu bán hàng,3331-Thuế GTGT đầu ra,632-Giá vốn hàng bán,156-Hàng hóa,commerce_distribution_erp_scenario_v1,LIGHTBI_SCENARIO_ENTITY_001,VND,all_declared_accounting_money_columns,Asia/Ho_Chi_Minh,authentic_anchored_semi_synthetic_evidence,sample data/Accounting_ERP_May_2026.csv,3c59da1c10c67ab974dfd204b737402aff1c28d748665949942579fb5fb1a2fd,336,1.0.0
INV20260500336,JV20260500336,SO20260500336,2026-05-28,BD-TDM,NV023,Chuyển khoản,RF-709E60,Tủ lạnh,LG 420L,LG,2,7890821,0.01,15623825,0.08,1249906,16873731,6425000,12850000,2773825,0.1775,16873731,15623825,1249906,12850000,12850000,131-Phải thu khách hàng,511-Doanh thu bán hàng,3331-Thuế GTGT đầu ra,632-Giá vốn hàng bán,156-Hàng hóa,commerce_distribution_erp_scenario_v1,LIGHTBI_SCENARIO_ENTITY_001,VND,all_declared_accounting_money_columns,Asia/Ho_Chi_Minh,authentic_anchored_semi_synthetic_evidence,sample data/Accounting_ERP_May_2026.csv,3c59da1c10c67ab974dfd204b737402aff1c28d748665949942579fb5fb1a2fd,337,1.0.0
INV20260500337,JV20260500337,SO20260500337,2026-05-06,HCM-TB,NV005,Ví điện tử,RC-7DABD5,Nồi cơm,Sunhouse 1.2L,Mitsubishi,2,1495983,0.13,2603010,0.08,208240,2811250,981000,1962000,641010,0.2463,2811250,2603010,208240,1962000,1962000,131-Phải thu khách hàng,511-Doanh thu bán hàng,3331-Thuế GTGT đầu ra,632-Giá vốn hàng bán,156-Hàng hóa,commerce_distribution_erp_scenario_v1,LIGHTBI_SCENARIO_ENTITY_001,VND,all_declared_accounting_money_columns,Asia/Ho_Chi_Minh,authentic_anchored_semi_synthetic_evidence,sample data/Accounting_ERP_May_2026.csv,3c59da1c10c67ab974dfd204b737402aff1c28d748665949942579fb5fb1a2fd,338,1.0.0
INV20260500338,JV20260500338,SO20260500338,2026-05-12,HCM-Q7,NV026,Thẻ,FN-422F6A,Quạt,Senko,Sharp,1,1472756,0.12,1296025,0.08,103682,1399707,1099000,1099000,197025,0.152,1399707,1296025,103682,1099000,1099000,131-Phải thu khách hàng,511-Doanh thu bán hàng,3331-Thuế GTGT đầu ra,632-Giá vốn hàng bán,156-Hàng hóa,commerce_distribution_erp_scenario_v1,LIGHTBI_SCENARIO_ENTITY_001,VND,all_declared_accounting_money_columns,Asia/Ho_Chi_Minh,authentic_anchored_semi_synthetic_evidence,sample data/Accounting_ERP_May_2026.csv,3c59da1c10c67ab974dfd204b737402aff1c28d748665949942579fb5fb1a2fd,339,1.0.0
INV20260500339,JV20260500339,SO20260500339,2026-05-26,CT-NK,NV027,Thẻ,VC-98037D,Máy hút bụi,Dyson V8,Sunhouse,3,4955019,0.06,13973153,0.08,1117852,15091005,3785000,11355000,2618153,0.1874,15091005,13973153,1117852,11355000,11355000,131-Phải thu khách hàng,511-Doanh thu bán hàng,3331-Thuế GTGT đầu ra,632-Giá vốn hàng bán,156-Hàng hóa,commerce_distribution_erp_scenario_v1,LIGHTBI_SCENARIO_ENTITY_001,VND,all_declared_accounting_money_columns,Asia/Ho_Chi_Minh,authentic_anchored_semi_synthetic_evidence,sample data/Accounting_ERP_May_2026.csv,3c59da1c10c67ab974dfd204b737402aff1c28d748665949942579fb5fb1a2fd,340,1.0.0
INV20260500340,JV20260500340,SO20260500340,2026-05-28,DN-HC,NV017,Trả góp,VC-852D6B,Máy hút bụi,Philips FC,Sunhouse,3,11704024,0.01,34760951,0.08,2780876,37541827,9124000,27372000,7388951,0.2126,37541827,34760951,2780876,27372000,27372000,131-Phải thu khách hàng,511-Doanh thu bán hàng,3331-Thuế GTGT đầu ra,632-Giá vốn hàng bán,156-Hàng hóa,commerce_distribution_erp_scenario_v1,LIGHTBI_SCENARIO_ENTITY_001,VND,all_declared_accounting_money_columns,Asia/Ho_Chi_Minh,authentic_anchored_semi_synthetic_evidence,sample data/Accounting_ERP_May_2026.csv,3c59da1c10c67ab974dfd204b737402aff1c28d748665949942579fb5fb1a2fd,341,1.0.0
INV20260500341,JV20260500341,SO20260500341,2026-05-23,HN-CG,NV014,Thẻ,RC-BA76D0,Nồi cơm,Panasonic 1.8L,Daikin,3,2268039,0.1,6123705,0.08,489896,6613601,1543000,4629000,1494705,0.2441,6613601,6123705,489896,4629000,4629000,131-Phải thu khách hàng,511-Doanh thu bán hàng,3331-Thuế GTGT đầu ra,632-Giá vốn hàng bán,156-Hàng hóa,commerce_distribution_erp_scenario_v1,LIGHTBI_SCENARIO_ENTITY_001,VND,all_declared_accounting_money_columns,Asia/Ho_Chi_Minh,authentic_anchored_semi_synthetic_evidence,sample data/Accounting_ERP_May_2026.csv,3c59da1c10c67ab974dfd204b737402aff1c28d748665949942579fb5fb1a2fd,342,1.0.0
INV20260500342,JV20260500342,SO20260500342,2026-05-12,HCM-Q7,NV010,Tiền mặt,FN-374368,Quạt,Senko,Panasonic,3,1991980,0.11,5318586,0.08,425486,5744072,1219000,3657000,1661586,0.3124,5744072,5318586,425486,3657000,3657000,131-Phải thu khách hàng,511-Doanh thu bán hàng,3331-Thuế GTGT đầu ra,632-Giá vốn hàng bán,156-Hàng hóa,commerce_distribution_erp_scenario_v1,LIGHTBI_SCENARIO_ENTITY_001,VND,all_declared_accounting_money_columns,Asia/Ho_Chi_Minh,authentic_anchored_semi_synthetic_evidence,sample data/Accounting_ERP_May_2026.csv,3c59da1c10c67ab974dfd204b737402aff1c28d748665949942579fb5fb1a2fd,343,1.0.0
INV20260500343,JV20260500343,SO20260500343,2026-05-16,DN-HC,NV023,Thẻ,MW-1E7D48,Lò vi sóng,Sharp 20L,Xiaomi,3,3290886,0.17,8194306,0.08,655544,8849850,2556000,7668000,526306,0.0642,8849850,8194306,655544,7668000,7668000,131-Phải thu khách hàng,511-Doanh thu bán hàng,3331-Thuế GTGT đầu ra,632-Giá vốn hàng bán,156-Hàng hóa,commerce_distribution_erp_scenario_v1,LIGHTBI_SCENARIO_ENTITY_001,VND,all_declared_accounting_money_columns,Asia/Ho_Chi_Minh,authentic_anchored_semi_synthetic_evidence,sample data/Accounting_ERP_May_2026.csv,3c59da1c10c67ab974dfd204b737402aff1c28d748665949942579fb5fb1a2fd,344,1.0.0
INV20260500344,JV20260500344,SO20260500344,2026-05-08,DN-HC,NV025,Ví điện tử,RF-FA61AD,Tủ lạnh,Panasonic 300L,Samsung,3,11108696,0.04,31993044,0.08,2559443,34552487,8559000,25677000,6316044,0.1974,34552487,31993044,2559443,25677000,25677000,131-Phải thu khách hàng,511-Doanh thu bán hàng,3331-Thuế GTGT đầu ra,632-Giá vốn hàng bán,156-Hàng hóa,commerce_distribution_erp_scenario_v1,LIGHTBI_SCENARIO_ENTITY_001,VND,all_declared_accounting_money_columns,Asia/Ho_Chi_Minh,authentic_anchored_semi_synthetic_evidence,sample data/Accounting_ERP_May_2026.csv,3c59da1c10c67ab974dfd204b737402aff1c28d748665949942579fb5fb1a2fd,345,1.0.0
INV20260500345,JV20260500345,SO20260500345,2026-05-26,BD-TDM,NV009,Ví điện tử,VC-6858E9,Máy hút bụi,Xiaomi G10,Sharp,1,5278714,0.02,5173139,0.08,413851,5586990,3864000,3864000,1309139,0.2531,5586990,5173139,413851,3864000,3864000,131-Phải thu khách hàng,511-Doanh thu bán hàng,3331-Thuế GTGT đầu ra,632-Giá vốn hàng bán,156-Hàng hóa,commerce_distribution_erp_scenario_v1,LIGHTBI_SCENARIO_ENTITY_001,VND,all_declared_accounting_money_columns,Asia/Ho_Chi_Minh,authentic_anchored_semi_synthetic_evidence,sample data/Accounting_ERP_May_2026.csv,3c59da1c10c67ab974dfd204b737402aff1c28d748665949942579fb5fb1a2fd,346,1.0.0
INV20260500346,JV20260500346,SO20260500346,2026-05-18,HCM-TB,NV012,Thẻ,WM-57BF8B,Máy giặt,LG 9kg,Panasonic,2,9927263,0.14,17074892,0.08,1365991,18440883,8329000,16658000,416892,0.0244,18440883,17074892,1365991,16658000,16658000,131-Phải thu khách hàng,511-Doanh thu bán hàng,3331-Thuế GTGT đầu ra,632-Giá vốn hàng bán,156-Hàng hóa,commerce_distribution_erp_scenario_v1,LIGHTBI_SCENARIO_ENTITY_001,VND,all_declared_accounting_money_columns,Asia/Ho_Chi_Minh,authentic_anchored_semi_synthetic_evidence,sample data/Accounting_ERP_May_2026.csv,3c59da1c10c67ab974dfd204b737402aff1c28d748665949942579fb5fb1a2fd,347,1.0.0
INV20260500347,JV20260500347,SO20260500347,2026-05-11,HN-HBT,NV028,Ví điện tử,WM-B05DAD,Máy giặt,LG 9kg,Sony,2,13342977,0.14,22949920,0.08,1835993,24785913,10282000,20564000,2385920,0.104,24785913,22949920,1835993,20564000,20564000,131-Phải thu khách hàng,511-Doanh thu bán hàng,3331-Thuế GTGT đầu ra,632-Giá vốn hàng bán,156-Hàng hóa,commerce_distribution_erp_scenario_v1,LIGHTBI_SCENARIO_ENTITY_001,VND,all_declared_accounting_money_columns,Asia/Ho_Chi_Minh,authentic_anchored_semi_synthetic_evidence,sample data/Accounting_ERP_May_2026.csv,3c59da1c10c67ab974dfd204b737402aff1c28d748665949942579fb5fb1a2fd,348,1.0.0
INV20260500348,JV20260500348,SO20260500348,2026-05-20,HN-HBT,NV026,Trả góp,VC-4DCE77,Máy hút bụi,Dyson V8,Toshiba,2,4429104,0.13,7706640,0.08,616531,8323171,2830000,5660000,2046640,0.2656,8323171,7706640,616531,5660000,5660000,131-Phải thu khách hàng,511-Doanh thu bán hàng,3331-Thuế GTGT đầu ra,632-Giá vốn hàng bán,156-Hàng hóa,commerce_distribution_erp_scenario_v1,LIGHTBI_SCENARIO_ENTITY_001,VND,all_declared_accounting_money_columns,Asia/Ho_Chi_Minh,authentic_anchored_semi_synthetic_evidence,sample data/Accounting_ERP_May_2026.csv,3c59da1c10c67ab974dfd204b737402aff1c28d748665949942579fb5fb1a2fd,349,1.0.0
INV20260500349,JV20260500349,SO20260500349,2026-05-23,HCM-TB,NV001,Thẻ,BL-BCB9B9,Máy xay,Panasonic Blender,Sunhouse,3,2272260,0.19,5521591,0.08,441727,5963318,1607000,4821000,700591,0.1269,5963318,5521591,441727,4821000,4821000,131-Phải thu khách hàng,511-Doanh thu bán hàng,3331-Thuế GTGT đầu ra,632-Giá vốn hàng bán,156-Hàng hóa,commerce_distribution_erp_scenario_v1,LIGHTBI_SCENARIO_ENTITY_001,VND,all_declared_accounting_money_columns,Asia/Ho_Chi_Minh,authentic_anchored_semi_synthetic_evidence,sample data/Accounting_ERP_May_2026.csv,3c59da1c10c67ab974dfd204b737402aff1c28d748665949942579fb5fb1a2fd,350,1.0.0
INV20260500350,JV20260500350,SO20260500350,2026-05-10,HN-CG,NV018,Ví điện tử,FN-310542,Quạt,Senko,Casper,1,2386322,0.07,2219279,0.08,177542,2396821,1500000,1500000,719279,0.3241,2396821,2219279,177542,1500000,1500000,131-Phải thu khách hàng,511-Doanh thu bán hàng,3331-Thuế GTGT đầu ra,632-Giá vốn hàng bán,156-Hàng hóa,commerce_distribution_erp_scenario_v1,LIGHTBI_SCENARIO_ENTITY_001,VND,all_declared_accounting_money_columns,Asia/Ho_Chi_Minh,authentic_anchored_semi_synthetic_evidence,sample data/Accounting_ERP_May_2026.csv,3c59da1c10c67ab974dfd204b737402aff1c28d748665949942579fb5fb1a2fd,351,1.0.0
INV20260500351,JV20260500351,SO20260500351,2026-05-30,HCM-Q1,NV008,Ví điện tử,VC-FA3352,Máy hút bụi,Dyson V8,Aqua,1,10243915,0.18,8400010,0.08,672000,9072010,7014000,7014000,1386010,0.165,9072010,8400010,672000,7014000,7014000,131-Phải thu khách hàng,511-Doanh thu bán hàng,3331-Thuế GTGT đầu ra,632-Giá vốn hàng bán,156-Hàng hóa,commerce_distribution_erp_scenario_v1,LIGHTBI_SCENARIO_ENTITY_001,VND,all_declared_accounting_money_columns,Asia/Ho_Chi_Minh,authentic_anchored_semi_synthetic_evidence,sample data/Accounting_ERP_May_2026.csv,3c59da1c10c67ab974dfd204b737402aff1c28d748665949942579fb5fb1a2fd,352,1.0.0
INV20260500352,JV20260500352,SO20260500352,2026-05-13,HCM-Q1,NV013,Thẻ,BL-981E64,Máy xay,Sunhouse Blender,Samsung,2,697957,0.12,1228404,0.08,98272,1326676,385000,770000,458404,0.3732,1326676,1228404,98272,770000,770000,131-Phải thu khách hàng,511-Doanh thu bán hàng,3331-Thuế GTGT đầu ra,632-Giá vốn hàng bán,156-Hàng hóa,commerce_distribution_erp_scenario_v1,LIGHTBI_SCENARIO_ENTITY_001,VND,all_declared_accounting_money_columns,Asia/Ho_Chi_Minh,authentic_anchored_semi_synthetic_evidence,sample data/Accounting_ERP_May_2026.csv,3c59da1c10c67ab974dfd204b737402aff1c28d748665949942579fb5fb1a2fd,353,1.0.0
INV20260500353,JV20260500353,SO20260500353,2026-05-07,DN-HC,NV008,Ví điện tử,TV-2A62F7,TV,"TCL 50""",Casper,2,11053846,0.15,18791538,0.08,1503323,20294861,9374000,18748000,43538,0.0023,20294861,18791538,1503323,18748000,18748000,131-Phải thu khách hàng,511-Doanh thu bán hàng,3331-Thuế GTGT đầu ra,632-Giá vốn hàng bán,156-Hàng hóa,commerce_distribution_erp_scenario_v1,LIGHTBI_SCENARIO_ENTITY_001,VND,all_declared_accounting_money_columns,Asia/Ho_Chi_Minh,authentic_anchored_semi_synthetic_evidence,sample data/Accounting_ERP_May_2026.csv,3c59da1c10c67ab974dfd204b737402aff1c28d748665949942579fb5fb1a2fd,354,1.0.0
INV20260500354,JV20260500354,SO20260500354,2026-05-04,HCM-TB,NV007,Trả góp,MW-D098CC,Lò vi sóng,Sharp 20L,Mitsubishi,2,3626561,0.08,6672872,0.08,533829,7206701,2485000,4970000,1702872,0.2552,7206701,6672872,533829,4970000,4970000,131-Phải thu khách hàng,511-Doanh thu bán hàng,3331-Thuế GTGT đầu ra,632-Giá vốn hàng bán,156-Hàng hóa,commerce_distribution_erp_scenario_v1,LIGHTBI_SCENARIO_ENTITY_001,VND,all_declared_accounting_money_columns,Asia/Ho_Chi_Minh,authentic_anchored_semi_synthetic_evidence,sample data/Accounting_ERP_May_2026.csv,3c59da1c10c67ab974dfd204b737402aff1c28d748665949942579fb5fb1a2fd,355,1.0.0
INV20260500355,JV20260500355,SO20260500355,2026-05-07,DN-HC,NV005,Tiền mặt,MW-8E4E78,Lò vi sóng,Panasonic 25L,Casper,1,3479267,0.09,3166132,0.08,253290,3419422,2453000,2453000,713132,0.2252,3419422,3166132,253290,2453000,2453000,131-Phải thu khách hàng,511-Doanh thu bán hàng,3331-Thuế GTGT đầu ra,632-Giá vốn hàng bán,156-Hàng hóa,commerce_distribution_erp_scenario_v1,LIGHTBI_SCENARIO_ENTITY_001,VND,all_declared_accounting_money_columns,Asia/Ho_Chi_Minh,authentic_anchored_semi_synthetic_evidence,sample data/Accounting_ERP_May_2026.csv,3c59da1c10c67ab974dfd204b737402aff1c28d748665949942579fb5fb1a2fd,356,1.0.0
INV20260500356,JV20260500356,SO20260500356,2026-05-11,DN-HC,NV023,Trả góp,FN-166747,Quạt,Senko,LG,1,1190340,0.13,1035595,0.08,82847,1118442,845000,845000,190595,0.184,1118442,1035595,82847,845000,845000,131-Phải thu khách hàng,511-Doanh thu bán hàng,3331-Thuế GTGT đầu ra,632-Giá vốn hàng bán,156-Hàng hóa,commerce_distribution_erp_scenario_v1,LIGHTBI_SCENARIO_ENTITY_001,VND,all_declared_accounting_money_columns,Asia/Ho_Chi_Minh,authentic_anchored_semi_synthetic_evidence,sample data/Accounting_ERP_May_2026.csv,3c59da1c10c67ab974dfd204b737402aff1c28d748665949942579fb5fb1a2fd,357,1.0.0
INV20260500357,JV20260500357,SO20260500357,2026-05-01,DN-HC,NV005,Thẻ,BL-CB9EBE,Máy xay,Philips Blender,Philips,3,2193286,0.01,6514059,0.08,521124,7035183,1387000,4161000,2353059,0.3612,7035183,6514059,521124,4161000,4161000,131-Phải thu khách hàng,511-Doanh thu bán hàng,3331-Thuế GTGT đầu ra,632-Giá vốn hàng bán,156-Hàng hóa,commerce_distribution_erp_scenario_v1,LIGHTBI_SCENARIO_ENTITY_001,VND,all_declared_accounting_money_columns,Asia/Ho_Chi_Minh,authentic_anchored_semi_synthetic_evidence,sample data/Accounting_ERP_May_2026.csv,3c59da1c10c67ab974dfd204b737402aff1c28d748665949942579fb5fb1a2fd,358,1.0.0
INV20260500358,JV20260500358,SO20260500358,2026-05-01,BD-TDM,NV006,Tiền mặt,KT-F760AD,Ấm siêu tốc,Philips,LG,3,1214500,0.07,3388455,0.08,271076,3659531,692000,2076000,1312455,0.3873,3659531,3388455,271076,2076000,2076000,131-Phải thu khách hàng,511-Doanh thu bán hàng,3331-Thuế GTGT đầu ra,632-Giá vốn hàng bán,156-Hàng hóa,commerce_distribution_erp_scenario_v1,LIGHTBI_SCENARIO_ENTITY_001,VND,all_declared_accounting_money_columns,Asia/Ho_Chi_Minh,authentic_anchored_semi_synthetic_evidence,sample data/Accounting_ERP_May_2026.csv,3c59da1c10c67ab974dfd204b737402aff1c28d748665949942579fb5fb1a2fd,359,1.0.0
INV20260500359,JV20260500359,SO20260500359,2026-05-16,DN-HC,NV023,Ví điện tử,RF-BFD1C6,Tủ lạnh,Aqua 250L,Electrolux,3,22719230,0.16,57252459,0.08,4580196,61832655,18998000,56994000,258459,0.0045,61832655,57252459,4580196,56994000,56994000,131-Phải thu khách hàng,511-Doanh thu bán hàng,3331-Thuế GTGT đầu ra,632-Giá vốn hàng bán,156-Hàng hóa,commerce_distribution_erp_scenario_v1,LIGHTBI_SCENARIO_ENTITY_001,VND,all_declared_accounting_money_columns,Asia/Ho_Chi_Minh,authentic_anchored_semi_synthetic_evidence,sample data/Accounting_ERP_May_2026.csv,3c59da1c10c67ab974dfd204b737402aff1c28d748665949942579fb5fb1a2fd,360,1.0.0
INV20260500360,JV20260500360,SO20260500360,2026-05-06,DN-HC,NV023,Chuyển khoản,KT-54AD13,Ấm siêu tốc,Philips,Samsung,1,1286910,0.16,1081004,0.08,86480,1167484,701000,701000,380004,0.3515,1167484,1081004,86480,701000,701000,131-Phải thu khách hàng,511-Doanh thu bán hàng,3331-Thuế GTGT đầu ra,632-Giá vốn hàng bán,156-Hàng hóa,commerce_distribution_erp_scenario_v1,LIGHTBI_SCENARIO_ENTITY_001,VND,all_declared_accounting_money_columns,Asia/Ho_Chi_Minh,authentic_anchored_semi_synthetic_evidence,sample data/Accounting_ERP_May_2026.csv,3c59da1c10c67ab974dfd204b737402aff1c28d748665949942579fb5fb1a2fd,361,1.0.0
INV20260500361,JV20260500361,SO20260500361,2026-05-17,DN-HC,NV003,Ví điện tử,RF-577C9B,Tủ lạnh,Panasonic 300L,LG,2,19390064,0.19,31411903,0.08,2512952,33924855,14651000,29302000,2109903,0.0672,33924855,31411903,2512952,29302000,29302000,131-Phải thu khách hàng,511-Doanh thu bán hàng,3331-Thuế GTGT đầu ra,632-Giá vốn hàng bán,156-Hàng hóa,commerce_distribution_erp_scenario_v1,LIGHTBI_SCENARIO_ENTITY_001,VND,all_declared_accounting_money_columns,Asia/Ho_Chi_Minh,authentic_anchored_semi_synthetic_evidence,sample data/Accounting_ERP_May_2026.csv,3c59da1c10c67ab974dfd204b737402aff1c28d748665949942579fb5fb1a2fd,362,1.0.0
INV20260500362,JV20260500362,SO20260500362,2026-05-08,CT-NK,NV017,Trả góp,AC-BBBEF9,Máy lạnh,Casper 1HP,Sharp,1,13185613,0.07,12262620,0.08,981009,13243629,9526000,9526000,2736620,0.2232,13243629,12262620,981009,9526000,9526000,131-Phải thu khách hàng,511-Doanh thu bán hàng,3331-Thuế GTGT đầu ra,632-Giá vốn hàng bán,156-Hàng hóa,commerce_distribution_erp_scenario_v1,LIGHTBI_SCENARIO_ENTITY_001,VND,all_declared_accounting_money_columns,Asia/Ho_Chi_Minh,authentic_anchored_semi_synthetic_evidence,sample data/Accounting_ERP_May_2026.csv,3c59da1c10c67ab974dfd204b737402aff1c28d748665949942579fb5fb1a2fd,363,1.0.0
INV20260500363,JV20260500363,SO20260500363,2026-05-28,HCM-Q7,NV020,Chuyển khoản,KT-8BE75F,Ấm siêu tốc,Kangaroo,Samsung,2,627898,0.03,1218122,0.08,97449,1315571,343000,686000,532122,0.4368,1315571,1218122,97449,686000,686000,131-Phải thu khách hàng,511-Doanh thu bán hàng,3331-Thuế GTGT đầu ra,632-Giá vốn hàng bán,156-Hàng hóa,commerce_distribution_erp_scenario_v1,LIGHTBI_SCENARIO_ENTITY_001,VND,all_declared_accounting_money_columns,Asia/Ho_Chi_Minh,authentic_anchored_semi_synthetic_evidence,sample data/Accounting_ERP_May_2026.csv,3c59da1c10c67ab974dfd204b737402aff1c28d748665949942579fb5fb1a2fd,364,1.0.0
INV20260500364,JV20260500364,SO20260500364,2026-05-13,HN-HBT,NV013,Trả góp,FN-BA3069,Quạt,Senko,Sunhouse,2,1209870,0.07,2250358,0.08,180028,2430386,870000,1740000,510358,0.2268,2430386,2250358,180028,1740000,1740000,131-Phải thu khách hàng,511-Doanh thu bán hàng,3331-Thuế GTGT đầu ra,632-Giá vốn hàng bán,156-Hàng hóa,commerce_distribution_erp_scenario_v1,LIGHTBI_SCENARIO_ENTITY_001,VND,all_declared_accounting_money_columns,Asia/Ho_Chi_Minh,authentic_anchored_semi_synthetic_evidence,sample data/Accounting_ERP_May_2026.csv,3c59da1c10c67ab974dfd204b737402aff1c28d748665949942579fb5fb1a2fd,365,1.0.0
INV20260500365,JV20260500365,SO20260500365,2026-05-04,HCM-Q7,NV009,Tiền mặt,RC-BA76D0,Nồi cơm,Panasonic 1.8L,Daikin,2,2720597,0.16,4570602,0.08,365648,4936250,1917000,3834000,736602,0.1612,4936250,4570602,365648,3834000,3834000,131-Phải thu khách hàng,511-Doanh thu bán hàng,3331-Thuế GTGT đầu ra,632-Giá vốn hàng bán,156-Hàng hóa,commerce_distribution_erp_scenario_v1,LIGHTBI_SCENARIO_ENTITY_001,VND,all_declared_accounting_money_columns,Asia/Ho_Chi_Minh,authentic_anchored_semi_synthetic_evidence,sample data/Accounting_ERP_May_2026.csv,3c59da1c10c67ab974dfd204b737402aff1c28d748665949942579fb5fb1a2fd,366,1.0.0
INV20260500366,JV20260500366,SO20260500366,2026-05-07,CT-NK,NV005,Tiền mặt,RF-F005D7,Tủ lạnh,Aqua 250L,Sony,3,17861769,0.04,51441894,0.08,4115351,55557245,14860000,44580000,6861894,0.1334,55557245,51441894,4115351,44580000,44580000,131-Phải thu khách hàng,511-Doanh thu bán hàng,3331-Thuế GTGT đầu ra,632-Giá vốn hàng bán,156-Hàng hóa,commerce_distribution_erp_scenario_v1,LIGHTBI_SCENARIO_ENTITY_001,VND,all_declared_accounting_money_columns,Asia/Ho_Chi_Minh,authentic_anchored_semi_synthetic_evidence,sample data/Accounting_ERP_May_2026.csv,3c59da1c10c67ab974dfd204b737402aff1c28d748665949942579fb5fb1a2fd,367,1.0.0
INV20260500367,JV20260500367,SO20260500367,2026-05-08,HCM-Q1,NV020,Trả góp,AC-029767,Máy lạnh,Daikin 1HP,Sunhouse,3,6946060,0.12,18337598,0.08,1467007,19804605,4975000,14925000,3412598,0.1861,19804605,18337598,1467007,14925000,14925000,131-Phải thu khách hàng,511-Doanh thu bán hàng,3331-Thuế GTGT đầu ra,632-Giá vốn hàng bán,156-Hàng hóa,commerce_distribution_erp_scenario_v1,LIGHTBI_SCENARIO_ENTITY_001,VND,all_declared_accounting_money_columns,Asia/Ho_Chi_Minh,authentic_anchored_semi_synthetic_evidence,sample data/Accounting_ERP_May_2026.csv,3c59da1c10c67ab974dfd204b737402aff1c28d748665949942579fb5fb1a2fd,368,1.0.0
INV20260500368,JV20260500368,SO20260500368,2026-05-14,HCM-Q1,NV008,Thẻ,RC-454944,Nồi cơm,Sunhouse 1.2L,Sony,3,675588,0.16,1702481,0.08,136198,1838679,393000,1179000,523481,0.3075,1838679,1702481,136198,1179000,1179000,131-Phải thu khách hàng,511-Doanh thu bán hàng,3331-Thuế GTGT đầu ra,632-Giá vốn hàng bán,156-Hàng hóa,commerce_distribution_erp_scenario_v1,LIGHTBI_SCENARIO_ENTITY_001,VND,all_declared_accounting_money_columns,Asia/Ho_Chi_Minh,authentic_anchored_semi_synthetic_evidence,sample data/Accounting_ERP_May_2026.csv,3c59da1c10c67ab974dfd204b737402aff1c28d748665949942579fb5fb1a2fd,369,1.0.0
INV20260500369,JV20260500369,SO20260500369,2026-05-20,DN-HC,NV018,Ví điện tử,FN-896DEA,Quạt,Asia,Senko,2,1360171,0.13,2366697,0.08,189335,2556032,985000,1970000,396697,0.1676,2556032,2366697,189335,1970000,1970000,131-Phải thu khách hàng,511-Doanh thu bán hàng,3331-Thuế GTGT đầu ra,632-Giá vốn hàng bán,156-Hàng hóa,commerce_distribution_erp_scenario_v1,LIGHTBI_SCENARIO_ENTITY_001,VND,all_declared_accounting_money_columns,Asia/Ho_Chi_Minh,authentic_anchored_semi_synthetic_evidence,sample data/Accounting_ERP_May_2026.csv,3c59da1c10c67ab974dfd204b737402aff1c28d748665949942579fb5fb1a2fd,370,1.0.0
INV20260500370,JV20260500370,SO20260500370,2026-05-17,HN-HBT,NV001,Ví điện tử,AC-A3A658,Máy lạnh,Panasonic 1.5HP,Aqua,3,8727298,0.17,21730972,0.08,1738477,23469449,6687000,20061000,1669972,0.0768,23469449,21730972,1738477,20061000,20061000,131-Phải thu khách hàng,511-Doanh thu bán hàng,3331-Thuế GTGT đầu ra,632-Giá vốn hàng bán,156-Hàng hóa,commerce_distribution_erp_scenario_v1,LIGHTBI_SCENARIO_ENTITY_001,VND,all_declared_accounting_money_columns,Asia/Ho_Chi_Minh,authentic_anchored_semi_synthetic_evidence,sample data/Accounting_ERP_May_2026.csv,3c59da1c10c67ab974dfd204b737402aff1c28d748665949942579fb5fb1a2fd,371,1.0.0
INV20260500371,JV20260500371,SO20260500371,2026-05-13,HN-CG,NV016,Chuyển khoản,TV-CC162B,TV,"TCL 50""",Sharp,2,8795143,0.06,16534868,0.08,1322789,17857657,7402000,14804000,1730868,0.1047,17857657,16534868,1322789,14804000,14804000,131-Phải thu khách hàng,511-Doanh thu bán hàng,3331-Thuế GTGT đầu ra,632-Giá vốn hàng bán,156-Hàng hóa,commerce_distribution_erp_scenario_v1,LIGHTBI_SCENARIO_ENTITY_001,VND,all_declared_accounting_money_columns,Asia/Ho_Chi_Minh,authentic_anchored_semi_synthetic_evidence,sample data/Accounting_ERP_May_2026.csv,3c59da1c10c67ab974dfd204b737402aff1c28d748665949942579fb5fb1a2fd,372,1.0.0
INV20260500372,JV20260500372,SO20260500372,2026-05-03,BD-TDM,NV023,Thẻ,AC-F6180D,Máy lạnh,Panasonic 1.5HP,Electrolux,1,8100528,0.06,7614496,0.08,609159,8223655,5690000,5690000,1924496,0.2527,8223655,7614496,609159,5690000,5690000,131-Phải thu khách hàng,511-Doanh thu bán hàng,3331-Thuế GTGT đầu ra,632-Giá vốn hàng bán,156-Hàng hóa,commerce_distribution_erp_scenario_v1,LIGHTBI_SCENARIO_ENTITY_001,VND,all_declared_accounting_money_columns,Asia/Ho_Chi_Minh,authentic_anchored_semi_synthetic_evidence,sample data/Accounting_ERP_May_2026.csv,3c59da1c10c67ab974dfd204b737402aff1c28d748665949942579fb5fb1a2fd,373,1.0.0
INV20260500373,JV20260500373,SO20260500373,2026-05-22,HN-CG,NV028,Ví điện tử,FN-B2666C,Quạt,Panasonic,Daikin,1,1288012,0.06,1210731,0.08,96858,1307589,729000,729000,481731,0.3979,1307589,1210731,96858,729000,729000,131-Phải thu khách hàng,511-Doanh thu bán hàng,3331-Thuế GTGT đầu ra,632-Giá vốn hàng bán,156-Hàng hóa,commerce_distribution_erp_scenario_v1,LIGHTBI_SCENARIO_ENTITY_001,VND,all_declared_accounting_money_columns,Asia/Ho_Chi_Minh,authentic_anchored_semi_synthetic_evidence,sample data/Accounting_ERP_May_2026.csv,3c59da1c10c67ab974dfd204b737402aff1c28d748665949942579fb5fb1a2fd,374,1.0.0
INV20260500374,JV20260500374,SO20260500374,2026-05-23,HN-HBT,NV030,Chuyển khoản,VC-6858E9,Máy hút bụi,Xiaomi G10,Sharp,2,3069837,0.14,5280119,0.08,422409,5702528,1953000,3906000,1374119,0.2602,5702528,5280119,422409,3906000,3906000,131-Phải thu khách hàng,511-Doanh thu bán hàng,3331-Thuế GTGT đầu ra,632-Giá vốn hàng bán,156-Hàng hóa,commerce_distribution_erp_scenario_v1,LIGHTBI_SCENARIO_ENTITY_001,VND,all_declared_accounting_money_columns,Asia/Ho_Chi_Minh,authentic_anchored_semi_synthetic_evidence,sample data/Accounting_ERP_May_2026.csv,3c59da1c10c67ab974dfd204b737402aff1c28d748665949942579fb5fb1a2fd,375,1.0.0
INV20260500375,JV20260500375,SO20260500375,2026-05-26,BD-TDM,NV006,Tiền mặt,VC-6858E9,Máy hút bụi,Xiaomi G10,Sharp,2,5616111,0.02,11007577,0.08,880606,11888183,4118000,8236000,2771577,0.2518,11888183,11007577,880606,8236000,8236000,131-Phải thu khách hàng,511-Doanh thu bán hàng,3331-Thuế GTGT đầu ra,632-Giá vốn hàng bán,156-Hàng hóa,commerce_distribution_erp_scenario_v1,LIGHTBI_SCENARIO_ENTITY_001,VND,all_declared_accounting_money_columns,Asia/Ho_Chi_Minh,authentic_anchored_semi_synthetic_evidence,sample data/Accounting_ERP_May_2026.csv,3c59da1c10c67ab974dfd204b737402aff1c28d748665949942579fb5fb1a2fd,376,1.0.0
INV20260500376,JV20260500376,SO20260500376,2026-05-15,HN-HBT,NV019,Trả góp,RF-86779E,Tủ lạnh,Panasonic 300L,Sony,2,21786744,0.07,40523343,0.08,3241867,43765210,17937000,35874000,4649343,0.1147,43765210,40523343,3241867,35874000,35874000,131-Phải thu khách hàng,511-Doanh thu bán hàng,3331-Thuế GTGT đầu ra,632-Giá vốn hàng bán,156-Hàng hóa,commerce_distribution_erp_scenario_v1,LIGHTBI_SCENARIO_ENTITY_001,VND,all_declared_accounting_money_columns,Asia/Ho_Chi_Minh,authentic_anchored_semi_synthetic_evidence,sample data/Accounting_ERP_May_2026.csv,3c59da1c10c67ab974dfd204b737402aff1c28d748665949942579fb5fb1a2fd,377,1.0.0
INV20260500377,JV20260500377,SO20260500377,2026-05-19,HCM-Q7,NV030,Chuyển khoản,KT-4D9F3E,Ấm siêu tốc,Kangaroo,Philips,2,267163,0.04,512952,0.08,41036,553988,176000,352000,160952,0.3138,553988,512952,41036,352000,352000,131-Phải thu khách hàng,511-Doanh thu bán hàng,3331-Thuế GTGT đầu ra,632-Giá vốn hàng bán,156-Hàng hóa,commerce_distribution_erp_scenario_v1,LIGHTBI_SCENARIO_ENTITY_001,VND,all_declared_accounting_money_columns,Asia/Ho_Chi_Minh,authentic_anchored_semi_synthetic_evidence,sample data/Accounting_ERP_May_2026.csv,3c59da1c10c67ab974dfd204b737402aff1c28d748665949942579fb5fb1a2fd,378,1.0.0
INV20260500378,JV20260500378,SO20260500378,2026-05-17,HN-HBT,NV025,Ví điện tử,TV-CC162B,TV,"TCL 50""",Sharp,3,8788216,0.06,24782769,0.08,1982621,26765390,7206000,21618000,3164769,0.1277,26765390,24782769,1982621,21618000,21618000,131-Phải thu khách hàng,511-Doanh thu bán hàng,3331-Thuế GTGT đầu ra,632-Giá vốn hàng bán,156-Hàng hóa,commerce_distribution_erp_scenario_v1,LIGHTBI_SCENARIO_ENTITY_001,VND,all_declared_accounting_money_columns,Asia/Ho_Chi_Minh,authentic_anchored_semi_synthetic_evidence,sample data/Accounting_ERP_May_2026.csv,3c59da1c10c67ab974dfd204b737402aff1c28d748665949942579fb5fb1a2fd,379,1.0.0
INV20260500379,JV20260500379,SO20260500379,2026-05-18,CT-NK,NV016,Chuyển khoản,BL-BE1E34,Máy xay,Panasonic Blender,Senko,1,1529003,0.07,1421972,0.08,113757,1535729,890000,890000,531972,0.3741,1535729,1421972,113757,890000,890000,131-Phải thu khách hàng,511-Doanh thu bán hàng,3331-Thuế GTGT đầu ra,632-Giá vốn hàng bán,156-Hàng hóa,commerce_distribution_erp_scenario_v1,LIGHTBI_SCENARIO_ENTITY_001,VND,all_declared_accounting_money_columns,Asia/Ho_Chi_Minh,authentic_anchored_semi_synthetic_evidence,sample data/Accounting_ERP_May_2026.csv,3c59da1c10c67ab974dfd204b737402aff1c28d748665949942579fb5fb1a2fd,380,1.0.0
INV20260500380,JV20260500380,SO20260500380,2026-05-07,CT-NK,NV015,Chuyển khoản,KT-25E86C,Ấm siêu tốc,Philips,Sharp,1,973200,0.15,827220,0.08,66177,893397,683000,683000,144220,0.1743,893397,827220,66177,683000,683000,131-Phải thu khách hàng,511-Doanh thu bán hàng,3331-Thuế GTGT đầu ra,632-Giá vốn hàng bán,156-Hàng hóa,commerce_distribution_erp_scenario_v1,LIGHTBI_SCENARIO_ENTITY_001,VND,all_declared_accounting_money_columns,Asia/Ho_Chi_Minh,authentic_anchored_semi_synthetic_evidence,sample data/Accounting_ERP_May_2026.csv,3c59da1c10c67ab974dfd204b737402aff1c28d748665949942579fb5fb1a2fd,381,1.0.0
INV20260500381,JV20260500381,SO20260500381,2026-05-23,HCM-TB,NV018,Ví điện tử,RF-191AF7,Tủ lạnh,Panasonic 300L,Toshiba,2,19306393,0.13,33593123,0.08,2687449,36280572,15914000,31828000,1765123,0.0525,36280572,33593123,2687449,31828000,31828000,131-Phải thu khách hàng,511-Doanh thu bán hàng,3331-Thuế GTGT đầu ra,632-Giá vốn hàng bán,156-Hàng hóa,commerce_distribution_erp_scenario_v1,LIGHTBI_SCENARIO_ENTITY_001,VND,all_declared_accounting_money_columns,Asia/Ho_Chi_Minh,authentic_anchored_semi_synthetic_evidence,sample data/Accounting_ERP_May_2026.csv,3c59da1c10c67ab974dfd204b737402aff1c28d748665949942579fb5fb1a2fd,382,1.0.0
INV20260500382,JV20260500382,SO20260500382,2026-05-05,HN-CG,NV010,Thẻ,AC-8D2169,Máy lạnh,Panasonic 1.5HP,Sunhouse,3,6137833,0.1,16572149,0.08,1325771,17897920,4677000,14031000,2541149,0.1533,17897920,16572149,1325771,14031000,14031000,131-Phải thu khách hàng,511-Doanh thu bán hàng,3331-Thuế GTGT đầu ra,632-Giá vốn hàng bán,156-Hàng hóa,commerce_distribution_erp_scenario_v1,LIGHTBI_SCENARIO_ENTITY_001,VND,all_declared_accounting_money_columns,Asia/Ho_Chi_Minh,authentic_anchored_semi_synthetic_evidence,sample data/Accounting_ERP_May_2026.csv,3c59da1c10c67ab974dfd204b737402aff1c28d748665949942579fb5fb1a2fd,383,1.0.0
INV20260500383,JV20260500383,SO20260500383,2026-05-14,CT-NK,NV027,Tiền mặt,MW-21A949,Lò vi sóng,Panasonic 25L,Cuckoo,3,5416766,0.06,15275280,0.08,1222022,16497302,3824000,11472000,3803280,0.249,16497302,15275280,1222022,11472000,11472000,131-Phải thu khách hàng,511-Doanh thu bán hàng,3331-Thuế GTGT đầu ra,632-Giá vốn hàng bán,156-Hàng hóa,commerce_distribution_erp_scenario_v1,LIGHTBI_SCENARIO_ENTITY_001,VND,all_declared_accounting_money_columns,Asia/Ho_Chi_Minh,authentic_anchored_semi_synthetic_evidence,sample data/Accounting_ERP_May_2026.csv,3c59da1c10c67ab974dfd204b737402aff1c28d748665949942579fb5fb1a2fd,384,1.0.0
INV20260500384,JV20260500384,SO20260500384,2026-05-02,HN-CG,NV026,Thẻ,BL-BF3F30,Máy xay,Panasonic Blender,Casper,1,1554855,0.05,1477112,0.08,118168,1595280,956000,956000,521112,0.3528,1595280,1477112,118168,956000,956000,131-Phải thu khách hàng,511-Doanh thu bán hàng,3331-Thuế GTGT đầu ra,632-Giá vốn hàng bán,156-Hàng hóa,commerce_distribution_erp_scenario_v1,LIGHTBI_SCENARIO_ENTITY_001,VND,all_declared_accounting_money_columns,Asia/Ho_Chi_Minh,authentic_anchored_semi_synthetic_evidence,sample data/Accounting_ERP_May_2026.csv,3c59da1c10c67ab974dfd204b737402aff1c28d748665949942579fb5fb1a2fd,385,1.0.0
INV20260500385,JV20260500385,SO20260500385,2026-05-27,HCM-TB,NV015,Ví điện tử,TV-7839D5,TV,"TCL 50""",Xiaomi,2,22205005,0.07,41301309,0.08,3304104,44605413,18414000,36828000,4473309,0.1083,44605413,41301309,3304104,36828000,36828000,131-Phải thu khách hàng,511-Doanh thu bán hàng,3331-Thuế GTGT đầu ra,632-Giá vốn hàng bán,156-Hàng hóa,commerce_distribution_erp_scenario_v1,LIGHTBI_SCENARIO_ENTITY_001,VND,all_declared_accounting_money_columns,Asia/Ho_Chi_Minh,authentic_anchored_semi_synthetic_evidence,sample data/Accounting_ERP_May_2026.csv,3c59da1c10c67ab974dfd204b737402aff1c28d748665949942579fb5fb1a2fd,386,1.0.0
INV20260500386,JV20260500386,SO20260500386,2026-05-26,HN-HBT,NV018,Tiền mặt,FN-1B187A,Quạt,Panasonic,Panasonic,3,456265,0.19,1108723,0.08,88697,1197420,260000,780000,328723,0.2965,1197420,1108723,88697,780000,780000,131-Phải thu khách hàng,511-Doanh thu bán hàng,3331-Thuế GTGT đầu ra,632-Giá vốn hàng bán,156-Hàng hóa,commerce_distribution_erp_scenario_v1,LIGHTBI_SCENARIO_ENTITY_001,VND,all_declared_accounting_money_columns,Asia/Ho_Chi_Minh,authentic_anchored_semi_synthetic_evidence,sample data/Accounting_ERP_May_2026.csv,3c59da1c10c67ab974dfd204b737402aff1c28d748665949942579fb5fb1a2fd,387,1.0.0
INV20260500387,JV20260500387,SO20260500387,2026-05-27,CT-NK,NV001,Tiền mặt,MW-D098CC,Lò vi sóng,Sharp 20L,Mitsubishi,2,5806090,0.02,11379936,0.08,910394,12290330,3967000,7934000,3445936,0.3028,12290330,11379936,910394,7934000,7934000,131-Phải thu khách hàng,511-Doanh thu bán hàng,3331-Thuế GTGT đầu ra,632-Giá vốn hàng bán,156-Hàng hóa,commerce_distribution_erp_scenario_v1,LIGHTBI_SCENARIO_ENTITY_001,VND,all_declared_accounting_money_columns,Asia/Ho_Chi_Minh,authentic_anchored_semi_synthetic_evidence,sample data/Accounting_ERP_May_2026.csv,3c59da1c10c67ab974dfd204b737402aff1c28d748665949942579fb5fb1a2fd,388,1.0.0
INV20260500388,JV20260500388,SO20260500388,2026-05-05,HCM-Q1,NV012,Thẻ,VC-110A19,Máy hút bụi,Philips FC,Philips,1,6625513,0.08,6095471,0.08,487637,6583108,3997000,3997000,2098471,0.3443,6583108,6095471,487637,3997000,3997000,131-Phải thu khách hàng,511-Doanh thu bán hàng,3331-Thuế GTGT đầu ra,632-Giá vốn hàng bán,156-Hàng hóa,commerce_distribution_erp_scenario_v1,LIGHTBI_SCENARIO_ENTITY_001,VND,all_declared_accounting_money_columns,Asia/Ho_Chi_Minh,authentic_anchored_semi_synthetic_evidence,sample data/Accounting_ERP_May_2026.csv,3c59da1c10c67ab974dfd204b737402aff1c28d748665949942579fb5fb1a2fd,389,1.0.0
INV20260500389,JV20260500389,SO20260500389,2026-05-03,HN-HBT,NV026,Thẻ,MW-8EFC71,Lò vi sóng,Electrolux 23L,Cuckoo,1,1830394,0.15,1555834,0.08,124466,1680300,1335000,1335000,220834,0.1419,1680300,1555834,124466,1335000,1335000,131-Phải thu khách hàng,511-Doanh thu bán hàng,3331-Thuế GTGT đầu ra,632-Giá vốn hàng bán,156-Hàng hóa,commerce_distribution_erp_scenario_v1,LIGHTBI_SCENARIO_ENTITY_001,VND,all_declared_accounting_money_columns,Asia/Ho_Chi_Minh,authentic_anchored_semi_synthetic_evidence,sample data/Accounting_ERP_May_2026.csv,3c59da1c10c67ab974dfd204b737402aff1c28d748665949942579fb5fb1a2fd,390,1.0.0
INV20260500390,JV20260500390,SO20260500390,2026-05-10,HN-HBT,NV017,Chuyển khoản,FN-077AB7,Quạt,Panasonic,Samsung,2,1108232,0.07,2061311,0.08,164904,2226215,771000,1542000,519311,0.2519,2226215,2061311,164904,1542000,1542000,131-Phải thu khách hàng,511-Doanh thu bán hàng,3331-Thuế GTGT đầu ra,632-Giá vốn hàng bán,156-Hàng hóa,commerce_distribution_erp_scenario_v1,LIGHTBI_SCENARIO_ENTITY_001,VND,all_declared_accounting_money_columns,Asia/Ho_Chi_Minh,authentic_anchored_semi_synthetic_evidence,sample data/Accounting_ERP_May_2026.csv,3c59da1c10c67ab974dfd204b737402aff1c28d748665949942579fb5fb1a2fd,391,1.0.0
INV20260500391,JV20260500391,SO20260500391,2026-05-02,DN-HC,NV013,Trả góp,RF-555CFD,Tủ lạnh,LG 420L,Cuckoo,2,18967395,0.09,34520658,0.08,2761652,37282310,14199000,28398000,6122658,0.1774,37282310,34520658,2761652,28398000,28398000,131-Phải thu khách hàng,511-Doanh thu bán hàng,3331-Thuế GTGT đầu ra,632-Giá vốn hàng bán,156-Hàng hóa,commerce_distribution_erp_scenario_v1,LIGHTBI_SCENARIO_ENTITY_001,VND,all_declared_accounting_money_columns,Asia/Ho_Chi_Minh,authentic_anchored_semi_synthetic_evidence,sample data/Accounting_ERP_May_2026.csv,3c59da1c10c67ab974dfd204b737402aff1c28d748665949942579fb5fb1a2fd,392,1.0.0
INV20260500392,JV20260500392,SO20260500392,2026-05-27,HCM-TB,NV022,Tiền mặt,MW-33B2FE,Lò vi sóng,Electrolux 23L,Samsung,1,2817374,0.12,2479289,0.08,198343,2677632,1797000,1797000,682289,0.2752,2677632,2479289,198343,1797000,1797000,131-Phải thu khách hàng,511-Doanh thu bán hàng,3331-Thuế GTGT đầu ra,632-Giá vốn hàng bán,156-Hàng hóa,commerce_distribution_erp_scenario_v1,LIGHTBI_SCENARIO_ENTITY_001,VND,all_declared_accounting_money_columns,Asia/Ho_Chi_Minh,authentic_anchored_semi_synthetic_evidence,sample data/Accounting_ERP_May_2026.csv,3c59da1c10c67ab974dfd204b737402aff1c28d748665949942579fb5fb1a2fd,393,1.0.0
INV20260500393,JV20260500393,SO20260500393,2026-05-27,HN-CG,NV023,Tiền mặt,MW-1E7D48,Lò vi sóng,Sharp 20L,Xiaomi,1,3880463,0.06,3647635,0.08,291810,3939445,2968000,2968000,679635,0.1863,3939445,3647635,291810,2968000,2968000,131-Phải thu khách hàng,511-Doanh thu bán hàng,3331-Thuế GTGT đầu ra,632-Giá vốn hàng bán,156-Hàng hóa,commerce_distribution_erp_scenario_v1,LIGHTBI_SCENARIO_ENTITY_001,VND,all_declared_accounting_money_columns,Asia/Ho_Chi_Minh,authentic_anchored_semi_synthetic_evidence,sample data/Accounting_ERP_May_2026.csv,3c59da1c10c67ab974dfd204b737402aff1c28d748665949942579fb5fb1a2fd,394,1.0.0
INV20260500394,JV20260500394,SO20260500394,2026-05-12,DN-HC,NV002,Chuyển khoản,FN-633F9D,Quạt,Panasonic,Cuckoo,1,1124026,0.2,899220,0.08,71937,971157,753000,753000,146220,0.1626,971157,899220,71937,753000,753000,131-Phải thu khách hàng,511-Doanh thu bán hàng,3331-Thuế GTGT đầu ra,632-Giá vốn hàng bán,156-Hàng hóa,commerce_distribution_erp_scenario_v1,LIGHTBI_SCENARIO_ENTITY_001,VND,all_declared_accounting_money_columns,Asia/Ho_Chi_Minh,authentic_anchored_semi_synthetic_evidence,sample data/Accounting_ERP_May_2026.csv,3c59da1c10c67ab974dfd204b737402aff1c28d748665949942579fb5fb1a2fd,395,1.0.0
INV20260500395,JV20260500395,SO20260500395,2026-05-06,HCM-TB,NV009,Tiền mặt,WM-268F3D,Máy giặt,Panasonic 8.5kg,Samsung,1,15759192,0.01,15601600,0.08,1248128,16849728,11823000,11823000,3778600,0.2422,16849728,15601600,1248128,11823000,11823000,131-Phải thu khách hàng,511-Doanh thu bán hàng,3331-Thuế GTGT đầu ra,632-Giá vốn hàng bán,156-Hàng hóa,commerce_distribution_erp_scenario_v1,LIGHTBI_SCENARIO_ENTITY_001,VND,all_declared_accounting_money_columns,Asia/Ho_Chi_Minh,authentic_anchored_semi_synthetic_evidence,sample data/Accounting_ERP_May_2026.csv,3c59da1c10c67ab974dfd204b737402aff1c28d748665949942579fb5fb1a2fd,396,1.0.0
INV20260500396,JV20260500396,SO20260500396,2026-05-13,HCM-Q1,NV022,Ví điện tử,TV-1B61A7,TV,LG OLED 48,Samsung,3,34472024,0.0,103416072,0.08,8273285,111689357,29704000,89112000,14304072,0.1383,111689357,103416072,8273285,89112000,89112000,131-Phải thu khách hàng,511-Doanh thu bán hàng,3331-Thuế GTGT đầu ra,632-Giá vốn hàng bán,156-Hàng hóa,commerce_distribution_erp_scenario_v1,LIGHTBI_SCENARIO_ENTITY_001,VND,all_declared_accounting_money_columns,Asia/Ho_Chi_Minh,authentic_anchored_semi_synthetic_evidence,sample data/Accounting_ERP_May_2026.csv,3c59da1c10c67ab974dfd204b737402aff1c28d748665949942579fb5fb1a2fd,397,1.0.0
INV20260500397,JV20260500397,SO20260500397,2026-05-07,BD-TDM,NV011,Thẻ,VC-D4F050,Máy hút bụi,Xiaomi G10,Samsung,3,9289940,0.01,27591121,0.08,2207289,29798410,6012000,18036000,9555121,0.3463,29798410,27591121,2207289,18036000,18036000,131-Phải thu khách hàng,511-Doanh thu bán hàng,3331-Thuế GTGT đầu ra,632-Giá vốn hàng bán,156-Hàng hóa,commerce_distribution_erp_scenario_v1,LIGHTBI_SCENARIO_ENTITY_001,VND,all_declared_accounting_money_columns,Asia/Ho_Chi_Minh,authentic_anchored_semi_synthetic_evidence,sample data/Accounting_ERP_May_2026.csv,3c59da1c10c67ab974dfd204b737402aff1c28d748665949942579fb5fb1a2fd,398,1.0.0
INV20260500398,JV20260500398,SO20260500398,2026-05-11,HN-HBT,NV008,Chuyển khoản,RC-FA47F8,Nồi cơm,Cuckoo 1.8L,Aqua,3,1523277,0.18,3747261,0.08,299780,4047041,948000,2844000,903261,0.241,4047041,3747261,299780,2844000,2844000,131-Phải thu khách hàng,511-Doanh thu bán hàng,3331-Thuế GTGT đầu ra,632-Giá vốn hàng bán,156-Hàng hóa,commerce_distribution_erp_scenario_v1,LIGHTBI_SCENARIO_ENTITY_001,VND,all_declared_accounting_money_columns,Asia/Ho_Chi_Minh,authentic_anchored_semi_synthetic_evidence,sample data/Accounting_ERP_May_2026.csv,3c59da1c10c67ab974dfd204b737402aff1c28d748665949942579fb5fb1a2fd,399,1.0.0
INV20260500399,JV20260500399,SO20260500399,2026-05-08,DN-HC,NV008,Trả góp,WM-54F949,Máy giặt,Toshiba 9kg,Xiaomi,2,12818414,0.02,25124091,0.08,2009927,27134018,9663000,19326000,5798091,0.2308,27134018,25124091,2009927,19326000,19326000,131-Phải thu khách hàng,511-Doanh thu bán hàng,3331-Thuế GTGT đầu ra,632-Giá vốn hàng bán,156-Hàng hóa,commerce_distribution_erp_scenario_v1,LIGHTBI_SCENARIO_ENTITY_001,VND,all_declared_accounting_money_columns,Asia/Ho_Chi_Minh,authentic_anchored_semi_synthetic_evidence,sample data/Accounting_ERP_May_2026.csv,3c59da1c10c67ab974dfd204b737402aff1c28d748665949942579fb5fb1a2fd,400,1.0.0
INV20260500400,JV20260500400,SO20260500400,2026-05-05,HN-CG,NV017,Thẻ,BL-21A1FA,Máy xay,Sunhouse Blender,Electrolux,1,2398576,0.15,2038789,0.08,163103,2201892,1380000,1380000,658789,0.3231,2201892,2038789,163103,1380000,1380000,131-Phải thu khách hàng,511-Doanh thu bán hàng,3331-Thuế GTGT đầu ra,632-Giá vốn hàng bán,156-Hàng hóa,commerce_distribution_erp_scenario_v1,LIGHTBI_SCENARIO_ENTITY_001,VND,all_declared_accounting_money_columns,Asia/Ho_Chi_Minh,authentic_anchored_semi_synthetic_evidence,sample data/Accounting_ERP_May_2026.csv,3c59da1c10c67ab974dfd204b737402aff1c28d748665949942579fb5fb1a2fd,401,1.0.0
INV20260500401,JV20260500401,SO20260500401,2026-05-28,CT-NK,NV016,Thẻ,RF-794862,Tủ lạnh,Samsung Inverter 350L,Aqua,3,14872611,0.02,43725476,0.08,3498038,47223514,11615000,34845000,8880476,0.2031,47223514,43725476,3498038,34845000,34845000,131-Phải thu khách hàng,511-Doanh thu bán hàng,3331-Thuế GTGT đầu ra,632-Giá vốn hàng bán,156-Hàng hóa,commerce_distribution_erp_scenario_v1,LIGHTBI_SCENARIO_ENTITY_001,VND,all_declared_accounting_money_columns,Asia/Ho_Chi_Minh,authentic_anchored_semi_synthetic_evidence,sample data/Accounting_ERP_May_2026.csv,3c59da1c10c67ab974dfd204b737402aff1c28d748665949942579fb5fb1a2fd,402,1.0.0
INV20260500402,JV20260500402,SO20260500402,2026-05-25,DN-HC,NV003,Tiền mặt,BL-AB2BDE,Máy xay,Sunhouse Blender,Senko,2,1791781,0.13,3117698,0.08,249415,3367113,1290000,2580000,537698,0.1725,3367113,3117698,249415,2580000,2580000,131-Phải thu khách hàng,511-Doanh thu bán hàng,3331-Thuế GTGT đầu ra,632-Giá vốn hàng bán,156-Hàng hóa,commerce_distribution_erp_scenario_v1,LIGHTBI_SCENARIO_ENTITY_001,VND,all_declared_accounting_money_columns,Asia/Ho_Chi_Minh,authentic_anchored_semi_synthetic_evidence,sample data/Accounting_ERP_May_2026.csv,3c59da1c10c67ab974dfd204b737402aff1c28d748665949942579fb5fb1a2fd,403,1.0.0
INV20260500403,JV20260500403,SO20260500403,2026-05-05,HCM-Q7,NV027,Thẻ,RC-588B19,Nồi cơm,Sunhouse 1.2L,Electrolux,1,1485097,0.12,1306885,0.08,104550,1411435,917000,917000,389885,0.2983,1411435,1306885,104550,917000,917000,131-Phải thu khách hàng,511-Doanh thu bán hàng,3331-Thuế GTGT đầu ra,632-Giá vốn hàng bán,156-Hàng hóa,commerce_distribution_erp_scenario_v1,LIGHTBI_SCENARIO_ENTITY_001,VND,all_declared_accounting_money_columns,Asia/Ho_Chi_Minh,authentic_anchored_semi_synthetic_evidence,sample data/Accounting_ERP_May_2026.csv,3c59da1c10c67ab974dfd204b737402aff1c28d748665949942579fb5fb1a2fd,404,1.0.0
INV20260500404,JV20260500404,SO20260500404,2026-05-25,HCM-TB,NV028,Ví điện tử,BL-6730F4,Máy xay,Panasonic Blender,Sharp,3,545136,0.12,1439159,0.08,115132,1554291,382000,1146000,293159,0.2037,1554291,1439159,115132,1146000,1146000,131-Phải thu khách hàng,511-Doanh thu bán hàng,3331-Thuế GTGT đầu ra,632-Giá vốn hàng bán,156-Hàng hóa,commerce_distribution_erp_scenario_v1,LIGHTBI_SCENARIO_ENTITY_001,VND,all_declared_accounting_money_columns,Asia/Ho_Chi_Minh,authentic_anchored_semi_synthetic_evidence,sample data/Accounting_ERP_May_2026.csv,3c59da1c10c67ab974dfd204b737402aff1c28d748665949942579fb5fb1a2fd,405,1.0.0
INV20260500405,JV20260500405,SO20260500405,2026-05-14,DN-HC,NV022,Ví điện tử,BL-33ED9A,Máy xay,Philips Blender,Panasonic,3,1881053,0.11,5022411,0.08,401792,5424203,1349000,4047000,975411,0.1942,5424203,5022411,401792,4047000,4047000,131-Phải thu khách hàng,511-Doanh thu bán hàng,3331-Thuế GTGT đầu ra,632-Giá vốn hàng bán,156-Hàng hóa,commerce_distribution_erp_scenario_v1,LIGHTBI_SCENARIO_ENTITY_001,VND,all_declared_accounting_money_columns,Asia/Ho_Chi_Minh,authentic_anchored_semi_synthetic_evidence,sample data/Accounting_ERP_May_2026.csv,3c59da1c10c67ab974dfd204b737402aff1c28d748665949942579fb5fb1a2fd,406,1.0.0
INV20260500406,JV20260500406,SO20260500406,2026-05-22,HCM-Q7,NV016,Ví điện tử,MW-278BC7,Lò vi sóng,Electrolux 23L,Mitsubishi,3,2969485,0.15,7572186,0.08,605774,8177960,2153000,6459000,1113186,0.147,8177960,7572186,605774,6459000,6459000,131-Phải thu khách hàng,511-Doanh thu bán hàng,3331-Thuế GTGT đầu ra,632-Giá vốn hàng bán,156-Hàng hóa,commerce_distribution_erp_scenario_v1,LIGHTBI_SCENARIO_ENTITY_001,VND,all_declared_accounting_money_columns,Asia/Ho_Chi_Minh,authentic_anchored_semi_synthetic_evidence,sample data/Accounting_ERP_May_2026.csv,3c59da1c10c67ab974dfd204b737402aff1c28d748665949942579fb5fb1a2fd,407,1.0.0
INV20260500407,JV20260500407,SO20260500407,2026-05-17,HCM-TB,NV029,Ví điện tử,FN-5366D0,Quạt,Senko,Senko,3,1411291,0.16,3556453,0.08,284516,3840969,832000,2496000,1060453,0.2982,3840969,3556453,284516,2496000,2496000,131-Phải thu khách hàng,511-Doanh thu bán hàng,3331-Thuế GTGT đầu ra,632-Giá vốn hàng bán,156-Hàng hóa,commerce_distribution_erp_scenario_v1,LIGHTBI_SCENARIO_ENTITY_001,VND,all_declared_accounting_money_columns,Asia/Ho_Chi_Minh,authentic_anchored_semi_synthetic_evidence,sample data/Accounting_ERP_May_2026.csv,3c59da1c10c67ab974dfd204b737402aff1c28d748665949942579fb5fb1a2fd,408,1.0.0
INV20260500408,JV20260500408,SO20260500408,2026-05-13,CT-NK,NV030,Chuyển khoản,MW-E7A58E,Lò vi sóng,Panasonic 25L,Philips,2,5750001,0.1,10350001,0.08,828000,11178001,4293000,8586000,1764001,0.1704,11178001,10350001,828000,8586000,8586000,131-Phải thu khách hàng,511-Doanh thu bán hàng,3331-Thuế GTGT đầu ra,632-Giá vốn hàng bán,156-Hàng hóa,commerce_distribution_erp_scenario_v1,LIGHTBI_SCENARIO_ENTITY_001,VND,all_declared_accounting_money_columns,Asia/Ho_Chi_Minh,authentic_anchored_semi_synthetic_evidence,sample data/Accounting_ERP_May_2026.csv,3c59da1c10c67ab974dfd204b737402aff1c28d748665949942579fb5fb1a2fd,409,1.0.0
INV20260500409,JV20260500409,SO20260500409,2026-05-01,HCM-TB,NV029,Tiền mặt,WM-E46895,Máy giặt,Toshiba 9kg,Electrolux,1,8878876,0.18,7280678,0.08,582454,7863132,6682000,6682000,598678,0.0822,7863132,7280678,582454,6682000,6682000,131-Phải thu khách hàng,511-Doanh thu bán hàng,3331-Thuế GTGT đầu ra,632-Giá vốn hàng bán,156-Hàng hóa,commerce_distribution_erp_scenario_v1,LIGHTBI_SCENARIO_ENTITY_001,VND,all_declared_accounting_money_columns,Asia/Ho_Chi_Minh,authentic_anchored_semi_synthetic_evidence,sample data/Accounting_ERP_May_2026.csv,3c59da1c10c67ab974dfd204b737402aff1c28d748665949942579fb5fb1a2fd,410,1.0.0
INV20260500410,JV20260500410,SO20260500410,2026-05-18,HCM-Q1,NV015,Ví điện tử,WM-B66625,Máy giặt,Panasonic 8.5kg,Sony,2,4921540,0.13,8563479,0.08,685078,9248557,4070000,8140000,423479,0.0495,9248557,8563479,685078,8140000,8140000,131-Phải thu khách hàng,511-Doanh thu bán hàng,3331-Thuế GTGT đầu ra,632-Giá vốn hàng bán,156-Hàng hóa,commerce_distribution_erp_scenario_v1,LIGHTBI_SCENARIO_ENTITY_001,VND,all_declared_accounting_money_columns,Asia/Ho_Chi_Minh,authentic_anchored_semi_synthetic_evidence,sample data/Accounting_ERP_May_2026.csv,3c59da1c10c67ab974dfd204b737402aff1c28d748665949942579fb5fb1a2fd,411,1.0.0
INV20260500411,JV20260500411,SO20260500411,2026-05-04,CT-NK,NV012,Thẻ,RF-6AEEF2,Tủ lạnh,Aqua 250L,Panasonic,1,24457729,0.09,22256533,0.08,1780522,24037055,18680000,18680000,3576533,0.1607,24037055,22256533,1780522,18680000,18680000,131-Phải thu khách hàng,511-Doanh thu bán hàng,3331-Thuế GTGT đầu ra,632-Giá vốn hàng bán,156-Hàng hóa,commerce_distribution_erp_scenario_v1,LIGHTBI_SCENARIO_ENTITY_001,VND,all_declared_accounting_money_columns,Asia/Ho_Chi_Minh,authentic_anchored_semi_synthetic_evidence,sample data/Accounting_ERP_May_2026.csv,3c59da1c10c67ab974dfd204b737402aff1c28d748665949942579fb5fb1a2fd,412,1.0.0
INV20260500412,JV20260500412,SO20260500412,2026-05-11,HCM-Q1,NV016,Chuyển khoản,RF-A94B66,Tủ lạnh,Panasonic 300L,Xiaomi,1,12474737,0.09,11352010,0.08,908160,12260170,9516000,9516000,1836010,0.1617,12260170,11352010,908160,9516000,9516000,131-Phải thu khách hàng,511-Doanh thu bán hàng,3331-Thuế GTGT đầu ra,632-Giá vốn hàng bán,156-Hàng hóa,commerce_distribution_erp_scenario_v1,LIGHTBI_SCENARIO_ENTITY_001,VND,all_declared_accounting_money_columns,Asia/Ho_Chi_Minh,authentic_anchored_semi_synthetic_evidence,sample data/Accounting_ERP_May_2026.csv,3c59da1c10c67ab974dfd204b737402aff1c28d748665949942579fb5fb1a2fd,413,1.0.0
INV20260500413,JV20260500413,SO20260500413,2026-05-08,BD-TDM,NV008,Ví điện tử,WM-CFD2AA,Máy giặt,Toshiba 9kg,Philips,2,13145956,0.14,22611044,0.08,1808883,24419927,10150000,20300000,2311044,0.1022,24419927,22611044,1808883,20300000,20300000,131-Phải thu khách hàng,511-Doanh thu bán hàng,3331-Thuế GTGT đầu ra,632-Giá vốn hàng bán,156-Hàng hóa,commerce_distribution_erp_scenario_v1,LIGHTBI_SCENARIO_ENTITY_001,VND,all_declared_accounting_money_columns,Asia/Ho_Chi_Minh,authentic_anchored_semi_synthetic_evidence,sample data/Accounting_ERP_May_2026.csv,3c59da1c10c67ab974dfd204b737402aff1c28d748665949942579fb5fb1a2fd,414,1.0.0
INV20260500414,JV20260500414,SO20260500414,2026-05-21,BD-TDM,NV015,Thẻ,RC-650938,Nồi cơm,Sunhouse 1.2L,LG,1,1971051,0.04,1892208,0.08,151376,2043584,1296000,1296000,596208,0.3151,2043584,1892208,151376,1296000,1296000,131-Phải thu khách hàng,511-Doanh thu bán hàng,3331-Thuế GTGT đầu ra,632-Giá vốn hàng bán,156-Hàng hóa,commerce_distribution_erp_scenario_v1,LIGHTBI_SCENARIO_ENTITY_001,VND,all_declared_accounting_money_columns,Asia/Ho_Chi_Minh,authentic_anchored_semi_synthetic_evidence,sample data/Accounting_ERP_May_2026.csv,3c59da1c10c67ab974dfd204b737402aff1c28d748665949942579fb5fb1a2fd,415,1.0.0
INV20260500415,JV20260500415,SO20260500415,2026-05-05,HN-HBT,NV006,Chuyển khoản,RF-AE1055,Tủ lạnh,Panasonic 300L,Mitsubishi,2,24594755,0.12,43286768,0.08,3462941,46749709,20713000,41426000,1860768,0.043,46749709,43286768,3462941,41426000,41426000,131-Phải thu khách hàng,511-Doanh thu bán hàng,3331-Thuế GTGT đầu ra,632-Giá vốn hàng bán,156-Hàng hóa,commerce_distribution_erp_scenario_v1,LIGHTBI_SCENARIO_ENTITY_001,VND,all_declared_accounting_money_columns,Asia/Ho_Chi_Minh,authentic_anchored_semi_synthetic_evidence,sample data/Accounting_ERP_May_2026.csv,3c59da1c10c67ab974dfd204b737402aff1c28d748665949942579fb5fb1a2fd,416,1.0.0
INV20260500416,JV20260500416,SO20260500416,2026-05-13,HN-HBT,NV005,Trả góp,KT-54AD13,Ấm siêu tốc,Philips,Samsung,2,1471903,0.02,2884929,0.08,230794,3115723,907000,1814000,1070929,0.3712,3115723,2884929,230794,1814000,1814000,131-Phải thu khách hàng,511-Doanh thu bán hàng,3331-Thuế GTGT đầu ra,632-Giá vốn hàng bán,156-Hàng hóa,commerce_distribution_erp_scenario_v1,LIGHTBI_SCENARIO_ENTITY_001,VND,all_declared_accounting_money_columns,Asia/Ho_Chi_Minh,authentic_anchored_semi_synthetic_evidence,sample data/Accounting_ERP_May_2026.csv,3c59da1c10c67ab974dfd204b737402aff1c28d748665949942579fb5fb1a2fd,417,1.0.0
INV20260500417,JV20260500417,SO20260500417,2026-05-20,CT-NK,NV008,Chuyển khoản,RC-454944,Nồi cơm,Sunhouse 1.2L,Sony,3,2051935,0.01,6094246,0.08,487539,6581785,1400000,4200000,1894246,0.3108,6581785,6094246,487539,4200000,4200000,131-Phải thu khách hàng,511-Doanh thu bán hàng,3331-Thuế GTGT đầu ra,632-Giá vốn hàng bán,156-Hàng hóa,commerce_distribution_erp_scenario_v1,LIGHTBI_SCENARIO_ENTITY_001,VND,all_declared_accounting_money_columns,Asia/Ho_Chi_Minh,authentic_anchored_semi_synthetic_evidence,sample data/Accounting_ERP_May_2026.csv,3c59da1c10c67ab974dfd204b737402aff1c28d748665949942579fb5fb1a2fd,418,1.0.0
INV20260500418,JV20260500418,SO20260500418,2026-05-31,HN-HBT,NV022,Chuyển khoản,WM-345051,Máy giặt,LG 9kg,Senko,1,10443212,0.06,9816619,0.08,785329,10601948,8850000,8850000,966619,0.0985,10601948,9816619,785329,8850000,8850000,131-Phải thu khách hàng,511-Doanh thu bán hàng,3331-Thuế GTGT đầu ra,632-Giá vốn hàng bán,156-Hàng hóa,commerce_distribution_erp_scenario_v1,LIGHTBI_SCENARIO_ENTITY_001,VND,all_declared_accounting_money_columns,Asia/Ho_Chi_Minh,authentic_anchored_semi_synthetic_evidence,sample data/Accounting_ERP_May_2026.csv,3c59da1c10c67ab974dfd204b737402aff1c28d748665949942579fb5fb1a2fd,419,1.0.0
INV20260500419,JV20260500419,SO20260500419,2026-05-22,HCM-TB,NV018,Chuyển khoản,AC-E7C43D,Máy lạnh,Panasonic 1.5HP,Casper,1,9631720,0.07,8957499,0.08,716599,9674098,7366000,7366000,1591499,0.1777,9674098,8957499,716599,7366000,7366000,131-Phải thu khách hàng,511-Doanh thu bán hàng,3331-Thuế GTGT đầu ra,632-Giá vốn hàng bán,156-Hàng hóa,commerce_distribution_erp_scenario_v1,LIGHTBI_SCENARIO_ENTITY_001,VND,all_declared_accounting_money_columns,Asia/Ho_Chi_Minh,authentic_anchored_semi_synthetic_evidence,sample data/Accounting_ERP_May_2026.csv,3c59da1c10c67ab974dfd204b737402aff1c28d748665949942579fb5fb1a2fd,420,1.0.0
INV20260500420,JV20260500420,SO20260500420,2026-05-03,CT-NK,NV025,Chuyển khoản,MW-8CD991,Lò vi sóng,Panasonic 25L,Toshiba,3,3866386,0.11,10323250,0.08,825860,11149110,2676000,8028000,2295250,0.2223,11149110,10323250,825860,8028000,8028000,131-Phải thu khách hàng,511-Doanh thu bán hàng,3331-Thuế GTGT đầu ra,632-Giá vốn hàng bán,156-Hàng hóa,commerce_distribution_erp_scenario_v1,LIGHTBI_SCENARIO_ENTITY_001,VND,all_declared_accounting_money_columns,Asia/Ho_Chi_Minh,authentic_anchored_semi_synthetic_evidence,sample data/Accounting_ERP_May_2026.csv,3c59da1c10c67ab974dfd204b737402aff1c28d748665949942579fb5fb1a2fd,421,1.0.0
INV20260500421,JV20260500421,SO20260500421,2026-05-27,HCM-Q7,NV012,Chuyển khoản,MW-062948,Lò vi sóng,Sharp 20L,Cuckoo,2,4962247,0.03,9626759,0.08,770140,10396899,3439000,6878000,2748759,0.2855,10396899,9626759,770140,6878000,6878000,131-Phải thu khách hàng,511-Doanh thu bán hàng,3331-Thuế GTGT đầu ra,632-Giá vốn hàng bán,156-Hàng hóa,commerce_distribution_erp_scenario_v1,LIGHTBI_SCENARIO_ENTITY_001,VND,all_declared_accounting_money_columns,Asia/Ho_Chi_Minh,authentic_anchored_semi_synthetic_evidence,sample data/Accounting_ERP_May_2026.csv,3c59da1c10c67ab974dfd204b737402aff1c28d748665949942579fb5fb1a2fd,422,1.0.0
INV20260500422,JV20260500422,SO20260500422,2026-05-27,BD-TDM,NV001,Chuyển khoản,FN-5D5A92,Quạt,Asia,Casper,3,454917,0.05,1296513,0.08,103721,1400234,322000,966000,330513,0.2549,1400234,1296513,103721,966000,966000,131-Phải thu khách hàng,511-Doanh thu bán hàng,3331-Thuế GTGT đầu ra,632-Giá vốn hàng bán,156-Hàng hóa,commerce_distribution_erp_scenario_v1,LIGHTBI_SCENARIO_ENTITY_001,VND,all_declared_accounting_money_columns,Asia/Ho_Chi_Minh,authentic_anchored_semi_synthetic_evidence,sample data/Accounting_ERP_May_2026.csv,3c59da1c10c67ab974dfd204b737402aff1c28d748665949942579fb5fb1a2fd,423,1.0.0
INV20260500423,JV20260500423,SO20260500423,2026-05-07,CT-NK,NV022,Chuyển khoản,FN-464655,Quạt,Panasonic,Toshiba,3,2017252,0.02,5930720,0.08,474457,6405177,1183000,3549000,2381720,0.4016,6405177,5930720,474457,3549000,3549000,131-Phải thu khách hàng,511-Doanh thu bán hàng,3331-Thuế GTGT đầu ra,632-Giá vốn hàng bán,156-Hàng hóa,commerce_distribution_erp_scenario_v1,LIGHTBI_SCENARIO_ENTITY_001,VND,all_declared_accounting_money_columns,Asia/Ho_Chi_Minh,authentic_anchored_semi_synthetic_evidence,sample data/Accounting_ERP_May_2026.csv,3c59da1c10c67ab974dfd204b737402aff1c28d748665949942579fb5fb1a2fd,424,1.0.0
INV20260500424,JV20260500424,SO20260500424,2026-05-16,CT-NK,NV011,Trả góp,AC-3E9D78,Máy lạnh,Mitsubishi 1.5HP,Electrolux,1,15789993,0.07,14684693,0.08,1174775,15859468,11241000,11241000,3443693,0.2345,15859468,14684693,1174775,11241000,11241000,131-Phải thu khách hàng,511-Doanh thu bán hàng,3331-Thuế GTGT đầu ra,632-Giá vốn hàng bán,156-Hàng hóa,commerce_distribution_erp_scenario_v1,LIGHTBI_SCENARIO_ENTITY_001,VND,all_declared_accounting_money_columns,Asia/Ho_Chi_Minh,authentic_anchored_semi_synthetic_evidence,sample data/Accounting_ERP_May_2026.csv,3c59da1c10c67ab974dfd204b737402aff1c28d748665949942579fb5fb1a2fd,425,1.0.0
INV20260500425,JV20260500425,SO20260500425,2026-05-14,HN-CG,NV003,Trả góp,WM-4E5FAA,Máy giặt,Toshiba 9kg,Sharp,2,11664713,0.18,19130129,0.08,1530410,20660539,9584000,19168000,-37871,-0.002,20660539,19130129,1530410,19168000,19168000,131-Phải thu khách hàng,511-Doanh thu bán hàng,3331-Thuế GTGT đầu ra,632-Giá vốn hàng bán,156-Hàng hóa,commerce_distribution_erp_scenario_v1,LIGHTBI_SCENARIO_ENTITY_001,VND,all_declared_accounting_money_columns,Asia/Ho_Chi_Minh,authentic_anchored_semi_synthetic_evidence,sample data/Accounting_ERP_May_2026.csv,3c59da1c10c67ab974dfd204b737402aff1c28d748665949942579fb5fb1a2fd,426,1.0.0
INV20260500426,JV20260500426,SO20260500426,2026-05-23,CT-NK,NV003,Ví điện tử,KT-897605,Ấm siêu tốc,Sunhouse,Toshiba,3,470036,0.11,1254996,0.08,100399,1355395,258000,774000,480996,0.3833,1355395,1254996,100399,774000,774000,131-Phải thu khách hàng,511-Doanh thu bán hàng,3331-Thuế GTGT đầu ra,632-Giá vốn hàng bán,156-Hàng hóa,commerce_distribution_erp_scenario_v1,LIGHTBI_SCENARIO_ENTITY_001,VND,all_declared_accounting_money_columns,Asia/Ho_Chi_Minh,authentic_anchored_semi_synthetic_evidence,sample data/Accounting_ERP_May_2026.csv,3c59da1c10c67ab974dfd204b737402aff1c28d748665949942579fb5fb1a2fd,427,1.0.0
INV20260500427,JV20260500427,SO20260500427,2026-05-10,HCM-Q1,NV030,Thẻ,VC-D86280,Máy hút bụi,Philips FC,Mitsubishi,1,10841965,0.1,9757768,0.08,780621,10538389,6938000,6938000,2819768,0.289,10538389,9757768,780621,6938000,6938000,131-Phải thu khách hàng,511-Doanh thu bán hàng,3331-Thuế GTGT đầu ra,632-Giá vốn hàng bán,156-Hàng hóa,commerce_distribution_erp_scenario_v1,LIGHTBI_SCENARIO_ENTITY_001,VND,all_declared_accounting_money_columns,Asia/Ho_Chi_Minh,authentic_anchored_semi_synthetic_evidence,sample data/Accounting_ERP_May_2026.csv,3c59da1c10c67ab974dfd204b737402aff1c28d748665949942579fb5fb1a2fd,428,1.0.0
INV20260500428,JV20260500428,SO20260500428,2026-05-20,BD-TDM,NV027,Tiền mặt,VC-A4DECF,Máy hút bụi,Dyson V8,Mitsubishi,1,8941170,0.04,8583523,0.08,686681,9270204,6267000,6267000,2316523,0.2699,9270204,8583523,686681,6267000,6267000,131-Phải thu khách hàng,511-Doanh thu bán hàng,3331-Thuế GTGT đầu ra,632-Giá vốn hàng bán,156-Hàng hóa,commerce_distribution_erp_scenario_v1,LIGHTBI_SCENARIO_ENTITY_001,VND,all_declared_accounting_money_columns,Asia/Ho_Chi_Minh,authentic_anchored_semi_synthetic_evidence,sample data/Accounting_ERP_May_2026.csv,3c59da1c10c67ab974dfd204b737402aff1c28d748665949942579fb5fb1a2fd,429,1.0.0
INV20260500429,JV20260500429,SO20260500429,2026-05-10,HCM-Q1,NV018,Ví điện tử,BL-3258EA,Máy xay,Panasonic Blender,Mitsubishi,2,776363,0.16,1304289,0.08,104343,1408632,532000,1064000,240289,0.1842,1408632,1304289,104343,1064000,1064000,131-Phải thu khách hàng,511-Doanh thu bán hàng,3331-Thuế GTGT đầu ra,632-Giá vốn hàng bán,156-Hàng hóa,commerce_distribution_erp_scenario_v1,LIGHTBI_SCENARIO_ENTITY_001,VND,all_declared_accounting_money_columns,Asia/Ho_Chi_Minh,authentic_anchored_semi_synthetic_evidence,sample data/Accounting_ERP_May_2026.csv,3c59da1c10c67ab974dfd204b737402aff1c28d748665949942579fb5fb1a2fd,430,1.0.0
INV20260500430,JV20260500430,SO20260500430,2026-05-08,HN-CG,NV020,Chuyển khoản,RF-1BAC8F,Tủ lạnh,Panasonic 300L,Electrolux,3,21062302,0.2,50549524,0.08,4043961,54593485,16102000,48306000,2243524,0.0444,54593485,50549524,4043961,48306000,48306000,131-Phải thu khách hàng,511-Doanh thu bán hàng,3331-Thuế GTGT đầu ra,632-Giá vốn hàng bán,156-Hàng hóa,commerce_distribution_erp_scenario_v1,LIGHTBI_SCENARIO_ENTITY_001,VND,all_declared_accounting_money_columns,Asia/Ho_Chi_Minh,authentic_anchored_semi_synthetic_evidence,sample data/Accounting_ERP_May_2026.csv,3c59da1c10c67ab974dfd204b737402aff1c28d748665949942579fb5fb1a2fd,431,1.0.0
INV20260500431,JV20260500431,SO20260500431,2026-05-26,HCM-Q7,NV007,Chuyển khoản,VC-90E8C9,Máy hút bụi,Xiaomi G10,Electrolux,3,2869677,0.07,8006398,0.08,640511,8646909,2162000,6486000,1520398,0.1899,8646909,8006398,640511,6486000,6486000,131-Phải thu khách hàng,511-Doanh thu bán hàng,3331-Thuế GTGT đầu ra,632-Giá vốn hàng bán,156-Hàng hóa,commerce_distribution_erp_scenario_v1,LIGHTBI_SCENARIO_ENTITY_001,VND,all_declared_accounting_money_columns,Asia/Ho_Chi_Minh,authentic_anchored_semi_synthetic_evidence,sample data/Accounting_ERP_May_2026.csv,3c59da1c10c67ab974dfd204b737402aff1c28d748665949942579fb5fb1a2fd,432,1.0.0
INV20260500432,JV20260500432,SO20260500432,2026-05-13,CT-NK,NV014,Tiền mặt,RC-23C464,Nồi cơm,Sharp 1.8L,Xiaomi,3,2100772,0.01,6239292,0.08,499143,6738435,1495000,4485000,1754292,0.2812,6738435,6239292,499143,4485000,4485000,131-Phải thu khách hàng,511-Doanh thu bán hàng,3331-Thuế GTGT đầu ra,632-Giá vốn hàng bán,156-Hàng hóa,commerce_distribution_erp_scenario_v1,LIGHTBI_SCENARIO_ENTITY_001,VND,all_declared_accounting_money_columns,Asia/Ho_Chi_Minh,authentic_anchored_semi_synthetic_evidence,sample data/Accounting_ERP_May_2026.csv,3c59da1c10c67ab974dfd204b737402aff1c28d748665949942579fb5fb1a2fd,433,1.0.0
INV20260500433,JV20260500433,SO20260500433,2026-05-07,HCM-Q7,NV003,Trả góp,WM-725BDB,Máy giặt,Samsung 10kg,Toshiba,1,15574688,0.05,14795953,0.08,1183676,15979629,12441000,12441000,2354953,0.1592,15979629,14795953,1183676,12441000,12441000,131-Phải thu khách hàng,511-Doanh thu bán hàng,3331-Thuế GTGT đầu ra,632-Giá vốn hàng bán,156-Hàng hóa,commerce_distribution_erp_scenario_v1,LIGHTBI_SCENARIO_ENTITY_001,VND,all_declared_accounting_money_columns,Asia/Ho_Chi_Minh,authentic_anchored_semi_synthetic_evidence,sample data/Accounting_ERP_May_2026.csv,3c59da1c10c67ab974dfd204b737402aff1c28d748665949942579fb5fb1a2fd,434,1.0.0
INV20260500434,JV20260500434,SO20260500434,2026-05-14,CT-NK,NV009,Trả góp,FN-E10178,Quạt,Panasonic,Xiaomi,2,2280832,0.08,4196730,0.08,335738,4532468,1677000,3354000,842730,0.2008,4532468,4196730,335738,3354000,3354000,131-Phải thu khách hàng,511-Doanh thu bán hàng,3331-Thuế GTGT đầu ra,632-Giá vốn hàng bán,156-Hàng hóa,commerce_distribution_erp_scenario_v1,LIGHTBI_SCENARIO_ENTITY_001,VND,all_declared_accounting_money_columns,Asia/Ho_Chi_Minh,authentic_anchored_semi_synthetic_evidence,sample data/Accounting_ERP_May_2026.csv,3c59da1c10c67ab974dfd204b737402aff1c28d748665949942579fb5fb1a2fd,435,1.0.0
INV20260500435,JV20260500435,SO20260500435,2026-05-25,HCM-TB,NV003,Tiền mặt,WM-917ACE,Máy giặt,Panasonic 8.5kg,Philips,1,17787218,0.04,17075729,0.08,1366058,18441787,14335000,14335000,2740729,0.1605,18441787,17075729,1366058,14335000,14335000,131-Phải thu khách hàng,511-Doanh thu bán hàng,3331-Thuế GTGT đầu ra,632-Giá vốn hàng bán,156-Hàng hóa,commerce_distribution_erp_scenario_v1,LIGHTBI_SCENARIO_ENTITY_001,VND,all_declared_accounting_money_columns,Asia/Ho_Chi_Minh,authentic_anchored_semi_synthetic_evidence,sample data/Accounting_ERP_May_2026.csv,3c59da1c10c67ab974dfd204b737402aff1c28d748665949942579fb5fb1a2fd,436,1.0.0
INV20260500436,JV20260500436,SO20260500436,2026-05-18,HN-CG,NV026,Trả góp,FN-B2666C,Quạt,Panasonic,Daikin,1,1692698,0.06,1591136,0.08,127290,1718426,957000,957000,634136,0.3985,1718426,1591136,127290,957000,957000,131-Phải thu khách hàng,511-Doanh thu bán hàng,3331-Thuế GTGT đầu ra,632-Giá vốn hàng bán,156-Hàng hóa,commerce_distribution_erp_scenario_v1,LIGHTBI_SCENARIO_ENTITY_001,VND,all_declared_accounting_money_columns,Asia/Ho_Chi_Minh,authentic_anchored_semi_synthetic_evidence,sample data/Accounting_ERP_May_2026.csv,3c59da1c10c67ab974dfd204b737402aff1c28d748665949942579fb5fb1a2fd,437,1.0.0
INV20260500437,JV20260500437,SO20260500437,2026-05-27,DN-HC,NV029,Chuyển khoản,RC-007FFA,Nồi cơm,Sharp 1.8L,Cuckoo,3,1195693,0.01,3551208,0.08,284096,3835304,772000,2316000,1235208,0.3478,3835304,3551208,284096,2316000,2316000,131-Phải thu khách hàng,511-Doanh thu bán hàng,3331-Thuế GTGT đầu ra,632-Giá vốn hàng bán,156-Hàng hóa,commerce_distribution_erp_scenario_v1,LIGHTBI_SCENARIO_ENTITY_001,VND,all_declared_accounting_money_columns,Asia/Ho_Chi_Minh,authentic_anchored_semi_synthetic_evidence,sample data/Accounting_ERP_May_2026.csv,3c59da1c10c67ab974dfd204b737402aff1c28d748665949942579fb5fb1a2fd,438,1.0.0
INV20260500438,JV20260500438,SO20260500438,2026-05-23,BD-TDM,NV011,Chuyển khoản,KT-4F7F55,Ấm siêu tốc,Sunhouse,Electrolux,1,1225290,0.09,1115013,0.08,89201,1204214,752000,752000,363013,0.3256,1204214,1115013,89201,752000,752000,131-Phải thu khách hàng,511-Doanh thu bán hàng,3331-Thuế GTGT đầu ra,632-Giá vốn hàng bán,156-Hàng hóa,commerce_distribution_erp_scenario_v1,LIGHTBI_SCENARIO_ENTITY_001,VND,all_declared_accounting_money_columns,Asia/Ho_Chi_Minh,authentic_anchored_semi_synthetic_evidence,sample data/Accounting_ERP_May_2026.csv,3c59da1c10c67ab974dfd204b737402aff1c28d748665949942579fb5fb1a2fd,439,1.0.0
INV20260500439,JV20260500439,SO20260500439,2026-05-31,HN-CG,NV017,Thẻ,VC-110A19,Máy hút bụi,Philips FC,Philips,2,1816343,0.19,2942475,0.08,235398,3177873,1131000,2262000,680475,0.2313,3177873,2942475,235398,2262000,2262000,131-Phải thu khách hàng,511-Doanh thu bán hàng,3331-Thuế GTGT đầu ra,632-Giá vốn hàng bán,156-Hàng hóa,commerce_distribution_erp_scenario_v1,LIGHTBI_SCENARIO_ENTITY_001,VND,all_declared_accounting_money_columns,Asia/Ho_Chi_Minh,authentic_anchored_semi_synthetic_evidence,sample data/Accounting_ERP_May_2026.csv,3c59da1c10c67ab974dfd204b737402aff1c28d748665949942579fb5fb1a2fd,440,1.0.0
INV20260500440,JV20260500440,SO20260500440,2026-05-02,HCM-Q1,NV015,Tiền mặt,KT-C76795,Ấm siêu tốc,Philips,Aqua,3,457232,0.06,1289394,0.08,103151,1392545,249000,747000,542394,0.4207,1392545,1289394,103151,747000,747000,131-Phải thu khách hàng,511-Doanh thu bán hàng,3331-Thuế GTGT đầu ra,632-Giá vốn hàng bán,156-Hàng hóa,commerce_distribution_erp_scenario_v1,LIGHTBI_SCENARIO_ENTITY_001,VND,all_declared_accounting_money_columns,Asia/Ho_Chi_Minh,authentic_anchored_semi_synthetic_evidence,sample data/Accounting_ERP_May_2026.csv,3c59da1c10c67ab974dfd204b737402aff1c28d748665949942579fb5fb1a2fd,441,1.0.0
INV20260500441,JV20260500441,SO20260500441,2026-05-29,HN-CG,NV006,Thẻ,AC-A7840C,Máy lạnh,Mitsubishi 1.5HP,Panasonic,1,15494643,0.02,15184750,0.08,1214780,16399530,11145000,11145000,4039750,0.266,16399530,15184750,1214780,11145000,11145000,131-Phải thu khách hàng,511-Doanh thu bán hàng,3331-Thuế GTGT đầu ra,632-Giá vốn hàng bán,156-Hàng hóa,commerce_distribution_erp_scenario_v1,LIGHTBI_SCENARIO_ENTITY_001,VND,all_declared_accounting_money_columns,Asia/Ho_Chi_Minh,authentic_anchored_semi_synthetic_evidence,sample data/Accounting_ERP_May_2026.csv,3c59da1c10c67ab974dfd204b737402aff1c28d748665949942579fb5fb1a2fd,442,1.0.0
INV20260500442,JV20260500442,SO20260500442,2026-05-28,BD-TDM,NV030,Tiền mặt,TV-7D99ED,TV,"Sony 65""",Philips,1,7267947,0.12,6395793,0.08,511663,6907456,5863000,5863000,532793,0.0833,6907456,6395793,511663,5863000,5863000,131-Phải thu khách hàng,511-Doanh thu bán hàng,3331-Thuế GTGT đầu ra,632-Giá vốn hàng bán,156-Hàng hóa,commerce_distribution_erp_scenario_v1,LIGHTBI_SCENARIO_ENTITY_001,VND,all_declared_accounting_money_columns,Asia/Ho_Chi_Minh,authentic_anchored_semi_synthetic_evidence,sample data/Accounting_ERP_May_2026.csv,3c59da1c10c67ab974dfd204b737402aff1c28d748665949942579fb5fb1a2fd,443,1.0.0
INV20260500443,JV20260500443,SO20260500443,2026-05-27,DN-HC,NV010,Chuyển khoản,KT-EFA122,Ấm siêu tốc,Sunhouse,Daikin,3,956085,0.1,2581429,0.08,206514,2787943,685000,2055000,526429,0.2039,2787943,2581429,206514,2055000,2055000,131-Phải thu khách hàng,511-Doanh thu bán hàng,3331-Thuế GTGT đầu ra,632-Giá vốn hàng bán,156-Hàng hóa,commerce_distribution_erp_scenario_v1,LIGHTBI_SCENARIO_ENTITY_001,VND,all_declared_accounting_money_columns,Asia/Ho_Chi_Minh,authentic_anchored_semi_synthetic_evidence,sample data/Accounting_ERP_May_2026.csv,3c59da1c10c67ab974dfd204b737402aff1c28d748665949942579fb5fb1a2fd,444,1.0.0
INV20260500444,JV20260500444,SO20260500444,2026-05-04,CT-NK,NV001,Ví điện tử,RF-0980E0,Tủ lạnh,Samsung Inverter 350L,Mitsubishi,1,20597317,0.04,19773424,0.08,1581873,21355297,16585000,16585000,3188424,0.1612,21355297,19773424,1581873,16585000,16585000,131-Phải thu khách hàng,511-Doanh thu bán hàng,3331-Thuế GTGT đầu ra,632-Giá vốn hàng bán,156-Hàng hóa,commerce_distribution_erp_scenario_v1,LIGHTBI_SCENARIO_ENTITY_001,VND,all_declared_accounting_money_columns,Asia/Ho_Chi_Minh,authentic_anchored_semi_synthetic_evidence,sample data/Accounting_ERP_May_2026.csv,3c59da1c10c67ab974dfd204b737402aff1c28d748665949942579fb5fb1a2fd,445,1.0.0
INV20260500445,JV20260500445,SO20260500445,2026-05-10,BD-TDM,NV017,Thẻ,WM-674B7B,Máy giặt,Samsung 10kg,Senko,3,14288869,0.05,40723276,0.08,3257862,43981138,11285000,33855000,6868276,0.1687,43981138,40723276,3257862,33855000,33855000,131-Phải thu khách hàng,511-Doanh thu bán hàng,3331-Thuế GTGT đầu ra,632-Giá vốn hàng bán,156-Hàng hóa,commerce_distribution_erp_scenario_v1,LIGHTBI_SCENARIO_ENTITY_001,VND,all_declared_accounting_money_columns,Asia/Ho_Chi_Minh,authentic_anchored_semi_synthetic_evidence,sample data/Accounting_ERP_May_2026.csv,3c59da1c10c67ab974dfd204b737402aff1c28d748665949942579fb5fb1a2fd,446,1.0.0
INV20260500446,JV20260500446,SO20260500446,2026-05-16,HN-HBT,NV009,Trả góp,WM-97FE8B,Máy giặt,Toshiba 9kg,Toshiba,1,13387403,0.06,12584158,0.08,1006732,13590890,11019000,11019000,1565158,0.1244,13590890,12584158,1006732,11019000,11019000,131-Phải thu khách hàng,511-Doanh thu bán hàng,3331-Thuế GTGT đầu ra,632-Giá vốn hàng bán,156-Hàng hóa,commerce_distribution_erp_scenario_v1,LIGHTBI_SCENARIO_ENTITY_001,VND,all_declared_accounting_money_columns,Asia/Ho_Chi_Minh,authentic_anchored_semi_synthetic_evidence,sample data/Accounting_ERP_May_2026.csv,3c59da1c10c67ab974dfd204b737402aff1c28d748665949942579fb5fb1a2fd,447,1.0.0
INV20260500447,JV20260500447,SO20260500447,2026-05-05,DN-HC,NV030,Tiền mặt,RF-555CFD,Tủ lạnh,LG 420L,Cuckoo,3,23925217,0.14,61727059,0.08,4938164,66665223,18176000,54528000,7199059,0.1166,66665223,61727059,4938164,54528000,54528000,131-Phải thu khách hàng,511-Doanh thu bán hàng,3331-Thuế GTGT đầu ra,632-Giá vốn hàng bán,156-Hàng hóa,commerce_distribution_erp_scenario_v1,LIGHTBI_SCENARIO_ENTITY_001,VND,all_declared_accounting_money_columns,Asia/Ho_Chi_Minh,authentic_anchored_semi_synthetic_evidence,sample data/Accounting_ERP_May_2026.csv,3c59da1c10c67ab974dfd204b737402aff1c28d748665949942579fb5fb1a2fd,448,1.0.0
INV20260500448,JV20260500448,SO20260500448,2026-05-23,HCM-Q1,NV003,Trả góp,BL-BE1E34,Máy xay,Panasonic Blender,Senko,3,613826,0.09,1675744,0.08,134059,1809803,401000,1203000,472744,0.2821,1809803,1675744,134059,1203000,1203000,131-Phải thu khách hàng,511-Doanh thu bán hàng,3331-Thuế GTGT đầu ra,632-Giá vốn hàng bán,156-Hàng hóa,commerce_distribution_erp_scenario_v1,LIGHTBI_SCENARIO_ENTITY_001,VND,all_declared_accounting_money_columns,Asia/Ho_Chi_Minh,authentic_anchored_semi_synthetic_evidence,sample data/Accounting_ERP_May_2026.csv,3c59da1c10c67ab974dfd204b737402aff1c28d748665949942579fb5fb1a2fd,449,1.0.0
INV20260500449,JV20260500449,SO20260500449,2026-05-29,HN-HBT,NV016,Tiền mặt,TV-6CC437,TV,"TCL 50""",Samsung,1,28611578,0.09,26036535,0.08,2082922,28119457,25092000,25092000,944535,0.0363,28119457,26036535,2082922,25092000,25092000,131-Phải thu khách hàng,511-Doanh thu bán hàng,3331-Thuế GTGT đầu ra,632-Giá vốn hàng bán,156-Hàng hóa,commerce_distribution_erp_scenario_v1,LIGHTBI_SCENARIO_ENTITY_001,VND,all_declared_accounting_money_columns,Asia/Ho_Chi_Minh,authentic_anchored_semi_synthetic_evidence,sample data/Accounting_ERP_May_2026.csv,3c59da1c10c67ab974dfd204b737402aff1c28d748665949942579fb5fb1a2fd,450,1.0.0
INV20260500450,JV20260500450,SO20260500450,2026-05-14,HN-HBT,NV006,Tiền mặt,MW-42D56C,Lò vi sóng,Electrolux 23L,Sony,2,4230122,0.02,8291039,0.08,663283,8954322,2626000,5252000,3039039,0.3665,8954322,8291039,663283,5252000,5252000,131-Phải thu khách hàng,511-Doanh thu bán hàng,3331-Thuế GTGT đầu ra,632-Giá vốn hàng bán,156-Hàng hóa,commerce_distribution_erp_scenario_v1,LIGHTBI_SCENARIO_ENTITY_001,VND,all_declared_accounting_money_columns,Asia/Ho_Chi_Minh,authentic_anchored_semi_synthetic_evidence,sample data/Accounting_ERP_May_2026.csv,3c59da1c10c67ab974dfd204b737402aff1c28d748665949942579fb5fb1a2fd,451,1.0.0
INV20260500451,JV20260500451,SO20260500451,2026-05-08,DN-HC,NV006,Trả góp,KT-F760AD,Ấm siêu tốc,Philips,LG,2,1390122,0.16,2335404,0.08,186832,2522236,932000,1864000,471404,0.2019,2522236,2335404,186832,1864000,1864000,131-Phải thu khách hàng,511-Doanh thu bán hàng,3331-Thuế GTGT đầu ra,632-Giá vốn hàng bán,156-Hàng hóa,commerce_distribution_erp_scenario_v1,LIGHTBI_SCENARIO_ENTITY_001,VND,all_declared_accounting_money_columns,Asia/Ho_Chi_Minh,authentic_anchored_semi_synthetic_evidence,sample data/Accounting_ERP_May_2026.csv,3c59da1c10c67ab974dfd204b737402aff1c28d748665949942579fb5fb1a2fd,452,1.0.0
INV20260500452,JV20260500452,SO20260500452,2026-05-24,CT-NK,NV019,Chuyển khoản,RC-16E175,Nồi cơm,Cuckoo 1.8L,Panasonic,3,3387678,0.13,8841839,0.08,707347,9549186,1978000,5934000,2907839,0.3289,9549186,8841839,707347,5934000,5934000,131-Phải thu khách hàng,511-Doanh thu bán hàng,3331-Thuế GTGT đầu ra,632-Giá vốn hàng bán,156-Hàng hóa,commerce_distribution_erp_scenario_v1,LIGHTBI_SCENARIO_ENTITY_001,VND,all_declared_accounting_money_columns,Asia/Ho_Chi_Minh,authentic_anchored_semi_synthetic_evidence,sample data/Accounting_ERP_May_2026.csv,3c59da1c10c67ab974dfd204b737402aff1c28d748665949942579fb5fb1a2fd,453,1.0.0
INV20260500453,JV20260500453,SO20260500453,2026-05-28,HCM-TB,NV029,Thẻ,WM-0EC5E7,Máy giặt,Toshiba 9kg,Sony,3,8723289,0.19,21197592,0.08,1695807,22893399,7278000,21834000,-636408,-0.03,22893399,21197592,1695807,21834000,21834000,131-Phải thu khách hàng,511-Doanh thu bán hàng,3331-Thuế GTGT đầu ra,632-Giá vốn hàng bán,156-Hàng hóa,commerce_distribution_erp_scenario_v1,LIGHTBI_SCENARIO_ENTITY_001,VND,all_declared_accounting_money_columns,Asia/Ho_Chi_Minh,authentic_anchored_semi_synthetic_evidence,sample data/Accounting_ERP_May_2026.csv,3c59da1c10c67ab974dfd204b737402aff1c28d748665949942579fb5fb1a2fd,454,1.0.0
INV20260500454,JV20260500454,SO20260500454,2026-05-10,HN-CG,NV010,Tiền mặt,WM-513972,Máy giặt,Panasonic 8.5kg,LG,2,8107221,0.11,14430853,0.08,1154468,15585321,6817000,13634000,796853,0.0552,15585321,14430853,1154468,13634000,13634000,131-Phải thu khách hàng,511-Doanh thu bán hàng,3331-Thuế GTGT đầu ra,632-Giá vốn hàng bán,156-Hàng hóa,commerce_distribution_erp_scenario_v1,LIGHTBI_SCENARIO_ENTITY_001,VND,all_declared_accounting_money_columns,Asia/Ho_Chi_Minh,authentic_anchored_semi_synthetic_evidence,sample data/Accounting_ERP_May_2026.csv,3c59da1c10c67ab974dfd204b737402aff1c28d748665949942579fb5fb1a2fd,455,1.0.0
INV20260500455,JV20260500455,SO20260500455,2026-05-31,HCM-TB,NV022,Ví điện tử,TV-6CC437,TV,"TCL 50""",Samsung,1,7344646,0.09,6683627,0.08,534690,7218317,5750000,5750000,933627,0.1397,7218317,6683627,534690,5750000,5750000,131-Phải thu khách hàng,511-Doanh thu bán hàng,3331-Thuế GTGT đầu ra,632-Giá vốn hàng bán,156-Hàng hóa,commerce_distribution_erp_scenario_v1,LIGHTBI_SCENARIO_ENTITY_001,VND,all_declared_accounting_money_columns,Asia/Ho_Chi_Minh,authentic_anchored_semi_synthetic_evidence,sample data/Accounting_ERP_May_2026.csv,3c59da1c10c67ab974dfd204b737402aff1c28d748665949942579fb5fb1a2fd,456,1.0.0
INV20260500456,JV20260500456,SO20260500456,2026-05-18,DN-HC,NV002,Tiền mặt,KT-F760AD,Ấm siêu tốc,Philips,LG,3,980927,0.08,2707358,0.08,216588,2923946,600000,1800000,907358,0.3351,2923946,2707358,216588,1800000,1800000,131-Phải thu khách hàng,511-Doanh thu bán hàng,3331-Thuế GTGT đầu ra,632-Giá vốn hàng bán,156-Hàng hóa,commerce_distribution_erp_scenario_v1,LIGHTBI_SCENARIO_ENTITY_001,VND,all_declared_accounting_money_columns,Asia/Ho_Chi_Minh,authentic_anchored_semi_synthetic_evidence,sample data/Accounting_ERP_May_2026.csv,3c59da1c10c67ab974dfd204b737402aff1c28d748665949942579fb5fb1a2fd,457,1.0.0
INV20260500457,JV20260500457,SO20260500457,2026-05-19,HCM-TB,NV007,Thẻ,RC-189134,Nồi cơm,Sunhouse 1.2L,Samsung,2,1658898,0.08,3052372,0.08,244189,3296561,1238000,2476000,576372,0.1888,3296561,3052372,244189,2476000,2476000,131-Phải thu khách hàng,511-Doanh thu bán hàng,3331-Thuế GTGT đầu ra,632-Giá vốn hàng bán,156-Hàng hóa,commerce_distribution_erp_scenario_v1,LIGHTBI_SCENARIO_ENTITY_001,VND,all_declared_accounting_money_columns,Asia/Ho_Chi_Minh,authentic_anchored_semi_synthetic_evidence,sample data/Accounting_ERP_May_2026.csv,3c59da1c10c67ab974dfd204b737402aff1c28d748665949942579fb5fb1a2fd,458,1.0.0
INV20260500458,JV20260500458,SO20260500458,2026-05-30,HCM-Q1,NV015,Ví điện tử,AC-75386E,Máy lạnh,Mitsubishi 1.5HP,Cuckoo,2,20084661,0.16,33742230,0.08,2699378,36441608,14227000,28454000,5288230,0.1567,36441608,33742230,2699378,28454000,28454000,131-Phải thu khách hàng,511-Doanh thu bán hàng,3331-Thuế GTGT đầu ra,632-Giá vốn hàng bán,156-Hàng hóa,commerce_distribution_erp_scenario_v1,LIGHTBI_SCENARIO_ENTITY_001,VND,all_declared_accounting_money_columns,Asia/Ho_Chi_Minh,authentic_anchored_semi_synthetic_evidence,sample data/Accounting_ERP_May_2026.csv,3c59da1c10c67ab974dfd204b737402aff1c28d748665949942579fb5fb1a2fd,459,1.0.0
INV20260500459,JV20260500459,SO20260500459,2026-05-07,HN-CG,NV004,Ví điện tử,BL-14DC96,Máy xay,Sunhouse Blender,Sony,1,1960374,0.13,1705525,0.08,136442,1841967,1423000,1423000,282525,0.1657,1841967,1705525,136442,1423000,1423000,131-Phải thu khách hàng,511-Doanh thu bán hàng,3331-Thuế GTGT đầu ra,632-Giá vốn hàng bán,156-Hàng hóa,commerce_distribution_erp_scenario_v1,LIGHTBI_SCENARIO_ENTITY_001,VND,all_declared_accounting_money_columns,Asia/Ho_Chi_Minh,authentic_anchored_semi_synthetic_evidence,sample data/Accounting_ERP_May_2026.csv,3c59da1c10c67ab974dfd204b737402aff1c28d748665949942579fb5fb1a2fd,460,1.0.0
INV20260500460,JV20260500460,SO20260500460,2026-05-17,CT-NK,NV022,Chuyển khoản,BL-33ED9A,Máy xay,Philips Blender,Panasonic,1,1078937,0.16,906307,0.08,72504,978811,710000,710000,196307,0.2166,978811,906307,72504,710000,710000,131-Phải thu khách hàng,511-Doanh thu bán hàng,3331-Thuế GTGT đầu ra,632-Giá vốn hàng bán,156-Hàng hóa,commerce_distribution_erp_scenario_v1,LIGHTBI_SCENARIO_ENTITY_001,VND,all_declared_accounting_money_columns,Asia/Ho_Chi_Minh,authentic_anchored_semi_synthetic_evidence,sample data/Accounting_ERP_May_2026.csv,3c59da1c10c67ab974dfd204b737402aff1c28d748665949942579fb5fb1a2fd,461,1.0.0
INV20260500461,JV20260500461,SO20260500461,2026-05-14,BD-TDM,NV009,Tiền mặt,TV-1B61A7,TV,LG OLED 48,Samsung,1,32804332,0.19,26571508,0.08,2125720,28697228,25166000,25166000,1405508,0.0529,28697228,26571508,2125720,25166000,25166000,131-Phải thu khách hàng,511-Doanh thu bán hàng,3331-Thuế GTGT đầu ra,632-Giá vốn hàng bán,156-Hàng hóa,commerce_distribution_erp_scenario_v1,LIGHTBI_SCENARIO_ENTITY_001,VND,all_declared_accounting_money_columns,Asia/Ho_Chi_Minh,authentic_anchored_semi_synthetic_evidence,sample data/Accounting_ERP_May_2026.csv,3c59da1c10c67ab974dfd204b737402aff1c28d748665949942579fb5fb1a2fd,462,1.0.0
INV20260500462,JV20260500462,SO20260500462,2026-05-02,DN-HC,NV030,Thẻ,TV-299EB8,TV,LG OLED 48,Electrolux,3,21310453,0.16,53702341,0.08,4296187,57998528,17596000,52788000,914341,0.017,57998528,53702341,4296187,52788000,52788000,131-Phải thu khách hàng,511-Doanh thu bán hàng,3331-Thuế GTGT đầu ra,632-Giá vốn hàng bán,156-Hàng hóa,commerce_distribution_erp_scenario_v1,LIGHTBI_SCENARIO_ENTITY_001,VND,all_declared_accounting_money_columns,Asia/Ho_Chi_Minh,authentic_anchored_semi_synthetic_evidence,sample data/Accounting_ERP_May_2026.csv,3c59da1c10c67ab974dfd204b737402aff1c28d748665949942579fb5fb1a2fd,463,1.0.0
INV20260500463,JV20260500463,SO20260500463,2026-05-09,HCM-TB,NV029,Ví điện tử,TV-C6321E,TV,"Sony 65""",Asia,3,11775204,0.17,29320257,0.08,2345620,31665877,9166000,27498000,1822257,0.0622,31665877,29320257,2345620,27498000,27498000,131-Phải thu khách hàng,511-Doanh thu bán hàng,3331-Thuế GTGT đầu ra,632-Giá vốn hàng bán,156-Hàng hóa,commerce_distribution_erp_scenario_v1,LIGHTBI_SCENARIO_ENTITY_001,VND,all_declared_accounting_money_columns,Asia/Ho_Chi_Minh,authentic_anchored_semi_synthetic_evidence,sample data/Accounting_ERP_May_2026.csv,3c59da1c10c67ab974dfd204b737402aff1c28d748665949942579fb5fb1a2fd,464,1.0.0
INV20260500464,JV20260500464,SO20260500464,2026-05-03,HN-HBT,NV004,Chuyển khoản,VC-09CEE7,Máy hút bụi,Dyson V8,Philips,1,5539805,0.04,5318212,0.08,425456,5743668,3483000,3483000,1835212,0.3451,5743668,5318212,425456,3483000,3483000,131-Phải thu khách hàng,511-Doanh thu bán hàng,3331-Thuế GTGT đầu ra,632-Giá vốn hàng bán,156-Hàng hóa,commerce_distribution_erp_scenario_v1,LIGHTBI_SCENARIO_ENTITY_001,VND,all_declared_accounting_money_columns,Asia/Ho_Chi_Minh,authentic_anchored_semi_synthetic_evidence,sample data/Accounting_ERP_May_2026.csv,3c59da1c10c67ab974dfd204b737402aff1c28d748665949942579fb5fb1a2fd,465,1.0.0
INV20260500465,JV20260500465,SO20260500465,2026-05-24,BD-TDM,NV017,Chuyển khoản,FN-5366D0,Quạt,Senko,Senko,3,1500513,0.15,3826308,0.08,306104,4132412,935000,2805000,1021308,0.2669,4132412,3826308,306104,2805000,2805000,131-Phải thu khách hàng,511-Doanh thu bán hàng,3331-Thuế GTGT đầu ra,632-Giá vốn hàng bán,156-Hàng hóa,commerce_distribution_erp_scenario_v1,LIGHTBI_SCENARIO_ENTITY_001,VND,all_declared_accounting_money_columns,Asia/Ho_Chi_Minh,authentic_anchored_semi_synthetic_evidence,sample data/Accounting_ERP_May_2026.csv,3c59da1c10c67ab974dfd204b737402aff1c28d748665949942579fb5fb1a2fd,466,1.0.0
INV20260500466,JV20260500466,SO20260500466,2026-05-02,HN-CG,NV003,Chuyển khoản,AC-9A4340,Máy lạnh,Panasonic 1.5HP,Daikin,2,12507115,0.14,21512237,0.08,1720978,23233215,9668000,19336000,2176237,0.1012,23233215,21512237,1720978,19336000,19336000,131-Phải thu khách hàng,511-Doanh thu bán hàng,3331-Thuế GTGT đầu ra,632-Giá vốn hàng bán,156-Hàng hóa,commerce_distribution_erp_scenario_v1,LIGHTBI_SCENARIO_ENTITY_001,VND,all_declared_accounting_money_columns,Asia/Ho_Chi_Minh,authentic_anchored_semi_synthetic_evidence,sample data/Accounting_ERP_May_2026.csv,3c59da1c10c67ab974dfd204b737402aff1c28d748665949942579fb5fb1a2fd,467,1.0.0
INV20260500467,JV20260500467,SO20260500467,2026-05-14,HN-HBT,NV026,Trả góp,FN-D8D699,Quạt,Asia,Sunhouse,3,757550,0.03,2204470,0.08,176357,2380827,495000,1485000,719470,0.3264,2380827,2204470,176357,1485000,1485000,131-Phải thu khách hàng,511-Doanh thu bán hàng,3331-Thuế GTGT đầu ra,632-Giá vốn hàng bán,156-Hàng hóa,commerce_distribution_erp_scenario_v1,LIGHTBI_SCENARIO_ENTITY_001,VND,all_declared_accounting_money_columns,Asia/Ho_Chi_Minh,authentic_anchored_semi_synthetic_evidence,sample data/Accounting_ERP_May_2026.csv,3c59da1c10c67ab974dfd204b737402aff1c28d748665949942579fb5fb1a2fd,468,1.0.0
INV20260500468,JV20260500468,SO20260500468,2026-05-25,BD-TDM,NV020,Trả góp,TV-BD30D1,TV,"TCL 50""",Asia,2,22609480,0.08,41601443,0.08,3328115,44929558,19285000,38570000,3031443,0.0729,44929558,41601443,3328115,38570000,38570000,131-Phải thu khách hàng,511-Doanh thu bán hàng,3331-Thuế GTGT đầu ra,632-Giá vốn hàng bán,156-Hàng hóa,commerce_distribution_erp_scenario_v1,LIGHTBI_SCENARIO_ENTITY_001,VND,all_declared_accounting_money_columns,Asia/Ho_Chi_Minh,authentic_anchored_semi_synthetic_evidence,sample data/Accounting_ERP_May_2026.csv,3c59da1c10c67ab974dfd204b737402aff1c28d748665949942579fb5fb1a2fd,469,1.0.0
INV20260500469,JV20260500469,SO20260500469,2026-05-07,HN-HBT,NV030,Trả góp,RF-3465A9,Tủ lạnh,Aqua 250L,Samsung,3,21352559,0.12,56370755,0.08,4509660,60880415,17980000,53940000,2430755,0.0431,60880415,56370755,4509660,53940000,53940000,131-Phải thu khách hàng,511-Doanh thu bán hàng,3331-Thuế GTGT đầu ra,632-Giá vốn hàng bán,156-Hàng hóa,commerce_distribution_erp_scenario_v1,LIGHTBI_SCENARIO_ENTITY_001,VND,all_declared_accounting_money_columns,Asia/Ho_Chi_Minh,authentic_anchored_semi_synthetic_evidence,sample data/Accounting_ERP_May_2026.csv,3c59da1c10c67ab974dfd204b737402aff1c28d748665949942579fb5fb1a2fd,470,1.0.0
INV20260500470,JV20260500470,SO20260500470,2026-05-09,DN-HC,NV010,Chuyển khoản,MW-9E4FC6,Lò vi sóng,Sharp 20L,Electrolux,2,4069059,0.03,7893974,0.08,631517,8525491,2816000,5632000,2261974,0.2865,8525491,7893974,631517,5632000,5632000,131-Phải thu khách hàng,511-Doanh thu bán hàng,3331-Thuế GTGT đầu ra,632-Giá vốn hàng bán,156-Hàng hóa,commerce_distribution_erp_scenario_v1,LIGHTBI_SCENARIO_ENTITY_001,VND,all_declared_accounting_money_columns,Asia/Ho_Chi_Minh,authentic_anchored_semi_synthetic_evidence,sample data/Accounting_ERP_May_2026.csv,3c59da1c10c67ab974dfd204b737402aff1c28d748665949942579fb5fb1a2fd,471,1.0.0
INV20260500471,JV20260500471,SO20260500471,2026-05-21,HCM-Q7,NV019,Trả góp,WM-796B06,Máy giặt,LG 9kg,Aqua,3,17743679,0.11,47375622,0.08,3790049,51165671,13973000,41919000,5456622,0.1152,51165671,47375622,3790049,41919000,41919000,131-Phải thu khách hàng,511-Doanh thu bán hàng,3331-Thuế GTGT đầu ra,632-Giá vốn hàng bán,156-Hàng hóa,commerce_distribution_erp_scenario_v1,LIGHTBI_SCENARIO_ENTITY_001,VND,all_declared_accounting_money_columns,Asia/Ho_Chi_Minh,authentic_anchored_semi_synthetic_evidence,sample data/Accounting_ERP_May_2026.csv,3c59da1c10c67ab974dfd204b737402aff1c28d748665949942579fb5fb1a2fd,472,1.0.0
INV20260500472,JV20260500472,SO20260500472,2026-05-23,HN-CG,NV003,Tiền mặt,TV-C528C6,TV,LG OLED 48,Cuckoo,3,18890580,0.16,47604261,0.08,3808340,51412601,16024000,48072000,-467739,-0.0098,51412601,47604261,3808340,48072000,48072000,131-Phải thu khách hàng,511-Doanh thu bán hàng,3331-Thuế GTGT đầu ra,632-Giá vốn hàng bán,156-Hàng hóa,commerce_distribution_erp_scenario_v1,LIGHTBI_SCENARIO_ENTITY_001,VND,all_declared_accounting_money_columns,Asia/Ho_Chi_Minh,authentic_anchored_semi_synthetic_evidence,sample data/Accounting_ERP_May_2026.csv,3c59da1c10c67ab974dfd204b737402aff1c28d748665949942579fb5fb1a2fd,473,1.0.0
INV20260500473,JV20260500473,SO20260500473,2026-05-21,HN-HBT,NV026,Trả góp,FN-A7C1D9,Quạt,Asia,LG,1,1634603,0.13,1422104,0.08,113768,1535872,946000,946000,476104,0.3348,1535872,1422104,113768,946000,946000,131-Phải thu khách hàng,511-Doanh thu bán hàng,3331-Thuế GTGT đầu ra,632-Giá vốn hàng bán,156-Hàng hóa,commerce_distribution_erp_scenario_v1,LIGHTBI_SCENARIO_ENTITY_001,VND,all_declared_accounting_money_columns,Asia/Ho_Chi_Minh,authentic_anchored_semi_synthetic_evidence,sample data/Accounting_ERP_May_2026.csv,3c59da1c10c67ab974dfd204b737402aff1c28d748665949942579fb5fb1a2fd,474,1.0.0
INV20260500474,JV20260500474,SO20260500474,2026-05-14,CT-NK,NV021,Trả góp,MW-B116A2,Lò vi sóng,Panasonic 25L,Senko,2,5852230,0.06,11002192,0.08,880175,11882367,4186000,8372000,2630192,0.2391,11882367,11002192,880175,8372000,8372000,131-Phải thu khách hàng,511-Doanh thu bán hàng,3331-Thuế GTGT đầu ra,632-Giá vốn hàng bán,156-Hàng hóa,commerce_distribution_erp_scenario_v1,LIGHTBI_SCENARIO_ENTITY_001,VND,all_declared_accounting_money_columns,Asia/Ho_Chi_Minh,authentic_anchored_semi_synthetic_evidence,sample data/Accounting_ERP_May_2026.csv,3c59da1c10c67ab974dfd204b737402aff1c28d748665949942579fb5fb1a2fd,475,1.0.0
INV20260500475,JV20260500475,SO20260500475,2026-05-05,HN-CG,NV015,Chuyển khoản,AC-B03170,Máy lạnh,Casper 1HP,Casper,2,20187937,0.15,34319492,0.08,2745559,37065051,15818000,31636000,2683492,0.0782,37065051,34319492,2745559,31636000,31636000,131-Phải thu khách hàng,511-Doanh thu bán hàng,3331-Thuế GTGT đầu ra,632-Giá vốn hàng bán,156-Hàng hóa,commerce_distribution_erp_scenario_v1,LIGHTBI_SCENARIO_ENTITY_001,VND,all_declared_accounting_money_columns,Asia/Ho_Chi_Minh,authentic_anchored_semi_synthetic_evidence,sample data/Accounting_ERP_May_2026.csv,3c59da1c10c67ab974dfd204b737402aff1c28d748665949942579fb5fb1a2fd,476,1.0.0
INV20260500476,JV20260500476,SO20260500476,2026-05-07,CT-NK,NV017,Ví điện tử,MW-397FED,Lò vi sóng,Electrolux 23L,Asia,2,1968388,0.11,3503730,0.08,280298,3784028,1236000,2472000,1031730,0.2945,3784028,3503730,280298,2472000,2472000,131-Phải thu khách hàng,511-Doanh thu bán hàng,3331-Thuế GTGT đầu ra,632-Giá vốn hàng bán,156-Hàng hóa,commerce_distribution_erp_scenario_v1,LIGHTBI_SCENARIO_ENTITY_001,VND,all_declared_accounting_money_columns,Asia/Ho_Chi_Minh,authentic_anchored_semi_synthetic_evidence,sample data/Accounting_ERP_May_2026.csv,3c59da1c10c67ab974dfd204b737402aff1c28d748665949942579fb5fb1a2fd,477,1.0.0
INV20260500477,JV20260500477,SO20260500477,2026-05-14,CT-NK,NV002,Ví điện tử,KT-F760AD,Ấm siêu tốc,Philips,LG,3,1354298,0.08,3737862,0.08,299028,4036890,790000,2370000,1367862,0.3659,4036890,3737862,299028,2370000,2370000,131-Phải thu khách hàng,511-Doanh thu bán hàng,3331-Thuế GTGT đầu ra,632-Giá vốn hàng bán,156-Hàng hóa,commerce_distribution_erp_scenario_v1,LIGHTBI_SCENARIO_ENTITY_001,VND,all_declared_accounting_money_columns,Asia/Ho_Chi_Minh,authentic_anchored_semi_synthetic_evidence,sample data/Accounting_ERP_May_2026.csv,3c59da1c10c67ab974dfd204b737402aff1c28d748665949942579fb5fb1a2fd,478,1.0.0
INV20260500478,JV20260500478,SO20260500478,2026-05-18,DN-HC,NV016,Thẻ,AC-8D2169,Máy lạnh,Panasonic 1.5HP,Sunhouse,1,6582244,0.07,6121486,0.08,489718,6611204,5426000,5426000,695486,0.1136,6611204,6121486,489718,5426000,5426000,131-Phải thu khách hàng,511-Doanh thu bán hàng,3331-Thuế GTGT đầu ra,632-Giá vốn hàng bán,156-Hàng hóa,commerce_distribution_erp_scenario_v1,LIGHTBI_SCENARIO_ENTITY_001,VND,all_declared_accounting_money_columns,Asia/Ho_Chi_Minh,authentic_anchored_semi_synthetic_evidence,sample data/Accounting_ERP_May_2026.csv,3c59da1c10c67ab974dfd204b737402aff1c28d748665949942579fb5fb1a2fd,479,1.0.0
INV20260500479,JV20260500479,SO20260500479,2026-05-03,BD-TDM,NV010,Trả góp,VC-A60FBD,Máy hút bụi,Philips FC,Asia,3,11820226,0.13,30850789,0.08,2468063,33318852,9221000,27663000,3187789,0.1033,33318852,30850789,2468063,27663000,27663000,131-Phải thu khách hàng,511-Doanh thu bán hàng,3331-Thuế GTGT đầu ra,632-Giá vốn hàng bán,156-Hàng hóa,commerce_distribution_erp_scenario_v1,LIGHTBI_SCENARIO_ENTITY_001,VND,all_declared_accounting_money_columns,Asia/Ho_Chi_Minh,authentic_anchored_semi_synthetic_evidence,sample data/Accounting_ERP_May_2026.csv,3c59da1c10c67ab974dfd204b737402aff1c28d748665949942579fb5fb1a2fd,480,1.0.0
INV20260500480,JV20260500480,SO20260500480,2026-05-02,HN-CG,NV021,Tiền mặt,AC-E60FB6,Máy lạnh,Mitsubishi 1.5HP,Aqua,1,6213397,0.02,6089129,0.08,487130,6576259,4941000,4941000,1148129,0.1886,6576259,6089129,487130,4941000,4941000,131-Phải thu khách hàng,511-Doanh thu bán hàng,3331-Thuế GTGT đầu ra,632-Giá vốn hàng bán,156-Hàng hóa,commerce_distribution_erp_scenario_v1,LIGHTBI_SCENARIO_ENTITY_001,VND,all_declared_accounting_money_columns,Asia/Ho_Chi_Minh,authentic_anchored_semi_synthetic_evidence,sample data/Accounting_ERP_May_2026.csv,3c59da1c10c67ab974dfd204b737402aff1c28d748665949942579fb5fb1a2fd,481,1.0.0
INV20260500481,JV20260500481,SO20260500481,2026-05-10,HN-CG,NV001,Ví điện tử,RF-A0C9D4,Tủ lạnh,LG 420L,Panasonic,1,16328925,0.03,15839057,0.08,1267124,17106181,13679000,13679000,2160057,0.1364,17106181,15839057,1267124,13679000,13679000,131-Phải thu khách hàng,511-Doanh thu bán hàng,3331-Thuế GTGT đầu ra,632-Giá vốn hàng bán,156-Hàng hóa,commerce_distribution_erp_scenario_v1,LIGHTBI_SCENARIO_ENTITY_001,VND,all_declared_accounting_money_columns,Asia/Ho_Chi_Minh,authentic_anchored_semi_synthetic_evidence,sample data/Accounting_ERP_May_2026.csv,3c59da1c10c67ab974dfd204b737402aff1c28d748665949942579fb5fb1a2fd,482,1.0.0
INV20260500482,JV20260500482,SO20260500482,2026-05-24,BD-TDM,NV003,Ví điện tử,AC-9D4B2B,Máy lạnh,Mitsubishi 1.5HP,Sony,2,18286663,0.13,31818793,0.08,2545503,34364296,13483000,26966000,4852793,0.1525,34364296,31818793,2545503,26966000,26966000,131-Phải thu khách hàng,511-Doanh thu bán hàng,3331-Thuế GTGT đầu ra,632-Giá vốn hàng bán,156-Hàng hóa,commerce_distribution_erp_scenario_v1,LIGHTBI_SCENARIO_ENTITY_001,VND,all_declared_accounting_money_columns,Asia/Ho_Chi_Minh,authentic_anchored_semi_synthetic_evidence,sample data/Accounting_ERP_May_2026.csv,3c59da1c10c67ab974dfd204b737402aff1c28d748665949942579fb5fb1a2fd,483,1.0.0
INV20260500483,JV20260500483,SO20260500483,2026-05-18,CT-NK,NV011,Tiền mặt,VC-AA028D,Máy hút bụi,Xiaomi G10,Daikin,1,11020026,0.07,10248624,0.08,819889,11068513,7688000,7688000,2560624,0.2499,11068513,10248624,819889,7688000,7688000,131-Phải thu khách hàng,511-Doanh thu bán hàng,3331-Thuế GTGT đầu ra,632-Giá vốn hàng bán,156-Hàng hóa,commerce_distribution_erp_scenario_v1,LIGHTBI_SCENARIO_ENTITY_001,VND,all_declared_accounting_money_columns,Asia/Ho_Chi_Minh,authentic_anchored_semi_synthetic_evidence,sample data/Accounting_ERP_May_2026.csv,3c59da1c10c67ab974dfd204b737402aff1c28d748665949942579fb5fb1a2fd,484,1.0.0
INV20260500484,JV20260500484,SO20260500484,2026-05-27,DN-HC,NV014,Chuyển khoản,VC-7AF11E,Máy hút bụi,Philips FC,Panasonic,3,3068834,0.13,8009656,0.08,640772,8650428,2129000,6387000,1622656,0.2026,8650428,8009656,640772,6387000,6387000,131-Phải thu khách hàng,511-Doanh thu bán hàng,3331-Thuế GTGT đầu ra,632-Giá vốn hàng bán,156-Hàng hóa,commerce_distribution_erp_scenario_v1,LIGHTBI_SCENARIO_ENTITY_001,VND,all_declared_accounting_money_columns,Asia/Ho_Chi_Minh,authentic_anchored_semi_synthetic_evidence,sample data/Accounting_ERP_May_2026.csv,3c59da1c10c67ab974dfd204b737402aff1c28d748665949942579fb5fb1a2fd,485,1.0.0
INV20260500485,JV20260500485,SO20260500485,2026-05-26,DN-HC,NV028,Tiền mặt,VC-9224B5,Máy hút bụi,Philips FC,Samsung,1,7709404,0.16,6475899,0.08,518071,6993970,4634000,4634000,1841899,0.2844,6993970,6475899,518071,4634000,4634000,131-Phải thu khách hàng,511-Doanh thu bán hàng,3331-Thuế GTGT đầu ra,632-Giá vốn hàng bán,156-Hàng hóa,commerce_distribution_erp_scenario_v1,LIGHTBI_SCENARIO_ENTITY_001,VND,all_declared_accounting_money_columns,Asia/Ho_Chi_Minh,authentic_anchored_semi_synthetic_evidence,sample data/Accounting_ERP_May_2026.csv,3c59da1c10c67ab974dfd204b737402aff1c28d748665949942579fb5fb1a2fd,486,1.0.0
INV20260500486,JV20260500486,SO20260500486,2026-05-03,HCM-TB,NV006,Chuyển khoản,MW-807E15,Lò vi sóng,Panasonic 25L,Asia,3,4871173,0.03,14175113,0.08,1134009,15309122,3475000,10425000,3750113,0.2646,15309122,14175113,1134009,10425000,10425000,131-Phải thu khách hàng,511-Doanh thu bán hàng,3331-Thuế GTGT đầu ra,632-Giá vốn hàng bán,156-Hàng hóa,commerce_distribution_erp_scenario_v1,LIGHTBI_SCENARIO_ENTITY_001,VND,all_declared_accounting_money_columns,Asia/Ho_Chi_Minh,authentic_anchored_semi_synthetic_evidence,sample data/Accounting_ERP_May_2026.csv,3c59da1c10c67ab974dfd204b737402aff1c28d748665949942579fb5fb1a2fd,487,1.0.0
INV20260500487,JV20260500487,SO20260500487,2026-05-29,DN-HC,NV023,Trả góp,RC-CCF100,Nồi cơm,Sharp 1.8L,Sunhouse,1,3660894,0.14,3148368,0.08,251869,3400237,2497000,2497000,651368,0.2069,3400237,3148368,251869,2497000,2497000,131-Phải thu khách hàng,511-Doanh thu bán hàng,3331-Thuế GTGT đầu ra,632-Giá vốn hàng bán,156-Hàng hóa,commerce_distribution_erp_scenario_v1,LIGHTBI_SCENARIO_ENTITY_001,VND,all_declared_accounting_money_columns,Asia/Ho_Chi_Minh,authentic_anchored_semi_synthetic_evidence,sample data/Accounting_ERP_May_2026.csv,3c59da1c10c67ab974dfd204b737402aff1c28d748665949942579fb5fb1a2fd,488,1.0.0
INV20260500488,JV20260500488,SO20260500488,2026-05-11,HCM-TB,NV027,Trả góp,BL-653303,Máy xay,Sunhouse Blender,Philips,3,514023,0.05,1464965,0.08,117197,1582162,367000,1101000,363965,0.2484,1582162,1464965,117197,1101000,1101000,131-Phải thu khách hàng,511-Doanh thu bán hàng,3331-Thuế GTGT đầu ra,632-Giá vốn hàng bán,156-Hàng hóa,commerce_distribution_erp_scenario_v1,LIGHTBI_SCENARIO_ENTITY_001,VND,all_declared_accounting_money_columns,Asia/Ho_Chi_Minh,authentic_anchored_semi_synthetic_evidence,sample data/Accounting_ERP_May_2026.csv,3c59da1c10c67ab974dfd204b737402aff1c28d748665949942579fb5fb1a2fd,489,1.0.0
INV20260500489,JV20260500489,SO20260500489,2026-05-08,HN-HBT,NV025,Ví điện tử,RC-607743,Nồi cơm,Cuckoo 1.8L,LG,1,1452651,0.09,1321912,0.08,105752,1427664,915000,915000,406912,0.3078,1427664,1321912,105752,915000,915000,131-Phải thu khách hàng,511-Doanh thu bán hàng,3331-Thuế GTGT đầu ra,632-Giá vốn hàng bán,156-Hàng hóa,commerce_distribution_erp_scenario_v1,LIGHTBI_SCENARIO_ENTITY_001,VND,all_declared_accounting_money_columns,Asia/Ho_Chi_Minh,authentic_anchored_semi_synthetic_evidence,sample data/Accounting_ERP_May_2026.csv,3c59da1c10c67ab974dfd204b737402aff1c28d748665949942579fb5fb1a2fd,490,1.0.0
INV20260500490,JV20260500490,SO20260500490,2026-05-12,DN-HC,NV020,Trả góp,BL-CB9EBE,Máy xay,Philips Blender,Philips,2,730668,0.17,1212908,0.08,97032,1309940,469000,938000,274908,0.2267,1309940,1212908,97032,938000,938000,131-Phải thu khách hàng,511-Doanh thu bán hàng,3331-Thuế GTGT đầu ra,632-Giá vốn hàng bán,156-Hàng hóa,commerce_distribution_erp_scenario_v1,LIGHTBI_SCENARIO_ENTITY_001,VND,all_declared_accounting_money_columns,Asia/Ho_Chi_Minh,authentic_anchored_semi_synthetic_evidence,sample data/Accounting_ERP_May_2026.csv,3c59da1c10c67ab974dfd204b737402aff1c28d748665949942579fb5fb1a2fd,491,1.0.0
INV20260500491,JV20260500491,SO20260500491,2026-05-19,BD-TDM,NV004,Chuyển khoản,RC-7580B4,Nồi cơm,Panasonic 1.8L,Panasonic,2,1486560,0.16,2497420,0.08,199793,2697213,1092000,2184000,313420,0.1255,2697213,2497420,199793,2184000,2184000,131-Phải thu khách hàng,511-Doanh thu bán hàng,3331-Thuế GTGT đầu ra,632-Giá vốn hàng bán,156-Hàng hóa,commerce_distribution_erp_scenario_v1,LIGHTBI_SCENARIO_ENTITY_001,VND,all_declared_accounting_money_columns,Asia/Ho_Chi_Minh,authentic_anchored_semi_synthetic_evidence,sample data/Accounting_ERP_May_2026.csv,3c59da1c10c67ab974dfd204b737402aff1c28d748665949942579fb5fb1a2fd,492,1.0.0
INV20260500492,JV20260500492,SO20260500492,2026-05-14,HCM-Q7,NV018,Trả góp,MW-9A4EF9,Lò vi sóng,Panasonic 25L,Sharp,2,5668278,0.15,9636072,0.08,770885,10406957,4030000,8060000,1576072,0.1636,10406957,9636072,770885,8060000,8060000,131-Phải thu khách hàng,511-Doanh thu bán hàng,3331-Thuế GTGT đầu ra,632-Giá vốn hàng bán,156-Hàng hóa,commerce_distribution_erp_scenario_v1,LIGHTBI_SCENARIO_ENTITY_001,VND,all_declared_accounting_money_columns,Asia/Ho_Chi_Minh,authentic_anchored_semi_synthetic_evidence,sample data/Accounting_ERP_May_2026.csv,3c59da1c10c67ab974dfd204b737402aff1c28d748665949942579fb5fb1a2fd,493,1.0.0
INV20260500493,JV20260500493,SO20260500493,2026-05-31,DN-HC,NV026,Ví điện tử,FN-FB4782,Quạt,Panasonic,Electrolux,1,2484839,0.14,2136961,0.08,170956,2307917,1826000,1826000,310961,0.1455,2307917,2136961,170956,1826000,1826000,131-Phải thu khách hàng,511-Doanh thu bán hàng,3331-Thuế GTGT đầu ra,632-Giá vốn hàng bán,156-Hàng hóa,commerce_distribution_erp_scenario_v1,LIGHTBI_SCENARIO_ENTITY_001,VND,all_declared_accounting_money_columns,Asia/Ho_Chi_Minh,authentic_anchored_semi_synthetic_evidence,sample data/Accounting_ERP_May_2026.csv,3c59da1c10c67ab974dfd204b737402aff1c28d748665949942579fb5fb1a2fd,494,1.0.0
INV20260500494,JV20260500494,SO20260500494,2026-05-21,HCM-Q1,NV006,Ví điện tử,KT-F7FE04,Ấm siêu tốc,Kangaroo,Sony,3,1428329,0.11,3813638,0.08,305091,4118729,921000,2763000,1050638,0.2755,4118729,3813638,305091,2763000,2763000,131-Phải thu khách hàng,511-Doanh thu bán hàng,3331-Thuế GTGT đầu ra,632-Giá vốn hàng bán,156-Hàng hóa,commerce_distribution_erp_scenario_v1,LIGHTBI_SCENARIO_ENTITY_001,VND,all_declared_accounting_money_columns,Asia/Ho_Chi_Minh,authentic_anchored_semi_synthetic_evidence,sample data/Accounting_ERP_May_2026.csv,3c59da1c10c67ab974dfd204b737402aff1c28d748665949942579fb5fb1a2fd,495,1.0.0
INV20260500495,JV20260500495,SO20260500495,2026-05-08,HCM-TB,NV025,Chuyển khoản,WM-B368C2,Máy giặt,Samsung 10kg,Casper,3,15701950,0.19,38155738,0.08,3052459,41208197,11677000,35031000,3124738,0.0819,41208197,38155738,3052459,35031000,35031000,131-Phải thu khách hàng,511-Doanh thu bán hàng,3331-Thuế GTGT đầu ra,632-Giá vốn hàng bán,156-Hàng hóa,commerce_distribution_erp_scenario_v1,LIGHTBI_SCENARIO_ENTITY_001,VND,all_declared_accounting_money_columns,Asia/Ho_Chi_Minh,authentic_anchored_semi_synthetic_evidence,sample data/Accounting_ERP_May_2026.csv,3c59da1c10c67ab974dfd204b737402aff1c28d748665949942579fb5fb1a2fd,496,1.0.0
INV20260500496,JV20260500496,SO20260500496,2026-05-02,DN-HC,NV027,Thẻ,MW-D62048,Lò vi sóng,Panasonic 25L,Xiaomi,2,1242536,0.19,2012908,0.08,161032,2173940,772000,1544000,468908,0.233,2173940,2012908,161032,1544000,1544000,131-Phải thu khách hàng,511-Doanh thu bán hàng,3331-Thuế GTGT đầu ra,632-Giá vốn hàng bán,156-Hàng hóa,commerce_distribution_erp_scenario_v1,LIGHTBI_SCENARIO_ENTITY_001,VND,all_declared_accounting_money_columns,Asia/Ho_Chi_Minh,authentic_anchored_semi_synthetic_evidence,sample data/Accounting_ERP_May_2026.csv,3c59da1c10c67ab974dfd204b737402aff1c28d748665949942579fb5fb1a2fd,497,1.0.0
INV20260500497,JV20260500497,SO20260500497,2026-05-14,HN-HBT,NV018,Chuyển khoản,FN-422F6A,Quạt,Senko,Sharp,3,753809,0.17,1876984,0.08,150158,2027142,438000,1314000,562984,0.2999,2027142,1876984,150158,1314000,1314000,131-Phải thu khách hàng,511-Doanh thu bán hàng,3331-Thuế GTGT đầu ra,632-Giá vốn hàng bán,156-Hàng hóa,commerce_distribution_erp_scenario_v1,LIGHTBI_SCENARIO_ENTITY_001,VND,all_declared_accounting_money_columns,Asia/Ho_Chi_Minh,authentic_anchored_semi_synthetic_evidence,sample data/Accounting_ERP_May_2026.csv,3c59da1c10c67ab974dfd204b737402aff1c28d748665949942579fb5fb1a2fd,498,1.0.0
INV20260500498,JV20260500498,SO20260500498,2026-05-31,HCM-Q7,NV017,Chuyển khoản,VC-2D4AC5,Máy hút bụi,Philips FC,Toshiba,2,6724081,0.12,11834382,0.08,946750,12781132,4100000,8200000,3634382,0.3071,12781132,11834382,946750,8200000,8200000,131-Phải thu khách hàng,511-Doanh thu bán hàng,3331-Thuế GTGT đầu ra,632-Giá vốn hàng bán,156-Hàng hóa,commerce_distribution_erp_scenario_v1,LIGHTBI_SCENARIO_ENTITY_001,VND,all_declared_accounting_money_columns,Asia/Ho_Chi_Minh,authentic_anchored_semi_synthetic_evidence,sample data/Accounting_ERP_May_2026.csv,3c59da1c10c67ab974dfd204b737402aff1c28d748665949942579fb5fb1a2fd,499,1.0.0
INV20260500499,JV20260500499,SO20260500499,2026-05-29,HCM-TB,NV018,Chuyển khoản,RC-469C5D,Nồi cơm,Cuckoo 1.8L,Philips,1,835311,0.2,668248,0.08,53459,721707,488000,488000,180248,0.2697,721707,668248,53459,488000,488000,131-Phải thu khách hàng,511-Doanh thu bán hàng,3331-Thuế GTGT đầu ra,632-Giá vốn hàng bán,156-Hàng hóa,commerce_distribution_erp_scenario_v1,LIGHTBI_SCENARIO_ENTITY_001,VND,all_declared_accounting_money_columns,Asia/Ho_Chi_Minh,authentic_anchored_semi_synthetic_evidence,sample data/Accounting_ERP_May_2026.csv,3c59da1c10c67ab974dfd204b737402aff1c28d748665949942579fb5fb1a2fd,500,1.0.0
INV20260500500,JV20260500500,SO20260500500,2026-05-07,HCM-Q7,NV011,Trả góp,AC-B03170,Máy lạnh,Casper 1HP,Casper,3,12901964,0.19,31351772,0.08,2508141,33859913,9294000,27882000,3469772,0.1107,33859913,31351772,2508141,27882000,27882000,131-Phải thu khách hàng,511-Doanh thu bán hàng,3331-Thuế GTGT đầu ra,632-Giá vốn hàng bán,156-Hàng hóa,commerce_distribution_erp_scenario_v1,LIGHTBI_SCENARIO_ENTITY_001,VND,all_declared_accounting_money_columns,Asia/Ho_Chi_Minh,authentic_anchored_semi_synthetic_evidence,sample data/Accounting_ERP_May_2026.csv,3c59da1c10c67ab974dfd204b737402aff1c28d748665949942579fb5fb1a2fd,501,1.0.0
INV20260500501,JV20260500501,SO20260500501,2026-05-02,HCM-Q1,NV013,Chuyển khoản,WM-65B7F8,Máy giặt,Samsung 10kg,Sony,3,13000393,0.02,38221155,0.08,3057692,41278847,9688000,29064000,9157155,0.2396,41278847,38221155,3057692,29064000,29064000,131-Phải thu khách hàng,511-Doanh thu bán hàng,3331-Thuế GTGT đầu ra,632-Giá vốn hàng bán,156-Hàng hóa,commerce_distribution_erp_scenario_v1,LIGHTBI_SCENARIO_ENTITY_001,VND,all_declared_accounting_money_columns,Asia/Ho_Chi_Minh,authentic_anchored_semi_synthetic_evidence,sample data/Accounting_ERP_May_2026.csv,3c59da1c10c67ab974dfd204b737402aff1c28d748665949942579fb5fb1a2fd,502,1.0.0
INV20260500502,JV20260500502,SO20260500502,2026-05-05,HCM-Q1,NV014,Thẻ,WM-E0B483,Máy giặt,Panasonic 8.5kg,Asia,2,10227980,0.19,16569327,0.08,1325546,17894873,8605000,17210000,-640673,-0.0387,17894873,16569327,1325546,17210000,17210000,131-Phải thu khách hàng,511-Doanh thu bán hàng,3331-Thuế GTGT đầu ra,632-Giá vốn hàng bán,156-Hàng hóa,commerce_distribution_erp_scenario_v1,LIGHTBI_SCENARIO_ENTITY_001,VND,all_declared_accounting_money_columns,Asia/Ho_Chi_Minh,authentic_anchored_semi_synthetic_evidence,sample data/Accounting_ERP_May_2026.csv,3c59da1c10c67ab974dfd204b737402aff1c28d748665949942579fb5fb1a2fd,503,1.0.0
INV20260500503,JV20260500503,SO20260500503,2026-05-03,HCM-Q7,NV003,Ví điện tử,BL-A4802F,Máy xay,Philips Blender,Daikin,1,736498,0.07,684943,0.08,54795,739738,534000,534000,150943,0.2204,739738,684943,54795,534000,534000,131-Phải thu khách hàng,511-Doanh thu bán hàng,3331-Thuế GTGT đầu ra,632-Giá vốn hàng bán,156-Hàng hóa,commerce_distribution_erp_scenario_v1,LIGHTBI_SCENARIO_ENTITY_001,VND,all_declared_accounting_money_columns,Asia/Ho_Chi_Minh,authentic_anchored_semi_synthetic_evidence,sample data/Accounting_ERP_May_2026.csv,3c59da1c10c67ab974dfd204b737402aff1c28d748665949942579fb5fb1a2fd,504,1.0.0
INV20260500504,JV20260500504,SO20260500504,2026-05-16,BD-TDM,NV016,Chuyển khoản,VC-4BDADC,Máy hút bụi,Philips FC,Electrolux,3,8140475,0.15,20758211,0.08,1660656,22418867,5658000,16974000,3784211,0.1823,22418867,20758211,1660656,16974000,16974000,131-Phải thu khách hàng,511-Doanh thu bán hàng,3331-Thuế GTGT đầu ra,632-Giá vốn hàng bán,156-Hàng hóa,commerce_distribution_erp_scenario_v1,LIGHTBI_SCENARIO_ENTITY_001,VND,all_declared_accounting_money_columns,Asia/Ho_Chi_Minh,authentic_anchored_semi_synthetic_evidence,sample data/Accounting_ERP_May_2026.csv,3c59da1c10c67ab974dfd204b737402aff1c28d748665949942579fb5fb1a2fd,505,1.0.0
INV20260500505,JV20260500505,SO20260500505,2026-05-09,DN-HC,NV004,Trả góp,WM-EE77C3,Máy giặt,Toshiba 9kg,Panasonic,3,12896770,0.11,34434375,0.08,2754750,37189125,9735000,29205000,5229375,0.1519,37189125,34434375,2754750,29205000,29205000,131-Phải thu khách hàng,511-Doanh thu bán hàng,3331-Thuế GTGT đầu ra,632-Giá vốn hàng bán,156-Hàng hóa,commerce_distribution_erp_scenario_v1,LIGHTBI_SCENARIO_ENTITY_001,VND,all_declared_accounting_money_columns,Asia/Ho_Chi_Minh,authentic_anchored_semi_synthetic_evidence,sample data/Accounting_ERP_May_2026.csv,3c59da1c10c67ab974dfd204b737402aff1c28d748665949942579fb5fb1a2fd,506,1.0.0
INV20260500506,JV20260500506,SO20260500506,2026-05-07,CT-NK,NV023,Ví điện tử,WM-2257EF,Máy giặt,Samsung 10kg,Panasonic,2,12547167,0.01,24843390,0.08,1987471,26830861,10094000,20188000,4655390,0.1874,26830861,24843390,1987471,20188000,20188000,131-Phải thu khách hàng,511-Doanh thu bán hàng,3331-Thuế GTGT đầu ra,632-Giá vốn hàng bán,156-Hàng hóa,commerce_distribution_erp_scenario_v1,LIGHTBI_SCENARIO_ENTITY_001,VND,all_declared_accounting_money_columns,Asia/Ho_Chi_Minh,authentic_anchored_semi_synthetic_evidence,sample data/Accounting_ERP_May_2026.csv,3c59da1c10c67ab974dfd204b737402aff1c28d748665949942579fb5fb1a2fd,507,1.0.0
INV20260500507,JV20260500507,SO20260500507,2026-05-09,HCM-Q1,NV002,Trả góp,RF-F005D7,Tủ lạnh,Aqua 250L,Sony,1,8118558,0.02,7956186,0.08,636494,8592680,6405000,6405000,1551186,0.195,8592680,7956186,636494,6405000,6405000,131-Phải thu khách hàng,511-Doanh thu bán hàng,3331-Thuế GTGT đầu ra,632-Giá vốn hàng bán,156-Hàng hóa,commerce_distribution_erp_scenario_v1,LIGHTBI_SCENARIO_ENTITY_001,VND,all_declared_accounting_money_columns,Asia/Ho_Chi_Minh,authentic_anchored_semi_synthetic_evidence,sample data/Accounting_ERP_May_2026.csv,3c59da1c10c67ab974dfd204b737402aff1c28d748665949942579fb5fb1a2fd,508,1.0.0
INV20260500508,JV20260500508,SO20260500508,2026-05-10,HN-CG,NV011,Trả góp,MW-E7A58E,Lò vi sóng,Panasonic 25L,Philips,1,5515598,0.2,4412478,0.08,352998,4765476,3995000,3995000,417478,0.0946,4765476,4412478,352998,3995000,3995000,131-Phải thu khách hàng,511-Doanh thu bán hàng,3331-Thuế GTGT đầu ra,632-Giá vốn hàng bán,156-Hàng hóa,commerce_distribution_erp_scenario_v1,LIGHTBI_SCENARIO_ENTITY_001,VND,all_declared_accounting_money_columns,Asia/Ho_Chi_Minh,authentic_anchored_semi_synthetic_evidence,sample data/Accounting_ERP_May_2026.csv,3c59da1c10c67ab974dfd204b737402aff1c28d748665949942579fb5fb1a2fd,509,1.0.0
INV20260500509,JV20260500509,SO20260500509,2026-05-05,HCM-Q1,NV012,Tiền mặt,RF-F74DE6,Tủ lạnh,LG 420L,Toshiba,3,7674552,0.09,20951526,0.08,1676122,22627648,5716000,17148000,3803526,0.1815,22627648,20951526,1676122,17148000,17148000,131-Phải thu khách hàng,511-Doanh thu bán hàng,3331-Thuế GTGT đầu ra,632-Giá vốn hàng bán,156-Hàng hóa,commerce_distribution_erp_scenario_v1,LIGHTBI_SCENARIO_ENTITY_001,VND,all_declared_accounting_money_columns,Asia/Ho_Chi_Minh,authentic_anchored_semi_synthetic_evidence,sample data/Accounting_ERP_May_2026.csv,3c59da1c10c67ab974dfd204b737402aff1c28d748665949942579fb5fb1a2fd,510,1.0.0
INV20260500510,JV20260500510,SO20260500510,2026-05-03,CT-NK,NV020,Trả góp,AC-F47F82,Máy lạnh,Panasonic 1.5HP,LG,1,15397075,0.13,13395455,0.08,1071636,14467091,10898000,10898000,2497455,0.1864,14467091,13395455,1071636,10898000,10898000,131-Phải thu khách hàng,511-Doanh thu bán hàng,3331-Thuế GTGT đầu ra,632-Giá vốn hàng bán,156-Hàng hóa,commerce_distribution_erp_scenario_v1,LIGHTBI_SCENARIO_ENTITY_001,VND,all_declared_accounting_money_columns,Asia/Ho_Chi_Minh,authentic_anchored_semi_synthetic_evidence,sample data/Accounting_ERP_May_2026.csv,3c59da1c10c67ab974dfd204b737402aff1c28d748665949942579fb5fb1a2fd,511,1.0.0
INV20260500511,JV20260500511,SO20260500511,2026-05-24,DN-HC,NV021,Ví điện tử,AC-691AE0,Máy lạnh,Casper 1HP,LG,1,18942910,0.15,16101473,0.08,1288117,17389590,15201000,15201000,900473,0.0559,17389590,16101473,1288117,15201000,15201000,131-Phải thu khách hàng,511-Doanh thu bán hàng,3331-Thuế GTGT đầu ra,632-Giá vốn hàng bán,156-Hàng hóa,commerce_distribution_erp_scenario_v1,LIGHTBI_SCENARIO_ENTITY_001,VND,all_declared_accounting_money_columns,Asia/Ho_Chi_Minh,authentic_anchored_semi_synthetic_evidence,sample data/Accounting_ERP_May_2026.csv,3c59da1c10c67ab974dfd204b737402aff1c28d748665949942579fb5fb1a2fd,512,1.0.0
INV20260500512,JV20260500512,SO20260500512,2026-05-26,HN-HBT,NV018,Tiền mặt,KT-988AF8,Ấm siêu tốc,Kangaroo,Senko,3,1193322,0.09,3257769,0.08,260621,3518390,716000,2148000,1109769,0.3407,3518390,3257769,260621,2148000,2148000,131-Phải thu khách hàng,511-Doanh thu bán hàng,3331-Thuế GTGT đầu ra,632-Giá vốn hàng bán,156-Hàng hóa,commerce_distribution_erp_scenario_v1,LIGHTBI_SCENARIO_ENTITY_001,VND,all_declared_accounting_money_columns,Asia/Ho_Chi_Minh,authentic_anchored_semi_synthetic_evidence,sample data/Accounting_ERP_May_2026.csv,3c59da1c10c67ab974dfd204b737402aff1c28d748665949942579fb5fb1a2fd,513,1.0.0
INV20260500513,JV20260500513,SO20260500513,2026-05-01,HCM-Q7,NV019,Thẻ,RC-16E175,Nồi cơm,Cuckoo 1.8L,Panasonic,1,3207652,0.05,3047269,0.08,243781,3291050,2178000,2178000,869269,0.2853,3291050,3047269,243781,2178000,2178000,131-Phải thu khách hàng,511-Doanh thu bán hàng,3331-Thuế GTGT đầu ra,632-Giá vốn hàng bán,156-Hàng hóa,commerce_distribution_erp_scenario_v1,LIGHTBI_SCENARIO_ENTITY_001,VND,all_declared_accounting_money_columns,Asia/Ho_Chi_Minh,authentic_anchored_semi_synthetic_evidence,sample data/Accounting_ERP_May_2026.csv,3c59da1c10c67ab974dfd204b737402aff1c28d748665949942579fb5fb1a2fd,514,1.0.0
INV20260500514,JV20260500514,SO20260500514,2026-05-20,DN-HC,NV024,Trả góp,WM-54F949,Máy giặt,Toshiba 9kg,Xiaomi,2,13396622,0.11,23845987,0.08,1907678,25753665,10571000,21142000,2703987,0.1134,25753665,23845987,1907678,21142000,21142000,131-Phải thu khách hàng,511-Doanh thu bán hàng,3331-Thuế GTGT đầu ra,632-Giá vốn hàng bán,156-Hàng hóa,commerce_distribution_erp_scenario_v1,LIGHTBI_SCENARIO_ENTITY_001,VND,all_declared_accounting_money_columns,Asia/Ho_Chi_Minh,authentic_anchored_semi_synthetic_evidence,sample data/Accounting_ERP_May_2026.csv,3c59da1c10c67ab974dfd204b737402aff1c28d748665949942579fb5fb1a2fd,515,1.0.0
INV20260500515,JV20260500515,SO20260500515,2026-05-22,HCM-Q1,NV006,Ví điện tử,RC-666E15,Nồi cơm,Sunhouse 1.2L,Panasonic,3,1570012,0.08,4333233,0.08,346658,4679891,1107000,3321000,1012233,0.2336,4679891,4333233,346658,3321000,3321000,131-Phải thu khách hàng,511-Doanh thu bán hàng,3331-Thuế GTGT đầu ra,632-Giá vốn hàng bán,156-Hàng hóa,commerce_distribution_erp_scenario_v1,LIGHTBI_SCENARIO_ENTITY_001,VND,all_declared_accounting_money_columns,Asia/Ho_Chi_Minh,authentic_anchored_semi_synthetic_evidence,sample data/Accounting_ERP_May_2026.csv,3c59da1c10c67ab974dfd204b737402aff1c28d748665949942579fb5fb1a2fd,516,1.0.0
INV20260500516,JV20260500516,SO20260500516,2026-05-21,HN-HBT,NV007,Tiền mặt,AC-EA5153,Máy lạnh,Casper 1HP,Sunhouse,1,14646508,0.07,13621252,0.08,1089700,14710952,12060000,12060000,1561252,0.1146,14710952,13621252,1089700,12060000,12060000,131-Phải thu khách hàng,511-Doanh thu bán hàng,3331-Thuế GTGT đầu ra,632-Giá vốn hàng bán,156-Hàng hóa,commerce_distribution_erp_scenario_v1,LIGHTBI_SCENARIO_ENTITY_001,VND,all_declared_accounting_money_columns,Asia/Ho_Chi_Minh,authentic_anchored_semi_synthetic_evidence,sample data/Accounting_ERP_May_2026.csv,3c59da1c10c67ab974dfd204b737402aff1c28d748665949942579fb5fb1a2fd,517,1.0.0
INV20260500517,JV20260500517,SO20260500517,2026-05-22,HCM-TB,NV014,Chuyển khoản,VC-B567E6,Máy hút bụi,Philips FC,Cuckoo,1,7043759,0.02,6902883,0.08,552230,7455113,4230000,4230000,2672883,0.3872,7455113,6902883,552230,4230000,4230000,131-Phải thu khách hàng,511-Doanh thu bán hàng,3331-Thuế GTGT đầu ra,632-Giá vốn hàng bán,156-Hàng hóa,commerce_distribution_erp_scenario_v1,LIGHTBI_SCENARIO_ENTITY_001,VND,all_declared_accounting_money_columns,Asia/Ho_Chi_Minh,authentic_anchored_semi_synthetic_evidence,sample data/Accounting_ERP_May_2026.csv,3c59da1c10c67ab974dfd204b737402aff1c28d748665949942579fb5fb1a2fd,518,1.0.0
INV20260500518,JV20260500518,SO20260500518,2026-05-05,HCM-Q7,NV003,Ví điện tử,AC-AF103F,Máy lạnh,Daikin 1HP,Senko,1,9944770,0.06,9348083,0.08,747846,10095929,7800000,7800000,1548083,0.1656,10095929,9348083,747846,7800000,7800000,131-Phải thu khách hàng,511-Doanh thu bán hàng,3331-Thuế GTGT đầu ra,632-Giá vốn hàng bán,156-Hàng hóa,commerce_distribution_erp_scenario_v1,LIGHTBI_SCENARIO_ENTITY_001,VND,all_declared_accounting_money_columns,Asia/Ho_Chi_Minh,authentic_anchored_semi_synthetic_evidence,sample data/Accounting_ERP_May_2026.csv,3c59da1c10c67ab974dfd204b737402aff1c28d748665949942579fb5fb1a2fd,519,1.0.0
INV20260500519,JV20260500519,SO20260500519,2026-05-03,HN-CG,NV019,Trả góp,RF-B94164,Tủ lạnh,LG 420L,Aqua,2,9781876,0.16,16433551,0.08,1314684,17748235,8053000,16106000,327551,0.0199,17748235,16433551,1314684,16106000,16106000,131-Phải thu khách hàng,511-Doanh thu bán hàng,3331-Thuế GTGT đầu ra,632-Giá vốn hàng bán,156-Hàng hóa,commerce_distribution_erp_scenario_v1,LIGHTBI_SCENARIO_ENTITY_001,VND,all_declared_accounting_money_columns,Asia/Ho_Chi_Minh,authentic_anchored_semi_synthetic_evidence,sample data/Accounting_ERP_May_2026.csv,3c59da1c10c67ab974dfd204b737402aff1c28d748665949942579fb5fb1a2fd,520,1.0.0
INV20260500520,JV20260500520,SO20260500520,2026-05-25,CT-NK,NV017,Ví điện tử,RF-CAB84B,Tủ lạnh,Samsung Inverter 350L,Senko,1,15798628,0.02,15482655,0.08,1238612,16721267,13113000,13113000,2369655,0.1531,16721267,15482655,1238612,13113000,13113000,131-Phải thu khách hàng,511-Doanh thu bán hàng,3331-Thuế GTGT đầu ra,632-Giá vốn hàng bán,156-Hàng hóa,commerce_distribution_erp_scenario_v1,LIGHTBI_SCENARIO_ENTITY_001,VND,all_declared_accounting_money_columns,Asia/Ho_Chi_Minh,authentic_anchored_semi_synthetic_evidence,sample data/Accounting_ERP_May_2026.csv,3c59da1c10c67ab974dfd204b737402aff1c28d748665949942579fb5fb1a2fd,521,1.0.0
INV20260500521,JV20260500521,SO20260500521,2026-05-23,HCM-TB,NV030,Trả góp,MW-278BC7,Lò vi sóng,Electrolux 23L,Mitsubishi,3,4113309,0.06,11599531,0.08,927962,12527493,2974000,8922000,2677531,0.2308,12527493,11599531,927962,8922000,8922000,131-Phải thu khách hàng,511-Doanh thu bán hàng,3331-Thuế GTGT đầu ra,632-Giá vốn hàng bán,156-Hàng hóa,commerce_distribution_erp_scenario_v1,LIGHTBI_SCENARIO_ENTITY_001,VND,all_declared_accounting_money_columns,Asia/Ho_Chi_Minh,authentic_anchored_semi_synthetic_evidence,sample data/Accounting_ERP_May_2026.csv,3c59da1c10c67ab974dfd204b737402aff1c28d748665949942579fb5fb1a2fd,522,1.0.0
INV20260500522,JV20260500522,SO20260500522,2026-05-01,HN-CG,NV008,Thẻ,WM-694A64,Máy giặt,Toshiba 9kg,Mitsubishi,3,14436884,0.04,41578225,0.08,3326258,44904483,11214000,33642000,7936225,0.1909,44904483,41578225,3326258,33642000,33642000,131-Phải thu khách hàng,511-Doanh thu bán hàng,3331-Thuế GTGT đầu ra,632-Giá vốn hàng bán,156-Hàng hóa,commerce_distribution_erp_scenario_v1,LIGHTBI_SCENARIO_ENTITY_001,VND,all_declared_accounting_money_columns,Asia/Ho_Chi_Minh,authentic_anchored_semi_synthetic_evidence,sample data/Accounting_ERP_May_2026.csv,3c59da1c10c67ab974dfd204b737402aff1c28d748665949942579fb5fb1a2fd,523,1.0.0
INV20260500523,JV20260500523,SO20260500523,2026-05-16,HCM-TB,NV004,Trả góp,TV-12CDFD,TV,"Samsung 55"" 4K",Sunhouse,1,16234201,0.14,13961412,0.08,1116912,15078324,13650000,13650000,311412,0.0223,15078324,13961412,1116912,13650000,13650000,131-Phải thu khách hàng,511-Doanh thu bán hàng,3331-Thuế GTGT đầu ra,632-Giá vốn hàng bán,156-Hàng hóa,commerce_distribution_erp_scenario_v1,LIGHTBI_SCENARIO_ENTITY_001,VND,all_declared_accounting_money_columns,Asia/Ho_Chi_Minh,authentic_anchored_semi_synthetic_evidence,sample data/Accounting_ERP_May_2026.csv,3c59da1c10c67ab974dfd204b737402aff1c28d748665949942579fb5fb1a2fd,524,1.0.0
INV20260500524,JV20260500524,SO20260500524,2026-05-14,CT-NK,NV011,Tiền mặt,VC-FDD792,Máy hút bụi,Philips FC,Casper,2,10309304,0.12,18144375,0.08,1451550,19595925,7509000,15018000,3126375,0.1723,19595925,18144375,1451550,15018000,15018000,131-Phải thu khách hàng,511-Doanh thu bán hàng,3331-Thuế GTGT đầu ra,632-Giá vốn hàng bán,156-Hàng hóa,commerce_distribution_erp_scenario_v1,LIGHTBI_SCENARIO_ENTITY_001,VND,all_declared_accounting_money_columns,Asia/Ho_Chi_Minh,authentic_anchored_semi_synthetic_evidence,sample data/Accounting_ERP_May_2026.csv,3c59da1c10c67ab974dfd204b737402aff1c28d748665949942579fb5fb1a2fd,525,1.0.0
INV20260500525,JV20260500525,SO20260500525,2026-05-13,HCM-Q7,NV029,Chuyển khoản,RC-189134,Nồi cơm,Sunhouse 1.2L,Samsung,1,712595,0.18,584327,0.08,46746,631073,470000,470000,114327,0.1957,631073,584327,46746,470000,470000,131-Phải thu khách hàng,511-Doanh thu bán hàng,3331-Thuế GTGT đầu ra,632-Giá vốn hàng bán,156-Hàng hóa,commerce_distribution_erp_scenario_v1,LIGHTBI_SCENARIO_ENTITY_001,VND,all_declared_accounting_money_columns,Asia/Ho_Chi_Minh,authentic_anchored_semi_synthetic_evidence,sample data/Accounting_ERP_May_2026.csv,3c59da1c10c67ab974dfd204b737402aff1c28d748665949942579fb5fb1a2fd,526,1.0.0
INV20260500526,JV20260500526,SO20260500526,2026-05-31,BD-TDM,NV005,Tiền mặt,RF-40AAB7,Tủ lạnh,Samsung Inverter 350L,Electrolux,2,19386915,0.08,35671923,0.08,2853753,38525676,16054000,32108000,3563923,0.0999,38525676,35671923,2853753,32108000,32108000,131-Phải thu khách hàng,511-Doanh thu bán hàng,3331-Thuế GTGT đầu ra,632-Giá vốn hàng bán,156-Hàng hóa,commerce_distribution_erp_scenario_v1,LIGHTBI_SCENARIO_ENTITY_001,VND,all_declared_accounting_money_columns,Asia/Ho_Chi_Minh,authentic_anchored_semi_synthetic_evidence,sample data/Accounting_ERP_May_2026.csv,3c59da1c10c67ab974dfd204b737402aff1c28d748665949942579fb5fb1a2fd,527,1.0.0
INV20260500527,JV20260500527,SO20260500527,2026-05-16,BD-TDM,NV009,Ví điện tử,TV-BD30D1,TV,"TCL 50""",Asia,2,8917590,0.0,17835180,0.08,1426814,19261994,7523000,15046000,2789180,0.1564,19261994,17835180,1426814,15046000,15046000,131-Phải thu khách hàng,511-Doanh thu bán hàng,3331-Thuế GTGT đầu ra,632-Giá vốn hàng bán,156-Hàng hóa,commerce_distribution_erp_scenario_v1,LIGHTBI_SCENARIO_ENTITY_001,VND,all_declared_accounting_money_columns,Asia/Ho_Chi_Minh,authentic_anchored_semi_synthetic_evidence,sample data/Accounting_ERP_May_2026.csv,3c59da1c10c67ab974dfd204b737402aff1c28d748665949942579fb5fb1a2fd,528,1.0.0
INV20260500528,JV20260500528,SO20260500528,2026-05-26,CT-NK,NV016,Chuyển khoản,FN-BA3069,Quạt,Senko,Sunhouse,2,726325,0.08,1336438,0.08,106915,1443353,457000,914000,422438,0.3161,1443353,1336438,106915,914000,914000,131-Phải thu khách hàng,511-Doanh thu bán hàng,3331-Thuế GTGT đầu ra,632-Giá vốn hàng bán,156-Hàng hóa,commerce_distribution_erp_scenario_v1,LIGHTBI_SCENARIO_ENTITY_001,VND,all_declared_accounting_money_columns,Asia/Ho_Chi_Minh,authentic_anchored_semi_synthetic_evidence,sample data/Accounting_ERP_May_2026.csv,3c59da1c10c67ab974dfd204b737402aff1c28d748665949942579fb5fb1a2fd,529,1.0.0
INV20260500529,JV20260500529,SO20260500529,2026-05-01,HCM-Q1,NV002,Trả góp,RF-42BDE8,Tủ lạnh,LG 420L,Senko,2,9797777,0.2,15676443,0.08,1254115,16930558,7732000,15464000,212443,0.0136,16930558,15676443,1254115,15464000,15464000,131-Phải thu khách hàng,511-Doanh thu bán hàng,3331-Thuế GTGT đầu ra,632-Giá vốn hàng bán,156-Hàng hóa,commerce_distribution_erp_scenario_v1,LIGHTBI_SCENARIO_ENTITY_001,VND,all_declared_accounting_money_columns,Asia/Ho_Chi_Minh,authentic_anchored_semi_synthetic_evidence,sample data/Accounting_ERP_May_2026.csv,3c59da1c10c67ab974dfd204b737402aff1c28d748665949942579fb5fb1a2fd,530,1.0.0
INV20260500530,JV20260500530,SO20260500530,2026-05-29,BD-TDM,NV029,Ví điện tử,WM-AA0941,Máy giặt,Panasonic 8.5kg,Aqua,1,6090470,0.17,5055090,0.08,404407,5459497,5174000,5174000,-118910,-0.0235,5459497,5055090,404407,5174000,5174000,131-Phải thu khách hàng,511-Doanh thu bán hàng,3331-Thuế GTGT đầu ra,632-Giá vốn hàng bán,156-Hàng hóa,commerce_distribution_erp_scenario_v1,LIGHTBI_SCENARIO_ENTITY_001,VND,all_declared_accounting_money_columns,Asia/Ho_Chi_Minh,authentic_anchored_semi_synthetic_evidence,sample data/Accounting_ERP_May_2026.csv,3c59da1c10c67ab974dfd204b737402aff1c28d748665949942579fb5fb1a2fd,531,1.0.0
INV20260500531,JV20260500531,SO20260500531,2026-05-08,BD-TDM,NV026,Chuyển khoản,RC-F33CDE,Nồi cơm,Panasonic 1.8L,Senko,3,1769064,0.06,4988760,0.08,399100,5387860,1329000,3987000,1001760,0.2008,5387860,4988760,399100,3987000,3987000,131-Phải thu khách hàng,511-Doanh thu bán hàng,3331-Thuế GTGT đầu ra,632-Giá vốn hàng bán,156-Hàng hóa,commerce_distribution_erp_scenario_v1,LIGHTBI_SCENARIO_ENTITY_001,VND,all_declared_accounting_money_columns,Asia/Ho_Chi_Minh,authentic_anchored_semi_synthetic_evidence,sample data/Accounting_ERP_May_2026.csv,3c59da1c10c67ab974dfd204b737402aff1c28d748665949942579fb5fb1a2fd,532,1.0.0
INV20260500532,JV20260500532,SO20260500532,2026-05-12,HCM-Q1,NV014,Tiền mặt,RC-007FFA,Nồi cơm,Sharp 1.8L,Cuckoo,3,2261220,0.15,5766111,0.08,461288,6227399,1495000,4485000,1281111,0.2222,6227399,5766111,461288,4485000,4485000,131-Phải thu khách hàng,511-Doanh thu bán hàng,3331-Thuế GTGT đầu ra,632-Giá vốn hàng bán,156-Hàng hóa,commerce_distribution_erp_scenario_v1,LIGHTBI_SCENARIO_ENTITY_001,VND,all_declared_accounting_money_columns,Asia/Ho_Chi_Minh,authentic_anchored_semi_synthetic_evidence,sample data/Accounting_ERP_May_2026.csv,3c59da1c10c67ab974dfd204b737402aff1c28d748665949942579fb5fb1a2fd,533,1.0.0
INV20260500533,JV20260500533,SO20260500533,2026-05-12,HCM-Q7,NV012,Ví điện tử,RC-7AB9A8,Nồi cơm,Panasonic 1.8L,Electrolux,3,1137534,0.13,2968963,0.08,237517,3206480,855000,2565000,403963,0.1361,3206480,2968963,237517,2565000,2565000,131-Phải thu khách hàng,511-Doanh thu bán hàng,3331-Thuế GTGT đầu ra,632-Giá vốn hàng bán,156-Hàng hóa,commerce_distribution_erp_scenario_v1,LIGHTBI_SCENARIO_ENTITY_001,VND,all_declared_accounting_money_columns,Asia/Ho_Chi_Minh,authentic_anchored_semi_synthetic_evidence,sample data/Accounting_ERP_May_2026.csv,3c59da1c10c67ab974dfd204b737402aff1c28d748665949942579fb5fb1a2fd,534,1.0.0
INV20260500534,JV20260500534,SO20260500534,2026-05-03,HN-HBT,NV005,Trả góp,KT-F7FE04,Ấm siêu tốc,Kangaroo,Sony,1,896841,0.0,896841,0.08,71747,968588,625000,625000,271841,0.3031,968588,896841,71747,625000,625000,131-Phải thu khách hàng,511-Doanh thu bán hàng,3331-Thuế GTGT đầu ra,632-Giá vốn hàng bán,156-Hàng hóa,commerce_distribution_erp_scenario_v1,LIGHTBI_SCENARIO_ENTITY_001,VND,all_declared_accounting_money_columns,Asia/Ho_Chi_Minh,authentic_anchored_semi_synthetic_evidence,sample data/Accounting_ERP_May_2026.csv,3c59da1c10c67ab974dfd204b737402aff1c28d748665949942579fb5fb1a2fd,535,1.0.0
INV20260500535,JV20260500535,SO20260500535,2026-05-13,CT-NK,NV001,Trả góp,TV-4795B7,TV,"Samsung 55"" 4K",Electrolux,2,28457949,0.0,56915898,0.08,4553271,61469169,22314000,44628000,12287898,0.2159,61469169,56915898,4553271,44628000,44628000,131-Phải thu khách hàng,511-Doanh thu bán hàng,3331-Thuế GTGT đầu ra,632-Giá vốn hàng bán,156-Hàng hóa,commerce_distribution_erp_scenario_v1,LIGHTBI_SCENARIO_ENTITY_001,VND,all_declared_accounting_money_columns,Asia/Ho_Chi_Minh,authentic_anchored_semi_synthetic_evidence,sample data/Accounting_ERP_May_2026.csv,3c59da1c10c67ab974dfd204b737402aff1c28d748665949942579fb5fb1a2fd,536,1.0.0
INV20260500536,JV20260500536,SO20260500536,2026-05-21,HCM-Q1,NV018,Thẻ,RC-120EAC,Nồi cơm,Sunhouse 1.2L,Sharp,1,3304497,0.12,2907957,0.08,232636,3140593,2413000,2413000,494957,0.1702,3140593,2907957,232636,2413000,2413000,131-Phải thu khách hàng,511-Doanh thu bán hàng,3331-Thuế GTGT đầu ra,632-Giá vốn hàng bán,156-Hàng hóa,commerce_distribution_erp_scenario_v1,LIGHTBI_SCENARIO_ENTITY_001,VND,all_declared_accounting_money_columns,Asia/Ho_Chi_Minh,authentic_anchored_semi_synthetic_evidence,sample data/Accounting_ERP_May_2026.csv,3c59da1c10c67ab974dfd204b737402aff1c28d748665949942579fb5fb1a2fd,537,1.0.0
INV20260500537,JV20260500537,SO20260500537,2026-05-23,HN-HBT,NV025,Chuyển khoản,MW-C368CC,Lò vi sóng,Sharp 20L,Sunhouse,1,2959312,0.04,2840939,0.08,227275,3068214,2229000,2229000,611939,0.2154,3068214,2840939,227275,2229000,2229000,131-Phải thu khách hàng,511-Doanh thu bán hàng,3331-Thuế GTGT đầu ra,632-Giá vốn hàng bán,156-Hàng hóa,commerce_distribution_erp_scenario_v1,LIGHTBI_SCENARIO_ENTITY_001,VND,all_declared_accounting_money_columns,Asia/Ho_Chi_Minh,authentic_anchored_semi_synthetic_evidence,sample data/Accounting_ERP_May_2026.csv,3c59da1c10c67ab974dfd204b737402aff1c28d748665949942579fb5fb1a2fd,538,1.0.0
INV20260500538,JV20260500538,SO20260500538,2026-05-13,HCM-TB,NV024,Chuyển khoản,AC-6D8176,Máy lạnh,Casper 1HP,Xiaomi,3,21468433,0.11,57320716,0.08,4585657,61906373,15163000,45489000,11831716,0.2064,61906373,57320716,4585657,45489000,45489000,131-Phải thu khách hàng,511-Doanh thu bán hàng,3331-Thuế GTGT đầu ra,632-Giá vốn hàng bán,156-Hàng hóa,commerce_distribution_erp_scenario_v1,LIGHTBI_SCENARIO_ENTITY_001,VND,all_declared_accounting_money_columns,Asia/Ho_Chi_Minh,authentic_anchored_semi_synthetic_evidence,sample data/Accounting_ERP_May_2026.csv,3c59da1c10c67ab974dfd204b737402aff1c28d748665949942579fb5fb1a2fd,539,1.0.0
INV20260500539,JV20260500539,SO20260500539,2026-05-27,HN-HBT,NV003,Trả góp,WM-CD87CF,Máy giặt,Toshiba 9kg,Aqua,2,7053637,0.03,13684055,0.08,1094724,14778779,5245000,10490000,3194055,0.2334,14778779,13684055,1094724,10490000,10490000,131-Phải thu khách hàng,511-Doanh thu bán hàng,3331-Thuế GTGT đầu ra,632-Giá vốn hàng bán,156-Hàng hóa,commerce_distribution_erp_scenario_v1,LIGHTBI_SCENARIO_ENTITY_001,VND,all_declared_accounting_money_columns,Asia/Ho_Chi_Minh,authentic_anchored_semi_synthetic_evidence,sample data/Accounting_ERP_May_2026.csv,3c59da1c10c67ab974dfd204b737402aff1c28d748665949942579fb5fb1a2fd,540,1.0.0
INV20260500540,JV20260500540,SO20260500540,2026-05-04,HN-HBT,NV003,Chuyển khoản,TV-1C16CC,TV,"Samsung 55"" 4K",Sony,1,31336104,0.16,26322327,0.08,2105786,28428113,27187000,27187000,-864673,-0.0328,28428113,26322327,2105786,27187000,27187000,131-Phải thu khách hàng,511-Doanh thu bán hàng,3331-Thuế GTGT đầu ra,632-Giá vốn hàng bán,156-Hàng hóa,commerce_distribution_erp_scenario_v1,LIGHTBI_SCENARIO_ENTITY_001,VND,all_declared_accounting_money_columns,Asia/Ho_Chi_Minh,authentic_anchored_semi_synthetic_evidence,sample data/Accounting_ERP_May_2026.csv,3c59da1c10c67ab974dfd204b737402aff1c28d748665949942579fb5fb1a2fd,541,1.0.0
INV20260500541,JV20260500541,SO20260500541,2026-05-25,CT-NK,NV018,Chuyển khoản,TV-9C2852,TV,LG OLED 48,Mitsubishi,1,16743883,0.15,14232300,0.08,1138584,15370884,13412000,13412000,820300,0.0576,15370884,14232300,1138584,13412000,13412000,131-Phải thu khách hàng,511-Doanh thu bán hàng,3331-Thuế GTGT đầu ra,632-Giá vốn hàng bán,156-Hàng hóa,commerce_distribution_erp_scenario_v1,LIGHTBI_SCENARIO_ENTITY_001,VND,all_declared_accounting_money_columns,Asia/Ho_Chi_Minh,authentic_anchored_semi_synthetic_evidence,sample data/Accounting_ERP_May_2026.csv,3c59da1c10c67ab974dfd204b737402aff1c28d748665949942579fb5fb1a2fd,542,1.0.0
INV20260500542,JV20260500542,SO20260500542,2026-05-21,HCM-Q7,NV023,Ví điện tử,MW-E3450C,Lò vi sóng,Electrolux 23L,LG,2,4062857,0.17,6744342,0.08,539547,7283889,3009000,6018000,726342,0.1077,7283889,6744342,539547,6018000,6018000,131-Phải thu khách hàng,511-Doanh thu bán hàng,3331-Thuế GTGT đầu ra,632-Giá vốn hàng bán,156-Hàng hóa,commerce_distribution_erp_scenario_v1,LIGHTBI_SCENARIO_ENTITY_001,VND,all_declared_accounting_money_columns,Asia/Ho_Chi_Minh,authentic_anchored_semi_synthetic_evidence,sample data/Accounting_ERP_May_2026.csv,3c59da1c10c67ab974dfd204b737402aff1c28d748665949942579fb5fb1a2fd,543,1.0.0
INV20260500543,JV20260500543,SO20260500543,2026-05-16,CT-NK,NV001,Trả góp,WM-758BD9,Máy giặt,Panasonic 8.5kg,Xiaomi,1,8983020,0.16,7545736,0.08,603658,8149394,6971000,6971000,574736,0.0762,8149394,7545736,603658,6971000,6971000,131-Phải thu khách hàng,511-Doanh thu bán hàng,3331-Thuế GTGT đầu ra,632-Giá vốn hàng bán,156-Hàng hóa,commerce_distribution_erp_scenario_v1,LIGHTBI_SCENARIO_ENTITY_001,VND,all_declared_accounting_money_columns,Asia/Ho_Chi_Minh,authentic_anchored_semi_synthetic_evidence,sample data/Accounting_ERP_May_2026.csv,3c59da1c10c67ab974dfd204b737402aff1c28d748665949942579fb5fb1a2fd,544,1.0.0
INV20260500544,JV20260500544,SO20260500544,2026-05-13,HN-CG,NV004,Chuyển khoản,MW-D098CC,Lò vi sóng,Sharp 20L,Mitsubishi,2,1546173,0.05,2937728,0.08,235018,3172746,1047000,2094000,843728,0.2872,3172746,2937728,235018,2094000,2094000,131-Phải thu khách hàng,511-Doanh thu bán hàng,3331-Thuế GTGT đầu ra,632-Giá vốn hàng bán,156-Hàng hóa,commerce_distribution_erp_scenario_v1,LIGHTBI_SCENARIO_ENTITY_001,VND,all_declared_accounting_money_columns,Asia/Ho_Chi_Minh,authentic_anchored_semi_synthetic_evidence,sample data/Accounting_ERP_May_2026.csv,3c59da1c10c67ab974dfd204b737402aff1c28d748665949942579fb5fb1a2fd,545,1.0.0
INV20260500545,JV20260500545,SO20260500545,2026-05-29,DN-HC,NV016,Chuyển khoản,KT-C76795,Ấm siêu tốc,Philips,Aqua,2,490049,0.01,970297,0.08,77623,1047920,267000,534000,436297,0.4497,1047920,970297,77623,534000,534000,131-Phải thu khách hàng,511-Doanh thu bán hàng,3331-Thuế GTGT đầu ra,632-Giá vốn hàng bán,156-Hàng hóa,commerce_distribution_erp_scenario_v1,LIGHTBI_SCENARIO_ENTITY_001,VND,all_declared_accounting_money_columns,Asia/Ho_Chi_Minh,authentic_anchored_semi_synthetic_evidence,sample data/Accounting_ERP_May_2026.csv,3c59da1c10c67ab974dfd204b737402aff1c28d748665949942579fb5fb1a2fd,546,1.0.0
INV20260500546,JV20260500546,SO20260500546,2026-05-12,DN-HC,NV014,Ví điện tử,WM-41CB2E,Máy giặt,Panasonic 8.5kg,Toshiba,3,16290886,0.17,40564306,0.08,3245144,43809450,12406000,37218000,3346306,0.0825,43809450,40564306,3245144,37218000,37218000,131-Phải thu khách hàng,511-Doanh thu bán hàng,3331-Thuế GTGT đầu ra,632-Giá vốn hàng bán,156-Hàng hóa,commerce_distribution_erp_scenario_v1,LIGHTBI_SCENARIO_ENTITY_001,VND,all_declared_accounting_money_columns,Asia/Ho_Chi_Minh,authentic_anchored_semi_synthetic_evidence,sample data/Accounting_ERP_May_2026.csv,3c59da1c10c67ab974dfd204b737402aff1c28d748665949942579fb5fb1a2fd,547,1.0.0
INV20260500547,JV20260500547,SO20260500547,2026-05-12,HN-CG,NV026,Chuyển khoản,TV-92EE57,TV,LG OLED 48,LG,3,22933285,0.13,59855873,0.08,4788469,64644342,19572000,58716000,1139873,0.019,64644342,59855873,4788469,58716000,58716000,131-Phải thu khách hàng,511-Doanh thu bán hàng,3331-Thuế GTGT đầu ra,632-Giá vốn hàng bán,156-Hàng hóa,commerce_distribution_erp_scenario_v1,LIGHTBI_SCENARIO_ENTITY_001,VND,all_declared_accounting_money_columns,Asia/Ho_Chi_Minh,authentic_anchored_semi_synthetic_evidence,sample data/Accounting_ERP_May_2026.csv,3c59da1c10c67ab974dfd204b737402aff1c28d748665949942579fb5fb1a2fd,548,1.0.0
INV20260500548,JV20260500548,SO20260500548,2026-05-19,HCM-Q1,NV022,Trả góp,RC-879C8C,Nồi cơm,Sharp 1.8L,Panasonic,2,1470441,0.11,2617384,0.08,209390,2826774,995000,1990000,627384,0.2397,2826774,2617384,209390,1990000,1990000,131-Phải thu khách hàng,511-Doanh thu bán hàng,3331-Thuế GTGT đầu ra,632-Giá vốn hàng bán,156-Hàng hóa,commerce_distribution_erp_scenario_v1,LIGHTBI_SCENARIO_ENTITY_001,VND,all_declared_accounting_money_columns,Asia/Ho_Chi_Minh,authentic_anchored_semi_synthetic_evidence,sample data/Accounting_ERP_May_2026.csv,3c59da1c10c67ab974dfd204b737402aff1c28d748665949942579fb5fb1a2fd,549,1.0.0
INV20260500549,JV20260500549,SO20260500549,2026-05-15,HN-HBT,NV009,Thẻ,VC-F24900,Máy hút bụi,Xiaomi G10,Sunhouse,1,5644796,0.16,4741628,0.08,379330,5120958,3484000,3484000,1257628,0.2652,5120958,4741628,379330,3484000,3484000,131-Phải thu khách hàng,511-Doanh thu bán hàng,3331-Thuế GTGT đầu ra,632-Giá vốn hàng bán,156-Hàng hóa,commerce_distribution_erp_scenario_v1,LIGHTBI_SCENARIO_ENTITY_001,VND,all_declared_accounting_money_columns,Asia/Ho_Chi_Minh,authentic_anchored_semi_synthetic_evidence,sample data/Accounting_ERP_May_2026.csv,3c59da1c10c67ab974dfd204b737402aff1c28d748665949942579fb5fb1a2fd,550,1.0.0
INV20260500550,JV20260500550,SO20260500550,2026-05-13,CT-NK,NV015,Tiền mặt,WM-255403,Máy giặt,LG 9kg,Daikin,1,6908305,0.16,5802976,0.08,464238,6267214,5358000,5358000,444976,0.0767,6267214,5802976,464238,5358000,5358000,131-Phải thu khách hàng,511-Doanh thu bán hàng,3331-Thuế GTGT đầu ra,632-Giá vốn hàng bán,156-Hàng hóa,commerce_distribution_erp_scenario_v1,LIGHTBI_SCENARIO_ENTITY_001,VND,all_declared_accounting_money_columns,Asia/Ho_Chi_Minh,authentic_anchored_semi_synthetic_evidence,sample data/Accounting_ERP_May_2026.csv,3c59da1c10c67ab974dfd204b737402aff1c28d748665949942579fb5fb1a2fd,551,1.0.0
INV20260500551,JV20260500551,SO20260500551,2026-05-22,HCM-TB,NV025,Chuyển khoản,KT-4D9F3E,Ấm siêu tốc,Kangaroo,Philips,3,1263983,0.15,3223156,0.08,257852,3481008,863000,2589000,634156,0.1968,3481008,3223156,257852,2589000,2589000,131-Phải thu khách hàng,511-Doanh thu bán hàng,3331-Thuế GTGT đầu ra,632-Giá vốn hàng bán,156-Hàng hóa,commerce_distribution_erp_scenario_v1,LIGHTBI_SCENARIO_ENTITY_001,VND,all_declared_accounting_money_columns,Asia/Ho_Chi_Minh,authentic_anchored_semi_synthetic_evidence,sample data/Accounting_ERP_May_2026.csv,3c59da1c10c67ab974dfd204b737402aff1c28d748665949942579fb5fb1a2fd,552,1.0.0
INV20260500552,JV20260500552,SO20260500552,2026-05-25,BD-TDM,NV010,Trả góp,RF-709E60,Tủ lạnh,LG 420L,LG,3,16543055,0.18,40695915,0.08,3255673,43951588,12503000,37509000,3186915,0.0783,43951588,40695915,3255673,37509000,37509000,131-Phải thu khách hàng,511-Doanh thu bán hàng,3331-Thuế GTGT đầu ra,632-Giá vốn hàng bán,156-Hàng hóa,commerce_distribution_erp_scenario_v1,LIGHTBI_SCENARIO_ENTITY_001,VND,all_declared_accounting_money_columns,Asia/Ho_Chi_Minh,authentic_anchored_semi_synthetic_evidence,sample data/Accounting_ERP_May_2026.csv,3c59da1c10c67ab974dfd204b737402aff1c28d748665949942579fb5fb1a2fd,553,1.0.0
INV20260500553,JV20260500553,SO20260500553,2026-05-16,HCM-Q1,NV029,Ví điện tử,KT-633C48,Ấm siêu tốc,Philips,Asia,1,474374,0.05,450655,0.08,36052,486707,316000,316000,134655,0.2988,486707,450655,36052,316000,316000,131-Phải thu khách hàng,511-Doanh thu bán hàng,3331-Thuế GTGT đầu ra,632-Giá vốn hàng bán,156-Hàng hóa,commerce_distribution_erp_scenario_v1,LIGHTBI_SCENARIO_ENTITY_001,VND,all_declared_accounting_money_columns,Asia/Ho_Chi_Minh,authentic_anchored_semi_synthetic_evidence,sample data/Accounting_ERP_May_2026.csv,3c59da1c10c67ab974dfd204b737402aff1c28d748665949942579fb5fb1a2fd,554,1.0.0
INV20260500554,JV20260500554,SO20260500554,2026-05-05,HN-CG,NV020,Tiền mặt,RF-AA103D,Tủ lạnh,Panasonic 300L,Sunhouse,2,19857318,0.09,36140318,0.08,2891225,39031543,15967000,31934000,4206318,0.1164,39031543,36140318,2891225,31934000,31934000,131-Phải thu khách hàng,511-Doanh thu bán hàng,3331-Thuế GTGT đầu ra,632-Giá vốn hàng bán,156-Hàng hóa,commerce_distribution_erp_scenario_v1,LIGHTBI_SCENARIO_ENTITY_001,VND,all_declared_accounting_money_columns,Asia/Ho_Chi_Minh,authentic_anchored_semi_synthetic_evidence,sample data/Accounting_ERP_May_2026.csv,3c59da1c10c67ab974dfd204b737402aff1c28d748665949942579fb5fb1a2fd,555,1.0.0
INV20260500555,JV20260500555,SO20260500555,2026-05-18,HCM-TB,NV010,Chuyển khoản,RC-E521C4,Nồi cơm,Sharp 1.8L,Electrolux,2,2613549,0.15,4443033,0.08,355442,4798475,1857000,3714000,729033,0.1641,4798475,4443033,355442,3714000,3714000,131-Phải thu khách hàng,511-Doanh thu bán hàng,3331-Thuế GTGT đầu ra,632-Giá vốn hàng bán,156-Hàng hóa,commerce_distribution_erp_scenario_v1,LIGHTBI_SCENARIO_ENTITY_001,VND,all_declared_accounting_money_columns,Asia/Ho_Chi_Minh,authentic_anchored_semi_synthetic_evidence,sample data/Accounting_ERP_May_2026.csv,3c59da1c10c67ab974dfd204b737402aff1c28d748665949942579fb5fb1a2fd,556,1.0.0
INV20260500556,JV20260500556,SO20260500556,2026-05-06,HCM-TB,NV027,Trả góp,BL-958487,Máy xay,Philips Blender,Toshiba,3,1556335,0.04,4482244,0.08,358579,4840823,910000,2730000,1752244,0.3909,4840823,4482244,358579,2730000,2730000,131-Phải thu khách hàng,511-Doanh thu bán hàng,3331-Thuế GTGT đầu ra,632-Giá vốn hàng bán,156-Hàng hóa,commerce_distribution_erp_scenario_v1,LIGHTBI_SCENARIO_ENTITY_001,VND,all_declared_accounting_money_columns,Asia/Ho_Chi_Minh,authentic_anchored_semi_synthetic_evidence,sample data/Accounting_ERP_May_2026.csv,3c59da1c10c67ab974dfd204b737402aff1c28d748665949942579fb5fb1a2fd,557,1.0.0
INV20260500557,JV20260500557,SO20260500557,2026-05-28,HN-CG,NV025,Ví điện tử,RC-3298C0,Nồi cơm,Sunhouse 1.2L,Asia,1,3195119,0.08,2939509,0.08,235160,3174669,1934000,1934000,1005509,0.3421,3174669,2939509,235160,1934000,1934000,131-Phải thu khách hàng,511-Doanh thu bán hàng,3331-Thuế GTGT đầu ra,632-Giá vốn hàng bán,156-Hàng hóa,commerce_distribution_erp_scenario_v1,LIGHTBI_SCENARIO_ENTITY_001,VND,all_declared_accounting_money_columns,Asia/Ho_Chi_Minh,authentic_anchored_semi_synthetic_evidence,sample data/Accounting_ERP_May_2026.csv,3c59da1c10c67ab974dfd204b737402aff1c28d748665949942579fb5fb1a2fd,558,1.0.0
INV20260500558,JV20260500558,SO20260500558,2026-05-26,BD-TDM,NV007,Thẻ,VC-490623,Máy hút bụi,Philips FC,LG,3,10472969,0.2,25135125,0.08,2010810,27145935,8198000,24594000,541125,0.0215,27145935,25135125,2010810,24594000,24594000,131-Phải thu khách hàng,511-Doanh thu bán hàng,3331-Thuế GTGT đầu ra,632-Giá vốn hàng bán,156-Hàng hóa,commerce_distribution_erp_scenario_v1,LIGHTBI_SCENARIO_ENTITY_001,VND,all_declared_accounting_money_columns,Asia/Ho_Chi_Minh,authentic_anchored_semi_synthetic_evidence,sample data/Accounting_ERP_May_2026.csv,3c59da1c10c67ab974dfd204b737402aff1c28d748665949942579fb5fb1a2fd,559,1.0.0
INV20260500559,JV20260500559,SO20260500559,2026-05-14,BD-TDM,NV025,Tiền mặt,TV-ED601B,TV,"TCL 50""",Panasonic,1,26754575,0.18,21938751,0.08,1755100,23693851,23336000,23336000,-1397249,-0.0637,23693851,21938751,1755100,23336000,23336000,131-Phải thu khách hàng,511-Doanh thu bán hàng,3331-Thuế GTGT đầu ra,632-Giá vốn hàng bán,156-Hàng hóa,commerce_distribution_erp_scenario_v1,LIGHTBI_SCENARIO_ENTITY_001,VND,all_declared_accounting_money_columns,Asia/Ho_Chi_Minh,authentic_anchored_semi_synthetic_evidence,sample data/Accounting_ERP_May_2026.csv,3c59da1c10c67ab974dfd204b737402aff1c28d748665949942579fb5fb1a2fd,560,1.0.0
INV20260500560,JV20260500560,SO20260500560,2026-05-23,HCM-Q1,NV017,Trả góp,WM-90270D,Máy giặt,Toshiba 9kg,Senko,2,8720463,0.04,16743288,0.08,1339463,18082751,7181000,14362000,2381288,0.1422,18082751,16743288,1339463,14362000,14362000,131-Phải thu khách hàng,511-Doanh thu bán hàng,3331-Thuế GTGT đầu ra,632-Giá vốn hàng bán,156-Hàng hóa,commerce_distribution_erp_scenario_v1,LIGHTBI_SCENARIO_ENTITY_001,VND,all_declared_accounting_money_columns,Asia/Ho_Chi_Minh,authentic_anchored_semi_synthetic_evidence,sample data/Accounting_ERP_May_2026.csv,3c59da1c10c67ab974dfd204b737402aff1c28d748665949942579fb5fb1a2fd,561,1.0.0
INV20260500561,JV20260500561,SO20260500561,2026-05-16,DN-HC,NV023,Chuyển khoản,AC-EA5153,Máy lạnh,Casper 1HP,Sunhouse,3,17456356,0.12,46084779,0.08,3686782,49771561,13920000,41760000,4324779,0.0938,49771561,46084779,3686782,41760000,41760000,131-Phải thu khách hàng,511-Doanh thu bán hàng,3331-Thuế GTGT đầu ra,632-Giá vốn hàng bán,156-Hàng hóa,commerce_distribution_erp_scenario_v1,LIGHTBI_SCENARIO_ENTITY_001,VND,all_declared_accounting_money_columns,Asia/Ho_Chi_Minh,authentic_anchored_semi_synthetic_evidence,sample data/Accounting_ERP_May_2026.csv,3c59da1c10c67ab974dfd204b737402aff1c28d748665949942579fb5fb1a2fd,562,1.0.0
INV20260500562,JV20260500562,SO20260500562,2026-05-02,HCM-Q1,NV009,Thẻ,KT-10A77D,Ấm siêu tốc,Philips,Philips,3,1419642,0.11,3790444,0.08,303235,4093679,773000,2319000,1471444,0.3882,4093679,3790444,303235,2319000,2319000,131-Phải thu khách hàng,511-Doanh thu bán hàng,3331-Thuế GTGT đầu ra,632-Giá vốn hàng bán,156-Hàng hóa,commerce_distribution_erp_scenario_v1,LIGHTBI_SCENARIO_ENTITY_001,VND,all_declared_accounting_money_columns,Asia/Ho_Chi_Minh,authentic_anchored_semi_synthetic_evidence,sample data/Accounting_ERP_May_2026.csv,3c59da1c10c67ab974dfd204b737402aff1c28d748665949942579fb5fb1a2fd,563,1.0.0
INV20260500563,JV20260500563,SO20260500563,2026-05-13,HCM-Q7,NV029,Ví điện tử,FN-E03923,Quạt,Asia,Samsung,3,1376150,0.2,3302760,0.08,264220,3566980,779000,2337000,965760,0.2924,3566980,3302760,264220,2337000,2337000,131-Phải thu khách hàng,511-Doanh thu bán hàng,3331-Thuế GTGT đầu ra,632-Giá vốn hàng bán,156-Hàng hóa,commerce_distribution_erp_scenario_v1,LIGHTBI_SCENARIO_ENTITY_001,VND,all_declared_accounting_money_columns,Asia/Ho_Chi_Minh,authentic_anchored_semi_synthetic_evidence,sample data/Accounting_ERP_May_2026.csv,3c59da1c10c67ab974dfd204b737402aff1c28d748665949942579fb5fb1a2fd,564,1.0.0
INV20260500564,JV20260500564,SO20260500564,2026-05-01,HCM-Q1,NV023,Ví điện tử,TV-F84775,TV,"Sony 65""",Xiaomi,3,24175401,0.18,59471486,0.08,4757718,64229204,18951000,56853000,2618486,0.044,64229204,59471486,4757718,56853000,56853000,131-Phải thu khách hàng,511-Doanh thu bán hàng,3331-Thuế GTGT đầu ra,632-Giá vốn hàng bán,156-Hàng hóa,commerce_distribution_erp_scenario_v1,LIGHTBI_SCENARIO_ENTITY_001,VND,all_declared_accounting_money_columns,Asia/Ho_Chi_Minh,authentic_anchored_semi_synthetic_evidence,sample data/Accounting_ERP_May_2026.csv,3c59da1c10c67ab974dfd204b737402aff1c28d748665949942579fb5fb1a2fd,565,1.0.0
INV20260500565,JV20260500565,SO20260500565,2026-05-10,HCM-Q7,NV002,Thẻ,BL-C9164C,Máy xay,Philips Blender,Senko,2,520055,0.07,967302,0.08,77384,1044686,344000,688000,279302,0.2887,1044686,967302,77384,688000,688000,131-Phải thu khách hàng,511-Doanh thu bán hàng,3331-Thuế GTGT đầu ra,632-Giá vốn hàng bán,156-Hàng hóa,commerce_distribution_erp_scenario_v1,LIGHTBI_SCENARIO_ENTITY_001,VND,all_declared_accounting_money_columns,Asia/Ho_Chi_Minh,authentic_anchored_semi_synthetic_evidence,sample data/Accounting_ERP_May_2026.csv,3c59da1c10c67ab974dfd204b737402aff1c28d748665949942579fb5fb1a2fd,566,1.0.0
INV20260500566,JV20260500566,SO20260500566,2026-05-28,CT-NK,NV026,Trả góp,BL-3646DD,Máy xay,Panasonic Blender,LG,3,2617733,0.12,6910815,0.08,552865,7463680,1557000,4671000,2239815,0.3241,7463680,6910815,552865,4671000,4671000,131-Phải thu khách hàng,511-Doanh thu bán hàng,3331-Thuế GTGT đầu ra,632-Giá vốn hàng bán,156-Hàng hóa,commerce_distribution_erp_scenario_v1,LIGHTBI_SCENARIO_ENTITY_001,VND,all_declared_accounting_money_columns,Asia/Ho_Chi_Minh,authentic_anchored_semi_synthetic_evidence,sample data/Accounting_ERP_May_2026.csv,3c59da1c10c67ab974dfd204b737402aff1c28d748665949942579fb5fb1a2fd,567,1.0.0
INV20260500567,JV20260500567,SO20260500567,2026-05-09,DN-HC,NV025,Ví điện tử,RF-4A3E4F,Tủ lạnh,Aqua 250L,Daikin,3,22183755,0.16,55903062,0.08,4472244,60375306,17790000,53370000,2533062,0.0453,60375306,55903062,4472244,53370000,53370000,131-Phải thu khách hàng,511-Doanh thu bán hàng,3331-Thuế GTGT đầu ra,632-Giá vốn hàng bán,156-Hàng hóa,commerce_distribution_erp_scenario_v1,LIGHTBI_SCENARIO_ENTITY_001,VND,all_declared_accounting_money_columns,Asia/Ho_Chi_Minh,authentic_anchored_semi_synthetic_evidence,sample data/Accounting_ERP_May_2026.csv,3c59da1c10c67ab974dfd204b737402aff1c28d748665949942579fb5fb1a2fd,568,1.0.0
INV20260500568,JV20260500568,SO20260500568,2026-05-08,DN-HC,NV016,Thẻ,BL-86D7E5,Máy xay,Philips Blender,Aqua,2,1145004,0.15,1946506,0.08,155720,2102226,642000,1284000,662506,0.3404,2102226,1946506,155720,1284000,1284000,131-Phải thu khách hàng,511-Doanh thu bán hàng,3331-Thuế GTGT đầu ra,632-Giá vốn hàng bán,156-Hàng hóa,commerce_distribution_erp_scenario_v1,LIGHTBI_SCENARIO_ENTITY_001,VND,all_declared_accounting_money_columns,Asia/Ho_Chi_Minh,authentic_anchored_semi_synthetic_evidence,sample data/Accounting_ERP_May_2026.csv,3c59da1c10c67ab974dfd204b737402aff1c28d748665949942579fb5fb1a2fd,569,1.0.0
INV20260500569,JV20260500569,SO20260500569,2026-05-26,DN-HC,NV013,Chuyển khoản,RC-7B93E8,Nồi cơm,Cuckoo 1.8L,Sharp,3,1228625,0.07,3427863,0.08,274229,3702092,788000,2364000,1063863,0.3104,3702092,3427863,274229,2364000,2364000,131-Phải thu khách hàng,511-Doanh thu bán hàng,3331-Thuế GTGT đầu ra,632-Giá vốn hàng bán,156-Hàng hóa,commerce_distribution_erp_scenario_v1,LIGHTBI_SCENARIO_ENTITY_001,VND,all_declared_accounting_money_columns,Asia/Ho_Chi_Minh,authentic_anchored_semi_synthetic_evidence,sample data/Accounting_ERP_May_2026.csv,3c59da1c10c67ab974dfd204b737402aff1c28d748665949942579fb5fb1a2fd,570,1.0.0
INV20260500570,JV20260500570,SO20260500570,2026-05-17,HCM-TB,NV011,Trả góp,FN-AEDFD9,Quạt,Panasonic,Sony,1,2027654,0.03,1966824,0.08,157345,2124169,1483000,1483000,483824,0.246,2124169,1966824,157345,1483000,1483000,131-Phải thu khách hàng,511-Doanh thu bán hàng,3331-Thuế GTGT đầu ra,632-Giá vốn hàng bán,156-Hàng hóa,commerce_distribution_erp_scenario_v1,LIGHTBI_SCENARIO_ENTITY_001,VND,all_declared_accounting_money_columns,Asia/Ho_Chi_Minh,authentic_anchored_semi_synthetic_evidence,sample data/Accounting_ERP_May_2026.csv,3c59da1c10c67ab974dfd204b737402aff1c28d748665949942579fb5fb1a2fd,571,1.0.0
INV20260500571,JV20260500571,SO20260500571,2026-05-29,HCM-TB,NV006,Tiền mặt,VC-AA028D,Máy hút bụi,Xiaomi G10,Daikin,1,7131838,0.17,5919425,0.08,473554,6392979,5299000,5299000,620425,0.1048,6392979,5919425,473554,5299000,5299000,131-Phải thu khách hàng,511-Doanh thu bán hàng,3331-Thuế GTGT đầu ra,632-Giá vốn hàng bán,156-Hàng hóa,commerce_distribution_erp_scenario_v1,LIGHTBI_SCENARIO_ENTITY_001,VND,all_declared_accounting_money_columns,Asia/Ho_Chi_Minh,authentic_anchored_semi_synthetic_evidence,sample data/Accounting_ERP_May_2026.csv,3c59da1c10c67ab974dfd204b737402aff1c28d748665949942579fb5fb1a2fd,572,1.0.0
INV20260500572,JV20260500572,SO20260500572,2026-05-26,HCM-TB,NV016,Ví điện tử,VC-FA3352,Máy hút bụi,Dyson V8,Aqua,3,5496101,0.18,13520408,0.08,1081632,14602040,4213000,12639000,881408,0.0652,14602040,13520408,1081632,12639000,12639000,131-Phải thu khách hàng,511-Doanh thu bán hàng,3331-Thuế GTGT đầu ra,632-Giá vốn hàng bán,156-Hàng hóa,commerce_distribution_erp_scenario_v1,LIGHTBI_SCENARIO_ENTITY_001,VND,all_declared_accounting_money_columns,Asia/Ho_Chi_Minh,authentic_anchored_semi_synthetic_evidence,sample data/Accounting_ERP_May_2026.csv,3c59da1c10c67ab974dfd204b737402aff1c28d748665949942579fb5fb1a2fd,573,1.0.0
INV20260500573,JV20260500573,SO20260500573,2026-05-06,HCM-Q1,NV029,Ví điện tử,MW-F8E59D,Lò vi sóng,Sharp 20L,Sharp,3,2789452,0.15,7113102,0.08,569048,7682150,1763000,5289000,1824102,0.2564,7682150,7113102,569048,5289000,5289000,131-Phải thu khách hàng,511-Doanh thu bán hàng,3331-Thuế GTGT đầu ra,632-Giá vốn hàng bán,156-Hàng hóa,commerce_distribution_erp_scenario_v1,LIGHTBI_SCENARIO_ENTITY_001,VND,all_declared_accounting_money_columns,Asia/Ho_Chi_Minh,authentic_anchored_semi_synthetic_evidence,sample data/Accounting_ERP_May_2026.csv,3c59da1c10c67ab974dfd204b737402aff1c28d748665949942579fb5fb1a2fd,574,1.0.0
INV20260500574,JV20260500574,SO20260500574,2026-05-24,HN-HBT,NV028,Trả góp,BL-27A8DA,Máy xay,Philips Blender,Sharp,3,423186,0.14,1091819,0.08,87345,1179164,278000,834000,257819,0.2361,1179164,1091819,87345,834000,834000,131-Phải thu khách hàng,511-Doanh thu bán hàng,3331-Thuế GTGT đầu ra,632-Giá vốn hàng bán,156-Hàng hóa,commerce_distribution_erp_scenario_v1,LIGHTBI_SCENARIO_ENTITY_001,VND,all_declared_accounting_money_columns,Asia/Ho_Chi_Minh,authentic_anchored_semi_synthetic_evidence,sample data/Accounting_ERP_May_2026.csv,3c59da1c10c67ab974dfd204b737402aff1c28d748665949942579fb5fb1a2fd,575,1.0.0
INV20260500575,JV20260500575,SO20260500575,2026-05-02,DN-HC,NV025,Thẻ,RC-1B752E,Nồi cơm,Panasonic 1.8L,Toshiba,3,2850745,0.07,7953578,0.08,636286,8589864,1761000,5283000,2670578,0.3358,8589864,7953578,636286,5283000,5283000,131-Phải thu khách hàng,511-Doanh thu bán hàng,3331-Thuế GTGT đầu ra,632-Giá vốn hàng bán,156-Hàng hóa,commerce_distribution_erp_scenario_v1,LIGHTBI_SCENARIO_ENTITY_001,VND,all_declared_accounting_money_columns,Asia/Ho_Chi_Minh,authentic_anchored_semi_synthetic_evidence,sample data/Accounting_ERP_May_2026.csv,3c59da1c10c67ab974dfd204b737402aff1c28d748665949942579fb5fb1a2fd,576,1.0.0
INV20260500576,JV20260500576,SO20260500576,2026-05-24,HCM-Q1,NV027,Chuyển khoản,VC-D86280,Máy hút bụi,Philips FC,Mitsubishi,1,7257403,0.07,6749384,0.08,539950,7289334,4359000,4359000,2390384,0.3542,7289334,6749384,539950,4359000,4359000,131-Phải thu khách hàng,511-Doanh thu bán hàng,3331-Thuế GTGT đầu ra,632-Giá vốn hàng bán,156-Hàng hóa,commerce_distribution_erp_scenario_v1,LIGHTBI_SCENARIO_ENTITY_001,VND,all_declared_accounting_money_columns,Asia/Ho_Chi_Minh,authentic_anchored_semi_synthetic_evidence,sample data/Accounting_ERP_May_2026.csv,3c59da1c10c67ab974dfd204b737402aff1c28d748665949942579fb5fb1a2fd,577,1.0.0
INV20260500577,JV20260500577,SO20260500577,2026-05-17,HN-CG,NV016,Trả góp,FN-47B1B0,Quạt,Senko,Toshiba,1,2287269,0.13,1989924,0.08,159193,2149117,1424000,1424000,565924,0.2844,2149117,1989924,159193,1424000,1424000,131-Phải thu khách hàng,511-Doanh thu bán hàng,3331-Thuế GTGT đầu ra,632-Giá vốn hàng bán,156-Hàng hóa,commerce_distribution_erp_scenario_v1,LIGHTBI_SCENARIO_ENTITY_001,VND,all_declared_accounting_money_columns,Asia/Ho_Chi_Minh,authentic_anchored_semi_synthetic_evidence,sample data/Accounting_ERP_May_2026.csv,3c59da1c10c67ab974dfd204b737402aff1c28d748665949942579fb5fb1a2fd,578,1.0.0
INV20260500578,JV20260500578,SO20260500578,2026-05-14,BD-TDM,NV008,Ví điện tử,AC-076657,Máy lạnh,Mitsubishi 1.5HP,Xiaomi,1,18925685,0.09,17222373,0.08,1377789,18600162,14086000,14086000,3136373,0.1821,18600162,17222373,1377789,14086000,14086000,131-Phải thu khách hàng,511-Doanh thu bán hàng,3331-Thuế GTGT đầu ra,632-Giá vốn hàng bán,156-Hàng hóa,commerce_distribution_erp_scenario_v1,LIGHTBI_SCENARIO_ENTITY_001,VND,all_declared_accounting_money_columns,Asia/Ho_Chi_Minh,authentic_anchored_semi_synthetic_evidence,sample data/Accounting_ERP_May_2026.csv,3c59da1c10c67ab974dfd204b737402aff1c28d748665949942579fb5fb1a2fd,579,1.0.0
INV20260500579,JV20260500579,SO20260500579,2026-05-28,HCM-Q1,NV019,Trả góp,BL-63B96E,Máy xay,Panasonic Blender,Panasonic,2,2290970,0.01,4536120,0.08,362889,4899009,1414000,2828000,1708120,0.3766,4899009,4536120,362889,2828000,2828000,131-Phải thu khách hàng,511-Doanh thu bán hàng,3331-Thuế GTGT đầu ra,632-Giá vốn hàng bán,156-Hàng hóa,commerce_distribution_erp_scenario_v1,LIGHTBI_SCENARIO_ENTITY_001,VND,all_declared_accounting_money_columns,Asia/Ho_Chi_Minh,authentic_anchored_semi_synthetic_evidence,sample data/Accounting_ERP_May_2026.csv,3c59da1c10c67ab974dfd204b737402aff1c28d748665949942579fb5fb1a2fd,580,1.0.0
INV20260500580,JV20260500580,SO20260500580,2026-05-12,HCM-TB,NV025,Ví điện tử,MW-640EAD,Lò vi sóng,Sharp 20L,LG,1,3867178,0.04,3712490,0.08,296999,4009489,2632000,2632000,1080490,0.291,4009489,3712490,296999,2632000,2632000,131-Phải thu khách hàng,511-Doanh thu bán hàng,3331-Thuế GTGT đầu ra,632-Giá vốn hàng bán,156-Hàng hóa,commerce_distribution_erp_scenario_v1,LIGHTBI_SCENARIO_ENTITY_001,VND,all_declared_accounting_money_columns,Asia/Ho_Chi_Minh,authentic_anchored_semi_synthetic_evidence,sample data/Accounting_ERP_May_2026.csv,3c59da1c10c67ab974dfd204b737402aff1c28d748665949942579fb5fb1a2fd,581,1.0.0
INV20260500581,JV20260500581,SO20260500581,2026-05-24,HCM-Q7,NV029,Tiền mặt,RF-096A78,Tủ lạnh,LG 420L,Asia,3,17317514,0.03,50393965,0.08,4031517,54425482,14526000,43578000,6815965,0.1353,54425482,50393965,4031517,43578000,43578000,131-Phải thu khách hàng,511-Doanh thu bán hàng,3331-Thuế GTGT đầu ra,632-Giá vốn hàng bán,156-Hàng hóa,commerce_distribution_erp_scenario_v1,LIGHTBI_SCENARIO_ENTITY_001,VND,all_declared_accounting_money_columns,Asia/Ho_Chi_Minh,authentic_anchored_semi_synthetic_evidence,sample data/Accounting_ERP_May_2026.csv,3c59da1c10c67ab974dfd204b737402aff1c28d748665949942579fb5fb1a2fd,582,1.0.0
INV20260500582,JV20260500582,SO20260500582,2026-05-01,HN-HBT,NV027,Ví điện tử,AC-9D4B2B,Máy lạnh,Mitsubishi 1.5HP,Sony,1,11013497,0.01,10903362,0.08,872268,11775630,7965000,7965000,2938362,0.2695,11775630,10903362,872268,7965000,7965000,131-Phải thu khách hàng,511-Doanh thu bán hàng,3331-Thuế GTGT đầu ra,632-Giá vốn hàng bán,156-Hàng hóa,commerce_distribution_erp_scenario_v1,LIGHTBI_SCENARIO_ENTITY_001,VND,all_declared_accounting_money_columns,Asia/Ho_Chi_Minh,authentic_anchored_semi_synthetic_evidence,sample data/Accounting_ERP_May_2026.csv,3c59da1c10c67ab974dfd204b737402aff1c28d748665949942579fb5fb1a2fd,583,1.0.0
INV20260500583,JV20260500583,SO20260500583,2026-05-07,HCM-TB,NV029,Chuyển khoản,TV-9A9F11,TV,"Samsung 55"" 4K",Toshiba,3,22173932,0.03,64526142,0.08,5162091,69688233,19158000,57474000,7052142,0.1093,69688233,64526142,5162091,57474000,57474000,131-Phải thu khách hàng,511-Doanh thu bán hàng,3331-Thuế GTGT đầu ra,632-Giá vốn hàng bán,156-Hàng hóa,commerce_distribution_erp_scenario_v1,LIGHTBI_SCENARIO_ENTITY_001,VND,all_declared_accounting_money_columns,Asia/Ho_Chi_Minh,authentic_anchored_semi_synthetic_evidence,sample data/Accounting_ERP_May_2026.csv,3c59da1c10c67ab974dfd204b737402aff1c28d748665949942579fb5fb1a2fd,584,1.0.0
INV20260500584,JV20260500584,SO20260500584,2026-05-24,HN-CG,NV023,Tiền mặt,VC-F24900,Máy hút bụi,Xiaomi G10,Sunhouse,3,3701816,0.03,10772284,0.08,861782,11634066,2882000,8646000,2126284,0.1974,11634066,10772284,861782,8646000,8646000,131-Phải thu khách hàng,511-Doanh thu bán hàng,3331-Thuế GTGT đầu ra,632-Giá vốn hàng bán,156-Hàng hóa,commerce_distribution_erp_scenario_v1,LIGHTBI_SCENARIO_ENTITY_001,VND,all_declared_accounting_money_columns,Asia/Ho_Chi_Minh,authentic_anchored_semi_synthetic_evidence,sample data/Accounting_ERP_May_2026.csv,3c59da1c10c67ab974dfd204b737402aff1c28d748665949942579fb5fb1a2fd,585,1.0.0
INV20260500585,JV20260500585,SO20260500585,2026-05-31,DN-HC,NV009,Trả góp,FN-2D5413,Quạt,Senko,Aqua,3,2274711,0.02,6687650,0.08,535012,7222662,1374000,4122000,2565650,0.3836,7222662,6687650,535012,4122000,4122000,131-Phải thu khách hàng,511-Doanh thu bán hàng,3331-Thuế GTGT đầu ra,632-Giá vốn hàng bán,156-Hàng hóa,commerce_distribution_erp_scenario_v1,LIGHTBI_SCENARIO_ENTITY_001,VND,all_declared_accounting_money_columns,Asia/Ho_Chi_Minh,authentic_anchored_semi_synthetic_evidence,sample data/Accounting_ERP_May_2026.csv,3c59da1c10c67ab974dfd204b737402aff1c28d748665949942579fb5fb1a2fd,586,1.0.0
INV20260500586,JV20260500586,SO20260500586,2026-05-15,HCM-TB,NV005,Trả góp,MW-62BD16,Lò vi sóng,Electrolux 23L,Philips,3,3630318,0.07,10128587,0.08,810286,10938873,2260000,6780000,3348587,0.3306,10938873,10128587,810286,6780000,6780000,131-Phải thu khách hàng,511-Doanh thu bán hàng,3331-Thuế GTGT đầu ra,632-Giá vốn hàng bán,156-Hàng hóa,commerce_distribution_erp_scenario_v1,LIGHTBI_SCENARIO_ENTITY_001,VND,all_declared_accounting_money_columns,Asia/Ho_Chi_Minh,authentic_anchored_semi_synthetic_evidence,sample data/Accounting_ERP_May_2026.csv,3c59da1c10c67ab974dfd204b737402aff1c28d748665949942579fb5fb1a2fd,587,1.0.0
INV20260500587,JV20260500587,SO20260500587,2026-05-05,HN-CG,NV019,Ví điện tử,AC-48B1DF,Máy lạnh,Panasonic 1.5HP,Senko,1,14947422,0.16,12555834,0.08,1004466,13560300,11881000,11881000,674834,0.0537,13560300,12555834,1004466,11881000,11881000,131-Phải thu khách hàng,511-Doanh thu bán hàng,3331-Thuế GTGT đầu ra,632-Giá vốn hàng bán,156-Hàng hóa,commerce_distribution_erp_scenario_v1,LIGHTBI_SCENARIO_ENTITY_001,VND,all_declared_accounting_money_columns,Asia/Ho_Chi_Minh,authentic_anchored_semi_synthetic_evidence,sample data/Accounting_ERP_May_2026.csv,3c59da1c10c67ab974dfd204b737402aff1c28d748665949942579fb5fb1a2fd,588,1.0.0
INV20260500588,JV20260500588,SO20260500588,2026-05-08,DN-HC,NV016,Chuyển khoản,WM-0EC5E7,Máy giặt,Toshiba 9kg,Sony,3,7975743,0.06,22491595,0.08,1799327,24290922,6434000,19302000,3189595,0.1418,24290922,22491595,1799327,19302000,19302000,131-Phải thu khách hàng,511-Doanh thu bán hàng,3331-Thuế GTGT đầu ra,632-Giá vốn hàng bán,156-Hàng hóa,commerce_distribution_erp_scenario_v1,LIGHTBI_SCENARIO_ENTITY_001,VND,all_declared_accounting_money_columns,Asia/Ho_Chi_Minh,authentic_anchored_semi_synthetic_evidence,sample data/Accounting_ERP_May_2026.csv,3c59da1c10c67ab974dfd204b737402aff1c28d748665949942579fb5fb1a2fd,589,1.0.0
INV20260500589,JV20260500589,SO20260500589,2026-05-07,DN-HC,NV020,Tiền mặt,RC-C8DD6A,Nồi cơm,Panasonic 1.8L,LG,1,1178715,0.14,1013694,0.08,81095,1094789,727000,727000,286694,0.2828,1094789,1013694,81095,727000,727000,131-Phải thu khách hàng,511-Doanh thu bán hàng,3331-Thuế GTGT đầu ra,632-Giá vốn hàng bán,156-Hàng hóa,commerce_distribution_erp_scenario_v1,LIGHTBI_SCENARIO_ENTITY_001,VND,all_declared_accounting_money_columns,Asia/Ho_Chi_Minh,authentic_anchored_semi_synthetic_evidence,sample data/Accounting_ERP_May_2026.csv,3c59da1c10c67ab974dfd204b737402aff1c28d748665949942579fb5fb1a2fd,590,1.0.0
INV20260500590,JV20260500590,SO20260500590,2026-05-09,CT-NK,NV024,Tiền mặt,BL-08E06D,Máy xay,Philips Blender,Casper,2,1370085,0.12,2411349,0.08,192907,2604256,941000,1882000,529349,0.2195,2604256,2411349,192907,1882000,1882000,131-Phải thu khách hàng,511-Doanh thu bán hàng,3331-Thuế GTGT đầu ra,632-Giá vốn hàng bán,156-Hàng hóa,commerce_distribution_erp_scenario_v1,LIGHTBI_SCENARIO_ENTITY_001,VND,all_declared_accounting_money_columns,Asia/Ho_Chi_Minh,authentic_anchored_semi_synthetic_evidence,sample data/Accounting_ERP_May_2026.csv,3c59da1c10c67ab974dfd204b737402aff1c28d748665949942579fb5fb1a2fd,591,1.0.0
INV20260500591,JV20260500591,SO20260500591,2026-05-04,HN-CG,NV024,Tiền mặt,AC-E4FCBF,Máy lạnh,Daikin 1HP,Sharp,3,11984857,0.19,29123202,0.08,2329856,31453058,9599000,28797000,326202,0.0112,31453058,29123202,2329856,28797000,28797000,131-Phải thu khách hàng,511-Doanh thu bán hàng,3331-Thuế GTGT đầu ra,632-Giá vốn hàng bán,156-Hàng hóa,commerce_distribution_erp_scenario_v1,LIGHTBI_SCENARIO_ENTITY_001,VND,all_declared_accounting_money_columns,Asia/Ho_Chi_Minh,authentic_anchored_semi_synthetic_evidence,sample data/Accounting_ERP_May_2026.csv,3c59da1c10c67ab974dfd204b737402aff1c28d748665949942579fb5fb1a2fd,592,1.0.0
INV20260500592,JV20260500592,SO20260500592,2026-05-18,DN-HC,NV024,Trả góp,VC-96423F,Máy hút bụi,Dyson V8,Xiaomi,3,7715401,0.12,20368658,0.08,1629492,21998150,5712000,17136000,3232658,0.1587,21998150,20368658,1629492,17136000,17136000,131-Phải thu khách hàng,511-Doanh thu bán hàng,3331-Thuế GTGT đầu ra,632-Giá vốn hàng bán,156-Hàng hóa,commerce_distribution_erp_scenario_v1,LIGHTBI_SCENARIO_ENTITY_001,VND,all_declared_accounting_money_columns,Asia/Ho_Chi_Minh,authentic_anchored_semi_synthetic_evidence,sample data/Accounting_ERP_May_2026.csv,3c59da1c10c67ab974dfd204b737402aff1c28d748665949942579fb5fb1a2fd,593,1.0.0
INV20260500593,JV20260500593,SO20260500593,2026-05-11,HN-HBT,NV010,Tiền mặt,KT-54AD13,Ấm siêu tốc,Philips,Samsung,1,836876,0.18,686238,0.08,54899,741137,485000,485000,201238,0.2932,741137,686238,54899,485000,485000,131-Phải thu khách hàng,511-Doanh thu bán hàng,3331-Thuế GTGT đầu ra,632-Giá vốn hàng bán,156-Hàng hóa,commerce_distribution_erp_scenario_v1,LIGHTBI_SCENARIO_ENTITY_001,VND,all_declared_accounting_money_columns,Asia/Ho_Chi_Minh,authentic_anchored_semi_synthetic_evidence,sample data/Accounting_ERP_May_2026.csv,3c59da1c10c67ab974dfd204b737402aff1c28d748665949942579fb5fb1a2fd,594,1.0.0
INV20260500594,JV20260500594,SO20260500594,2026-05-02,HN-CG,NV015,Chuyển khoản,RC-3298C0,Nồi cơm,Sunhouse 1.2L,Asia,2,732440,0.19,1186552,0.08,94924,1281476,505000,1010000,176552,0.1488,1281476,1186552,94924,1010000,1010000,131-Phải thu khách hàng,511-Doanh thu bán hàng,3331-Thuế GTGT đầu ra,632-Giá vốn hàng bán,156-Hàng hóa,commerce_distribution_erp_scenario_v1,LIGHTBI_SCENARIO_ENTITY_001,VND,all_declared_accounting_money_columns,Asia/Ho_Chi_Minh,authentic_anchored_semi_synthetic_evidence,sample data/Accounting_ERP_May_2026.csv,3c59da1c10c67ab974dfd204b737402aff1c28d748665949942579fb5fb1a2fd,595,1.0.0
INV20260500595,JV20260500595,SO20260500595,2026-05-08,HCM-Q7,NV022,Trả góp,VC-D4F050,Máy hút bụi,Xiaomi G10,Samsung,1,10743805,0.04,10314052,0.08,825124,11139176,7934000,7934000,2380052,0.2308,11139176,10314052,825124,7934000,7934000,131-Phải thu khách hàng,511-Doanh thu bán hàng,3331-Thuế GTGT đầu ra,632-Giá vốn hàng bán,156-Hàng hóa,commerce_distribution_erp_scenario_v1,LIGHTBI_SCENARIO_ENTITY_001,VND,all_declared_accounting_money_columns,Asia/Ho_Chi_Minh,authentic_anchored_semi_synthetic_evidence,sample data/Accounting_ERP_May_2026.csv,3c59da1c10c67ab974dfd204b737402aff1c28d748665949942579fb5fb1a2fd,596,1.0.0
INV20260500596,JV20260500596,SO20260500596,2026-05-21,DN-HC,NV028,Ví điện tử,VC-09CEE7,Máy hút bụi,Dyson V8,Philips,2,2006343,0.2,3210148,0.08,256811,3466959,1414000,2828000,382148,0.119,3466959,3210148,256811,2828000,2828000,131-Phải thu khách hàng,511-Doanh thu bán hàng,3331-Thuế GTGT đầu ra,632-Giá vốn hàng bán,156-Hàng hóa,commerce_distribution_erp_scenario_v1,LIGHTBI_SCENARIO_ENTITY_001,VND,all_declared_accounting_money_columns,Asia/Ho_Chi_Minh,authentic_anchored_semi_synthetic_evidence,sample data/Accounting_ERP_May_2026.csv,3c59da1c10c67ab974dfd204b737402aff1c28d748665949942579fb5fb1a2fd,597,1.0.0
INV20260500597,JV20260500597,SO20260500597,2026-05-20,DN-HC,NV012,Thẻ,RC-19766E,Nồi cơm,Panasonic 1.8L,Sunhouse,1,2619956,0.07,2436559,0.08,194924,2631483,1861000,1861000,575559,0.2362,2631483,2436559,194924,1861000,1861000,131-Phải thu khách hàng,511-Doanh thu bán hàng,3331-Thuế GTGT đầu ra,632-Giá vốn hàng bán,156-Hàng hóa,commerce_distribution_erp_scenario_v1,LIGHTBI_SCENARIO_ENTITY_001,VND,all_declared_accounting_money_columns,Asia/Ho_Chi_Minh,authentic_anchored_semi_synthetic_evidence,sample data/Accounting_ERP_May_2026.csv,3c59da1c10c67ab974dfd204b737402aff1c28d748665949942579fb5fb1a2fd,598,1.0.0
INV20260500598,JV20260500598,SO20260500598,2026-05-16,BD-TDM,NV008,Tiền mặt,TV-249EF8,TV,"Samsung 55"" 4K",Samsung,1,31376632,0.18,25728838,0.08,2058307,27787145,25396000,25396000,332838,0.0129,27787145,25728838,2058307,25396000,25396000,131-Phải thu khách hàng,511-Doanh thu bán hàng,3331-Thuế GTGT đầu ra,632-Giá vốn hàng bán,156-Hàng hóa,commerce_distribution_erp_scenario_v1,LIGHTBI_SCENARIO_ENTITY_001,VND,all_declared_accounting_money_columns,Asia/Ho_Chi_Minh,authentic_anchored_semi_synthetic_evidence,sample data/Accounting_ERP_May_2026.csv,3c59da1c10c67ab974dfd204b737402aff1c28d748665949942579fb5fb1a2fd,599,1.0.0
INV20260500599,JV20260500599,SO20260500599,2026-05-23,HN-CG,NV012,Trả góp,WM-90270D,Máy giặt,Toshiba 9kg,Senko,3,16955324,0.16,42727416,0.08,3418193,46145609,13619000,40857000,1870416,0.0438,46145609,42727416,3418193,40857000,40857000,131-Phải thu khách hàng,511-Doanh thu bán hàng,3331-Thuế GTGT đầu ra,632-Giá vốn hàng bán,156-Hàng hóa,commerce_distribution_erp_scenario_v1,LIGHTBI_SCENARIO_ENTITY_001,VND,all_declared_accounting_money_columns,Asia/Ho_Chi_Minh,authentic_anchored_semi_synthetic_evidence,sample data/Accounting_ERP_May_2026.csv,3c59da1c10c67ab974dfd204b737402aff1c28d748665949942579fb5fb1a2fd,600,1.0.0
INV20260500600,JV20260500600,SO20260500600,2026-05-28,DN-HC,NV003,Trả góp,WM-57BF8B,Máy giặt,LG 9kg,Panasonic,2,5423370,0.2,8677392,0.08,694191,9371583,4538000,9076000,-398608,-0.0459,9371583,8677392,694191,9076000,9076000,131-Phải thu khách hàng,511-Doanh thu bán hàng,3331-Thuế GTGT đầu ra,632-Giá vốn hàng bán,156-Hàng hóa,commerce_distribution_erp_scenario_v1,LIGHTBI_SCENARIO_ENTITY_001,VND,all_declared_accounting_money_columns,Asia/Ho_Chi_Minh,authentic_anchored_semi_synthetic_evidence,sample data/Accounting_ERP_May_2026.csv,3c59da1c10c67ab974dfd204b737402aff1c28d748665949942579fb5fb1a2fd,601,1.0.0
INV20260500601,JV20260500601,SO20260500601,2026-05-11,HCM-Q7,NV007,Chuyển khoản,TV-8A011F,TV,LG OLED 48,Philips,1,27795872,0.12,24460367,0.08,1956829,26417196,23732000,23732000,728367,0.0298,26417196,24460367,1956829,23732000,23732000,131-Phải thu khách hàng,511-Doanh thu bán hàng,3331-Thuế GTGT đầu ra,632-Giá vốn hàng bán,156-Hàng hóa,commerce_distribution_erp_scenario_v1,LIGHTBI_SCENARIO_ENTITY_001,VND,all_declared_accounting_money_columns,Asia/Ho_Chi_Minh,authentic_anchored_semi_synthetic_evidence,sample data/Accounting_ERP_May_2026.csv,3c59da1c10c67ab974dfd204b737402aff1c28d748665949942579fb5fb1a2fd,602,1.0.0
INV20260500602,JV20260500602,SO20260500602,2026-05-09,HCM-Q1,NV018,Tiền mặt,AC-9068F8,Máy lạnh,Panasonic 1.5HP,Cuckoo,2,6701631,0.14,11526805,0.08,922144,12448949,5198000,10396000,1130805,0.0981,12448949,11526805,922144,10396000,10396000,131-Phải thu khách hàng,511-Doanh thu bán hàng,3331-Thuế GTGT đầu ra,632-Giá vốn hàng bán,156-Hàng hóa,commerce_distribution_erp_scenario_v1,LIGHTBI_SCENARIO_ENTITY_001,VND,all_declared_accounting_money_columns,Asia/Ho_Chi_Minh,authentic_anchored_semi_synthetic_evidence,sample data/Accounting_ERP_May_2026.csv,3c59da1c10c67ab974dfd204b737402aff1c28d748665949942579fb5fb1a2fd,603,1.0.0
INV20260500603,JV20260500603,SO20260500603,2026-05-23,HCM-Q7,NV012,Thẻ,BL-63B96E,Máy xay,Panasonic Blender,Panasonic,1,2503143,0.05,2377985,0.08,190238,2568223,1555000,1555000,822985,0.3461,2568223,2377985,190238,1555000,1555000,131-Phải thu khách hàng,511-Doanh thu bán hàng,3331-Thuế GTGT đầu ra,632-Giá vốn hàng bán,156-Hàng hóa,commerce_distribution_erp_scenario_v1,LIGHTBI_SCENARIO_ENTITY_001,VND,all_declared_accounting_money_columns,Asia/Ho_Chi_Minh,authentic_anchored_semi_synthetic_evidence,sample data/Accounting_ERP_May_2026.csv,3c59da1c10c67ab974dfd204b737402aff1c28d748665949942579fb5fb1a2fd,604,1.0.0
INV20260500604,JV20260500604,SO20260500604,2026-05-11,HN-CG,NV009,Trả góp,RC-A5EAB1,Nồi cơm,Cuckoo 1.8L,Sony,2,945683,0.19,1532006,0.08,122560,1654566,657000,1314000,218006,0.1423,1654566,1532006,122560,1314000,1314000,131-Phải thu khách hàng,511-Doanh thu bán hàng,3331-Thuế GTGT đầu ra,632-Giá vốn hàng bán,156-Hàng hóa,commerce_distribution_erp_scenario_v1,LIGHTBI_SCENARIO_ENTITY_001,VND,all_declared_accounting_money_columns,Asia/Ho_Chi_Minh,authentic_anchored_semi_synthetic_evidence,sample data/Accounting_ERP_May_2026.csv,3c59da1c10c67ab974dfd204b737402aff1c28d748665949942579fb5fb1a2fd,605,1.0.0
INV20260500605,JV20260500605,SO20260500605,2026-05-01,BD-TDM,NV004,Trả góp,KT-7A47B5,Ấm siêu tốc,Sunhouse,Sunhouse,3,1042947,0.19,2534361,0.08,202748,2737109,556000,1668000,866361,0.3418,2737109,2534361,202748,1668000,1668000,131-Phải thu khách hàng,511-Doanh thu bán hàng,3331-Thuế GTGT đầu ra,632-Giá vốn hàng bán,156-Hàng hóa,commerce_distribution_erp_scenario_v1,LIGHTBI_SCENARIO_ENTITY_001,VND,all_declared_accounting_money_columns,Asia/Ho_Chi_Minh,authentic_anchored_semi_synthetic_evidence,sample data/Accounting_ERP_May_2026.csv,3c59da1c10c67ab974dfd204b737402aff1c28d748665949942579fb5fb1a2fd,606,1.0.0
INV20260500606,JV20260500606,SO20260500606,2026-05-29,HN-HBT,NV015,Tiền mặt,FN-B2666C,Quạt,Panasonic,Daikin,2,2166192,0.11,3855821,0.08,308465,4164286,1241000,2482000,1373821,0.3563,4164286,3855821,308465,2482000,2482000,131-Phải thu khách hàng,511-Doanh thu bán hàng,3331-Thuế GTGT đầu ra,632-Giá vốn hàng bán,156-Hàng hóa,commerce_distribution_erp_scenario_v1,LIGHTBI_SCENARIO_ENTITY_001,VND,all_declared_accounting_money_columns,Asia/Ho_Chi_Minh,authentic_anchored_semi_synthetic_evidence,sample data/Accounting_ERP_May_2026.csv,3c59da1c10c67ab974dfd204b737402aff1c28d748665949942579fb5fb1a2fd,607,1.0.0
INV20260500607,JV20260500607,SO20260500607,2026-05-30,HN-CG,NV021,Chuyển khoản,MW-7ABF96,Lò vi sóng,Electrolux 23L,Panasonic,3,3773640,0.14,9735991,0.08,778879,10514870,2763000,8289000,1446991,0.1486,10514870,9735991,778879,8289000,8289000,131-Phải thu khách hàng,511-Doanh thu bán hàng,3331-Thuế GTGT đầu ra,632-Giá vốn hàng bán,156-Hàng hóa,commerce_distribution_erp_scenario_v1,LIGHTBI_SCENARIO_ENTITY_001,VND,all_declared_accounting_money_columns,Asia/Ho_Chi_Minh,authentic_anchored_semi_synthetic_evidence,sample data/Accounting_ERP_May_2026.csv,3c59da1c10c67ab974dfd204b737402aff1c28d748665949942579fb5fb1a2fd,608,1.0.0
INV20260500608,JV20260500608,SO20260500608,2026-05-15,HN-HBT,NV016,Trả góp,TV-DCF290,TV,"Sony 65""",Sony,3,29432425,0.02,86531329,0.08,6922506,93453835,25055000,75165000,11366329,0.1314,93453835,86531329,6922506,75165000,75165000,131-Phải thu khách hàng,511-Doanh thu bán hàng,3331-Thuế GTGT đầu ra,632-Giá vốn hàng bán,156-Hàng hóa,commerce_distribution_erp_scenario_v1,LIGHTBI_SCENARIO_ENTITY_001,VND,all_declared_accounting_money_columns,Asia/Ho_Chi_Minh,authentic_anchored_semi_synthetic_evidence,sample data/Accounting_ERP_May_2026.csv,3c59da1c10c67ab974dfd204b737402aff1c28d748665949942579fb5fb1a2fd,609,1.0.0
INV20260500609,JV20260500609,SO20260500609,2026-05-02,HN-HBT,NV017,Chuyển khoản,MW-A83E5A,Lò vi sóng,Electrolux 23L,Sunhouse,3,5774442,0.12,15244526,0.08,1219562,16464088,4110000,12330000,2914526,0.1912,16464088,15244526,1219562,12330000,12330000,131-Phải thu khách hàng,511-Doanh thu bán hàng,3331-Thuế GTGT đầu ra,632-Giá vốn hàng bán,156-Hàng hóa,commerce_distribution_erp_scenario_v1,LIGHTBI_SCENARIO_ENTITY_001,VND,all_declared_accounting_money_columns,Asia/Ho_Chi_Minh,authentic_anchored_semi_synthetic_evidence,sample data/Accounting_ERP_May_2026.csv,3c59da1c10c67ab974dfd204b737402aff1c28d748665949942579fb5fb1a2fd,610,1.0.0
INV20260500610,JV20260500610,SO20260500610,2026-05-10,HN-HBT,NV027,Tiền mặt,MW-A50B9A,Lò vi sóng,Electrolux 23L,Toshiba,3,1565668,0.02,4603063,0.08,368245,4971308,1036000,3108000,1495063,0.3248,4971308,4603063,368245,3108000,3108000,131-Phải thu khách hàng,511-Doanh thu bán hàng,3331-Thuế GTGT đầu ra,632-Giá vốn hàng bán,156-Hàng hóa,commerce_distribution_erp_scenario_v1,LIGHTBI_SCENARIO_ENTITY_001,VND,all_declared_accounting_money_columns,Asia/Ho_Chi_Minh,authentic_anchored_semi_synthetic_evidence,sample data/Accounting_ERP_May_2026.csv,3c59da1c10c67ab974dfd204b737402aff1c28d748665949942579fb5fb1a2fd,611,1.0.0
INV20260500611,JV20260500611,SO20260500611,2026-05-14,HCM-Q1,NV012,Tiền mặt,RF-CAB84B,Tủ lạnh,Samsung Inverter 350L,Senko,3,22339615,0.08,61657337,0.08,4932586,66589923,16880000,50640000,11017337,0.1787,66589923,61657337,4932586,50640000,50640000,131-Phải thu khách hàng,511-Doanh thu bán hàng,3331-Thuế GTGT đầu ra,632-Giá vốn hàng bán,156-Hàng hóa,commerce_distribution_erp_scenario_v1,LIGHTBI_SCENARIO_ENTITY_001,VND,all_declared_accounting_money_columns,Asia/Ho_Chi_Minh,authentic_anchored_semi_synthetic_evidence,sample data/Accounting_ERP_May_2026.csv,3c59da1c10c67ab974dfd204b737402aff1c28d748665949942579fb5fb1a2fd,612,1.0.0
INV20260500612,JV20260500612,SO20260500612,2026-05-29,HN-CG,NV013,Ví điện tử,FN-E10178,Quạt,Panasonic,Xiaomi,2,2486899,0.01,4924060,0.08,393924,5317984,1578000,3156000,1768060,0.3591,5317984,4924060,393924,3156000,3156000,131-Phải thu khách hàng,511-Doanh thu bán hàng,3331-Thuế GTGT đầu ra,632-Giá vốn hàng bán,156-Hàng hóa,commerce_distribution_erp_scenario_v1,LIGHTBI_SCENARIO_ENTITY_001,VND,all_declared_accounting_money_columns,Asia/Ho_Chi_Minh,authentic_anchored_semi_synthetic_evidence,sample data/Accounting_ERP_May_2026.csv,3c59da1c10c67ab974dfd204b737402aff1c28d748665949942579fb5fb1a2fd,613,1.0.0
INV20260500613,JV20260500613,SO20260500613,2026-05-07,DN-HC,NV027,Thẻ,FN-310542,Quạt,Senko,Casper,3,2420835,0.01,7189879,0.08,575190,7765069,1802000,5406000,1783879,0.2481,7765069,7189879,575190,5406000,5406000,131-Phải thu khách hàng,511-Doanh thu bán hàng,3331-Thuế GTGT đầu ra,632-Giá vốn hàng bán,156-Hàng hóa,commerce_distribution_erp_scenario_v1,LIGHTBI_SCENARIO_ENTITY_001,VND,all_declared_accounting_money_columns,Asia/Ho_Chi_Minh,authentic_anchored_semi_synthetic_evidence,sample data/Accounting_ERP_May_2026.csv,3c59da1c10c67ab974dfd204b737402aff1c28d748665949942579fb5fb1a2fd,614,1.0.0
INV20260500614,JV20260500614,SO20260500614,2026-05-09,BD-TDM,NV030,Thẻ,VC-A4DECF,Máy hút bụi,Dyson V8,Mitsubishi,3,5495835,0.12,14509004,0.08,1160720,15669724,3832000,11496000,3013004,0.2077,15669724,14509004,1160720,11496000,11496000,131-Phải thu khách hàng,511-Doanh thu bán hàng,3331-Thuế GTGT đầu ra,632-Giá vốn hàng bán,156-Hàng hóa,commerce_distribution_erp_scenario_v1,LIGHTBI_SCENARIO_ENTITY_001,VND,all_declared_accounting_money_columns,Asia/Ho_Chi_Minh,authentic_anchored_semi_synthetic_evidence,sample data/Accounting_ERP_May_2026.csv,3c59da1c10c67ab974dfd204b737402aff1c28d748665949942579fb5fb1a2fd,615,1.0.0
INV20260500615,JV20260500615,SO20260500615,2026-05-06,HCM-TB,NV014,Thẻ,KT-01C6B2,Ấm siêu tốc,Kangaroo,Electrolux,1,518109,0.19,419668,0.08,33573,453241,345000,345000,74668,0.1779,453241,419668,33573,345000,345000,131-Phải thu khách hàng,511-Doanh thu bán hàng,3331-Thuế GTGT đầu ra,632-Giá vốn hàng bán,156-Hàng hóa,commerce_distribution_erp_scenario_v1,LIGHTBI_SCENARIO_ENTITY_001,VND,all_declared_accounting_money_columns,Asia/Ho_Chi_Minh,authentic_anchored_semi_synthetic_evidence,sample data/Accounting_ERP_May_2026.csv,3c59da1c10c67ab974dfd204b737402aff1c28d748665949942579fb5fb1a2fd,616,1.0.0
INV20260500616,JV20260500616,SO20260500616,2026-05-31,HCM-Q7,NV014,Chuyển khoản,BL-8778AF,Máy xay,Philips Blender,Mitsubishi,2,978344,0.07,1819719,0.08,145577,1965296,658000,1316000,503719,0.2768,1965296,1819719,145577,1316000,1316000,131-Phải thu khách hàng,511-Doanh thu bán hàng,3331-Thuế GTGT đầu ra,632-Giá vốn hàng bán,156-Hàng hóa,commerce_distribution_erp_scenario_v1,LIGHTBI_SCENARIO_ENTITY_001,VND,all_declared_accounting_money_columns,Asia/Ho_Chi_Minh,authentic_anchored_semi_synthetic_evidence,sample data/Accounting_ERP_May_2026.csv,3c59da1c10c67ab974dfd204b737402aff1c28d748665949942579fb5fb1a2fd,617,1.0.0
INV20260500617,JV20260500617,SO20260500617,2026-05-09,HCM-TB,NV005,Trả góp,VC-2544A1,Máy hút bụi,Dyson V8,Cuckoo,2,3714105,0.06,6982517,0.08,558601,7541118,2823000,5646000,1336517,0.1914,7541118,6982517,558601,5646000,5646000,131-Phải thu khách hàng,511-Doanh thu bán hàng,3331-Thuế GTGT đầu ra,632-Giá vốn hàng bán,156-Hàng hóa,commerce_distribution_erp_scenario_v1,LIGHTBI_SCENARIO_ENTITY_001,VND,all_declared_accounting_money_columns,Asia/Ho_Chi_Minh,authentic_anchored_semi_synthetic_evidence,sample data/Accounting_ERP_May_2026.csv,3c59da1c10c67ab974dfd204b737402aff1c28d748665949942579fb5fb1a2fd,618,1.0.0
INV20260500618,JV20260500618,SO20260500618,2026-05-04,DN-HC,NV006,Thẻ,VC-51D140,Máy hút bụi,Xiaomi G10,Casper,1,3285638,0.19,2661366,0.08,212909,2874275,2179000,2179000,482366,0.1812,2874275,2661366,212909,2179000,2179000,131-Phải thu khách hàng,511-Doanh thu bán hàng,3331-Thuế GTGT đầu ra,632-Giá vốn hàng bán,156-Hàng hóa,commerce_distribution_erp_scenario_v1,LIGHTBI_SCENARIO_ENTITY_001,VND,all_declared_accounting_money_columns,Asia/Ho_Chi_Minh,authentic_anchored_semi_synthetic_evidence,sample data/Accounting_ERP_May_2026.csv,3c59da1c10c67ab974dfd204b737402aff1c28d748665949942579fb5fb1a2fd,619,1.0.0
INV20260500619,JV20260500619,SO20260500619,2026-05-16,HN-HBT,NV012,Chuyển khoản,RF-4D4BA4,Tủ lạnh,Aqua 250L,Philips,1,10054865,0.19,8144440,0.08,651555,8795995,8491000,8491000,-346560,-0.0426,8795995,8144440,651555,8491000,8491000,131-Phải thu khách hàng,511-Doanh thu bán hàng,3331-Thuế GTGT đầu ra,632-Giá vốn hàng bán,156-Hàng hóa,commerce_distribution_erp_scenario_v1,LIGHTBI_SCENARIO_ENTITY_001,VND,all_declared_accounting_money_columns,Asia/Ho_Chi_Minh,authentic_anchored_semi_synthetic_evidence,sample data/Accounting_ERP_May_2026.csv,3c59da1c10c67ab974dfd204b737402aff1c28d748665949942579fb5fb1a2fd,620,1.0.0
INV20260500620,JV20260500620,SO20260500620,2026-05-01,HN-CG,NV008,Trả góp,BL-95987D,Máy xay,Philips Blender,Asia,2,2970508,0.03,5762785,0.08,461022,6223807,1787000,3574000,2188785,0.3798,6223807,5762785,461022,3574000,3574000,131-Phải thu khách hàng,511-Doanh thu bán hàng,3331-Thuế GTGT đầu ra,632-Giá vốn hàng bán,156-Hàng hóa,commerce_distribution_erp_scenario_v1,LIGHTBI_SCENARIO_ENTITY_001,VND,all_declared_accounting_money_columns,Asia/Ho_Chi_Minh,authentic_anchored_semi_synthetic_evidence,sample data/Accounting_ERP_May_2026.csv,3c59da1c10c67ab974dfd204b737402aff1c28d748665949942579fb5fb1a2fd,621,1.0.0
INV20260500621,JV20260500621,SO20260500621,2026-05-19,HCM-TB,NV004,Ví điện tử,MW-83094B,Lò vi sóng,Sharp 20L,Casper,3,3962312,0.02,11649197,0.08,931935,12581132,2613000,7839000,3810197,0.3271,12581132,11649197,931935,7839000,7839000,131-Phải thu khách hàng,511-Doanh thu bán hàng,3331-Thuế GTGT đầu ra,632-Giá vốn hàng bán,156-Hàng hóa,commerce_distribution_erp_scenario_v1,LIGHTBI_SCENARIO_ENTITY_001,VND,all_declared_accounting_money_columns,Asia/Ho_Chi_Minh,authentic_anchored_semi_synthetic_evidence,sample data/Accounting_ERP_May_2026.csv,3c59da1c10c67ab974dfd204b737402aff1c28d748665949942579fb5fb1a2fd,622,1.0.0
INV20260500622,JV20260500622,SO20260500622,2026-05-29,DN-HC,NV023,Trả góp,MW-806B87,Lò vi sóng,Electrolux 23L,Daikin,3,5455771,0.1,14730581,0.08,1178446,15909027,4236000,12708000,2022581,0.1373,15909027,14730581,1178446,12708000,12708000,131-Phải thu khách hàng,511-Doanh thu bán hàng,3331-Thuế GTGT đầu ra,632-Giá vốn hàng bán,156-Hàng hóa,commerce_distribution_erp_scenario_v1,LIGHTBI_SCENARIO_ENTITY_001,VND,all_declared_accounting_money_columns,Asia/Ho_Chi_Minh,authentic_anchored_semi_synthetic_evidence,sample data/Accounting_ERP_May_2026.csv,3c59da1c10c67ab974dfd204b737402aff1c28d748665949942579fb5fb1a2fd,623,1.0.0
INV20260500623,JV20260500623,SO20260500623,2026-05-11,HN-HBT,NV029,Ví điện tử,VC-36242C,Máy hút bụi,Xiaomi G10,Sony,2,11784460,0.0,23568920,0.08,1885513,25454433,7241000,14482000,9086920,0.3855,25454433,23568920,1885513,14482000,14482000,131-Phải thu khách hàng,511-Doanh thu bán hàng,3331-Thuế GTGT đầu ra,632-Giá vốn hàng bán,156-Hàng hóa,commerce_distribution_erp_scenario_v1,LIGHTBI_SCENARIO_ENTITY_001,VND,all_declared_accounting_money_columns,Asia/Ho_Chi_Minh,authentic_anchored_semi_synthetic_evidence,sample data/Accounting_ERP_May_2026.csv,3c59da1c10c67ab974dfd204b737402aff1c28d748665949942579fb5fb1a2fd,624,1.0.0
INV20260500624,JV20260500624,SO20260500624,2026-05-22,HCM-Q1,NV024,Chuyển khoản,TV-57E353,TV,LG OLED 48,Sony,2,32727287,0.04,62836391,0.08,5026911,67863302,28216000,56432000,6404391,0.1019,67863302,62836391,5026911,56432000,56432000,131-Phải thu khách hàng,511-Doanh thu bán hàng,3331-Thuế GTGT đầu ra,632-Giá vốn hàng bán,156-Hàng hóa,commerce_distribution_erp_scenario_v1,LIGHTBI_SCENARIO_ENTITY_001,VND,all_declared_accounting_money_columns,Asia/Ho_Chi_Minh,authentic_anchored_semi_synthetic_evidence,sample data/Accounting_ERP_May_2026.csv,3c59da1c10c67ab974dfd204b737402aff1c28d748665949942579fb5fb1a2fd,625,1.0.0
INV20260500625,JV20260500625,SO20260500625,2026-05-02,HCM-Q1,NV012,Ví điện tử,TV-3C8911,TV,LG OLED 48,Sharp,3,10627357,0.08,29331505,0.08,2346520,31678025,8763000,26289000,3042505,0.1037,31678025,29331505,2346520,26289000,26289000,131-Phải thu khách hàng,511-Doanh thu bán hàng,3331-Thuế GTGT đầu ra,632-Giá vốn hàng bán,156-Hàng hóa,commerce_distribution_erp_scenario_v1,LIGHTBI_SCENARIO_ENTITY_001,VND,all_declared_accounting_money_columns,Asia/Ho_Chi_Minh,authentic_anchored_semi_synthetic_evidence,sample data/Accounting_ERP_May_2026.csv,3c59da1c10c67ab974dfd204b737402aff1c28d748665949942579fb5fb1a2fd,626,1.0.0
INV20260500626,JV20260500626,SO20260500626,2026-05-12,CT-NK,NV013,Ví điện tử,MW-9F1382,Lò vi sóng,Panasonic 25L,Aqua,1,1757920,0.17,1459073,0.08,116725,1575798,1310000,1310000,149073,0.1022,1575798,1459073,116725,1310000,1310000,131-Phải thu khách hàng,511-Doanh thu bán hàng,3331-Thuế GTGT đầu ra,632-Giá vốn hàng bán,156-Hàng hóa,commerce_distribution_erp_scenario_v1,LIGHTBI_SCENARIO_ENTITY_001,VND,all_declared_accounting_money_columns,Asia/Ho_Chi_Minh,authentic_anchored_semi_synthetic_evidence,sample data/Accounting_ERP_May_2026.csv,3c59da1c10c67ab974dfd204b737402aff1c28d748665949942579fb5fb1a2fd,627,1.0.0
INV20260500627,JV20260500627,SO20260500627,2026-05-24,HN-HBT,NV026,Thẻ,TV-74BDA3,TV,LG OLED 48,Sunhouse,2,25331797,0.16,42557418,0.08,3404593,45962011,20167000,40334000,2223418,0.0522,45962011,42557418,3404593,40334000,40334000,131-Phải thu khách hàng,511-Doanh thu bán hàng,3331-Thuế GTGT đầu ra,632-Giá vốn hàng bán,156-Hàng hóa,commerce_distribution_erp_scenario_v1,LIGHTBI_SCENARIO_ENTITY_001,VND,all_declared_accounting_money_columns,Asia/Ho_Chi_Minh,authentic_anchored_semi_synthetic_evidence,sample data/Accounting_ERP_May_2026.csv,3c59da1c10c67ab974dfd204b737402aff1c28d748665949942579fb5fb1a2fd,628,1.0.0
INV20260500628,JV20260500628,SO20260500628,2026-05-29,HCM-TB,NV009,Ví điện tử,BL-8AFBB7,Máy xay,Panasonic Blender,Xiaomi,3,1602461,0.1,4326644,0.08,346131,4672775,917000,2751000,1575644,0.3642,4672775,4326644,346131,2751000,2751000,131-Phải thu khách hàng,511-Doanh thu bán hàng,3331-Thuế GTGT đầu ra,632-Giá vốn hàng bán,156-Hàng hóa,commerce_distribution_erp_scenario_v1,LIGHTBI_SCENARIO_ENTITY_001,VND,all_declared_accounting_money_columns,Asia/Ho_Chi_Minh,authentic_anchored_semi_synthetic_evidence,sample data/Accounting_ERP_May_2026.csv,3c59da1c10c67ab974dfd204b737402aff1c28d748665949942579fb5fb1a2fd,629,1.0.0
INV20260500629,JV20260500629,SO20260500629,2026-05-31,HCM-Q7,NV029,Chuyển khoản,FN-04019E,Quạt,Senko,Philips,2,1534626,0.17,2547479,0.08,203798,2751277,1047000,2094000,453479,0.178,2751277,2547479,203798,2094000,2094000,131-Phải thu khách hàng,511-Doanh thu bán hàng,3331-Thuế GTGT đầu ra,632-Giá vốn hàng bán,156-Hàng hóa,commerce_distribution_erp_scenario_v1,LIGHTBI_SCENARIO_ENTITY_001,VND,all_declared_accounting_money_columns,Asia/Ho_Chi_Minh,authentic_anchored_semi_synthetic_evidence,sample data/Accounting_ERP_May_2026.csv,3c59da1c10c67ab974dfd204b737402aff1c28d748665949942579fb5fb1a2fd,630,1.0.0
INV20260500630,JV20260500630,SO20260500630,2026-05-26,BD-TDM,NV006,Trả góp,FN-077AB7,Quạt,Panasonic,Samsung,3,1027123,0.08,2834859,0.08,226788,3061647,702000,2106000,728859,0.2571,3061647,2834859,226788,2106000,2106000,131-Phải thu khách hàng,511-Doanh thu bán hàng,3331-Thuế GTGT đầu ra,632-Giá vốn hàng bán,156-Hàng hóa,commerce_distribution_erp_scenario_v1,LIGHTBI_SCENARIO_ENTITY_001,VND,all_declared_accounting_money_columns,Asia/Ho_Chi_Minh,authentic_anchored_semi_synthetic_evidence,sample data/Accounting_ERP_May_2026.csv,3c59da1c10c67ab974dfd204b737402aff1c28d748665949942579fb5fb1a2fd,631,1.0.0
INV20260500631,JV20260500631,SO20260500631,2026-05-22,HN-HBT,NV005,Trả góp,VC-4BDADC,Máy hút bụi,Philips FC,Electrolux,3,6539354,0.03,19029520,0.08,1522361,20551881,5160000,15480000,3549520,0.1865,20551881,19029520,1522361,15480000,15480000,131-Phải thu khách hàng,511-Doanh thu bán hàng,3331-Thuế GTGT đầu ra,632-Giá vốn hàng bán,156-Hàng hóa,commerce_distribution_erp_scenario_v1,LIGHTBI_SCENARIO_ENTITY_001,VND,all_declared_accounting_money_columns,Asia/Ho_Chi_Minh,authentic_anchored_semi_synthetic_evidence,sample data/Accounting_ERP_May_2026.csv,3c59da1c10c67ab974dfd204b737402aff1c28d748665949942579fb5fb1a2fd,632,1.0.0
INV20260500632,JV20260500632,SO20260500632,2026-05-23,DN-HC,NV024,Tiền mặt,BL-01E9C7,Máy xay,Panasonic Blender,Samsung,1,2531808,0.18,2076082,0.08,166086,2242168,1755000,1755000,321082,0.1547,2242168,2076082,166086,1755000,1755000,131-Phải thu khách hàng,511-Doanh thu bán hàng,3331-Thuế GTGT đầu ra,632-Giá vốn hàng bán,156-Hàng hóa,commerce_distribution_erp_scenario_v1,LIGHTBI_SCENARIO_ENTITY_001,VND,all_declared_accounting_money_columns,Asia/Ho_Chi_Minh,authentic_anchored_semi_synthetic_evidence,sample data/Accounting_ERP_May_2026.csv,3c59da1c10c67ab974dfd204b737402aff1c28d748665949942579fb5fb1a2fd,633,1.0.0
INV20260500633,JV20260500633,SO20260500633,2026-05-02,HN-HBT,NV020,Tiền mặt,WM-C8CAA6,Máy giặt,Toshiba 9kg,Daikin,1,10789864,0.04,10358269,0.08,828661,11186930,8525000,8525000,1833269,0.177,11186930,10358269,828661,8525000,8525000,131-Phải thu khách hàng,511-Doanh thu bán hàng,3331-Thuế GTGT đầu ra,632-Giá vốn hàng bán,156-Hàng hóa,commerce_distribution_erp_scenario_v1,LIGHTBI_SCENARIO_ENTITY_001,VND,all_declared_accounting_money_columns,Asia/Ho_Chi_Minh,authentic_anchored_semi_synthetic_evidence,sample data/Accounting_ERP_May_2026.csv,3c59da1c10c67ab974dfd204b737402aff1c28d748665949942579fb5fb1a2fd,634,1.0.0
INV20260500634,JV20260500634,SO20260500634,2026-05-19,BD-TDM,NV023,Ví điện tử,MW-FB2461,Lò vi sóng,Electrolux 23L,Senko,3,1601627,0.19,3891953,0.08,311356,4203309,1242000,3726000,165953,0.0426,4203309,3891953,311356,3726000,3726000,131-Phải thu khách hàng,511-Doanh thu bán hàng,3331-Thuế GTGT đầu ra,632-Giá vốn hàng bán,156-Hàng hóa,commerce_distribution_erp_scenario_v1,LIGHTBI_SCENARIO_ENTITY_001,VND,all_declared_accounting_money_columns,Asia/Ho_Chi_Minh,authentic_anchored_semi_synthetic_evidence,sample data/Accounting_ERP_May_2026.csv,3c59da1c10c67ab974dfd204b737402aff1c28d748665949942579fb5fb1a2fd,635,1.0.0
INV20260500635,JV20260500635,SO20260500635,2026-05-22,BD-TDM,NV004,Trả góp,MW-4F3182,Lò vi sóng,Panasonic 25L,Daikin,3,3599989,0.18,8855972,0.08,708477,9564449,2487000,7461000,1394972,0.1575,9564449,8855972,708477,7461000,7461000,131-Phải thu khách hàng,511-Doanh thu bán hàng,3331-Thuế GTGT đầu ra,632-Giá vốn hàng bán,156-Hàng hóa,commerce_distribution_erp_scenario_v1,LIGHTBI_SCENARIO_ENTITY_001,VND,all_declared_accounting_money_columns,Asia/Ho_Chi_Minh,authentic_anchored_semi_synthetic_evidence,sample data/Accounting_ERP_May_2026.csv,3c59da1c10c67ab974dfd204b737402aff1c28d748665949942579fb5fb1a2fd,636,1.0.0
INV20260500636,JV20260500636,SO20260500636,2026-05-17,CT-NK,NV030,Tiền mặt,BL-C9164C,Máy xay,Philips Blender,Senko,3,1194287,0.06,3367889,0.08,269431,3637320,802000,2406000,961889,0.2856,3637320,3367889,269431,2406000,2406000,131-Phải thu khách hàng,511-Doanh thu bán hàng,3331-Thuế GTGT đầu ra,632-Giá vốn hàng bán,156-Hàng hóa,commerce_distribution_erp_scenario_v1,LIGHTBI_SCENARIO_ENTITY_001,VND,all_declared_accounting_money_columns,Asia/Ho_Chi_Minh,authentic_anchored_semi_synthetic_evidence,sample data/Accounting_ERP_May_2026.csv,3c59da1c10c67ab974dfd204b737402aff1c28d748665949942579fb5fb1a2fd,637,1.0.0
INV20260500637,JV20260500637,SO20260500637,2026-05-03,HN-CG,NV015,Trả góp,KT-C76795,Ấm siêu tốc,Philips,Aqua,1,492722,0.06,463158,0.08,37052,500210,310000,310000,153158,0.3307,500210,463158,37052,310000,310000,131-Phải thu khách hàng,511-Doanh thu bán hàng,3331-Thuế GTGT đầu ra,632-Giá vốn hàng bán,156-Hàng hóa,commerce_distribution_erp_scenario_v1,LIGHTBI_SCENARIO_ENTITY_001,VND,all_declared_accounting_money_columns,Asia/Ho_Chi_Minh,authentic_anchored_semi_synthetic_evidence,sample data/Accounting_ERP_May_2026.csv,3c59da1c10c67ab974dfd204b737402aff1c28d748665949942579fb5fb1a2fd,638,1.0.0
INV20260500638,JV20260500638,SO20260500638,2026-05-05,HCM-Q1,NV024,Chuyển khoản,RF-096A78,Tủ lạnh,LG 420L,Asia,2,19107616,0.14,32865099,0.08,2629207,35494306,16248000,32496000,369099,0.0112,35494306,32865099,2629207,32496000,32496000,131-Phải thu khách hàng,511-Doanh thu bán hàng,3331-Thuế GTGT đầu ra,632-Giá vốn hàng bán,156-Hàng hóa,commerce_distribution_erp_scenario_v1,LIGHTBI_SCENARIO_ENTITY_001,VND,all_declared_accounting_money_columns,Asia/Ho_Chi_Minh,authentic_anchored_semi_synthetic_evidence,sample data/Accounting_ERP_May_2026.csv,3c59da1c10c67ab974dfd204b737402aff1c28d748665949942579fb5fb1a2fd,639,1.0.0
INV20260500639,JV20260500639,SO20260500639,2026-05-04,BD-TDM,NV014,Tiền mặt,VC-8A6FDF,Máy hút bụi,Dyson V8,Samsung,1,11506951,0.03,11161742,0.08,892939,12054681,7104000,7104000,4057742,0.3635,12054681,11161742,892939,7104000,7104000,131-Phải thu khách hàng,511-Doanh thu bán hàng,3331-Thuế GTGT đầu ra,632-Giá vốn hàng bán,156-Hàng hóa,commerce_distribution_erp_scenario_v1,LIGHTBI_SCENARIO_ENTITY_001,VND,all_declared_accounting_money_columns,Asia/Ho_Chi_Minh,authentic_anchored_semi_synthetic_evidence,sample data/Accounting_ERP_May_2026.csv,3c59da1c10c67ab974dfd204b737402aff1c28d748665949942579fb5fb1a2fd,640,1.0.0
INV20260500640,JV20260500640,SO20260500640,2026-05-25,HCM-TB,NV030,Thẻ,WM-758BD9,Máy giặt,Panasonic 8.5kg,Xiaomi,3,13399957,0.03,38993874,0.08,3119509,42113383,9881000,29643000,9350874,0.2398,42113383,38993874,3119509,29643000,29643000,131-Phải thu khách hàng,511-Doanh thu bán hàng,3331-Thuế GTGT đầu ra,632-Giá vốn hàng bán,156-Hàng hóa,commerce_distribution_erp_scenario_v1,LIGHTBI_SCENARIO_ENTITY_001,VND,all_declared_accounting_money_columns,Asia/Ho_Chi_Minh,authentic_anchored_semi_synthetic_evidence,sample data/Accounting_ERP_May_2026.csv,3c59da1c10c67ab974dfd204b737402aff1c28d748665949942579fb5fb1a2fd,641,1.0.0
INV20260500641,JV20260500641,SO20260500641,2026-05-27,CT-NK,NV028,Tiền mặt,BL-404E2E,Máy xay,Panasonic Blender,Daikin,3,2906995,0.19,7063997,0.08,565119,7629116,1980000,5940000,1123997,0.1591,7629116,7063997,565119,5940000,5940000,131-Phải thu khách hàng,511-Doanh thu bán hàng,3331-Thuế GTGT đầu ra,632-Giá vốn hàng bán,156-Hàng hóa,commerce_distribution_erp_scenario_v1,LIGHTBI_SCENARIO_ENTITY_001,VND,all_declared_accounting_money_columns,Asia/Ho_Chi_Minh,authentic_anchored_semi_synthetic_evidence,sample data/Accounting_ERP_May_2026.csv,3c59da1c10c67ab974dfd204b737402aff1c28d748665949942579fb5fb1a2fd,642,1.0.0
INV20260500642,JV20260500642,SO20260500642,2026-05-14,CT-NK,NV020,Ví điện tử,TV-BD30D1,TV,"TCL 50""",Asia,1,7953043,0.05,7555390,0.08,604431,8159821,6153000,6153000,1402390,0.1856,8159821,7555390,604431,6153000,6153000,131-Phải thu khách hàng,511-Doanh thu bán hàng,3331-Thuế GTGT đầu ra,632-Giá vốn hàng bán,156-Hàng hóa,commerce_distribution_erp_scenario_v1,LIGHTBI_SCENARIO_ENTITY_001,VND,all_declared_accounting_money_columns,Asia/Ho_Chi_Minh,authentic_anchored_semi_synthetic_evidence,sample data/Accounting_ERP_May_2026.csv,3c59da1c10c67ab974dfd204b737402aff1c28d748665949942579fb5fb1a2fd,643,1.0.0
INV20260500643,JV20260500643,SO20260500643,2026-05-21,HCM-Q1,NV012,Ví điện tử,KT-619E7F,Ấm siêu tốc,Sunhouse,Cuckoo,3,1396277,0.2,3351064,0.08,268085,3619149,911000,2733000,618064,0.1844,3619149,3351064,268085,2733000,2733000,131-Phải thu khách hàng,511-Doanh thu bán hàng,3331-Thuế GTGT đầu ra,632-Giá vốn hàng bán,156-Hàng hóa,commerce_distribution_erp_scenario_v1,LIGHTBI_SCENARIO_ENTITY_001,VND,all_declared_accounting_money_columns,Asia/Ho_Chi_Minh,authentic_anchored_semi_synthetic_evidence,sample data/Accounting_ERP_May_2026.csv,3c59da1c10c67ab974dfd204b737402aff1c28d748665949942579fb5fb1a2fd,644,1.0.0
INV20260500644,JV20260500644,SO20260500644,2026-05-07,HCM-Q7,NV009,Trả góp,RF-20BB5C,Tủ lạnh,Panasonic 300L,Sharp,2,9032143,0.06,16980428,0.08,1358434,18338862,7507000,15014000,1966428,0.1158,18338862,16980428,1358434,15014000,15014000,131-Phải thu khách hàng,511-Doanh thu bán hàng,3331-Thuế GTGT đầu ra,632-Giá vốn hàng bán,156-Hàng hóa,commerce_distribution_erp_scenario_v1,LIGHTBI_SCENARIO_ENTITY_001,VND,all_declared_accounting_money_columns,Asia/Ho_Chi_Minh,authentic_anchored_semi_synthetic_evidence,sample data/Accounting_ERP_May_2026.csv,3c59da1c10c67ab974dfd204b737402aff1c28d748665949942579fb5fb1a2fd,645,1.0.0
INV20260500645,JV20260500645,SO20260500645,2026-05-08,CT-NK,NV030,Thẻ,AC-8D2169,Máy lạnh,Panasonic 1.5HP,Sunhouse,1,12485645,0.14,10737654,0.08,859012,11596666,10310000,10310000,427654,0.0398,11596666,10737654,859012,10310000,10310000,131-Phải thu khách hàng,511-Doanh thu bán hàng,3331-Thuế GTGT đầu ra,632-Giá vốn hàng bán,156-Hàng hóa,commerce_distribution_erp_scenario_v1,LIGHTBI_SCENARIO_ENTITY_001,VND,all_declared_accounting_money_columns,Asia/Ho_Chi_Minh,authentic_anchored_semi_synthetic_evidence,sample data/Accounting_ERP_May_2026.csv,3c59da1c10c67ab974dfd204b737402aff1c28d748665949942579fb5fb1a2fd,646,1.0.0
INV20260500646,JV20260500646,SO20260500646,2026-05-03,HN-HBT,NV006,Trả góp,RC-A61405,Nồi cơm,Sunhouse 1.2L,Senko,1,2187767,0.04,2100256,0.08,168020,2268276,1309000,1309000,791256,0.3767,2268276,2100256,168020,1309000,1309000,131-Phải thu khách hàng,511-Doanh thu bán hàng,3331-Thuế GTGT đầu ra,632-Giá vốn hàng bán,156-Hàng hóa,commerce_distribution_erp_scenario_v1,LIGHTBI_SCENARIO_ENTITY_001,VND,all_declared_accounting_money_columns,Asia/Ho_Chi_Minh,authentic_anchored_semi_synthetic_evidence,sample data/Accounting_ERP_May_2026.csv,3c59da1c10c67ab974dfd204b737402aff1c28d748665949942579fb5fb1a2fd,647,1.0.0
INV20260500647,JV20260500647,SO20260500647,2026-05-12,HN-CG,NV016,Ví điện tử,TV-DCF290,TV,"Sony 65""",Sony,3,34703397,0.14,89534764,0.08,7162781,96697545,29651000,88953000,581764,0.0065,96697545,89534764,7162781,88953000,88953000,131-Phải thu khách hàng,511-Doanh thu bán hàng,3331-Thuế GTGT đầu ra,632-Giá vốn hàng bán,156-Hàng hóa,commerce_distribution_erp_scenario_v1,LIGHTBI_SCENARIO_ENTITY_001,VND,all_declared_accounting_money_columns,Asia/Ho_Chi_Minh,authentic_anchored_semi_synthetic_evidence,sample data/Accounting_ERP_May_2026.csv,3c59da1c10c67ab974dfd204b737402aff1c28d748665949942579fb5fb1a2fd,648,1.0.0
INV20260500648,JV20260500648,SO20260500648,2026-05-26,HCM-Q7,NV011,Tiền mặt,FN-166747,Quạt,Senko,LG,3,1285659,0.01,3818407,0.08,305472,4123879,760000,2280000,1538407,0.4029,4123879,3818407,305472,2280000,2280000,131-Phải thu khách hàng,511-Doanh thu bán hàng,3331-Thuế GTGT đầu ra,632-Giá vốn hàng bán,156-Hàng hóa,commerce_distribution_erp_scenario_v1,LIGHTBI_SCENARIO_ENTITY_001,VND,all_declared_accounting_money_columns,Asia/Ho_Chi_Minh,authentic_anchored_semi_synthetic_evidence,sample data/Accounting_ERP_May_2026.csv,3c59da1c10c67ab974dfd204b737402aff1c28d748665949942579fb5fb1a2fd,649,1.0.0
INV20260500649,JV20260500649,SO20260500649,2026-05-26,HCM-TB,NV020,Tiền mặt,RF-8A361D,Tủ lạnh,Aqua 250L,Sharp,2,14837187,0.16,24926474,0.08,1994117,26920591,11095000,22190000,2736474,0.1098,26920591,24926474,1994117,22190000,22190000,131-Phải thu khách hàng,511-Doanh thu bán hàng,3331-Thuế GTGT đầu ra,632-Giá vốn hàng bán,156-Hàng hóa,commerce_distribution_erp_scenario_v1,LIGHTBI_SCENARIO_ENTITY_001,VND,all_declared_accounting_money_columns,Asia/Ho_Chi_Minh,authentic_anchored_semi_synthetic_evidence,sample data/Accounting_ERP_May_2026.csv,3c59da1c10c67ab974dfd204b737402aff1c28d748665949942579fb5fb1a2fd,650,1.0.0
INV20260500650,JV20260500650,SO20260500650,2026-05-11,HCM-Q1,NV003,Tiền mặt,BL-981E64,Máy xay,Sunhouse Blender,Samsung,3,837742,0.15,2136242,0.08,170899,2307141,523000,1569000,567242,0.2655,2307141,2136242,170899,1569000,1569000,131-Phải thu khách hàng,511-Doanh thu bán hàng,3331-Thuế GTGT đầu ra,632-Giá vốn hàng bán,156-Hàng hóa,commerce_distribution_erp_scenario_v1,LIGHTBI_SCENARIO_ENTITY_001,VND,all_declared_accounting_money_columns,Asia/Ho_Chi_Minh,authentic_anchored_semi_synthetic_evidence,sample data/Accounting_ERP_May_2026.csv,3c59da1c10c67ab974dfd204b737402aff1c28d748665949942579fb5fb1a2fd,651,1.0.0
INV20260500651,JV20260500651,SO20260500651,2026-05-19,BD-TDM,NV027,Tiền mặt,AC-818A33,Máy lạnh,Casper 1HP,Electrolux,3,17848229,0.05,50867452,0.08,4069396,54936848,14540000,43620000,7247452,0.1425,54936848,50867452,4069396,43620000,43620000,131-Phải thu khách hàng,511-Doanh thu bán hàng,3331-Thuế GTGT đầu ra,632-Giá vốn hàng bán,156-Hàng hóa,commerce_distribution_erp_scenario_v1,LIGHTBI_SCENARIO_ENTITY_001,VND,all_declared_accounting_money_columns,Asia/Ho_Chi_Minh,authentic_anchored_semi_synthetic_evidence,sample data/Accounting_ERP_May_2026.csv,3c59da1c10c67ab974dfd204b737402aff1c28d748665949942579fb5fb1a2fd,652,1.0.0
INV20260500652,JV20260500652,SO20260500652,2026-05-11,HCM-Q1,NV028,Trả góp,AC-DB17BC,Máy lạnh,Casper 1HP,Aqua,1,10607207,0.09,9652558,0.08,772204,10424762,8638000,8638000,1014558,0.1051,10424762,9652558,772204,8638000,8638000,131-Phải thu khách hàng,511-Doanh thu bán hàng,3331-Thuế GTGT đầu ra,632-Giá vốn hàng bán,156-Hàng hóa,commerce_distribution_erp_scenario_v1,LIGHTBI_SCENARIO_ENTITY_001,VND,all_declared_accounting_money_columns,Asia/Ho_Chi_Minh,authentic_anchored_semi_synthetic_evidence,sample data/Accounting_ERP_May_2026.csv,3c59da1c10c67ab974dfd204b737402aff1c28d748665949942579fb5fb1a2fd,653,1.0.0
INV20260500653,JV20260500653,SO20260500653,2026-05-10,HCM-Q7,NV003,Chuyển khoản,TV-8AC34D,TV,LG OLED 48,Daikin,3,27570467,0.11,73613146,0.08,5889051,79502197,21883000,65649000,7964146,0.1082,79502197,73613146,5889051,65649000,65649000,131-Phải thu khách hàng,511-Doanh thu bán hàng,3331-Thuế GTGT đầu ra,632-Giá vốn hàng bán,156-Hàng hóa,commerce_distribution_erp_scenario_v1,LIGHTBI_SCENARIO_ENTITY_001,VND,all_declared_accounting_money_columns,Asia/Ho_Chi_Minh,authentic_anchored_semi_synthetic_evidence,sample data/Accounting_ERP_May_2026.csv,3c59da1c10c67ab974dfd204b737402aff1c28d748665949942579fb5fb1a2fd,654,1.0.0
INV20260500654,JV20260500654,SO20260500654,2026-05-02,HN-CG,NV010,Chuyển khoản,AC-AF103F,Máy lạnh,Daikin 1HP,Senko,1,16693228,0.1,15023905,0.08,1201912,16225817,13204000,13204000,1819905,0.1211,16225817,15023905,1201912,13204000,13204000,131-Phải thu khách hàng,511-Doanh thu bán hàng,3331-Thuế GTGT đầu ra,632-Giá vốn hàng bán,156-Hàng hóa,commerce_distribution_erp_scenario_v1,LIGHTBI_SCENARIO_ENTITY_001,VND,all_declared_accounting_money_columns,Asia/Ho_Chi_Minh,authentic_anchored_semi_synthetic_evidence,sample data/Accounting_ERP_May_2026.csv,3c59da1c10c67ab974dfd204b737402aff1c28d748665949942579fb5fb1a2fd,655,1.0.0
INV20260500655,JV20260500655,SO20260500655,2026-05-04,CT-NK,NV006,Tiền mặt,BL-21A1FA,Máy xay,Sunhouse Blender,Electrolux,3,1158566,0.12,3058614,0.08,244689,3303303,736000,2208000,850614,0.2781,3303303,3058614,244689,2208000,2208000,131-Phải thu khách hàng,511-Doanh thu bán hàng,3331-Thuế GTGT đầu ra,632-Giá vốn hàng bán,156-Hàng hóa,commerce_distribution_erp_scenario_v1,LIGHTBI_SCENARIO_ENTITY_001,VND,all_declared_accounting_money_columns,Asia/Ho_Chi_Minh,authentic_anchored_semi_synthetic_evidence,sample data/Accounting_ERP_May_2026.csv,3c59da1c10c67ab974dfd204b737402aff1c28d748665949942579fb5fb1a2fd,656,1.0.0
INV20260500656,JV20260500656,SO20260500656,2026-05-30,DN-HC,NV004,Chuyển khoản,MW-8411BA,Lò vi sóng,Panasonic 25L,Electrolux,3,3303949,0.17,8226833,0.08,658146,8884979,2359000,7077000,1149833,0.1398,8884979,8226833,658146,7077000,7077000,131-Phải thu khách hàng,511-Doanh thu bán hàng,3331-Thuế GTGT đầu ra,632-Giá vốn hàng bán,156-Hàng hóa,commerce_distribution_erp_scenario_v1,LIGHTBI_SCENARIO_ENTITY_001,VND,all_declared_accounting_money_columns,Asia/Ho_Chi_Minh,authentic_anchored_semi_synthetic_evidence,sample data/Accounting_ERP_May_2026.csv,3c59da1c10c67ab974dfd204b737402aff1c28d748665949942579fb5fb1a2fd,657,1.0.0
INV20260500657,JV20260500657,SO20260500657,2026-05-17,CT-NK,NV010,Chuyển khoản,TV-652BA6,TV,LG OLED 48,Senko,2,33239703,0.06,62490641,0.08,4999251,67489892,28214000,56428000,6062641,0.097,67489892,62490641,4999251,56428000,56428000,131-Phải thu khách hàng,511-Doanh thu bán hàng,3331-Thuế GTGT đầu ra,632-Giá vốn hàng bán,156-Hàng hóa,commerce_distribution_erp_scenario_v1,LIGHTBI_SCENARIO_ENTITY_001,VND,all_declared_accounting_money_columns,Asia/Ho_Chi_Minh,authentic_anchored_semi_synthetic_evidence,sample data/Accounting_ERP_May_2026.csv,3c59da1c10c67ab974dfd204b737402aff1c28d748665949942579fb5fb1a2fd,658,1.0.0
INV20260500658,JV20260500658,SO20260500658,2026-05-31,BD-TDM,NV020,Chuyển khoản,BL-DF2EF5,Máy xay,Sunhouse Blender,LG,2,789028,0.19,1278225,0.08,102258,1380483,498000,996000,282225,0.2208,1380483,1278225,102258,996000,996000,131-Phải thu khách hàng,511-Doanh thu bán hàng,3331-Thuế GTGT đầu ra,632-Giá vốn hàng bán,156-Hàng hóa,commerce_distribution_erp_scenario_v1,LIGHTBI_SCENARIO_ENTITY_001,VND,all_declared_accounting_money_columns,Asia/Ho_Chi_Minh,authentic_anchored_semi_synthetic_evidence,sample data/Accounting_ERP_May_2026.csv,3c59da1c10c67ab974dfd204b737402aff1c28d748665949942579fb5fb1a2fd,659,1.0.0
INV20260500659,JV20260500659,SO20260500659,2026-05-12,HCM-Q1,NV016,Thẻ,KT-E95C23,Ấm siêu tốc,Philips,Sunhouse,1,1087628,0.19,880978,0.08,70478,951456,734000,734000,146978,0.1668,951456,880978,70478,734000,734000,131-Phải thu khách hàng,511-Doanh thu bán hàng,3331-Thuế GTGT đầu ra,632-Giá vốn hàng bán,156-Hàng hóa,commerce_distribution_erp_scenario_v1,LIGHTBI_SCENARIO_ENTITY_001,VND,all_declared_accounting_money_columns,Asia/Ho_Chi_Minh,authentic_anchored_semi_synthetic_evidence,sample data/Accounting_ERP_May_2026.csv,3c59da1c10c67ab974dfd204b737402aff1c28d748665949942579fb5fb1a2fd,660,1.0.0
INV20260500660,JV20260500660,SO20260500660,2026-05-28,CT-NK,NV010,Thẻ,BL-BF3F30,Máy xay,Panasonic Blender,Casper,2,2654271,0.08,4883858,0.08,390708,5274566,1878000,3756000,1127858,0.2309,5274566,4883858,390708,3756000,3756000,131-Phải thu khách hàng,511-Doanh thu bán hàng,3331-Thuế GTGT đầu ra,632-Giá vốn hàng bán,156-Hàng hóa,commerce_distribution_erp_scenario_v1,LIGHTBI_SCENARIO_ENTITY_001,VND,all_declared_accounting_money_columns,Asia/Ho_Chi_Minh,authentic_anchored_semi_synthetic_evidence,sample data/Accounting_ERP_May_2026.csv,3c59da1c10c67ab974dfd204b737402aff1c28d748665949942579fb5fb1a2fd,661,1.0.0
INV20260500661,JV20260500661,SO20260500661,2026-05-16,HN-CG,NV002,Thẻ,TV-8A011F,TV,LG OLED 48,Philips,1,31868104,0.05,30274698,0.08,2421975,32696673,27686000,27686000,2588698,0.0855,32696673,30274698,2421975,27686000,27686000,131-Phải thu khách hàng,511-Doanh thu bán hàng,3331-Thuế GTGT đầu ra,632-Giá vốn hàng bán,156-Hàng hóa,commerce_distribution_erp_scenario_v1,LIGHTBI_SCENARIO_ENTITY_001,VND,all_declared_accounting_money_columns,Asia/Ho_Chi_Minh,authentic_anchored_semi_synthetic_evidence,sample data/Accounting_ERP_May_2026.csv,3c59da1c10c67ab974dfd204b737402aff1c28d748665949942579fb5fb1a2fd,662,1.0.0
INV20260500662,JV20260500662,SO20260500662,2026-05-09,DN-HC,NV023,Thẻ,WM-0D19E6,Máy giặt,Toshiba 9kg,Samsung,2,14552146,0.13,25320734,0.08,2025658,27346392,10876000,21752000,3568734,0.1409,27346392,25320734,2025658,21752000,21752000,131-Phải thu khách hàng,511-Doanh thu bán hàng,3331-Thuế GTGT đầu ra,632-Giá vốn hàng bán,156-Hàng hóa,commerce_distribution_erp_scenario_v1,LIGHTBI_SCENARIO_ENTITY_001,VND,all_declared_accounting_money_columns,Asia/Ho_Chi_Minh,authentic_anchored_semi_synthetic_evidence,sample data/Accounting_ERP_May_2026.csv,3c59da1c10c67ab974dfd204b737402aff1c28d748665949942579fb5fb1a2fd,663,1.0.0
INV20260500663,JV20260500663,SO20260500663,2026-05-28,HN-HBT,NV024,Trả góp,FN-166747,Quạt,Senko,LG,2,795514,0.13,1384194,0.08,110735,1494929,475000,950000,434194,0.3137,1494929,1384194,110735,950000,950000,131-Phải thu khách hàng,511-Doanh thu bán hàng,3331-Thuế GTGT đầu ra,632-Giá vốn hàng bán,156-Hàng hóa,commerce_distribution_erp_scenario_v1,LIGHTBI_SCENARIO_ENTITY_001,VND,all_declared_accounting_money_columns,Asia/Ho_Chi_Minh,authentic_anchored_semi_synthetic_evidence,sample data/Accounting_ERP_May_2026.csv,3c59da1c10c67ab974dfd204b737402aff1c28d748665949942579fb5fb1a2fd,664,1.0.0
INV20260500664,JV20260500664,SO20260500664,2026-05-06,HCM-Q7,NV007,Chuyển khoản,MW-806B87,Lò vi sóng,Electrolux 23L,Daikin,1,3571140,0.08,3285448,0.08,262835,3548283,2406000,2406000,879448,0.2677,3548283,3285448,262835,2406000,2406000,131-Phải thu khách hàng,511-Doanh thu bán hàng,3331-Thuế GTGT đầu ra,632-Giá vốn hàng bán,156-Hàng hóa,commerce_distribution_erp_scenario_v1,LIGHTBI_SCENARIO_ENTITY_001,VND,all_declared_accounting_money_columns,Asia/Ho_Chi_Minh,authentic_anchored_semi_synthetic_evidence,sample data/Accounting_ERP_May_2026.csv,3c59da1c10c67ab974dfd204b737402aff1c28d748665949942579fb5fb1a2fd,665,1.0.0
INV20260500665,JV20260500665,SO20260500665,2026-05-30,HN-CG,NV030,Tiền mặt,BL-981E64,Máy xay,Sunhouse Blender,Samsung,1,2376364,0.12,2091200,0.08,167296,2258496,1637000,1637000,454200,0.2172,2258496,2091200,167296,1637000,1637000,131-Phải thu khách hàng,511-Doanh thu bán hàng,3331-Thuế GTGT đầu ra,632-Giá vốn hàng bán,156-Hàng hóa,commerce_distribution_erp_scenario_v1,LIGHTBI_SCENARIO_ENTITY_001,VND,all_declared_accounting_money_columns,Asia/Ho_Chi_Minh,authentic_anchored_semi_synthetic_evidence,sample data/Accounting_ERP_May_2026.csv,3c59da1c10c67ab974dfd204b737402aff1c28d748665949942579fb5fb1a2fd,666,1.0.0
INV20260500666,JV20260500666,SO20260500666,2026-05-16,HN-HBT,NV020,Ví điện tử,MW-E148C6,Lò vi sóng,Electrolux 23L,Casper,3,3791180,0.17,9440038,0.08,755203,10195241,2755000,8265000,1175038,0.1245,10195241,9440038,755203,8265000,8265000,131-Phải thu khách hàng,511-Doanh thu bán hàng,3331-Thuế GTGT đầu ra,632-Giá vốn hàng bán,156-Hàng hóa,commerce_distribution_erp_scenario_v1,LIGHTBI_SCENARIO_ENTITY_001,VND,all_declared_accounting_money_columns,Asia/Ho_Chi_Minh,authentic_anchored_semi_synthetic_evidence,sample data/Accounting_ERP_May_2026.csv,3c59da1c10c67ab974dfd204b737402aff1c28d748665949942579fb5fb1a2fd,667,1.0.0
INV20260500667,JV20260500667,SO20260500667,2026-05-10,HCM-TB,NV013,Thẻ,KT-01C6B2,Ấm siêu tốc,Kangaroo,Electrolux,1,1132746,0.17,940179,0.08,75214,1015393,768000,768000,172179,0.1831,1015393,940179,75214,768000,768000,131-Phải thu khách hàng,511-Doanh thu bán hàng,3331-Thuế GTGT đầu ra,632-Giá vốn hàng bán,156-Hàng hóa,commerce_distribution_erp_scenario_v1,LIGHTBI_SCENARIO_ENTITY_001,VND,all_declared_accounting_money_columns,Asia/Ho_Chi_Minh,authentic_anchored_semi_synthetic_evidence,sample data/Accounting_ERP_May_2026.csv,3c59da1c10c67ab974dfd204b737402aff1c28d748665949942579fb5fb1a2fd,668,1.0.0
INV20260500668,JV20260500668,SO20260500668,2026-05-21,HCM-Q7,NV023,Trả góp,TV-4795B7,TV,"Samsung 55"" 4K",Electrolux,3,28617602,0.15,72974885,0.08,5837990,78812875,23493000,70479000,2495885,0.0342,78812875,72974885,5837990,70479000,70479000,131-Phải thu khách hàng,511-Doanh thu bán hàng,3331-Thuế GTGT đầu ra,632-Giá vốn hàng bán,156-Hàng hóa,commerce_distribution_erp_scenario_v1,LIGHTBI_SCENARIO_ENTITY_001,VND,all_declared_accounting_money_columns,Asia/Ho_Chi_Minh,authentic_anchored_semi_synthetic_evidence,sample data/Accounting_ERP_May_2026.csv,3c59da1c10c67ab974dfd204b737402aff1c28d748665949942579fb5fb1a2fd,669,1.0.0
INV20260500669,JV20260500669,SO20260500669,2026-05-07,BD-TDM,NV013,Ví điện tử,BL-CB9EBE,Máy xay,Philips Blender,Philips,1,2376973,0.2,1901578,0.08,152126,2053704,1683000,1683000,218578,0.1149,2053704,1901578,152126,1683000,1683000,131-Phải thu khách hàng,511-Doanh thu bán hàng,3331-Thuế GTGT đầu ra,632-Giá vốn hàng bán,156-Hàng hóa,commerce_distribution_erp_scenario_v1,LIGHTBI_SCENARIO_ENTITY_001,VND,all_declared_accounting_money_columns,Asia/Ho_Chi_Minh,authentic_anchored_semi_synthetic_evidence,sample data/Accounting_ERP_May_2026.csv,3c59da1c10c67ab974dfd204b737402aff1c28d748665949942579fb5fb1a2fd,670,1.0.0
INV20260500670,JV20260500670,SO20260500670,2026-05-22,CT-NK,NV016,Chuyển khoản,KT-897605,Ấm siêu tốc,Sunhouse,Toshiba,3,1185822,0.05,3379592,0.08,270367,3649959,724000,2172000,1207592,0.3573,3649959,3379592,270367,2172000,2172000,131-Phải thu khách hàng,511-Doanh thu bán hàng,3331-Thuế GTGT đầu ra,632-Giá vốn hàng bán,156-Hàng hóa,commerce_distribution_erp_scenario_v1,LIGHTBI_SCENARIO_ENTITY_001,VND,all_declared_accounting_money_columns,Asia/Ho_Chi_Minh,authentic_anchored_semi_synthetic_evidence,sample data/Accounting_ERP_May_2026.csv,3c59da1c10c67ab974dfd204b737402aff1c28d748665949942579fb5fb1a2fd,671,1.0.0
INV20260500671,JV20260500671,SO20260500671,2026-05-05,HCM-Q7,NV008,Thẻ,RC-120EAC,Nồi cơm,Sunhouse 1.2L,Sharp,2,2067703,0.16,3473741,0.08,277899,3751640,1508000,3016000,457741,0.1318,3751640,3473741,277899,3016000,3016000,131-Phải thu khách hàng,511-Doanh thu bán hàng,3331-Thuế GTGT đầu ra,632-Giá vốn hàng bán,156-Hàng hóa,commerce_distribution_erp_scenario_v1,LIGHTBI_SCENARIO_ENTITY_001,VND,all_declared_accounting_money_columns,Asia/Ho_Chi_Minh,authentic_anchored_semi_synthetic_evidence,sample data/Accounting_ERP_May_2026.csv,3c59da1c10c67ab974dfd204b737402aff1c28d748665949942579fb5fb1a2fd,672,1.0.0
INV20260500672,JV20260500672,SO20260500672,2026-05-30,BD-TDM,NV012,Thẻ,RC-DDFD41,Nồi cơm,Cuckoo 1.8L,Casper,1,1832141,0.18,1502355,0.08,120188,1622543,1225000,1225000,277355,0.1846,1622543,1502355,120188,1225000,1225000,131-Phải thu khách hàng,511-Doanh thu bán hàng,3331-Thuế GTGT đầu ra,632-Giá vốn hàng bán,156-Hàng hóa,commerce_distribution_erp_scenario_v1,LIGHTBI_SCENARIO_ENTITY_001,VND,all_declared_accounting_money_columns,Asia/Ho_Chi_Minh,authentic_anchored_semi_synthetic_evidence,sample data/Accounting_ERP_May_2026.csv,3c59da1c10c67ab974dfd204b737402aff1c28d748665949942579fb5fb1a2fd,673,1.0.0
INV20260500673,JV20260500673,SO20260500673,2026-05-20,HCM-Q1,NV018,Trả góp,BL-848064,Máy xay,Sunhouse Blender,Xiaomi,3,2581591,0.16,6505609,0.08,520448,7026057,1896000,5688000,817609,0.1257,7026057,6505609,520448,5688000,5688000,131-Phải thu khách hàng,511-Doanh thu bán hàng,3331-Thuế GTGT đầu ra,632-Giá vốn hàng bán,156-Hàng hóa,commerce_distribution_erp_scenario_v1,LIGHTBI_SCENARIO_ENTITY_001,VND,all_declared_accounting_money_columns,Asia/Ho_Chi_Minh,authentic_anchored_semi_synthetic_evidence,sample data/Accounting_ERP_May_2026.csv,3c59da1c10c67ab974dfd204b737402aff1c28d748665949942579fb5fb1a2fd,674,1.0.0
INV20260500674,JV20260500674,SO20260500674,2026-05-17,HN-HBT,NV005,Chuyển khoản,KT-E95C23,Ấm siêu tốc,Philips,Sunhouse,2,931656,0.16,1565182,0.08,125214,1690396,547000,1094000,471182,0.301,1690396,1565182,125214,1094000,1094000,131-Phải thu khách hàng,511-Doanh thu bán hàng,3331-Thuế GTGT đầu ra,632-Giá vốn hàng bán,156-Hàng hóa,commerce_distribution_erp_scenario_v1,LIGHTBI_SCENARIO_ENTITY_001,VND,all_declared_accounting_money_columns,Asia/Ho_Chi_Minh,authentic_anchored_semi_synthetic_evidence,sample data/Accounting_ERP_May_2026.csv,3c59da1c10c67ab974dfd204b737402aff1c28d748665949942579fb5fb1a2fd,675,1.0.0
INV20260500675,JV20260500675,SO20260500675,2026-05-03,HCM-Q1,NV026,Trả góp,WM-758BD9,Máy giặt,Panasonic 8.5kg,Xiaomi,3,10283049,0.09,28072723,0.08,2245817,30318540,8711000,26133000,1939723,0.0691,30318540,28072723,2245817,26133000,26133000,131-Phải thu khách hàng,511-Doanh thu bán hàng,3331-Thuế GTGT đầu ra,632-Giá vốn hàng bán,156-Hàng hóa,commerce_distribution_erp_scenario_v1,LIGHTBI_SCENARIO_ENTITY_001,VND,all_declared_accounting_money_columns,Asia/Ho_Chi_Minh,authentic_anchored_semi_synthetic_evidence,sample data/Accounting_ERP_May_2026.csv,3c59da1c10c67ab974dfd204b737402aff1c28d748665949942579fb5fb1a2fd,676,1.0.0
INV20260500676,JV20260500676,SO20260500676,2026-05-31,HCM-Q1,NV016,Ví điện tử,TV-2A62F7,TV,"TCL 50""",Casper,1,10207909,0.17,8472564,0.08,677805,9150369,8965000,8965000,-492436,-0.0581,9150369,8472564,677805,8965000,8965000,131-Phải thu khách hàng,511-Doanh thu bán hàng,3331-Thuế GTGT đầu ra,632-Giá vốn hàng bán,156-Hàng hóa,commerce_distribution_erp_scenario_v1,LIGHTBI_SCENARIO_ENTITY_001,VND,all_declared_accounting_money_columns,Asia/Ho_Chi_Minh,authentic_anchored_semi_synthetic_evidence,sample data/Accounting_ERP_May_2026.csv,3c59da1c10c67ab974dfd204b737402aff1c28d748665949942579fb5fb1a2fd,677,1.0.0
INV20260500677,JV20260500677,SO20260500677,2026-05-04,HN-CG,NV006,Ví điện tử,BL-A4BCD6,Máy xay,Philips Blender,Sunhouse,2,1139761,0.08,2097160,0.08,167772,2264932,835000,1670000,427160,0.2037,2264932,2097160,167772,1670000,1670000,131-Phải thu khách hàng,511-Doanh thu bán hàng,3331-Thuế GTGT đầu ra,632-Giá vốn hàng bán,156-Hàng hóa,commerce_distribution_erp_scenario_v1,LIGHTBI_SCENARIO_ENTITY_001,VND,all_declared_accounting_money_columns,Asia/Ho_Chi_Minh,authentic_anchored_semi_synthetic_evidence,sample data/Accounting_ERP_May_2026.csv,3c59da1c10c67ab974dfd204b737402aff1c28d748665949942579fb5fb1a2fd,678,1.0.0
INV20260500678,JV20260500678,SO20260500678,2026-05-26,HCM-Q7,NV003,Trả góp,RC-19766E,Nồi cơm,Panasonic 1.8L,Sunhouse,2,1405072,0.09,2557231,0.08,204578,2761809,837000,1674000,883231,0.3454,2761809,2557231,204578,1674000,1674000,131-Phải thu khách hàng,511-Doanh thu bán hàng,3331-Thuế GTGT đầu ra,632-Giá vốn hàng bán,156-Hàng hóa,commerce_distribution_erp_scenario_v1,LIGHTBI_SCENARIO_ENTITY_001,VND,all_declared_accounting_money_columns,Asia/Ho_Chi_Minh,authentic_anchored_semi_synthetic_evidence,sample data/Accounting_ERP_May_2026.csv,3c59da1c10c67ab974dfd204b737402aff1c28d748665949942579fb5fb1a2fd,679,1.0.0
INV20260500679,JV20260500679,SO20260500679,2026-05-26,HCM-Q1,NV024,Chuyển khoản,TV-BE7A4B,TV,"TCL 50""",Sunhouse,2,14427837,0.12,25392993,0.08,2031439,27424432,11602000,23204000,2188993,0.0862,27424432,25392993,2031439,23204000,23204000,131-Phải thu khách hàng,511-Doanh thu bán hàng,3331-Thuế GTGT đầu ra,632-Giá vốn hàng bán,156-Hàng hóa,commerce_distribution_erp_scenario_v1,LIGHTBI_SCENARIO_ENTITY_001,VND,all_declared_accounting_money_columns,Asia/Ho_Chi_Minh,authentic_anchored_semi_synthetic_evidence,sample data/Accounting_ERP_May_2026.csv,3c59da1c10c67ab974dfd204b737402aff1c28d748665949942579fb5fb1a2fd,680,1.0.0
INV20260500680,JV20260500680,SO20260500680,2026-05-22,BD-TDM,NV008,Chuyển khoản,VC-B711CC,Máy hút bụi,Xiaomi G10,Panasonic,1,6173280,0.0,6173280,0.08,493862,6667142,4746000,4746000,1427280,0.2312,6667142,6173280,493862,4746000,4746000,131-Phải thu khách hàng,511-Doanh thu bán hàng,3331-Thuế GTGT đầu ra,632-Giá vốn hàng bán,156-Hàng hóa,commerce_distribution_erp_scenario_v1,LIGHTBI_SCENARIO_ENTITY_001,VND,all_declared_accounting_money_columns,Asia/Ho_Chi_Minh,authentic_anchored_semi_synthetic_evidence,sample data/Accounting_ERP_May_2026.csv,3c59da1c10c67ab974dfd204b737402aff1c28d748665949942579fb5fb1a2fd,681,1.0.0
INV20260500681,JV20260500681,SO20260500681,2026-05-01,HCM-Q7,NV027,Chuyển khoản,TV-C6321E,TV,"Sony 65""",Asia,2,23933782,0.16,40208753,0.08,3216700,43425453,20763000,41526000,-1317247,-0.0328,43425453,40208753,3216700,41526000,41526000,131-Phải thu khách hàng,511-Doanh thu bán hàng,3331-Thuế GTGT đầu ra,632-Giá vốn hàng bán,156-Hàng hóa,commerce_distribution_erp_scenario_v1,LIGHTBI_SCENARIO_ENTITY_001,VND,all_declared_accounting_money_columns,Asia/Ho_Chi_Minh,authentic_anchored_semi_synthetic_evidence,sample data/Accounting_ERP_May_2026.csv,3c59da1c10c67ab974dfd204b737402aff1c28d748665949942579fb5fb1a2fd,682,1.0.0
INV20260500682,JV20260500682,SO20260500682,2026-05-08,HN-HBT,NV023,Ví điện tử,TV-9C2852,TV,LG OLED 48,Mitsubishi,1,20078863,0.04,19275708,0.08,1542056,20817764,16275000,16275000,3000708,0.1557,20817764,19275708,1542056,16275000,16275000,131-Phải thu khách hàng,511-Doanh thu bán hàng,3331-Thuế GTGT đầu ra,632-Giá vốn hàng bán,156-Hàng hóa,commerce_distribution_erp_scenario_v1,LIGHTBI_SCENARIO_ENTITY_001,VND,all_declared_accounting_money_columns,Asia/Ho_Chi_Minh,authentic_anchored_semi_synthetic_evidence,sample data/Accounting_ERP_May_2026.csv,3c59da1c10c67ab974dfd204b737402aff1c28d748665949942579fb5fb1a2fd,683,1.0.0
INV20260500683,JV20260500683,SO20260500683,2026-05-06,DN-HC,NV018,Tiền mặt,FN-4806DD,Quạt,Panasonic,Mitsubishi,1,1702994,0.2,1362395,0.08,108991,1471386,1241000,1241000,121395,0.0891,1471386,1362395,108991,1241000,1241000,131-Phải thu khách hàng,511-Doanh thu bán hàng,3331-Thuế GTGT đầu ra,632-Giá vốn hàng bán,156-Hàng hóa,commerce_distribution_erp_scenario_v1,LIGHTBI_SCENARIO_ENTITY_001,VND,all_declared_accounting_money_columns,Asia/Ho_Chi_Minh,authentic_anchored_semi_synthetic_evidence,sample data/Accounting_ERP_May_2026.csv,3c59da1c10c67ab974dfd204b737402aff1c28d748665949942579fb5fb1a2fd,684,1.0.0
INV20260500684,JV20260500684,SO20260500684,2026-05-16,HCM-Q7,NV021,Chuyển khoản,TV-299EB8,TV,LG OLED 48,Electrolux,2,24168927,0.14,41570554,0.08,3325644,44896198,18560000,37120000,4450554,0.1071,44896198,41570554,3325644,37120000,37120000,131-Phải thu khách hàng,511-Doanh thu bán hàng,3331-Thuế GTGT đầu ra,632-Giá vốn hàng bán,156-Hàng hóa,commerce_distribution_erp_scenario_v1,LIGHTBI_SCENARIO_ENTITY_001,VND,all_declared_accounting_money_columns,Asia/Ho_Chi_Minh,authentic_anchored_semi_synthetic_evidence,sample data/Accounting_ERP_May_2026.csv,3c59da1c10c67ab974dfd204b737402aff1c28d748665949942579fb5fb1a2fd,685,1.0.0
INV20260500685,JV20260500685,SO20260500685,2026-05-26,HCM-Q7,NV008,Ví điện tử,RC-4F65B1,Nồi cơm,Sunhouse 1.2L,Casper,1,3587309,0.03,3479689,0.08,278375,3758064,2425000,2425000,1054689,0.3031,3758064,3479689,278375,2425000,2425000,131-Phải thu khách hàng,511-Doanh thu bán hàng,3331-Thuế GTGT đầu ra,632-Giá vốn hàng bán,156-Hàng hóa,commerce_distribution_erp_scenario_v1,LIGHTBI_SCENARIO_ENTITY_001,VND,all_declared_accounting_money_columns,Asia/Ho_Chi_Minh,authentic_anchored_semi_synthetic_evidence,sample data/Accounting_ERP_May_2026.csv,3c59da1c10c67ab974dfd204b737402aff1c28d748665949942579fb5fb1a2fd,686,1.0.0
INV20260500686,JV20260500686,SO20260500686,2026-05-14,HCM-TB,NV004,Ví điện tử,VC-933DDD,Máy hút bụi,Philips FC,Sharp,1,6528417,0.02,6397848,0.08,511827,6909675,5028000,5028000,1369848,0.2141,6909675,6397848,511827,5028000,5028000,131-Phải thu khách hàng,511-Doanh thu bán hàng,3331-Thuế GTGT đầu ra,632-Giá vốn hàng bán,156-Hàng hóa,commerce_distribution_erp_scenario_v1,LIGHTBI_SCENARIO_ENTITY_001,VND,all_declared_accounting_money_columns,Asia/Ho_Chi_Minh,authentic_anchored_semi_synthetic_evidence,sample data/Accounting_ERP_May_2026.csv,3c59da1c10c67ab974dfd204b737402aff1c28d748665949942579fb5fb1a2fd,687,1.0.0
INV20260500687,JV20260500687,SO20260500687,2026-05-05,BD-TDM,NV024,Trả góp,FN-FC4665,Quạt,Asia,Electrolux,1,1142646,0.09,1039807,0.08,83184,1122991,797000,797000,242807,0.2335,1122991,1039807,83184,797000,797000,131-Phải thu khách hàng,511-Doanh thu bán hàng,3331-Thuế GTGT đầu ra,632-Giá vốn hàng bán,156-Hàng hóa,commerce_distribution_erp_scenario_v1,LIGHTBI_SCENARIO_ENTITY_001,VND,all_declared_accounting_money_columns,Asia/Ho_Chi_Minh,authentic_anchored_semi_synthetic_evidence,sample data/Accounting_ERP_May_2026.csv,3c59da1c10c67ab974dfd204b737402aff1c28d748665949942579fb5fb1a2fd,688,1.0.0
INV20260500688,JV20260500688,SO20260500688,2026-05-01,BD-TDM,NV028,Chuyển khoản,TV-BE7A4B,TV,"TCL 50""",Sunhouse,2,22621757,0.13,39361857,0.08,3148948,42510805,17290000,34580000,4781857,0.1215,42510805,39361857,3148948,34580000,34580000,131-Phải thu khách hàng,511-Doanh thu bán hàng,3331-Thuế GTGT đầu ra,632-Giá vốn hàng bán,156-Hàng hóa,commerce_distribution_erp_scenario_v1,LIGHTBI_SCENARIO_ENTITY_001,VND,all_declared_accounting_money_columns,Asia/Ho_Chi_Minh,authentic_anchored_semi_synthetic_evidence,sample data/Accounting_ERP_May_2026.csv,3c59da1c10c67ab974dfd204b737402aff1c28d748665949942579fb5fb1a2fd,689,1.0.0
INV20260500689,JV20260500689,SO20260500689,2026-05-11,HCM-Q1,NV003,Tiền mặt,AC-B90290,Máy lạnh,Panasonic 1.5HP,Mitsubishi,1,10199459,0.03,9893475,0.08,791478,10684953,8289000,8289000,1604475,0.1622,10684953,9893475,791478,8289000,8289000,131-Phải thu khách hàng,511-Doanh thu bán hàng,3331-Thuế GTGT đầu ra,632-Giá vốn hàng bán,156-Hàng hóa,commerce_distribution_erp_scenario_v1,LIGHTBI_SCENARIO_ENTITY_001,VND,all_declared_accounting_money_columns,Asia/Ho_Chi_Minh,authentic_anchored_semi_synthetic_evidence,sample data/Accounting_ERP_May_2026.csv,3c59da1c10c67ab974dfd204b737402aff1c28d748665949942579fb5fb1a2fd,690,1.0.0
INV20260500690,JV20260500690,SO20260500690,2026-05-19,HCM-Q1,NV010,Tiền mặt,RC-3C975D,Nồi cơm,Panasonic 1.8L,Samsung,3,2845992,0.01,8452596,0.08,676207,9128803,1803000,5409000,3043596,0.3601,9128803,8452596,676207,5409000,5409000,131-Phải thu khách hàng,511-Doanh thu bán hàng,3331-Thuế GTGT đầu ra,632-Giá vốn hàng bán,156-Hàng hóa,commerce_distribution_erp_scenario_v1,LIGHTBI_SCENARIO_ENTITY_001,VND,all_declared_accounting_money_columns,Asia/Ho_Chi_Minh,authentic_anchored_semi_synthetic_evidence,sample data/Accounting_ERP_May_2026.csv,3c59da1c10c67ab974dfd204b737402aff1c28d748665949942579fb5fb1a2fd,691,1.0.0
INV20260500691,JV20260500691,SO20260500691,2026-05-04,HN-HBT,NV020,Thẻ,FN-633F9D,Quạt,Panasonic,Cuckoo,1,693223,0.14,596171,0.08,47693,643864,507000,507000,89171,0.1496,643864,596171,47693,507000,507000,131-Phải thu khách hàng,511-Doanh thu bán hàng,3331-Thuế GTGT đầu ra,632-Giá vốn hàng bán,156-Hàng hóa,commerce_distribution_erp_scenario_v1,LIGHTBI_SCENARIO_ENTITY_001,VND,all_declared_accounting_money_columns,Asia/Ho_Chi_Minh,authentic_anchored_semi_synthetic_evidence,sample data/Accounting_ERP_May_2026.csv,3c59da1c10c67ab974dfd204b737402aff1c28d748665949942579fb5fb1a2fd,692,1.0.0
INV20260500692,JV20260500692,SO20260500692,2026-05-02,HN-CG,NV028,Chuyển khoản,VC-2544A1,Máy hút bụi,Dyson V8,Cuckoo,2,5476703,0.15,9310395,0.08,744831,10055226,3468000,6936000,2374395,0.255,10055226,9310395,744831,6936000,6936000,131-Phải thu khách hàng,511-Doanh thu bán hàng,3331-Thuế GTGT đầu ra,632-Giá vốn hàng bán,156-Hàng hóa,commerce_distribution_erp_scenario_v1,LIGHTBI_SCENARIO_ENTITY_001,VND,all_declared_accounting_money_columns,Asia/Ho_Chi_Minh,authentic_anchored_semi_synthetic_evidence,sample data/Accounting_ERP_May_2026.csv,3c59da1c10c67ab974dfd204b737402aff1c28d748665949942579fb5fb1a2fd,693,1.0.0
INV20260500693,JV20260500693,SO20260500693,2026-05-29,HN-CG,NV009,Thẻ,WM-57BF8B,Máy giặt,LG 9kg,Panasonic,2,9736517,0.11,17331000,0.08,1386480,18717480,7833000,15666000,1665000,0.0961,18717480,17331000,1386480,15666000,15666000,131-Phải thu khách hàng,511-Doanh thu bán hàng,3331-Thuế GTGT đầu ra,632-Giá vốn hàng bán,156-Hàng hóa,commerce_distribution_erp_scenario_v1,LIGHTBI_SCENARIO_ENTITY_001,VND,all_declared_accounting_money_columns,Asia/Ho_Chi_Minh,authentic_anchored_semi_synthetic_evidence,sample data/Accounting_ERP_May_2026.csv,3c59da1c10c67ab974dfd204b737402aff1c28d748665949942579fb5fb1a2fd,694,1.0.0
INV20260500694,JV20260500694,SO20260500694,2026-05-06,HN-HBT,NV012,Tiền mặt,MW-D098CC,Lò vi sóng,Sharp 20L,Mitsubishi,2,2241308,0.19,3630918,0.08,290473,3921391,1627000,3254000,376918,0.1038,3921391,3630918,290473,3254000,3254000,131-Phải thu khách hàng,511-Doanh thu bán hàng,3331-Thuế GTGT đầu ra,632-Giá vốn hàng bán,156-Hàng hóa,commerce_distribution_erp_scenario_v1,LIGHTBI_SCENARIO_ENTITY_001,VND,all_declared_accounting_money_columns,Asia/Ho_Chi_Minh,authentic_anchored_semi_synthetic_evidence,sample data/Accounting_ERP_May_2026.csv,3c59da1c10c67ab974dfd204b737402aff1c28d748665949942579fb5fb1a2fd,695,1.0.0
INV20260500695,JV20260500695,SO20260500695,2026-05-15,HCM-Q1,NV017,Trả góp,BL-267545,Máy xay,Panasonic Blender,Cuckoo,1,1908322,0.03,1851072,0.08,148085,1999157,1050000,1050000,801072,0.4328,1999157,1851072,148085,1050000,1050000,131-Phải thu khách hàng,511-Doanh thu bán hàng,3331-Thuế GTGT đầu ra,632-Giá vốn hàng bán,156-Hàng hóa,commerce_distribution_erp_scenario_v1,LIGHTBI_SCENARIO_ENTITY_001,VND,all_declared_accounting_money_columns,Asia/Ho_Chi_Minh,authentic_anchored_semi_synthetic_evidence,sample data/Accounting_ERP_May_2026.csv,3c59da1c10c67ab974dfd204b737402aff1c28d748665949942579fb5fb1a2fd,696,1.0.0
INV20260500696,JV20260500696,SO20260500696,2026-05-14,HCM-Q7,NV023,Chuyển khoản,AC-9162CC,Máy lạnh,Mitsubishi 1.5HP,Philips,2,20281310,0.06,38128862,0.08,3050308,41179170,15513000,31026000,7102862,0.1863,41179170,38128862,3050308,31026000,31026000,131-Phải thu khách hàng,511-Doanh thu bán hàng,3331-Thuế GTGT đầu ra,632-Giá vốn hàng bán,156-Hàng hóa,commerce_distribution_erp_scenario_v1,LIGHTBI_SCENARIO_ENTITY_001,VND,all_declared_accounting_money_columns,Asia/Ho_Chi_Minh,authentic_anchored_semi_synthetic_evidence,sample data/Accounting_ERP_May_2026.csv,3c59da1c10c67ab974dfd204b737402aff1c28d748665949942579fb5fb1a2fd,697,1.0.0
INV20260500697,JV20260500697,SO20260500697,2026-05-06,HCM-Q1,NV015,Ví điện tử,KT-25E86C,Ấm siêu tốc,Philips,Sharp,1,1377453,0.09,1253482,0.08,100278,1353760,884000,884000,369482,0.2948,1353760,1253482,100278,884000,884000,131-Phải thu khách hàng,511-Doanh thu bán hàng,3331-Thuế GTGT đầu ra,632-Giá vốn hàng bán,156-Hàng hóa,commerce_distribution_erp_scenario_v1,LIGHTBI_SCENARIO_ENTITY_001,VND,all_declared_accounting_money_columns,Asia/Ho_Chi_Minh,authentic_anchored_semi_synthetic_evidence,sample data/Accounting_ERP_May_2026.csv,3c59da1c10c67ab974dfd204b737402aff1c28d748665949942579fb5fb1a2fd,698,1.0.0
INV20260500698,JV20260500698,SO20260500698,2026-05-04,HCM-Q7,NV027,Ví điện tử,FN-5AA0F8,Quạt,Senko,Cuckoo,2,1137018,0.07,2114853,0.08,169188,2284041,735000,1470000,644853,0.3049,2284041,2114853,169188,1470000,1470000,131-Phải thu khách hàng,511-Doanh thu bán hàng,3331-Thuế GTGT đầu ra,632-Giá vốn hàng bán,156-Hàng hóa,commerce_distribution_erp_scenario_v1,LIGHTBI_SCENARIO_ENTITY_001,VND,all_declared_accounting_money_columns,Asia/Ho_Chi_Minh,authentic_anchored_semi_synthetic_evidence,sample data/Accounting_ERP_May_2026.csv,3c59da1c10c67ab974dfd204b737402aff1c28d748665949942579fb5fb1a2fd,699,1.0.0
INV20260500699,JV20260500699,SO20260500699,2026-05-11,CT-NK,NV004,Tiền mặt,VC-87EB59,Máy hút bụi,Dyson V8,Sony,3,10306001,0.14,26589482,0.08,2127158,28716640,6726000,20178000,6411482,0.2411,28716640,26589482,2127158,20178000,20178000,131-Phải thu khách hàng,511-Doanh thu bán hàng,3331-Thuế GTGT đầu ra,632-Giá vốn hàng bán,156-Hàng hóa,commerce_distribution_erp_scenario_v1,LIGHTBI_SCENARIO_ENTITY_001,VND,all_declared_accounting_money_columns,Asia/Ho_Chi_Minh,authentic_anchored_semi_synthetic_evidence,sample data/Accounting_ERP_May_2026.csv,3c59da1c10c67ab974dfd204b737402aff1c28d748665949942579fb5fb1a2fd,700,1.0.0
INV20260500700,JV20260500700,SO20260500700,2026-05-04,CT-NK,NV017,Ví điện tử,VC-490623,Máy hút bụi,Philips FC,LG,3,9710526,0.15,24761841,0.08,1980947,26742788,7436000,22308000,2453841,0.0991,26742788,24761841,1980947,22308000,22308000,131-Phải thu khách hàng,511-Doanh thu bán hàng,3331-Thuế GTGT đầu ra,632-Giá vốn hàng bán,156-Hàng hóa,commerce_distribution_erp_scenario_v1,LIGHTBI_SCENARIO_ENTITY_001,VND,all_declared_accounting_money_columns,Asia/Ho_Chi_Minh,authentic_anchored_semi_synthetic_evidence,sample data/Accounting_ERP_May_2026.csv,3c59da1c10c67ab974dfd204b737402aff1c28d748665949942579fb5fb1a2fd,701,1.0.0
INV20260500701,JV20260500701,SO20260500701,2026-05-09,BD-TDM,NV012,Thẻ,FN-896DEA,Quạt,Asia,Senko,3,1665828,0.19,4047962,0.08,323836,4371798,1186000,3558000,489962,0.121,4371798,4047962,323836,3558000,3558000,131-Phải thu khách hàng,511-Doanh thu bán hàng,3331-Thuế GTGT đầu ra,632-Giá vốn hàng bán,156-Hàng hóa,commerce_distribution_erp_scenario_v1,LIGHTBI_SCENARIO_ENTITY_001,VND,all_declared_accounting_money_columns,Asia/Ho_Chi_Minh,authentic_anchored_semi_synthetic_evidence,sample data/Accounting_ERP_May_2026.csv,3c59da1c10c67ab974dfd204b737402aff1c28d748665949942579fb5fb1a2fd,702,1.0.0
INV20260500702,JV20260500702,SO20260500702,2026-05-11,HCM-TB,NV013,Tiền mặt,WM-9F9723,Máy giặt,LG 9kg,Mitsubishi,1,7838558,0.15,6662774,0.08,533021,7195795,6382000,6382000,280774,0.0421,7195795,6662774,533021,6382000,6382000,131-Phải thu khách hàng,511-Doanh thu bán hàng,3331-Thuế GTGT đầu ra,632-Giá vốn hàng bán,156-Hàng hóa,commerce_distribution_erp_scenario_v1,LIGHTBI_SCENARIO_ENTITY_001,VND,all_declared_accounting_money_columns,Asia/Ho_Chi_Minh,authentic_anchored_semi_synthetic_evidence,sample data/Accounting_ERP_May_2026.csv,3c59da1c10c67ab974dfd204b737402aff1c28d748665949942579fb5fb1a2fd,703,1.0.0
INV20260500703,JV20260500703,SO20260500703,2026-05-21,HCM-Q1,NV028,Ví điện tử,BL-54E269,Máy xay,Philips Blender,Xiaomi,1,1161534,0.11,1033765,0.08,82701,1116466,726000,726000,307765,0.2977,1116466,1033765,82701,726000,726000,131-Phải thu khách hàng,511-Doanh thu bán hàng,3331-Thuế GTGT đầu ra,632-Giá vốn hàng bán,156-Hàng hóa,commerce_distribution_erp_scenario_v1,LIGHTBI_SCENARIO_ENTITY_001,VND,all_declared_accounting_money_columns,Asia/Ho_Chi_Minh,authentic_anchored_semi_synthetic_evidence,sample data/Accounting_ERP_May_2026.csv,3c59da1c10c67ab974dfd204b737402aff1c28d748665949942579fb5fb1a2fd,704,1.0.0
INV20260500704,JV20260500704,SO20260500704,2026-05-15,HCM-Q7,NV011,Thẻ,KT-9065A4,Ấm siêu tốc,Philips,Mitsubishi,3,586954,0.13,1531949,0.08,122555,1654504,311000,933000,598949,0.391,1654504,1531949,122555,933000,933000,131-Phải thu khách hàng,511-Doanh thu bán hàng,3331-Thuế GTGT đầu ra,632-Giá vốn hàng bán,156-Hàng hóa,commerce_distribution_erp_scenario_v1,LIGHTBI_SCENARIO_ENTITY_001,VND,all_declared_accounting_money_columns,Asia/Ho_Chi_Minh,authentic_anchored_semi_synthetic_evidence,sample data/Accounting_ERP_May_2026.csv,3c59da1c10c67ab974dfd204b737402aff1c28d748665949942579fb5fb1a2fd,705,1.0.0
INV20260500705,JV20260500705,SO20260500705,2026-05-16,HCM-Q7,NV007,Thẻ,VC-4B9FA6,Máy hút bụi,Philips FC,Aqua,2,4687418,0.04,8999842,0.08,719987,9719829,3045000,6090000,2909842,0.3233,9719829,8999842,719987,6090000,6090000,131-Phải thu khách hàng,511-Doanh thu bán hàng,3331-Thuế GTGT đầu ra,632-Giá vốn hàng bán,156-Hàng hóa,commerce_distribution_erp_scenario_v1,LIGHTBI_SCENARIO_ENTITY_001,VND,all_declared_accounting_money_columns,Asia/Ho_Chi_Minh,authentic_anchored_semi_synthetic_evidence,sample data/Accounting_ERP_May_2026.csv,3c59da1c10c67ab974dfd204b737402aff1c28d748665949942579fb5fb1a2fd,706,1.0.0
INV20260500706,JV20260500706,SO20260500706,2026-05-14,HN-HBT,NV025,Chuyển khoản,RF-8F66CC,Tủ lạnh,Aqua 250L,Xiaomi,1,15268484,0.15,12978211,0.08,1038256,14016467,11431000,11431000,1547211,0.1192,14016467,12978211,1038256,11431000,11431000,131-Phải thu khách hàng,511-Doanh thu bán hàng,3331-Thuế GTGT đầu ra,632-Giá vốn hàng bán,156-Hàng hóa,commerce_distribution_erp_scenario_v1,LIGHTBI_SCENARIO_ENTITY_001,VND,all_declared_accounting_money_columns,Asia/Ho_Chi_Minh,authentic_anchored_semi_synthetic_evidence,sample data/Accounting_ERP_May_2026.csv,3c59da1c10c67ab974dfd204b737402aff1c28d748665949942579fb5fb1a2fd,707,1.0.0
INV20260500707,JV20260500707,SO20260500707,2026-05-03,HN-HBT,NV001,Chuyển khoản,MW-6902E3,Lò vi sóng,Sharp 20L,Sony,3,5787333,0.06,16320279,0.08,1305622,17625901,4149000,12447000,3873279,0.2373,17625901,16320279,1305622,12447000,12447000,131-Phải thu khách hàng,511-Doanh thu bán hàng,3331-Thuế GTGT đầu ra,632-Giá vốn hàng bán,156-Hàng hóa,commerce_distribution_erp_scenario_v1,LIGHTBI_SCENARIO_ENTITY_001,VND,all_declared_accounting_money_columns,Asia/Ho_Chi_Minh,authentic_anchored_semi_synthetic_evidence,sample data/Accounting_ERP_May_2026.csv,3c59da1c10c67ab974dfd204b737402aff1c28d748665949942579fb5fb1a2fd,708,1.0.0
INV20260500708,JV20260500708,SO20260500708,2026-05-16,HCM-Q7,NV024,Trả góp,KT-4207FB,Ấm siêu tốc,Sunhouse,Asia,3,1349799,0.12,3563469,0.08,285077,3848546,872000,2616000,947469,0.2659,3848546,3563469,285077,2616000,2616000,131-Phải thu khách hàng,511-Doanh thu bán hàng,3331-Thuế GTGT đầu ra,632-Giá vốn hàng bán,156-Hàng hóa,commerce_distribution_erp_scenario_v1,LIGHTBI_SCENARIO_ENTITY_001,VND,all_declared_accounting_money_columns,Asia/Ho_Chi_Minh,authentic_anchored_semi_synthetic_evidence,sample data/Accounting_ERP_May_2026.csv,3c59da1c10c67ab974dfd204b737402aff1c28d748665949942579fb5fb1a2fd,709,1.0.0
INV20260500709,JV20260500709,SO20260500709,2026-05-25,HCM-TB,NV001,Chuyển khoản,RF-AA103D,Tủ lạnh,Panasonic 300L,Sunhouse,1,20499488,0.16,17219569,0.08,1377565,18597134,15373000,15373000,1846569,0.1072,18597134,17219569,1377565,15373000,15373000,131-Phải thu khách hàng,511-Doanh thu bán hàng,3331-Thuế GTGT đầu ra,632-Giá vốn hàng bán,156-Hàng hóa,commerce_distribution_erp_scenario_v1,LIGHTBI_SCENARIO_ENTITY_001,VND,all_declared_accounting_money_columns,Asia/Ho_Chi_Minh,authentic_anchored_semi_synthetic_evidence,sample data/Accounting_ERP_May_2026.csv,3c59da1c10c67ab974dfd204b737402aff1c28d748665949942579fb5fb1a2fd,710,1.0.0
INV20260500710,JV20260500710,SO20260500710,2026-05-18,CT-NK,NV001,Ví điện tử,VC-D4F050,Máy hút bụi,Xiaomi G10,Samsung,3,6903491,0.05,19674949,0.08,1573995,21248944,4576000,13728000,5946949,0.3023,21248944,19674949,1573995,13728000,13728000,131-Phải thu khách hàng,511-Doanh thu bán hàng,3331-Thuế GTGT đầu ra,632-Giá vốn hàng bán,156-Hàng hóa,commerce_distribution_erp_scenario_v1,LIGHTBI_SCENARIO_ENTITY_001,VND,all_declared_accounting_money_columns,Asia/Ho_Chi_Minh,authentic_anchored_semi_synthetic_evidence,sample data/Accounting_ERP_May_2026.csv,3c59da1c10c67ab974dfd204b737402aff1c28d748665949942579fb5fb1a2fd,711,1.0.0
INV20260500711,JV20260500711,SO20260500711,2026-05-13,HCM-Q7,NV020,Trả góp,BL-267545,Máy xay,Panasonic Blender,Cuckoo,2,2049883,0.01,4058768,0.08,324701,4383469,1516000,3032000,1026768,0.253,4383469,4058768,324701,3032000,3032000,131-Phải thu khách hàng,511-Doanh thu bán hàng,3331-Thuế GTGT đầu ra,632-Giá vốn hàng bán,156-Hàng hóa,commerce_distribution_erp_scenario_v1,LIGHTBI_SCENARIO_ENTITY_001,VND,all_declared_accounting_money_columns,Asia/Ho_Chi_Minh,authentic_anchored_semi_synthetic_evidence,sample data/Accounting_ERP_May_2026.csv,3c59da1c10c67ab974dfd204b737402aff1c28d748665949942579fb5fb1a2fd,712,1.0.0
INV20260500712,JV20260500712,SO20260500712,2026-05-25,DN-HC,NV022,Thẻ,AC-4EC148,Máy lạnh,Mitsubishi 1.5HP,Toshiba,2,20624796,0.15,35062153,0.08,2804972,37867125,15445000,30890000,4172153,0.119,37867125,35062153,2804972,30890000,30890000,131-Phải thu khách hàng,511-Doanh thu bán hàng,3331-Thuế GTGT đầu ra,632-Giá vốn hàng bán,156-Hàng hóa,commerce_distribution_erp_scenario_v1,LIGHTBI_SCENARIO_ENTITY_001,VND,all_declared_accounting_money_columns,Asia/Ho_Chi_Minh,authentic_anchored_semi_synthetic_evidence,sample data/Accounting_ERP_May_2026.csv,3c59da1c10c67ab974dfd204b737402aff1c28d748665949942579fb5fb1a2fd,713,1.0.0
INV20260500713,JV20260500713,SO20260500713,2026-05-03,CT-NK,NV009,Chuyển khoản,VC-2544A1,Máy hút bụi,Dyson V8,Cuckoo,1,3761754,0.17,3122255,0.08,249780,3372035,2870000,2870000,252255,0.0808,3372035,3122255,249780,2870000,2870000,131-Phải thu khách hàng,511-Doanh thu bán hàng,3331-Thuế GTGT đầu ra,632-Giá vốn hàng bán,156-Hàng hóa,commerce_distribution_erp_scenario_v1,LIGHTBI_SCENARIO_ENTITY_001,VND,all_declared_accounting_money_columns,Asia/Ho_Chi_Minh,authentic_anchored_semi_synthetic_evidence,sample data/Accounting_ERP_May_2026.csv,3c59da1c10c67ab974dfd204b737402aff1c28d748665949942579fb5fb1a2fd,714,1.0.0
INV20260500714,JV20260500714,SO20260500714,2026-05-14,HN-HBT,NV016,Tiền mặt,RF-A0C9D4,Tủ lạnh,LG 420L,Panasonic,2,20252759,0.11,36049911,0.08,2883992,38933903,15276000,30552000,5497911,0.1525,38933903,36049911,2883992,30552000,30552000,131-Phải thu khách hàng,511-Doanh thu bán hàng,3331-Thuế GTGT đầu ra,632-Giá vốn hàng bán,156-Hàng hóa,commerce_distribution_erp_scenario_v1,LIGHTBI_SCENARIO_ENTITY_001,VND,all_declared_accounting_money_columns,Asia/Ho_Chi_Minh,authentic_anchored_semi_synthetic_evidence,sample data/Accounting_ERP_May_2026.csv,3c59da1c10c67ab974dfd204b737402aff1c28d748665949942579fb5fb1a2fd,715,1.0.0
INV20260500715,JV20260500715,SO20260500715,2026-05-05,HCM-Q1,NV018,Trả góp,TV-DD0514,TV,"Samsung 55"" 4K",Mitsubishi,1,26574831,0.06,24980341,0.08,1998427,26978768,21234000,21234000,3746341,0.15,26978768,24980341,1998427,21234000,21234000,131-Phải thu khách hàng,511-Doanh thu bán hàng,3331-Thuế GTGT đầu ra,632-Giá vốn hàng bán,156-Hàng hóa,commerce_distribution_erp_scenario_v1,LIGHTBI_SCENARIO_ENTITY_001,VND,all_declared_accounting_money_columns,Asia/Ho_Chi_Minh,authentic_anchored_semi_synthetic_evidence,sample data/Accounting_ERP_May_2026.csv,3c59da1c10c67ab974dfd204b737402aff1c28d748665949942579fb5fb1a2fd,716,1.0.0
INV20260500716,JV20260500716,SO20260500716,2026-05-03,DN-HC,NV007,Tiền mặt,AC-A7840C,Máy lạnh,Mitsubishi 1.5HP,Panasonic,2,13337064,0.05,25340421,0.08,2027233,27367654,9397000,18794000,6546421,0.2583,27367654,25340421,2027233,18794000,18794000,131-Phải thu khách hàng,511-Doanh thu bán hàng,3331-Thuế GTGT đầu ra,632-Giá vốn hàng bán,156-Hàng hóa,commerce_distribution_erp_scenario_v1,LIGHTBI_SCENARIO_ENTITY_001,VND,all_declared_accounting_money_columns,Asia/Ho_Chi_Minh,authentic_anchored_semi_synthetic_evidence,sample data/Accounting_ERP_May_2026.csv,3c59da1c10c67ab974dfd204b737402aff1c28d748665949942579fb5fb1a2fd,717,1.0.0
INV20260500717,JV20260500717,SO20260500717,2026-05-23,CT-NK,NV020,Chuyển khoản,TV-DD0514,TV,"Samsung 55"" 4K",Mitsubishi,1,10499214,0.04,10079245,0.08,806339,10885584,8627000,8627000,1452245,0.1441,10885584,10079245,806339,8627000,8627000,131-Phải thu khách hàng,511-Doanh thu bán hàng,3331-Thuế GTGT đầu ra,632-Giá vốn hàng bán,156-Hàng hóa,commerce_distribution_erp_scenario_v1,LIGHTBI_SCENARIO_ENTITY_001,VND,all_declared_accounting_money_columns,Asia/Ho_Chi_Minh,authentic_anchored_semi_synthetic_evidence,sample data/Accounting_ERP_May_2026.csv,3c59da1c10c67ab974dfd204b737402aff1c28d748665949942579fb5fb1a2fd,718,1.0.0
INV20260500718,JV20260500718,SO20260500718,2026-05-23,HN-CG,NV020,Trả góp,TV-91B89E,TV,"TCL 50""",Toshiba,3,11253959,0.1,30385689,0.08,2430855,32816544,9259000,27777000,2608689,0.0859,32816544,30385689,2430855,27777000,27777000,131-Phải thu khách hàng,511-Doanh thu bán hàng,3331-Thuế GTGT đầu ra,632-Giá vốn hàng bán,156-Hàng hóa,commerce_distribution_erp_scenario_v1,LIGHTBI_SCENARIO_ENTITY_001,VND,all_declared_accounting_money_columns,Asia/Ho_Chi_Minh,authentic_anchored_semi_synthetic_evidence,sample data/Accounting_ERP_May_2026.csv,3c59da1c10c67ab974dfd204b737402aff1c28d748665949942579fb5fb1a2fd,719,1.0.0
INV20260500719,JV20260500719,SO20260500719,2026-05-11,HN-HBT,NV021,Trả góp,AC-75386E,Máy lạnh,Mitsubishi 1.5HP,Cuckoo,3,12800518,0.18,31489274,0.08,2519141,34008415,10262000,30786000,703274,0.0223,34008415,31489274,2519141,30786000,30786000,131-Phải thu khách hàng,511-Doanh thu bán hàng,3331-Thuế GTGT đầu ra,632-Giá vốn hàng bán,156-Hàng hóa,commerce_distribution_erp_scenario_v1,LIGHTBI_SCENARIO_ENTITY_001,VND,all_declared_accounting_money_columns,Asia/Ho_Chi_Minh,authentic_anchored_semi_synthetic_evidence,sample data/Accounting_ERP_May_2026.csv,3c59da1c10c67ab974dfd204b737402aff1c28d748665949942579fb5fb1a2fd,720,1.0.0
INV20260500720,JV20260500720,SO20260500720,2026-05-15,HN-CG,NV030,Chuyển khoản,VC-FA3352,Máy hút bụi,Dyson V8,Aqua,1,10042466,0.06,9439918,0.08,755193,10195111,7390000,7390000,2049918,0.2172,10195111,9439918,755193,7390000,7390000,131-Phải thu khách hàng,511-Doanh thu bán hàng,3331-Thuế GTGT đầu ra,632-Giá vốn hàng bán,156-Hàng hóa,commerce_distribution_erp_scenario_v1,LIGHTBI_SCENARIO_ENTITY_001,VND,all_declared_accounting_money_columns,Asia/Ho_Chi_Minh,authentic_anchored_semi_synthetic_evidence,sample data/Accounting_ERP_May_2026.csv,3c59da1c10c67ab974dfd204b737402aff1c28d748665949942579fb5fb1a2fd,721,1.0.0
INV20260500721,JV20260500721,SO20260500721,2026-05-29,HN-CG,NV028,Trả góp,RF-5ECF76,Tủ lạnh,LG 420L,Mitsubishi,3,16682584,0.19,40538679,0.08,3243094,43781773,12442000,37326000,3212679,0.0792,43781773,40538679,3243094,37326000,37326000,131-Phải thu khách hàng,511-Doanh thu bán hàng,3331-Thuế GTGT đầu ra,632-Giá vốn hàng bán,156-Hàng hóa,commerce_distribution_erp_scenario_v1,LIGHTBI_SCENARIO_ENTITY_001,VND,all_declared_accounting_money_columns,Asia/Ho_Chi_Minh,authentic_anchored_semi_synthetic_evidence,sample data/Accounting_ERP_May_2026.csv,3c59da1c10c67ab974dfd204b737402aff1c28d748665949942579fb5fb1a2fd,722,1.0.0
INV20260500722,JV20260500722,SO20260500722,2026-05-28,CT-NK,NV012,Trả góp,VC-90E8C9,Máy hút bụi,Xiaomi G10,Electrolux,2,4173897,0.13,7262580,0.08,581006,7843586,2617000,5234000,2028580,0.2793,7843586,7262580,581006,5234000,5234000,131-Phải thu khách hàng,511-Doanh thu bán hàng,3331-Thuế GTGT đầu ra,632-Giá vốn hàng bán,156-Hàng hóa,commerce_distribution_erp_scenario_v1,LIGHTBI_SCENARIO_ENTITY_001,VND,all_declared_accounting_money_columns,Asia/Ho_Chi_Minh,authentic_anchored_semi_synthetic_evidence,sample data/Accounting_ERP_May_2026.csv,3c59da1c10c67ab974dfd204b737402aff1c28d748665949942579fb5fb1a2fd,723,1.0.0
INV20260500723,JV20260500723,SO20260500723,2026-05-16,HCM-Q1,NV014,Trả góp,WM-65B7F8,Máy giặt,Samsung 10kg,Sony,1,14621792,0.05,13890702,0.08,1111256,15001958,11308000,11308000,2582702,0.1859,15001958,13890702,1111256,11308000,11308000,131-Phải thu khách hàng,511-Doanh thu bán hàng,3331-Thuế GTGT đầu ra,632-Giá vốn hàng bán,156-Hàng hóa,commerce_distribution_erp_scenario_v1,LIGHTBI_SCENARIO_ENTITY_001,VND,all_declared_accounting_money_columns,Asia/Ho_Chi_Minh,authentic_anchored_semi_synthetic_evidence,sample data/Accounting_ERP_May_2026.csv,3c59da1c10c67ab974dfd204b737402aff1c28d748665949942579fb5fb1a2fd,724,1.0.0
INV20260500724,JV20260500724,SO20260500724,2026-05-06,HN-CG,NV017,Ví điện tử,AC-B3192D,Máy lạnh,Panasonic 1.5HP,Panasonic,3,13356969,0.15,34060270,0.08,2724821,36785091,9351000,28053000,6007270,0.1764,36785091,34060270,2724821,28053000,28053000,131-Phải thu khách hàng,511-Doanh thu bán hàng,3331-Thuế GTGT đầu ra,632-Giá vốn hàng bán,156-Hàng hóa,commerce_distribution_erp_scenario_v1,LIGHTBI_SCENARIO_ENTITY_001,VND,all_declared_accounting_money_columns,Asia/Ho_Chi_Minh,authentic_anchored_semi_synthetic_evidence,sample data/Accounting_ERP_May_2026.csv,3c59da1c10c67ab974dfd204b737402aff1c28d748665949942579fb5fb1a2fd,725,1.0.0
INV20260500725,JV20260500725,SO20260500725,2026-05-28,HCM-Q1,NV021,Chuyển khoản,FN-0333B4,Quạt,Asia,Daikin,2,1380175,0.02,2705143,0.08,216411,2921554,800000,1600000,1105143,0.4085,2921554,2705143,216411,1600000,1600000,131-Phải thu khách hàng,511-Doanh thu bán hàng,3331-Thuế GTGT đầu ra,632-Giá vốn hàng bán,156-Hàng hóa,commerce_distribution_erp_scenario_v1,LIGHTBI_SCENARIO_ENTITY_001,VND,all_declared_accounting_money_columns,Asia/Ho_Chi_Minh,authentic_anchored_semi_synthetic_evidence,sample data/Accounting_ERP_May_2026.csv,3c59da1c10c67ab974dfd204b737402aff1c28d748665949942579fb5fb1a2fd,726,1.0.0
INV20260500726,JV20260500726,SO20260500726,2026-05-23,DN-HC,NV007,Thẻ,RC-189134,Nồi cơm,Sunhouse 1.2L,Samsung,1,693503,0.15,589477,0.08,47158,636635,519000,519000,70477,0.1196,636635,589477,47158,519000,519000,131-Phải thu khách hàng,511-Doanh thu bán hàng,3331-Thuế GTGT đầu ra,632-Giá vốn hàng bán,156-Hàng hóa,commerce_distribution_erp_scenario_v1,LIGHTBI_SCENARIO_ENTITY_001,VND,all_declared_accounting_money_columns,Asia/Ho_Chi_Minh,authentic_anchored_semi_synthetic_evidence,sample data/Accounting_ERP_May_2026.csv,3c59da1c10c67ab974dfd204b737402aff1c28d748665949942579fb5fb1a2fd,727,1.0.0
INV20260500727,JV20260500727,SO20260500727,2026-05-22,CT-NK,NV012,Thẻ,VC-09CEE7,Máy hút bụi,Dyson V8,Philips,3,9210784,0.01,27356028,0.08,2188482,29544510,5672000,17016000,10340028,0.378,29544510,27356028,2188482,17016000,17016000,131-Phải thu khách hàng,511-Doanh thu bán hàng,3331-Thuế GTGT đầu ra,632-Giá vốn hàng bán,156-Hàng hóa,commerce_distribution_erp_scenario_v1,LIGHTBI_SCENARIO_ENTITY_001,VND,all_declared_accounting_money_columns,Asia/Ho_Chi_Minh,authentic_anchored_semi_synthetic_evidence,sample data/Accounting_ERP_May_2026.csv,3c59da1c10c67ab974dfd204b737402aff1c28d748665949942579fb5fb1a2fd,728,1.0.0
INV20260500728,JV20260500728,SO20260500728,2026-05-23,HCM-Q7,NV020,Trả góp,TV-3C8911,TV,LG OLED 48,Sharp,1,33733915,0.07,31372540,0.08,2509803,33882343,27115000,27115000,4257540,0.1357,33882343,31372540,2509803,27115000,27115000,131-Phải thu khách hàng,511-Doanh thu bán hàng,3331-Thuế GTGT đầu ra,632-Giá vốn hàng bán,156-Hàng hóa,commerce_distribution_erp_scenario_v1,LIGHTBI_SCENARIO_ENTITY_001,VND,all_declared_accounting_money_columns,Asia/Ho_Chi_Minh,authentic_anchored_semi_synthetic_evidence,sample data/Accounting_ERP_May_2026.csv,3c59da1c10c67ab974dfd204b737402aff1c28d748665949942579fb5fb1a2fd,729,1.0.0
INV20260500729,JV20260500729,SO20260500729,2026-05-11,CT-NK,NV020,Chuyển khoản,RF-E1EA3E,Tủ lạnh,Samsung Inverter 350L,Sunhouse,3,7323745,0.03,21312097,0.08,1704967,23017064,5662000,16986000,4326097,0.203,23017064,21312097,1704967,16986000,16986000,131-Phải thu khách hàng,511-Doanh thu bán hàng,3331-Thuế GTGT đầu ra,632-Giá vốn hàng bán,156-Hàng hóa,commerce_distribution_erp_scenario_v1,LIGHTBI_SCENARIO_ENTITY_001,VND,all_declared_accounting_money_columns,Asia/Ho_Chi_Minh,authentic_anchored_semi_synthetic_evidence,sample data/Accounting_ERP_May_2026.csv,3c59da1c10c67ab974dfd204b737402aff1c28d748665949942579fb5fb1a2fd,730,1.0.0
INV20260500730,JV20260500730,SO20260500730,2026-05-28,HCM-Q1,NV027,Ví điện tử,TV-3D03C9,TV,"Samsung 55"" 4K",Senko,1,13676060,0.04,13129017,0.08,1050321,14179338,11795000,11795000,1334017,0.1016,14179338,13129017,1050321,11795000,11795000,131-Phải thu khách hàng,511-Doanh thu bán hàng,3331-Thuế GTGT đầu ra,632-Giá vốn hàng bán,156-Hàng hóa,commerce_distribution_erp_scenario_v1,LIGHTBI_SCENARIO_ENTITY_001,VND,all_declared_accounting_money_columns,Asia/Ho_Chi_Minh,authentic_anchored_semi_synthetic_evidence,sample data/Accounting_ERP_May_2026.csv,3c59da1c10c67ab974dfd204b737402aff1c28d748665949942579fb5fb1a2fd,731,1.0.0
INV20260500731,JV20260500731,SO20260500731,2026-05-08,HN-CG,NV011,Chuyển khoản,TV-0CE747,TV,"Sony 65""",Casper,2,20861776,0.05,39637374,0.08,3170989,42808363,16923000,33846000,5791374,0.1461,42808363,39637374,3170989,33846000,33846000,131-Phải thu khách hàng,511-Doanh thu bán hàng,3331-Thuế GTGT đầu ra,632-Giá vốn hàng bán,156-Hàng hóa,commerce_distribution_erp_scenario_v1,LIGHTBI_SCENARIO_ENTITY_001,VND,all_declared_accounting_money_columns,Asia/Ho_Chi_Minh,authentic_anchored_semi_synthetic_evidence,sample data/Accounting_ERP_May_2026.csv,3c59da1c10c67ab974dfd204b737402aff1c28d748665949942579fb5fb1a2fd,732,1.0.0
INV20260500732,JV20260500732,SO20260500732,2026-05-24,HN-HBT,NV016,Thẻ,AC-B03170,Máy lạnh,Casper 1HP,Casper,1,7494077,0.14,6444906,0.08,515592,6960498,5514000,5514000,930906,0.1444,6960498,6444906,515592,5514000,5514000,131-Phải thu khách hàng,511-Doanh thu bán hàng,3331-Thuế GTGT đầu ra,632-Giá vốn hàng bán,156-Hàng hóa,commerce_distribution_erp_scenario_v1,LIGHTBI_SCENARIO_ENTITY_001,VND,all_declared_accounting_money_columns,Asia/Ho_Chi_Minh,authentic_anchored_semi_synthetic_evidence,sample data/Accounting_ERP_May_2026.csv,3c59da1c10c67ab974dfd204b737402aff1c28d748665949942579fb5fb1a2fd,733,1.0.0
INV20260500733,JV20260500733,SO20260500733,2026-05-27,HCM-Q1,NV023,Chuyển khoản,WM-345051,Máy giặt,LG 9kg,Senko,3,17362174,0.06,48961330,0.08,3916906,52878236,13942000,41826000,7135330,0.1457,52878236,48961330,3916906,41826000,41826000,131-Phải thu khách hàng,511-Doanh thu bán hàng,3331-Thuế GTGT đầu ra,632-Giá vốn hàng bán,156-Hàng hóa,commerce_distribution_erp_scenario_v1,LIGHTBI_SCENARIO_ENTITY_001,VND,all_declared_accounting_money_columns,Asia/Ho_Chi_Minh,authentic_anchored_semi_synthetic_evidence,sample data/Accounting_ERP_May_2026.csv,3c59da1c10c67ab974dfd204b737402aff1c28d748665949942579fb5fb1a2fd,734,1.0.0
INV20260500734,JV20260500734,SO20260500734,2026-05-29,HCM-Q7,NV020,Trả góp,FN-A4A668,Quạt,Asia,Cuckoo,3,457006,0.18,1124234,0.08,89938,1214172,293000,879000,245234,0.2181,1214172,1124234,89938,879000,879000,131-Phải thu khách hàng,511-Doanh thu bán hàng,3331-Thuế GTGT đầu ra,632-Giá vốn hàng bán,156-Hàng hóa,commerce_distribution_erp_scenario_v1,LIGHTBI_SCENARIO_ENTITY_001,VND,all_declared_accounting_money_columns,Asia/Ho_Chi_Minh,authentic_anchored_semi_synthetic_evidence,sample data/Accounting_ERP_May_2026.csv,3c59da1c10c67ab974dfd204b737402aff1c28d748665949942579fb5fb1a2fd,735,1.0.0
INV20260500735,JV20260500735,SO20260500735,2026-05-01,DN-HC,NV020,Tiền mặt,BL-958487,Máy xay,Philips Blender,Toshiba,1,2623492,0.18,2151263,0.08,172101,2323364,1549000,1549000,602263,0.28,2323364,2151263,172101,1549000,1549000,131-Phải thu khách hàng,511-Doanh thu bán hàng,3331-Thuế GTGT đầu ra,632-Giá vốn hàng bán,156-Hàng hóa,commerce_distribution_erp_scenario_v1,LIGHTBI_SCENARIO_ENTITY_001,VND,all_declared_accounting_money_columns,Asia/Ho_Chi_Minh,authentic_anchored_semi_synthetic_evidence,sample data/Accounting_ERP_May_2026.csv,3c59da1c10c67ab974dfd204b737402aff1c28d748665949942579fb5fb1a2fd,736,1.0.0
INV20260500736,JV20260500736,SO20260500736,2026-05-06,HCM-Q7,NV028,Thẻ,BL-CB9EBE,Máy xay,Philips Blender,Philips,1,2645108,0.05,2512852,0.08,201028,2713880,1840000,1840000,672852,0.2678,2713880,2512852,201028,1840000,1840000,131-Phải thu khách hàng,511-Doanh thu bán hàng,3331-Thuế GTGT đầu ra,632-Giá vốn hàng bán,156-Hàng hóa,commerce_distribution_erp_scenario_v1,LIGHTBI_SCENARIO_ENTITY_001,VND,all_declared_accounting_money_columns,Asia/Ho_Chi_Minh,authentic_anchored_semi_synthetic_evidence,sample data/Accounting_ERP_May_2026.csv,3c59da1c10c67ab974dfd204b737402aff1c28d748665949942579fb5fb1a2fd,737,1.0.0
INV20260500737,JV20260500737,SO20260500737,2026-05-02,HCM-Q1,NV023,Tiền mặt,TV-74BDA3,TV,LG OLED 48,Sunhouse,1,22434704,0.13,19518192,0.08,1561455,21079647,17315000,17315000,2203192,0.1129,21079647,19518192,1561455,17315000,17315000,131-Phải thu khách hàng,511-Doanh thu bán hàng,3331-Thuế GTGT đầu ra,632-Giá vốn hàng bán,156-Hàng hóa,commerce_distribution_erp_scenario_v1,LIGHTBI_SCENARIO_ENTITY_001,VND,all_declared_accounting_money_columns,Asia/Ho_Chi_Minh,authentic_anchored_semi_synthetic_evidence,sample data/Accounting_ERP_May_2026.csv,3c59da1c10c67ab974dfd204b737402aff1c28d748665949942579fb5fb1a2fd,738,1.0.0
INV20260500738,JV20260500738,SO20260500738,2026-05-22,HN-HBT,NV027,Tiền mặt,FN-A270E1,Quạt,Asia,Sony,2,1805544,0.19,2924981,0.08,233998,3158979,1252000,2504000,420981,0.1439,3158979,2924981,233998,2504000,2504000,131-Phải thu khách hàng,511-Doanh thu bán hàng,3331-Thuế GTGT đầu ra,632-Giá vốn hàng bán,156-Hàng hóa,commerce_distribution_erp_scenario_v1,LIGHTBI_SCENARIO_ENTITY_001,VND,all_declared_accounting_money_columns,Asia/Ho_Chi_Minh,authentic_anchored_semi_synthetic_evidence,sample data/Accounting_ERP_May_2026.csv,3c59da1c10c67ab974dfd204b737402aff1c28d748665949942579fb5fb1a2fd,739,1.0.0
INV20260500739,JV20260500739,SO20260500739,2026-05-16,HCM-TB,NV013,Chuyển khoản,WM-41CB2E,Máy giặt,Panasonic 8.5kg,Toshiba,2,15162759,0.08,27899476,0.08,2231958,30131434,12654000,25308000,2591476,0.0929,30131434,27899476,2231958,25308000,25308000,131-Phải thu khách hàng,511-Doanh thu bán hàng,3331-Thuế GTGT đầu ra,632-Giá vốn hàng bán,156-Hàng hóa,commerce_distribution_erp_scenario_v1,LIGHTBI_SCENARIO_ENTITY_001,VND,all_declared_accounting_money_columns,Asia/Ho_Chi_Minh,authentic_anchored_semi_synthetic_evidence,sample data/Accounting_ERP_May_2026.csv,3c59da1c10c67ab974dfd204b737402aff1c28d748665949942579fb5fb1a2fd,740,1.0.0
INV20260500740,JV20260500740,SO20260500740,2026-05-27,HN-CG,NV015,Ví điện tử,MW-278BC7,Lò vi sóng,Electrolux 23L,Mitsubishi,2,2331277,0.15,3963170,0.08,317053,4280223,1793000,3586000,377170,0.0952,4280223,3963170,317053,3586000,3586000,131-Phải thu khách hàng,511-Doanh thu bán hàng,3331-Thuế GTGT đầu ra,632-Giá vốn hàng bán,156-Hàng hóa,commerce_distribution_erp_scenario_v1,LIGHTBI_SCENARIO_ENTITY_001,VND,all_declared_accounting_money_columns,Asia/Ho_Chi_Minh,authentic_anchored_semi_synthetic_evidence,sample data/Accounting_ERP_May_2026.csv,3c59da1c10c67ab974dfd204b737402aff1c28d748665949942579fb5fb1a2fd,741,1.0.0
INV20260500741,JV20260500741,SO20260500741,2026-05-01,HCM-Q1,NV021,Thẻ,MW-D098CC,Lò vi sóng,Sharp 20L,Mitsubishi,2,1339495,0.04,2571830,0.08,205746,2777576,830000,1660000,911830,0.3545,2777576,2571830,205746,1660000,1660000,131-Phải thu khách hàng,511-Doanh thu bán hàng,3331-Thuế GTGT đầu ra,632-Giá vốn hàng bán,156-Hàng hóa,commerce_distribution_erp_scenario_v1,LIGHTBI_SCENARIO_ENTITY_001,VND,all_declared_accounting_money_columns,Asia/Ho_Chi_Minh,authentic_anchored_semi_synthetic_evidence,sample data/Accounting_ERP_May_2026.csv,3c59da1c10c67ab974dfd204b737402aff1c28d748665949942579fb5fb1a2fd,742,1.0.0
INV20260500742,JV20260500742,SO20260500742,2026-05-01,BD-TDM,NV014,Thẻ,WM-917ACE,Máy giặt,Panasonic 8.5kg,Philips,3,17048437,0.08,47053686,0.08,3764294,50817980,13165000,39495000,7558686,0.1606,50817980,47053686,3764294,39495000,39495000,131-Phải thu khách hàng,511-Doanh thu bán hàng,3331-Thuế GTGT đầu ra,632-Giá vốn hàng bán,156-Hàng hóa,commerce_distribution_erp_scenario_v1,LIGHTBI_SCENARIO_ENTITY_001,VND,all_declared_accounting_money_columns,Asia/Ho_Chi_Minh,authentic_anchored_semi_synthetic_evidence,sample data/Accounting_ERP_May_2026.csv,3c59da1c10c67ab974dfd204b737402aff1c28d748665949942579fb5fb1a2fd,743,1.0.0
INV20260500743,JV20260500743,SO20260500743,2026-05-21,HCM-Q7,NV013,Thẻ,TV-249EF8,TV,"Samsung 55"" 4K",Samsung,1,28415074,0.18,23300360,0.08,1864028,25164388,22502000,22502000,798360,0.0343,25164388,23300360,1864028,22502000,22502000,131-Phải thu khách hàng,511-Doanh thu bán hàng,3331-Thuế GTGT đầu ra,632-Giá vốn hàng bán,156-Hàng hóa,commerce_distribution_erp_scenario_v1,LIGHTBI_SCENARIO_ENTITY_001,VND,all_declared_accounting_money_columns,Asia/Ho_Chi_Minh,authentic_anchored_semi_synthetic_evidence,sample data/Accounting_ERP_May_2026.csv,3c59da1c10c67ab974dfd204b737402aff1c28d748665949942579fb5fb1a2fd,744,1.0.0
INV20260500744,JV20260500744,SO20260500744,2026-05-28,HCM-Q7,NV003,Thẻ,BL-A4802F,Máy xay,Philips Blender,Daikin,2,2967558,0.18,4866795,0.08,389343,5256138,1870000,3740000,1126795,0.2315,5256138,4866795,389343,3740000,3740000,131-Phải thu khách hàng,511-Doanh thu bán hàng,3331-Thuế GTGT đầu ra,632-Giá vốn hàng bán,156-Hàng hóa,commerce_distribution_erp_scenario_v1,LIGHTBI_SCENARIO_ENTITY_001,VND,all_declared_accounting_money_columns,Asia/Ho_Chi_Minh,authentic_anchored_semi_synthetic_evidence,sample data/Accounting_ERP_May_2026.csv,3c59da1c10c67ab974dfd204b737402aff1c28d748665949942579fb5fb1a2fd,745,1.0.0
INV20260500745,JV20260500745,SO20260500745,2026-05-10,HN-CG,NV002,Trả góp,AC-50CBA5,Máy lạnh,Daikin 1HP,Aqua,2,9626221,0.1,17327197,0.08,1386175,18713372,7482000,14964000,2363197,0.1364,18713372,17327197,1386175,14964000,14964000,131-Phải thu khách hàng,511-Doanh thu bán hàng,3331-Thuế GTGT đầu ra,632-Giá vốn hàng bán,156-Hàng hóa,commerce_distribution_erp_scenario_v1,LIGHTBI_SCENARIO_ENTITY_001,VND,all_declared_accounting_money_columns,Asia/Ho_Chi_Minh,authentic_anchored_semi_synthetic_evidence,sample data/Accounting_ERP_May_2026.csv,3c59da1c10c67ab974dfd204b737402aff1c28d748665949942579fb5fb1a2fd,746,1.0.0
INV20260500746,JV20260500746,SO20260500746,2026-05-03,HCM-Q1,NV030,Tiền mặt,VC-EF7A18,Máy hút bụi,Xiaomi G10,Aqua,1,4947802,0.06,4650933,0.08,372074,5023007,3321000,3321000,1329933,0.2859,5023007,4650933,372074,3321000,3321000,131-Phải thu khách hàng,511-Doanh thu bán hàng,3331-Thuế GTGT đầu ra,632-Giá vốn hàng bán,156-Hàng hóa,commerce_distribution_erp_scenario_v1,LIGHTBI_SCENARIO_ENTITY_001,VND,all_declared_accounting_money_columns,Asia/Ho_Chi_Minh,authentic_anchored_semi_synthetic_evidence,sample data/Accounting_ERP_May_2026.csv,3c59da1c10c67ab974dfd204b737402aff1c28d748665949942579fb5fb1a2fd,747,1.0.0
INV20260500747,JV20260500747,SO20260500747,2026-05-30,CT-NK,NV010,Thẻ,RF-742B7E,Tủ lạnh,Samsung Inverter 350L,Asia,1,16114871,0.13,14019937,0.08,1121594,15141531,12266000,12266000,1753937,0.1251,15141531,14019937,1121594,12266000,12266000,131-Phải thu khách hàng,511-Doanh thu bán hàng,3331-Thuế GTGT đầu ra,632-Giá vốn hàng bán,156-Hàng hóa,commerce_distribution_erp_scenario_v1,LIGHTBI_SCENARIO_ENTITY_001,VND,all_declared_accounting_money_columns,Asia/Ho_Chi_Minh,authentic_anchored_semi_synthetic_evidence,sample data/Accounting_ERP_May_2026.csv,3c59da1c10c67ab974dfd204b737402aff1c28d748665949942579fb5fb1a2fd,748,1.0.0
INV20260500748,JV20260500748,SO20260500748,2026-05-19,HCM-TB,NV006,Ví điện tử,RC-23C464,Nồi cơm,Sharp 1.8L,Xiaomi,3,1369535,0.11,3656658,0.08,292532,3949190,968000,2904000,752658,0.2058,3949190,3656658,292532,2904000,2904000,131-Phải thu khách hàng,511-Doanh thu bán hàng,3331-Thuế GTGT đầu ra,632-Giá vốn hàng bán,156-Hàng hóa,commerce_distribution_erp_scenario_v1,LIGHTBI_SCENARIO_ENTITY_001,VND,all_declared_accounting_money_columns,Asia/Ho_Chi_Minh,authentic_anchored_semi_synthetic_evidence,sample data/Accounting_ERP_May_2026.csv,3c59da1c10c67ab974dfd204b737402aff1c28d748665949942579fb5fb1a2fd,749,1.0.0
INV20260500749,JV20260500749,SO20260500749,2026-05-13,HN-CG,NV021,Trả góp,KT-4D110F,Ấm siêu tốc,Kangaroo,Toshiba,2,1458360,0.05,2770884,0.08,221670,2992554,857000,1714000,1056884,0.3814,2992554,2770884,221670,1714000,1714000,131-Phải thu khách hàng,511-Doanh thu bán hàng,3331-Thuế GTGT đầu ra,632-Giá vốn hàng bán,156-Hàng hóa,commerce_distribution_erp_scenario_v1,LIGHTBI_SCENARIO_ENTITY_001,VND,all_declared_accounting_money_columns,Asia/Ho_Chi_Minh,authentic_anchored_semi_synthetic_evidence,sample data/Accounting_ERP_May_2026.csv,3c59da1c10c67ab974dfd204b737402aff1c28d748665949942579fb5fb1a2fd,750,1.0.0
INV20260500750,JV20260500750,SO20260500750,2026-05-05,HCM-Q1,NV005,Chuyển khoản,TV-65B17D,TV,"Sony 65""",Samsung,3,21933818,0.16,55273221,0.08,4421857,59695078,17439000,52317000,2956221,0.0535,59695078,55273221,4421857,52317000,52317000,131-Phải thu khách hàng,511-Doanh thu bán hàng,3331-Thuế GTGT đầu ra,632-Giá vốn hàng bán,156-Hàng hóa,commerce_distribution_erp_scenario_v1,LIGHTBI_SCENARIO_ENTITY_001,VND,all_declared_accounting_money_columns,Asia/Ho_Chi_Minh,authentic_anchored_semi_synthetic_evidence,sample data/Accounting_ERP_May_2026.csv,3c59da1c10c67ab974dfd204b737402aff1c28d748665949942579fb5fb1a2fd,751,1.0.0
INV20260500751,JV20260500751,SO20260500751,2026-05-11,HN-HBT,NV011,Ví điện tử,VC-933DDD,Máy hút bụi,Philips FC,Sharp,2,11551826,0.17,19176031,0.08,1534082,20710113,8932000,17864000,1312031,0.0684,20710113,19176031,1534082,17864000,17864000,131-Phải thu khách hàng,511-Doanh thu bán hàng,3331-Thuế GTGT đầu ra,632-Giá vốn hàng bán,156-Hàng hóa,commerce_distribution_erp_scenario_v1,LIGHTBI_SCENARIO_ENTITY_001,VND,all_declared_accounting_money_columns,Asia/Ho_Chi_Minh,authentic_anchored_semi_synthetic_evidence,sample data/Accounting_ERP_May_2026.csv,3c59da1c10c67ab974dfd204b737402aff1c28d748665949942579fb5fb1a2fd,752,1.0.0
INV20260500752,JV20260500752,SO20260500752,2026-05-07,HCM-TB,NV007,Chuyển khoản,WM-781AD9,Máy giặt,Samsung 10kg,Sharp,2,11967112,0.02,23455539,0.08,1876443,25331982,10062000,20124000,3331539,0.142,25331982,23455539,1876443,20124000,20124000,131-Phải thu khách hàng,511-Doanh thu bán hàng,3331-Thuế GTGT đầu ra,632-Giá vốn hàng bán,156-Hàng hóa,commerce_distribution_erp_scenario_v1,LIGHTBI_SCENARIO_ENTITY_001,VND,all_declared_accounting_money_columns,Asia/Ho_Chi_Minh,authentic_anchored_semi_synthetic_evidence,sample data/Accounting_ERP_May_2026.csv,3c59da1c10c67ab974dfd204b737402aff1c28d748665949942579fb5fb1a2fd,753,1.0.0
INV20260500753,JV20260500753,SO20260500753,2026-05-20,HCM-TB,NV028,Chuyển khoản,AC-DF5234,Máy lạnh,Daikin 1HP,Asia,3,14118197,0.02,41507499,0.08,3320599,44828098,10630000,31890000,9617499,0.2317,44828098,41507499,3320599,31890000,31890000,131-Phải thu khách hàng,511-Doanh thu bán hàng,3331-Thuế GTGT đầu ra,632-Giá vốn hàng bán,156-Hàng hóa,commerce_distribution_erp_scenario_v1,LIGHTBI_SCENARIO_ENTITY_001,VND,all_declared_accounting_money_columns,Asia/Ho_Chi_Minh,authentic_anchored_semi_synthetic_evidence,sample data/Accounting_ERP_May_2026.csv,3c59da1c10c67ab974dfd204b737402aff1c28d748665949942579fb5fb1a2fd,754,1.0.0
INV20260500754,JV20260500754,SO20260500754,2026-05-29,HN-HBT,NV003,Ví điện tử,TV-DE1879,TV,"Samsung 55"" 4K",Asia,2,26837208,0.11,47770230,0.08,3821618,51591848,20944000,41888000,5882230,0.1231,51591848,47770230,3821618,41888000,41888000,131-Phải thu khách hàng,511-Doanh thu bán hàng,3331-Thuế GTGT đầu ra,632-Giá vốn hàng bán,156-Hàng hóa,commerce_distribution_erp_scenario_v1,LIGHTBI_SCENARIO_ENTITY_001,VND,all_declared_accounting_money_columns,Asia/Ho_Chi_Minh,authentic_anchored_semi_synthetic_evidence,sample data/Accounting_ERP_May_2026.csv,3c59da1c10c67ab974dfd204b737402aff1c28d748665949942579fb5fb1a2fd,755,1.0.0
INV20260500755,JV20260500755,SO20260500755,2026-05-21,HN-HBT,NV008,Chuyển khoản,BL-8778AF,Máy xay,Philips Blender,Mitsubishi,1,1972666,0.08,1814852,0.08,145188,1960040,1197000,1197000,617852,0.3404,1960040,1814852,145188,1197000,1197000,131-Phải thu khách hàng,511-Doanh thu bán hàng,3331-Thuế GTGT đầu ra,632-Giá vốn hàng bán,156-Hàng hóa,commerce_distribution_erp_scenario_v1,LIGHTBI_SCENARIO_ENTITY_001,VND,all_declared_accounting_money_columns,Asia/Ho_Chi_Minh,authentic_anchored_semi_synthetic_evidence,sample data/Accounting_ERP_May_2026.csv,3c59da1c10c67ab974dfd204b737402aff1c28d748665949942579fb5fb1a2fd,756,1.0.0
INV20260500756,JV20260500756,SO20260500756,2026-05-20,HCM-Q1,NV026,Trả góp,RF-42BDE8,Tủ lạnh,LG 420L,Senko,2,18166057,0.01,35968792,0.08,2877503,38846295,14948000,29896000,6072792,0.1688,38846295,35968792,2877503,29896000,29896000,131-Phải thu khách hàng,511-Doanh thu bán hàng,3331-Thuế GTGT đầu ra,632-Giá vốn hàng bán,156-Hàng hóa,commerce_distribution_erp_scenario_v1,LIGHTBI_SCENARIO_ENTITY_001,VND,all_declared_accounting_money_columns,Asia/Ho_Chi_Minh,authentic_anchored_semi_synthetic_evidence,sample data/Accounting_ERP_May_2026.csv,3c59da1c10c67ab974dfd204b737402aff1c28d748665949942579fb5fb1a2fd,757,1.0.0
INV20260500757,JV20260500757,SO20260500757,2026-05-30,CT-NK,NV016,Thẻ,VC-87EB59,Máy hút bụi,Dyson V8,Sony,2,4661916,0.05,8857640,0.08,708611,9566251,3483000,6966000,1891640,0.2136,9566251,8857640,708611,6966000,6966000,131-Phải thu khách hàng,511-Doanh thu bán hàng,3331-Thuế GTGT đầu ra,632-Giá vốn hàng bán,156-Hàng hóa,commerce_distribution_erp_scenario_v1,LIGHTBI_SCENARIO_ENTITY_001,VND,all_declared_accounting_money_columns,Asia/Ho_Chi_Minh,authentic_anchored_semi_synthetic_evidence,sample data/Accounting_ERP_May_2026.csv,3c59da1c10c67ab974dfd204b737402aff1c28d748665949942579fb5fb1a2fd,758,1.0.0
INV20260500758,JV20260500758,SO20260500758,2026-05-29,HCM-Q1,NV002,Tiền mặt,FN-63D039,Quạt,Asia,Mitsubishi,1,1564205,0.19,1267006,0.08,101360,1368366,930000,930000,337006,0.266,1368366,1267006,101360,930000,930000,131-Phải thu khách hàng,511-Doanh thu bán hàng,3331-Thuế GTGT đầu ra,632-Giá vốn hàng bán,156-Hàng hóa,commerce_distribution_erp_scenario_v1,LIGHTBI_SCENARIO_ENTITY_001,VND,all_declared_accounting_money_columns,Asia/Ho_Chi_Minh,authentic_anchored_semi_synthetic_evidence,sample data/Accounting_ERP_May_2026.csv,3c59da1c10c67ab974dfd204b737402aff1c28d748665949942579fb5fb1a2fd,759,1.0.0
INV20260500759,JV20260500759,SO20260500759,2026-05-05,DN-HC,NV011,Trả góp,AC-AF103F,Máy lạnh,Daikin 1HP,Senko,2,13557598,0.09,24674828,0.08,1973986,26648814,10137000,20274000,4400828,0.1784,26648814,24674828,1973986,20274000,20274000,131-Phải thu khách hàng,511-Doanh thu bán hàng,3331-Thuế GTGT đầu ra,632-Giá vốn hàng bán,156-Hàng hóa,commerce_distribution_erp_scenario_v1,LIGHTBI_SCENARIO_ENTITY_001,VND,all_declared_accounting_money_columns,Asia/Ho_Chi_Minh,authentic_anchored_semi_synthetic_evidence,sample data/Accounting_ERP_May_2026.csv,3c59da1c10c67ab974dfd204b737402aff1c28d748665949942579fb5fb1a2fd,760,1.0.0
INV20260500760,JV20260500760,SO20260500760,2026-05-24,CT-NK,NV027,Thẻ,WM-0EC5E7,Máy giặt,Toshiba 9kg,Sony,3,17177641,0.03,49986935,0.08,3998954,53985889,14106000,42318000,7668935,0.1534,53985889,49986935,3998954,42318000,42318000,131-Phải thu khách hàng,511-Doanh thu bán hàng,3331-Thuế GTGT đầu ra,632-Giá vốn hàng bán,156-Hàng hóa,commerce_distribution_erp_scenario_v1,LIGHTBI_SCENARIO_ENTITY_001,VND,all_declared_accounting_money_columns,Asia/Ho_Chi_Minh,authentic_anchored_semi_synthetic_evidence,sample data/Accounting_ERP_May_2026.csv,3c59da1c10c67ab974dfd204b737402aff1c28d748665949942579fb5fb1a2fd,761,1.0.0
INV20260500761,JV20260500761,SO20260500761,2026-05-04,BD-TDM,NV001,Chuyển khoản,KT-A1FEF1,Ấm siêu tốc,Sunhouse,Xiaomi,3,1223107,0.11,3265695,0.08,261255,3526950,799000,2397000,868695,0.266,3526950,3265695,261255,2397000,2397000,131-Phải thu khách hàng,511-Doanh thu bán hàng,3331-Thuế GTGT đầu ra,632-Giá vốn hàng bán,156-Hàng hóa,commerce_distribution_erp_scenario_v1,LIGHTBI_SCENARIO_ENTITY_001,VND,all_declared_accounting_money_columns,Asia/Ho_Chi_Minh,authentic_anchored_semi_synthetic_evidence,sample data/Accounting_ERP_May_2026.csv,3c59da1c10c67ab974dfd204b737402aff1c28d748665949942579fb5fb1a2fd,762,1.0.0
INV20260500762,JV20260500762,SO20260500762,2026-05-13,HN-CG,NV017,Thẻ,WM-0EC5E7,Máy giặt,Toshiba 9kg,Sony,2,16559738,0.06,31132307,0.08,2490584,33622891,13952000,27904000,3228307,0.1037,33622891,31132307,2490584,27904000,27904000,131-Phải thu khách hàng,511-Doanh thu bán hàng,3331-Thuế GTGT đầu ra,632-Giá vốn hàng bán,156-Hàng hóa,commerce_distribution_erp_scenario_v1,LIGHTBI_SCENARIO_ENTITY_001,VND,all_declared_accounting_money_columns,Asia/Ho_Chi_Minh,authentic_anchored_semi_synthetic_evidence,sample data/Accounting_ERP_May_2026.csv,3c59da1c10c67ab974dfd204b737402aff1c28d748665949942579fb5fb1a2fd,763,1.0.0
INV20260500763,JV20260500763,SO20260500763,2026-05-12,CT-NK,NV009,Ví điện tử,MW-4DBCB2,Lò vi sóng,Sharp 20L,Daikin,2,3590797,0.06,6750698,0.08,540055,7290753,2277000,4554000,2196698,0.3254,7290753,6750698,540055,4554000,4554000,131-Phải thu khách hàng,511-Doanh thu bán hàng,3331-Thuế GTGT đầu ra,632-Giá vốn hàng bán,156-Hàng hóa,commerce_distribution_erp_scenario_v1,LIGHTBI_SCENARIO_ENTITY_001,VND,all_declared_accounting_money_columns,Asia/Ho_Chi_Minh,authentic_anchored_semi_synthetic_evidence,sample data/Accounting_ERP_May_2026.csv,3c59da1c10c67ab974dfd204b737402aff1c28d748665949942579fb5fb1a2fd,764,1.0.0
INV20260500764,JV20260500764,SO20260500764,2026-05-02,DN-HC,NV018,Tiền mặt,TV-1C16CC,TV,"Samsung 55"" 4K",Sony,1,24292535,0.19,19676953,0.08,1574156,21251109,19397000,19397000,279953,0.0142,21251109,19676953,1574156,19397000,19397000,131-Phải thu khách hàng,511-Doanh thu bán hàng,3331-Thuế GTGT đầu ra,632-Giá vốn hàng bán,156-Hàng hóa,commerce_distribution_erp_scenario_v1,LIGHTBI_SCENARIO_ENTITY_001,VND,all_declared_accounting_money_columns,Asia/Ho_Chi_Minh,authentic_anchored_semi_synthetic_evidence,sample data/Accounting_ERP_May_2026.csv,3c59da1c10c67ab974dfd204b737402aff1c28d748665949942579fb5fb1a2fd,765,1.0.0
INV20260500765,JV20260500765,SO20260500765,2026-05-25,HCM-TB,NV006,Chuyển khoản,AC-F47F82,Máy lạnh,Panasonic 1.5HP,LG,3,8418965,0.0,25256895,0.08,2020551,27277446,6825000,20475000,4781895,0.1893,27277446,25256895,2020551,20475000,20475000,131-Phải thu khách hàng,511-Doanh thu bán hàng,3331-Thuế GTGT đầu ra,632-Giá vốn hàng bán,156-Hàng hóa,commerce_distribution_erp_scenario_v1,LIGHTBI_SCENARIO_ENTITY_001,VND,all_declared_accounting_money_columns,Asia/Ho_Chi_Minh,authentic_anchored_semi_synthetic_evidence,sample data/Accounting_ERP_May_2026.csv,3c59da1c10c67ab974dfd204b737402aff1c28d748665949942579fb5fb1a2fd,766,1.0.0
INV20260500766,JV20260500766,SO20260500766,2026-05-11,DN-HC,NV016,Chuyển khoản,VC-354E06,Máy hút bụi,Dyson V8,Senko,1,5933134,0.13,5161826,0.08,412946,5574772,3954000,3954000,1207826,0.234,5574772,5161826,412946,3954000,3954000,131-Phải thu khách hàng,511-Doanh thu bán hàng,3331-Thuế GTGT đầu ra,632-Giá vốn hàng bán,156-Hàng hóa,commerce_distribution_erp_scenario_v1,LIGHTBI_SCENARIO_ENTITY_001,VND,all_declared_accounting_money_columns,Asia/Ho_Chi_Minh,authentic_anchored_semi_synthetic_evidence,sample data/Accounting_ERP_May_2026.csv,3c59da1c10c67ab974dfd204b737402aff1c28d748665949942579fb5fb1a2fd,767,1.0.0
INV20260500767,JV20260500767,SO20260500767,2026-05-22,HCM-TB,NV016,Thẻ,KT-E95C23,Ấm siêu tốc,Philips,Sunhouse,1,860037,0.16,722431,0.08,57794,780225,495000,495000,227431,0.3148,780225,722431,57794,495000,495000,131-Phải thu khách hàng,511-Doanh thu bán hàng,3331-Thuế GTGT đầu ra,632-Giá vốn hàng bán,156-Hàng hóa,commerce_distribution_erp_scenario_v1,LIGHTBI_SCENARIO_ENTITY_001,VND,all_declared_accounting_money_columns,Asia/Ho_Chi_Minh,authentic_anchored_semi_synthetic_evidence,sample data/Accounting_ERP_May_2026.csv,3c59da1c10c67ab974dfd204b737402aff1c28d748665949942579fb5fb1a2fd,768,1.0.0
INV20260500768,JV20260500768,SO20260500768,2026-05-02,DN-HC,NV007,Tiền mặt,AC-190181,Máy lạnh,Mitsubishi 1.5HP,Sharp,3,10875090,0.09,29688995,0.08,2375119,32064114,8338000,25014000,4674995,0.1575,32064114,29688995,2375119,25014000,25014000,131-Phải thu khách hàng,511-Doanh thu bán hàng,3331-Thuế GTGT đầu ra,632-Giá vốn hàng bán,156-Hàng hóa,commerce_distribution_erp_scenario_v1,LIGHTBI_SCENARIO_ENTITY_001,VND,all_declared_accounting_money_columns,Asia/Ho_Chi_Minh,authentic_anchored_semi_synthetic_evidence,sample data/Accounting_ERP_May_2026.csv,3c59da1c10c67ab974dfd204b737402aff1c28d748665949942579fb5fb1a2fd,769,1.0.0
INV20260500769,JV20260500769,SO20260500769,2026-05-24,HN-HBT,NV022,Thẻ,KT-C02AC0,Ấm siêu tốc,Kangaroo,Asia,3,932678,0.17,2322368,0.08,185789,2508157,509000,1527000,795368,0.3425,2508157,2322368,185789,1527000,1527000,131-Phải thu khách hàng,511-Doanh thu bán hàng,3331-Thuế GTGT đầu ra,632-Giá vốn hàng bán,156-Hàng hóa,commerce_distribution_erp_scenario_v1,LIGHTBI_SCENARIO_ENTITY_001,VND,all_declared_accounting_money_columns,Asia/Ho_Chi_Minh,authentic_anchored_semi_synthetic_evidence,sample data/Accounting_ERP_May_2026.csv,3c59da1c10c67ab974dfd204b737402aff1c28d748665949942579fb5fb1a2fd,770,1.0.0
INV20260500770,JV20260500770,SO20260500770,2026-05-16,CT-NK,NV002,Chuyển khoản,AC-4EC148,Máy lạnh,Mitsubishi 1.5HP,Toshiba,1,16660609,0.04,15994184,0.08,1279534,17273718,13130000,13130000,2864184,0.1791,17273718,15994184,1279534,13130000,13130000,131-Phải thu khách hàng,511-Doanh thu bán hàng,3331-Thuế GTGT đầu ra,632-Giá vốn hàng bán,156-Hàng hóa,commerce_distribution_erp_scenario_v1,LIGHTBI_SCENARIO_ENTITY_001,VND,all_declared_accounting_money_columns,Asia/Ho_Chi_Minh,authentic_anchored_semi_synthetic_evidence,sample data/Accounting_ERP_May_2026.csv,3c59da1c10c67ab974dfd204b737402aff1c28d748665949942579fb5fb1a2fd,771,1.0.0
INV20260500771,JV20260500771,SO20260500771,2026-05-13,HCM-Q7,NV001,Thẻ,AC-D2FD31,Máy lạnh,Panasonic 1.5HP,Toshiba,1,14762323,0.14,12695597,0.08,1015647,13711244,11319000,11319000,1376597,0.1084,13711244,12695597,1015647,11319000,11319000,131-Phải thu khách hàng,511-Doanh thu bán hàng,3331-Thuế GTGT đầu ra,632-Giá vốn hàng bán,156-Hàng hóa,commerce_distribution_erp_scenario_v1,LIGHTBI_SCENARIO_ENTITY_001,VND,all_declared_accounting_money_columns,Asia/Ho_Chi_Minh,authentic_anchored_semi_synthetic_evidence,sample data/Accounting_ERP_May_2026.csv,3c59da1c10c67ab974dfd204b737402aff1c28d748665949942579fb5fb1a2fd,772,1.0.0
INV20260500772,JV20260500772,SO20260500772,2026-05-17,HCM-Q7,NV029,Tiền mặt,BL-E21F60,Máy xay,Philips Blender,Electrolux,1,2147412,0.06,2018567,0.08,161485,2180052,1484000,1484000,534567,0.2648,2180052,2018567,161485,1484000,1484000,131-Phải thu khách hàng,511-Doanh thu bán hàng,3331-Thuế GTGT đầu ra,632-Giá vốn hàng bán,156-Hàng hóa,commerce_distribution_erp_scenario_v1,LIGHTBI_SCENARIO_ENTITY_001,VND,all_declared_accounting_money_columns,Asia/Ho_Chi_Minh,authentic_anchored_semi_synthetic_evidence,sample data/Accounting_ERP_May_2026.csv,3c59da1c10c67ab974dfd204b737402aff1c28d748665949942579fb5fb1a2fd,773,1.0.0
INV20260500773,JV20260500773,SO20260500773,2026-05-06,DN-HC,NV025,Thẻ,KT-C02AC0,Ấm siêu tốc,Kangaroo,Asia,2,1012926,0.03,1965076,0.08,157206,2122282,610000,1220000,745076,0.3792,2122282,1965076,157206,1220000,1220000,131-Phải thu khách hàng,511-Doanh thu bán hàng,3331-Thuế GTGT đầu ra,632-Giá vốn hàng bán,156-Hàng hóa,commerce_distribution_erp_scenario_v1,LIGHTBI_SCENARIO_ENTITY_001,VND,all_declared_accounting_money_columns,Asia/Ho_Chi_Minh,authentic_anchored_semi_synthetic_evidence,sample data/Accounting_ERP_May_2026.csv,3c59da1c10c67ab974dfd204b737402aff1c28d748665949942579fb5fb1a2fd,774,1.0.0
INV20260500774,JV20260500774,SO20260500774,2026-05-29,HN-HBT,NV021,Trả góp,FN-B2666C,Quạt,Panasonic,Daikin,1,846262,0.13,736247,0.08,58899,795146,480000,480000,256247,0.348,795146,736247,58899,480000,480000,131-Phải thu khách hàng,511-Doanh thu bán hàng,3331-Thuế GTGT đầu ra,632-Giá vốn hàng bán,156-Hàng hóa,commerce_distribution_erp_scenario_v1,LIGHTBI_SCENARIO_ENTITY_001,VND,all_declared_accounting_money_columns,Asia/Ho_Chi_Minh,authentic_anchored_semi_synthetic_evidence,sample data/Accounting_ERP_May_2026.csv,3c59da1c10c67ab974dfd204b737402aff1c28d748665949942579fb5fb1a2fd,775,1.0.0
INV20260500775,JV20260500775,SO20260500775,2026-05-03,HCM-Q1,NV003,Thẻ,MW-640EAD,Lò vi sóng,Sharp 20L,LG,3,5656217,0.1,15271785,0.08,1221742,16493527,3971000,11913000,3358785,0.2199,16493527,15271785,1221742,11913000,11913000,131-Phải thu khách hàng,511-Doanh thu bán hàng,3331-Thuế GTGT đầu ra,632-Giá vốn hàng bán,156-Hàng hóa,commerce_distribution_erp_scenario_v1,LIGHTBI_SCENARIO_ENTITY_001,VND,all_declared_accounting_money_columns,Asia/Ho_Chi_Minh,authentic_anchored_semi_synthetic_evidence,sample data/Accounting_ERP_May_2026.csv,3c59da1c10c67ab974dfd204b737402aff1c28d748665949942579fb5fb1a2fd,776,1.0.0
INV20260500776,JV20260500776,SO20260500776,2026-05-30,DN-HC,NV011,Chuyển khoản,KT-925318,Ấm siêu tốc,Philips,Toshiba,2,397044,0.2,635270,0.08,50821,686091,224000,448000,187270,0.2948,686091,635270,50821,448000,448000,131-Phải thu khách hàng,511-Doanh thu bán hàng,3331-Thuế GTGT đầu ra,632-Giá vốn hàng bán,156-Hàng hóa,commerce_distribution_erp_scenario_v1,LIGHTBI_SCENARIO_ENTITY_001,VND,all_declared_accounting_money_columns,Asia/Ho_Chi_Minh,authentic_anchored_semi_synthetic_evidence,sample data/Accounting_ERP_May_2026.csv,3c59da1c10c67ab974dfd204b737402aff1c28d748665949942579fb5fb1a2fd,777,1.0.0
INV20260500777,JV20260500777,SO20260500777,2026-05-20,HCM-TB,NV001,Trả góp,RC-666E15,Nồi cơm,Sunhouse 1.2L,Panasonic,3,3113509,0.07,8686690,0.08,694935,9381625,2231000,6693000,1993690,0.2295,9381625,8686690,694935,6693000,6693000,131-Phải thu khách hàng,511-Doanh thu bán hàng,3331-Thuế GTGT đầu ra,632-Giá vốn hàng bán,156-Hàng hóa,commerce_distribution_erp_scenario_v1,LIGHTBI_SCENARIO_ENTITY_001,VND,all_declared_accounting_money_columns,Asia/Ho_Chi_Minh,authentic_anchored_semi_synthetic_evidence,sample data/Accounting_ERP_May_2026.csv,3c59da1c10c67ab974dfd204b737402aff1c28d748665949942579fb5fb1a2fd,778,1.0.0
INV20260500778,JV20260500778,SO20260500778,2026-05-08,HN-CG,NV007,Chuyển khoản,AC-A7840C,Máy lạnh,Mitsubishi 1.5HP,Panasonic,2,14385901,0.14,24743749,0.08,1979499,26723248,10081000,20162000,4581749,0.1852,26723248,24743749,1979499,20162000,20162000,131-Phải thu khách hàng,511-Doanh thu bán hàng,3331-Thuế GTGT đầu ra,632-Giá vốn hàng bán,156-Hàng hóa,commerce_distribution_erp_scenario_v1,LIGHTBI_SCENARIO_ENTITY_001,VND,all_declared_accounting_money_columns,Asia/Ho_Chi_Minh,authentic_anchored_semi_synthetic_evidence,sample data/Accounting_ERP_May_2026.csv,3c59da1c10c67ab974dfd204b737402aff1c28d748665949942579fb5fb1a2fd,779,1.0.0
INV20260500779,JV20260500779,SO20260500779,2026-05-03,HCM-Q1,NV004,Tiền mặt,RC-F33CDE,Nồi cơm,Panasonic 1.8L,Senko,2,1482475,0.16,2490558,0.08,199244,2689802,989000,1978000,512558,0.2058,2689802,2490558,199244,1978000,1978000,131-Phải thu khách hàng,511-Doanh thu bán hàng,3331-Thuế GTGT đầu ra,632-Giá vốn hàng bán,156-Hàng hóa,commerce_distribution_erp_scenario_v1,LIGHTBI_SCENARIO_ENTITY_001,VND,all_declared_accounting_money_columns,Asia/Ho_Chi_Minh,authentic_anchored_semi_synthetic_evidence,sample data/Accounting_ERP_May_2026.csv,3c59da1c10c67ab974dfd204b737402aff1c28d748665949942579fb5fb1a2fd,780,1.0.0
INV20260500780,JV20260500780,SO20260500780,2026-05-16,HN-CG,NV024,Chuyển khoản,WM-917ACE,Máy giặt,Panasonic 8.5kg,Philips,3,10165970,0.2,24398328,0.08,1951866,26350194,8577000,25731000,-1332672,-0.0546,26350194,24398328,1951866,25731000,25731000,131-Phải thu khách hàng,511-Doanh thu bán hàng,3331-Thuế GTGT đầu ra,632-Giá vốn hàng bán,156-Hàng hóa,commerce_distribution_erp_scenario_v1,LIGHTBI_SCENARIO_ENTITY_001,VND,all_declared_accounting_money_columns,Asia/Ho_Chi_Minh,authentic_anchored_semi_synthetic_evidence,sample data/Accounting_ERP_May_2026.csv,3c59da1c10c67ab974dfd204b737402aff1c28d748665949942579fb5fb1a2fd,781,1.0.0
INV20260500781,JV20260500781,SO20260500781,2026-05-29,HCM-Q7,NV028,Thẻ,VC-09CEE7,Máy hút bụi,Dyson V8,Philips,2,7009995,0.06,13178790,0.08,1054303,14233093,5463000,10926000,2252790,0.1709,14233093,13178790,1054303,10926000,10926000,131-Phải thu khách hàng,511-Doanh thu bán hàng,3331-Thuế GTGT đầu ra,632-Giá vốn hàng bán,156-Hàng hóa,commerce_distribution_erp_scenario_v1,LIGHTBI_SCENARIO_ENTITY_001,VND,all_declared_accounting_money_columns,Asia/Ho_Chi_Minh,authentic_anchored_semi_synthetic_evidence,sample data/Accounting_ERP_May_2026.csv,3c59da1c10c67ab974dfd204b737402aff1c28d748665949942579fb5fb1a2fd,782,1.0.0
INV20260500782,JV20260500782,SO20260500782,2026-05-04,HCM-TB,NV025,Thẻ,BL-D2FACB,Máy xay,Panasonic Blender,Toshiba,3,1778649,0.02,5229228,0.08,418338,5647566,1085000,3255000,1974228,0.3775,5647566,5229228,418338,3255000,3255000,131-Phải thu khách hàng,511-Doanh thu bán hàng,3331-Thuế GTGT đầu ra,632-Giá vốn hàng bán,156-Hàng hóa,commerce_distribution_erp_scenario_v1,LIGHTBI_SCENARIO_ENTITY_001,VND,all_declared_accounting_money_columns,Asia/Ho_Chi_Minh,authentic_anchored_semi_synthetic_evidence,sample data/Accounting_ERP_May_2026.csv,3c59da1c10c67ab974dfd204b737402aff1c28d748665949942579fb5fb1a2fd,783,1.0.0
INV20260500783,JV20260500783,SO20260500783,2026-05-08,DN-HC,NV004,Trả góp,BL-3258EA,Máy xay,Panasonic Blender,Mitsubishi,3,1056981,0.11,2822139,0.08,225771,3047910,690000,2070000,752139,0.2665,3047910,2822139,225771,2070000,2070000,131-Phải thu khách hàng,511-Doanh thu bán hàng,3331-Thuế GTGT đầu ra,632-Giá vốn hàng bán,156-Hàng hóa,commerce_distribution_erp_scenario_v1,LIGHTBI_SCENARIO_ENTITY_001,VND,all_declared_accounting_money_columns,Asia/Ho_Chi_Minh,authentic_anchored_semi_synthetic_evidence,sample data/Accounting_ERP_May_2026.csv,3c59da1c10c67ab974dfd204b737402aff1c28d748665949942579fb5fb1a2fd,784,1.0.0
INV20260500784,JV20260500784,SO20260500784,2026-05-11,HN-CG,NV014,Trả góp,FN-63D039,Quạt,Asia,Mitsubishi,1,2156061,0.05,2048257,0.08,163860,2212117,1236000,1236000,812257,0.3966,2212117,2048257,163860,1236000,1236000,131-Phải thu khách hàng,511-Doanh thu bán hàng,3331-Thuế GTGT đầu ra,632-Giá vốn hàng bán,156-Hàng hóa,commerce_distribution_erp_scenario_v1,LIGHTBI_SCENARIO_ENTITY_001,VND,all_declared_accounting_money_columns,Asia/Ho_Chi_Minh,authentic_anchored_semi_synthetic_evidence,sample data/Accounting_ERP_May_2026.csv,3c59da1c10c67ab974dfd204b737402aff1c28d748665949942579fb5fb1a2fd,785,1.0.0
INV20260500785,JV20260500785,SO20260500785,2026-05-21,HN-HBT,NV001,Tiền mặt,KT-2036D6,Ấm siêu tốc,Kangaroo,Panasonic,3,482024,0.07,1344846,0.08,107587,1452433,319000,957000,387846,0.2884,1452433,1344846,107587,957000,957000,131-Phải thu khách hàng,511-Doanh thu bán hàng,3331-Thuế GTGT đầu ra,632-Giá vốn hàng bán,156-Hàng hóa,commerce_distribution_erp_scenario_v1,LIGHTBI_SCENARIO_ENTITY_001,VND,all_declared_accounting_money_columns,Asia/Ho_Chi_Minh,authentic_anchored_semi_synthetic_evidence,sample data/Accounting_ERP_May_2026.csv,3c59da1c10c67ab974dfd204b737402aff1c28d748665949942579fb5fb1a2fd,786,1.0.0
INV20260500786,JV20260500786,SO20260500786,2026-05-31,HN-HBT,NV010,Trả góp,RF-281021,Tủ lạnh,Samsung Inverter 350L,Cuckoo,1,24349664,0.04,23375677,0.08,1870054,25245731,19633000,19633000,3742677,0.1601,25245731,23375677,1870054,19633000,19633000,131-Phải thu khách hàng,511-Doanh thu bán hàng,3331-Thuế GTGT đầu ra,632-Giá vốn hàng bán,156-Hàng hóa,commerce_distribution_erp_scenario_v1,LIGHTBI_SCENARIO_ENTITY_001,VND,all_declared_accounting_money_columns,Asia/Ho_Chi_Minh,authentic_anchored_semi_synthetic_evidence,sample data/Accounting_ERP_May_2026.csv,3c59da1c10c67ab974dfd204b737402aff1c28d748665949942579fb5fb1a2fd,787,1.0.0
INV20260500787,JV20260500787,SO20260500787,2026-05-30,HN-CG,NV008,Thẻ,VC-F4F02F,Máy hút bụi,Xiaomi G10,Senko,3,11849807,0.06,33416455,0.08,2673316,36089771,8140000,24420000,8996455,0.2692,36089771,33416455,2673316,24420000,24420000,131-Phải thu khách hàng,511-Doanh thu bán hàng,3331-Thuế GTGT đầu ra,632-Giá vốn hàng bán,156-Hàng hóa,commerce_distribution_erp_scenario_v1,LIGHTBI_SCENARIO_ENTITY_001,VND,all_declared_accounting_money_columns,Asia/Ho_Chi_Minh,authentic_anchored_semi_synthetic_evidence,sample data/Accounting_ERP_May_2026.csv,3c59da1c10c67ab974dfd204b737402aff1c28d748665949942579fb5fb1a2fd,788,1.0.0
INV20260500788,JV20260500788,SO20260500788,2026-05-23,CT-NK,NV012,Chuyển khoản,VC-E19461,Máy hút bụi,Dyson V8,Panasonic,3,1909597,0.07,5327775,0.08,426222,5753997,1481000,4443000,884775,0.1661,5753997,5327775,426222,4443000,4443000,131-Phải thu khách hàng,511-Doanh thu bán hàng,3331-Thuế GTGT đầu ra,632-Giá vốn hàng bán,156-Hàng hóa,commerce_distribution_erp_scenario_v1,LIGHTBI_SCENARIO_ENTITY_001,VND,all_declared_accounting_money_columns,Asia/Ho_Chi_Minh,authentic_anchored_semi_synthetic_evidence,sample data/Accounting_ERP_May_2026.csv,3c59da1c10c67ab974dfd204b737402aff1c28d748665949942579fb5fb1a2fd,789,1.0.0
INV20260500789,JV20260500789,SO20260500789,2026-05-20,CT-NK,NV027,Ví điện tử,WM-B2AB72,Máy giặt,Toshiba 9kg,Casper,3,16770462,0.14,43267791,0.08,3461423,46729214,12911000,38733000,4534791,0.1048,46729214,43267791,3461423,38733000,38733000,131-Phải thu khách hàng,511-Doanh thu bán hàng,3331-Thuế GTGT đầu ra,632-Giá vốn hàng bán,156-Hàng hóa,commerce_distribution_erp_scenario_v1,LIGHTBI_SCENARIO_ENTITY_001,VND,all_declared_accounting_money_columns,Asia/Ho_Chi_Minh,authentic_anchored_semi_synthetic_evidence,sample data/Accounting_ERP_May_2026.csv,3c59da1c10c67ab974dfd204b737402aff1c28d748665949942579fb5fb1a2fd,790,1.0.0
INV20260500790,JV20260500790,SO20260500790,2026-05-09,HN-CG,NV015,Thẻ,VC-933DDD,Máy hút bụi,Philips FC,Sharp,2,5449980,0.03,10572961,0.08,845836,11418797,3677000,7354000,3218961,0.3045,11418797,10572961,845836,7354000,7354000,131-Phải thu khách hàng,511-Doanh thu bán hàng,3331-Thuế GTGT đầu ra,632-Giá vốn hàng bán,156-Hàng hóa,commerce_distribution_erp_scenario_v1,LIGHTBI_SCENARIO_ENTITY_001,VND,all_declared_accounting_money_columns,Asia/Ho_Chi_Minh,authentic_anchored_semi_synthetic_evidence,sample data/Accounting_ERP_May_2026.csv,3c59da1c10c67ab974dfd204b737402aff1c28d748665949942579fb5fb1a2fd,791,1.0.0
INV20260500791,JV20260500791,SO20260500791,2026-05-08,BD-TDM,NV026,Chuyển khoản,AC-75386E,Máy lạnh,Mitsubishi 1.5HP,Cuckoo,2,14030091,0.14,24131756,0.08,1930540,26062296,10561000,21122000,3009756,0.1247,26062296,24131756,1930540,21122000,21122000,131-Phải thu khách hàng,511-Doanh thu bán hàng,3331-Thuế GTGT đầu ra,632-Giá vốn hàng bán,156-Hàng hóa,commerce_distribution_erp_scenario_v1,LIGHTBI_SCENARIO_ENTITY_001,VND,all_declared_accounting_money_columns,Asia/Ho_Chi_Minh,authentic_anchored_semi_synthetic_evidence,sample data/Accounting_ERP_May_2026.csv,3c59da1c10c67ab974dfd204b737402aff1c28d748665949942579fb5fb1a2fd,792,1.0.0
INV20260500792,JV20260500792,SO20260500792,2026-05-27,HN-HBT,NV016,Tiền mặt,BL-A0575F,Máy xay,Sunhouse Blender,Sunhouse,1,996628,0.12,877032,0.08,70162,947194,679000,679000,198032,0.2258,947194,877032,70162,679000,679000,131-Phải thu khách hàng,511-Doanh thu bán hàng,3331-Thuế GTGT đầu ra,632-Giá vốn hàng bán,156-Hàng hóa,commerce_distribution_erp_scenario_v1,LIGHTBI_SCENARIO_ENTITY_001,VND,all_declared_accounting_money_columns,Asia/Ho_Chi_Minh,authentic_anchored_semi_synthetic_evidence,sample data/Accounting_ERP_May_2026.csv,3c59da1c10c67ab974dfd204b737402aff1c28d748665949942579fb5fb1a2fd,793,1.0.0
INV20260500793,JV20260500793,SO20260500793,2026-05-28,CT-NK,NV021,Trả góp,KT-80B935,Ấm siêu tốc,Kangaroo,LG,3,1204208,0.12,3179109,0.08,254328,3433437,709000,2127000,1052109,0.3309,3433437,3179109,254328,2127000,2127000,131-Phải thu khách hàng,511-Doanh thu bán hàng,3331-Thuế GTGT đầu ra,632-Giá vốn hàng bán,156-Hàng hóa,commerce_distribution_erp_scenario_v1,LIGHTBI_SCENARIO_ENTITY_001,VND,all_declared_accounting_money_columns,Asia/Ho_Chi_Minh,authentic_anchored_semi_synthetic_evidence,sample data/Accounting_ERP_May_2026.csv,3c59da1c10c67ab974dfd204b737402aff1c28d748665949942579fb5fb1a2fd,794,1.0.0
INV20260500794,JV20260500794,SO20260500794,2026-05-13,HCM-Q1,NV009,Tiền mặt,FN-441B27,Quạt,Senko,Samsung,3,2126647,0.04,6124743,0.08,489979,6614722,1315000,3945000,2179743,0.3559,6614722,6124743,489979,3945000,3945000,131-Phải thu khách hàng,511-Doanh thu bán hàng,3331-Thuế GTGT đầu ra,632-Giá vốn hàng bán,156-Hàng hóa,commerce_distribution_erp_scenario_v1,LIGHTBI_SCENARIO_ENTITY_001,VND,all_declared_accounting_money_columns,Asia/Ho_Chi_Minh,authentic_anchored_semi_synthetic_evidence,sample data/Accounting_ERP_May_2026.csv,3c59da1c10c67ab974dfd204b737402aff1c28d748665949942579fb5fb1a2fd,795,1.0.0
INV20260500795,JV20260500795,SO20260500795,2026-05-22,CT-NK,NV016,Thẻ,KT-BD9201,Ấm siêu tốc,Kangaroo,Aqua,3,536225,0.09,1463894,0.08,117111,1581005,329000,987000,476894,0.3258,1581005,1463894,117111,987000,987000,131-Phải thu khách hàng,511-Doanh thu bán hàng,3331-Thuế GTGT đầu ra,632-Giá vốn hàng bán,156-Hàng hóa,commerce_distribution_erp_scenario_v1,LIGHTBI_SCENARIO_ENTITY_001,VND,all_declared_accounting_money_columns,Asia/Ho_Chi_Minh,authentic_anchored_semi_synthetic_evidence,sample data/Accounting_ERP_May_2026.csv,3c59da1c10c67ab974dfd204b737402aff1c28d748665949942579fb5fb1a2fd,796,1.0.0
INV20260500796,JV20260500796,SO20260500796,2026-05-29,HCM-Q7,NV006,Ví điện tử,WM-AF1676,Máy giặt,Toshiba 9kg,Sunhouse,3,6935341,0.12,18309300,0.08,1464744,19774044,5264000,15792000,2517300,0.1375,19774044,18309300,1464744,15792000,15792000,131-Phải thu khách hàng,511-Doanh thu bán hàng,3331-Thuế GTGT đầu ra,632-Giá vốn hàng bán,156-Hàng hóa,commerce_distribution_erp_scenario_v1,LIGHTBI_SCENARIO_ENTITY_001,VND,all_declared_accounting_money_columns,Asia/Ho_Chi_Minh,authentic_anchored_semi_synthetic_evidence,sample data/Accounting_ERP_May_2026.csv,3c59da1c10c67ab974dfd204b737402aff1c28d748665949942579fb5fb1a2fd,797,1.0.0
INV20260500797,JV20260500797,SO20260500797,2026-05-17,HCM-Q7,NV020,Tiền mặt,MW-8E4E78,Lò vi sóng,Panasonic 25L,Casper,2,2408476,0.05,4576104,0.08,366088,4942192,1528000,3056000,1520104,0.3322,4942192,4576104,366088,3056000,3056000,131-Phải thu khách hàng,511-Doanh thu bán hàng,3331-Thuế GTGT đầu ra,632-Giá vốn hàng bán,156-Hàng hóa,commerce_distribution_erp_scenario_v1,LIGHTBI_SCENARIO_ENTITY_001,VND,all_declared_accounting_money_columns,Asia/Ho_Chi_Minh,authentic_anchored_semi_synthetic_evidence,sample data/Accounting_ERP_May_2026.csv,3c59da1c10c67ab974dfd204b737402aff1c28d748665949942579fb5fb1a2fd,798,1.0.0
INV20260500798,JV20260500798,SO20260500798,2026-05-04,HCM-Q7,NV012,Ví điện tử,KT-930F94,Ấm siêu tốc,Philips,Sony,3,1352078,0.16,3407236,0.08,272578,3679814,765000,2295000,1112236,0.3264,3679814,3407236,272578,2295000,2295000,131-Phải thu khách hàng,511-Doanh thu bán hàng,3331-Thuế GTGT đầu ra,632-Giá vốn hàng bán,156-Hàng hóa,commerce_distribution_erp_scenario_v1,LIGHTBI_SCENARIO_ENTITY_001,VND,all_declared_accounting_money_columns,Asia/Ho_Chi_Minh,authentic_anchored_semi_synthetic_evidence,sample data/Accounting_ERP_May_2026.csv,3c59da1c10c67ab974dfd204b737402aff1c28d748665949942579fb5fb1a2fd,799,1.0.0
INV20260500799,JV20260500799,SO20260500799,2026-05-22,DN-HC,NV022,Tiền mặt,KT-8BE75F,Ấm siêu tốc,Kangaroo,Samsung,3,1280481,0.09,3495713,0.08,279657,3775370,907000,2721000,774713,0.2216,3775370,3495713,279657,2721000,2721000,131-Phải thu khách hàng,511-Doanh thu bán hàng,3331-Thuế GTGT đầu ra,632-Giá vốn hàng bán,156-Hàng hóa,commerce_distribution_erp_scenario_v1,LIGHTBI_SCENARIO_ENTITY_001,VND,all_declared_accounting_money_columns,Asia/Ho_Chi_Minh,authentic_anchored_semi_synthetic_evidence,sample data/Accounting_ERP_May_2026.csv,3c59da1c10c67ab974dfd204b737402aff1c28d748665949942579fb5fb1a2fd,800,1.0.0
INV20260500800,JV20260500800,SO20260500800,2026-05-15,HCM-Q1,NV020,Thẻ,KT-633C48,Ấm siêu tốc,Philips,Asia,2,727142,0.15,1236141,0.08,98891,1335032,456000,912000,324141,0.2622,1335032,1236141,98891,912000,912000,131-Phải thu khách hàng,511-Doanh thu bán hàng,3331-Thuế GTGT đầu ra,632-Giá vốn hàng bán,156-Hàng hóa,commerce_distribution_erp_scenario_v1,LIGHTBI_SCENARIO_ENTITY_001,VND,all_declared_accounting_money_columns,Asia/Ho_Chi_Minh,authentic_anchored_semi_synthetic_evidence,sample data/Accounting_ERP_May_2026.csv,3c59da1c10c67ab974dfd204b737402aff1c28d748665949942579fb5fb1a2fd,801,1.0.0
INV20260500801,JV20260500801,SO20260500801,2026-05-30,HCM-Q7,NV029,Chuyển khoản,MW-AE2881,Lò vi sóng,Panasonic 25L,Panasonic,3,5656229,0.12,14932444,0.08,1194595,16127039,4245000,12735000,2197444,0.1472,16127039,14932444,1194595,12735000,12735000,131-Phải thu khách hàng,511-Doanh thu bán hàng,3331-Thuế GTGT đầu ra,632-Giá vốn hàng bán,156-Hàng hóa,commerce_distribution_erp_scenario_v1,LIGHTBI_SCENARIO_ENTITY_001,VND,all_declared_accounting_money_columns,Asia/Ho_Chi_Minh,authentic_anchored_semi_synthetic_evidence,sample data/Accounting_ERP_May_2026.csv,3c59da1c10c67ab974dfd204b737402aff1c28d748665949942579fb5fb1a2fd,802,1.0.0
INV20260500802,JV20260500802,SO20260500802,2026-05-26,HCM-Q1,NV012,Trả góp,MW-6902E3,Lò vi sóng,Sharp 20L,Sony,3,4156890,0.08,11473016,0.08,917841,12390857,2685000,8055000,3418016,0.2979,12390857,11473016,917841,8055000,8055000,131-Phải thu khách hàng,511-Doanh thu bán hàng,3331-Thuế GTGT đầu ra,632-Giá vốn hàng bán,156-Hàng hóa,commerce_distribution_erp_scenario_v1,LIGHTBI_SCENARIO_ENTITY_001,VND,all_declared_accounting_money_columns,Asia/Ho_Chi_Minh,authentic_anchored_semi_synthetic_evidence,sample data/Accounting_ERP_May_2026.csv,3c59da1c10c67ab974dfd204b737402aff1c28d748665949942579fb5fb1a2fd,803,1.0.0
INV20260500803,JV20260500803,SO20260500803,2026-05-05,HN-CG,NV016,Trả góp,WM-233DAD,Máy giặt,LG 9kg,Toshiba,2,13188922,0.09,24003838,0.08,1920307,25924145,10014000,20028000,3975838,0.1656,25924145,24003838,1920307,20028000,20028000,131-Phải thu khách hàng,511-Doanh thu bán hàng,3331-Thuế GTGT đầu ra,632-Giá vốn hàng bán,156-Hàng hóa,commerce_distribution_erp_scenario_v1,LIGHTBI_SCENARIO_ENTITY_001,VND,all_declared_accounting_money_columns,Asia/Ho_Chi_Minh,authentic_anchored_semi_synthetic_evidence,sample data/Accounting_ERP_May_2026.csv,3c59da1c10c67ab974dfd204b737402aff1c28d748665949942579fb5fb1a2fd,804,1.0.0
INV20260500804,JV20260500804,SO20260500804,2026-05-10,HCM-Q1,NV012,Trả góp,RC-CA9512,Nồi cơm,Sharp 1.8L,Philips,3,2595496,0.12,6852109,0.08,548168,7400277,1681000,5043000,1809109,0.264,7400277,6852109,548168,5043000,5043000,131-Phải thu khách hàng,511-Doanh thu bán hàng,3331-Thuế GTGT đầu ra,632-Giá vốn hàng bán,156-Hàng hóa,commerce_distribution_erp_scenario_v1,LIGHTBI_SCENARIO_ENTITY_001,VND,all_declared_accounting_money_columns,Asia/Ho_Chi_Minh,authentic_anchored_semi_synthetic_evidence,sample data/Accounting_ERP_May_2026.csv,3c59da1c10c67ab974dfd204b737402aff1c28d748665949942579fb5fb1a2fd,805,1.0.0
INV20260500805,JV20260500805,SO20260500805,2026-05-18,CT-NK,NV004,Trả góp,KT-4D9F3E,Ấm siêu tốc,Kangaroo,Philips,1,419752,0.14,360986,0.08,28878,389864,268000,268000,92986,0.2576,389864,360986,28878,268000,268000,131-Phải thu khách hàng,511-Doanh thu bán hàng,3331-Thuế GTGT đầu ra,632-Giá vốn hàng bán,156-Hàng hóa,commerce_distribution_erp_scenario_v1,LIGHTBI_SCENARIO_ENTITY_001,VND,all_declared_accounting_money_columns,Asia/Ho_Chi_Minh,authentic_anchored_semi_synthetic_evidence,sample data/Accounting_ERP_May_2026.csv,3c59da1c10c67ab974dfd204b737402aff1c28d748665949942579fb5fb1a2fd,806,1.0.0
INV20260500806,JV20260500806,SO20260500806,2026-05-20,DN-HC,NV006,Ví điện tử,RF-F96CEA,Tủ lạnh,LG 420L,Sharp,3,14999360,0.04,43198156,0.08,3455852,46654008,11681000,35043000,8155156,0.1888,46654008,43198156,3455852,35043000,35043000,131-Phải thu khách hàng,511-Doanh thu bán hàng,3331-Thuế GTGT đầu ra,632-Giá vốn hàng bán,156-Hàng hóa,commerce_distribution_erp_scenario_v1,LIGHTBI_SCENARIO_ENTITY_001,VND,all_declared_accounting_money_columns,Asia/Ho_Chi_Minh,authentic_anchored_semi_synthetic_evidence,sample data/Accounting_ERP_May_2026.csv,3c59da1c10c67ab974dfd204b737402aff1c28d748665949942579fb5fb1a2fd,807,1.0.0
INV20260500807,JV20260500807,SO20260500807,2026-05-13,CT-NK,NV010,Ví điện tử,AC-029767,Máy lạnh,Daikin 1HP,Sunhouse,2,15419663,0.0,30839326,0.08,2467146,33306472,12756000,25512000,5327326,0.1727,33306472,30839326,2467146,25512000,25512000,131-Phải thu khách hàng,511-Doanh thu bán hàng,3331-Thuế GTGT đầu ra,632-Giá vốn hàng bán,156-Hàng hóa,commerce_distribution_erp_scenario_v1,LIGHTBI_SCENARIO_ENTITY_001,VND,all_declared_accounting_money_columns,Asia/Ho_Chi_Minh,authentic_anchored_semi_synthetic_evidence,sample data/Accounting_ERP_May_2026.csv,3c59da1c10c67ab974dfd204b737402aff1c28d748665949942579fb5fb1a2fd,808,1.0.0
INV20260500808,JV20260500808,SO20260500808,2026-05-27,HN-CG,NV017,Chuyển khoản,KT-63AE81,Ấm siêu tốc,Kangaroo,Daikin,3,1237745,0.05,3527573,0.08,282205,3809778,651000,1953000,1574573,0.4464,3809778,3527573,282205,1953000,1953000,131-Phải thu khách hàng,511-Doanh thu bán hàng,3331-Thuế GTGT đầu ra,632-Giá vốn hàng bán,156-Hàng hóa,commerce_distribution_erp_scenario_v1,LIGHTBI_SCENARIO_ENTITY_001,VND,all_declared_accounting_money_columns,Asia/Ho_Chi_Minh,authentic_anchored_semi_synthetic_evidence,sample data/Accounting_ERP_May_2026.csv,3c59da1c10c67ab974dfd204b737402aff1c28d748665949942579fb5fb1a2fd,809,1.0.0
INV20260500809,JV20260500809,SO20260500809,2026-05-02,HN-HBT,NV013,Ví điện tử,BL-7C418A,Máy xay,Panasonic Blender,Asia,3,1166360,0.02,3429098,0.08,274327,3703425,720000,2160000,1269098,0.3701,3703425,3429098,274327,2160000,2160000,131-Phải thu khách hàng,511-Doanh thu bán hàng,3331-Thuế GTGT đầu ra,632-Giá vốn hàng bán,156-Hàng hóa,commerce_distribution_erp_scenario_v1,LIGHTBI_SCENARIO_ENTITY_001,VND,all_declared_accounting_money_columns,Asia/Ho_Chi_Minh,authentic_anchored_semi_synthetic_evidence,sample data/Accounting_ERP_May_2026.csv,3c59da1c10c67ab974dfd204b737402aff1c28d748665949942579fb5fb1a2fd,810,1.0.0
INV20260500810,JV20260500810,SO20260500810,2026-05-14,HCM-TB,NV025,Tiền mặt,VC-7AF11E,Máy hút bụi,Philips FC,Panasonic,1,2467063,0.05,2343709,0.08,187496,2531205,1845000,1845000,498709,0.2128,2531205,2343709,187496,1845000,1845000,131-Phải thu khách hàng,511-Doanh thu bán hàng,3331-Thuế GTGT đầu ra,632-Giá vốn hàng bán,156-Hàng hóa,commerce_distribution_erp_scenario_v1,LIGHTBI_SCENARIO_ENTITY_001,VND,all_declared_accounting_money_columns,Asia/Ho_Chi_Minh,authentic_anchored_semi_synthetic_evidence,sample data/Accounting_ERP_May_2026.csv,3c59da1c10c67ab974dfd204b737402aff1c28d748665949942579fb5fb1a2fd,811,1.0.0
INV20260500811,JV20260500811,SO20260500811,2026-05-13,HCM-Q7,NV018,Tiền mặt,VC-51D140,Máy hút bụi,Xiaomi G10,Casper,3,5073192,0.18,12480052,0.08,998404,13478456,3103000,9309000,3171052,0.2541,13478456,12480052,998404,9309000,9309000,131-Phải thu khách hàng,511-Doanh thu bán hàng,3331-Thuế GTGT đầu ra,632-Giá vốn hàng bán,156-Hàng hóa,commerce_distribution_erp_scenario_v1,LIGHTBI_SCENARIO_ENTITY_001,VND,all_declared_accounting_money_columns,Asia/Ho_Chi_Minh,authentic_anchored_semi_synthetic_evidence,sample data/Accounting_ERP_May_2026.csv,3c59da1c10c67ab974dfd204b737402aff1c28d748665949942579fb5fb1a2fd,812,1.0.0
INV20260500812,JV20260500812,SO20260500812,2026-05-24,HN-CG,NV017,Chuyển khoản,KT-F760AD,Ấm siêu tốc,Philips,LG,2,1462472,0.03,2837195,0.08,226975,3064170,970000,1940000,897195,0.3162,3064170,2837195,226975,1940000,1940000,131-Phải thu khách hàng,511-Doanh thu bán hàng,3331-Thuế GTGT đầu ra,632-Giá vốn hàng bán,156-Hàng hóa,commerce_distribution_erp_scenario_v1,LIGHTBI_SCENARIO_ENTITY_001,VND,all_declared_accounting_money_columns,Asia/Ho_Chi_Minh,authentic_anchored_semi_synthetic_evidence,sample data/Accounting_ERP_May_2026.csv,3c59da1c10c67ab974dfd204b737402aff1c28d748665949942579fb5fb1a2fd,813,1.0.0
INV20260500813,JV20260500813,SO20260500813,2026-05-01,HCM-Q1,NV001,Tiền mặt,WM-AD6A90,Máy giặt,Panasonic 8.5kg,Electrolux,2,8288210,0.04,15913363,0.08,1273069,17186432,6111000,12222000,3691363,0.232,17186432,15913363,1273069,12222000,12222000,131-Phải thu khách hàng,511-Doanh thu bán hàng,3331-Thuế GTGT đầu ra,632-Giá vốn hàng bán,156-Hàng hóa,commerce_distribution_erp_scenario_v1,LIGHTBI_SCENARIO_ENTITY_001,VND,all_declared_accounting_money_columns,Asia/Ho_Chi_Minh,authentic_anchored_semi_synthetic_evidence,sample data/Accounting_ERP_May_2026.csv,3c59da1c10c67ab974dfd204b737402aff1c28d748665949942579fb5fb1a2fd,814,1.0.0
INV20260500814,JV20260500814,SO20260500814,2026-05-12,HN-CG,NV028,Tiền mặt,KT-F760AD,Ấm siêu tốc,Philips,LG,2,305325,0.17,506839,0.08,40547,547386,210000,420000,86839,0.1713,547386,506839,40547,420000,420000,131-Phải thu khách hàng,511-Doanh thu bán hàng,3331-Thuế GTGT đầu ra,632-Giá vốn hàng bán,156-Hàng hóa,commerce_distribution_erp_scenario_v1,LIGHTBI_SCENARIO_ENTITY_001,VND,all_declared_accounting_money_columns,Asia/Ho_Chi_Minh,authentic_anchored_semi_synthetic_evidence,sample data/Accounting_ERP_May_2026.csv,3c59da1c10c67ab974dfd204b737402aff1c28d748665949942579fb5fb1a2fd,815,1.0.0
INV20260500815,JV20260500815,SO20260500815,2026-05-14,HCM-Q7,NV019,Thẻ,KT-4BFC34,Ấm siêu tốc,Kangaroo,Sunhouse,3,887704,0.04,2556587,0.08,204526,2761113,620000,1860000,696587,0.2725,2761113,2556587,204526,1860000,1860000,131-Phải thu khách hàng,511-Doanh thu bán hàng,3331-Thuế GTGT đầu ra,632-Giá vốn hàng bán,156-Hàng hóa,commerce_distribution_erp_scenario_v1,LIGHTBI_SCENARIO_ENTITY_001,VND,all_declared_accounting_money_columns,Asia/Ho_Chi_Minh,authentic_anchored_semi_synthetic_evidence,sample data/Accounting_ERP_May_2026.csv,3c59da1c10c67ab974dfd204b737402aff1c28d748665949942579fb5fb1a2fd,816,1.0.0
INV20260500816,JV20260500816,SO20260500816,2026-05-19,HCM-TB,NV024,Chuyển khoản,FN-A2F97E,Quạt,Senko,Xiaomi,1,1542504,0.15,1311128,0.08,104890,1416018,1062000,1062000,249128,0.19,1416018,1311128,104890,1062000,1062000,131-Phải thu khách hàng,511-Doanh thu bán hàng,3331-Thuế GTGT đầu ra,632-Giá vốn hàng bán,156-Hàng hóa,commerce_distribution_erp_scenario_v1,LIGHTBI_SCENARIO_ENTITY_001,VND,all_declared_accounting_money_columns,Asia/Ho_Chi_Minh,authentic_anchored_semi_synthetic_evidence,sample data/Accounting_ERP_May_2026.csv,3c59da1c10c67ab974dfd204b737402aff1c28d748665949942579fb5fb1a2fd,817,1.0.0
INV20260500817,JV20260500817,SO20260500817,2026-05-14,HN-CG,NV017,Ví điện tử,RC-13DEBA,Nồi cơm,Panasonic 1.8L,Mitsubishi,2,1748830,0.13,3042964,0.08,243437,3286401,1051000,2102000,940964,0.3092,3286401,3042964,243437,2102000,2102000,131-Phải thu khách hàng,511-Doanh thu bán hàng,3331-Thuế GTGT đầu ra,632-Giá vốn hàng bán,156-Hàng hóa,commerce_distribution_erp_scenario_v1,LIGHTBI_SCENARIO_ENTITY_001,VND,all_declared_accounting_money_columns,Asia/Ho_Chi_Minh,authentic_anchored_semi_synthetic_evidence,sample data/Accounting_ERP_May_2026.csv,3c59da1c10c67ab974dfd204b737402aff1c28d748665949942579fb5fb1a2fd,818,1.0.0
INV20260500818,JV20260500818,SO20260500818,2026-05-27,CT-NK,NV007,Trả góp,VC-A4DECF,Máy hút bụi,Dyson V8,Mitsubishi,1,9341459,0.03,9061215,0.08,724897,9786112,6551000,6551000,2510215,0.277,9786112,9061215,724897,6551000,6551000,131-Phải thu khách hàng,511-Doanh thu bán hàng,3331-Thuế GTGT đầu ra,632-Giá vốn hàng bán,156-Hàng hóa,commerce_distribution_erp_scenario_v1,LIGHTBI_SCENARIO_ENTITY_001,VND,all_declared_accounting_money_columns,Asia/Ho_Chi_Minh,authentic_anchored_semi_synthetic_evidence,sample data/Accounting_ERP_May_2026.csv,3c59da1c10c67ab974dfd204b737402aff1c28d748665949942579fb5fb1a2fd,819,1.0.0
INV20260500819,JV20260500819,SO20260500819,2026-05-28,BD-TDM,NV019,Chuyển khoản,MW-4F3182,Lò vi sóng,Panasonic 25L,Daikin,1,2435018,0.16,2045415,0.08,163633,2209048,1691000,1691000,354415,0.1733,2209048,2045415,163633,1691000,1691000,131-Phải thu khách hàng,511-Doanh thu bán hàng,3331-Thuế GTGT đầu ra,632-Giá vốn hàng bán,156-Hàng hóa,commerce_distribution_erp_scenario_v1,LIGHTBI_SCENARIO_ENTITY_001,VND,all_declared_accounting_money_columns,Asia/Ho_Chi_Minh,authentic_anchored_semi_synthetic_evidence,sample data/Accounting_ERP_May_2026.csv,3c59da1c10c67ab974dfd204b737402aff1c28d748665949942579fb5fb1a2fd,820,1.0.0
INV20260500820,JV20260500820,SO20260500820,2026-05-02,BD-TDM,NV028,Ví điện tử,BL-9D0A0A,Máy xay,Sunhouse Blender,Cuckoo,1,1070493,0.03,1038378,0.08,83070,1121448,722000,722000,316378,0.3047,1121448,1038378,83070,722000,722000,131-Phải thu khách hàng,511-Doanh thu bán hàng,3331-Thuế GTGT đầu ra,632-Giá vốn hàng bán,156-Hàng hóa,commerce_distribution_erp_scenario_v1,LIGHTBI_SCENARIO_ENTITY_001,VND,all_declared_accounting_money_columns,Asia/Ho_Chi_Minh,authentic_anchored_semi_synthetic_evidence,sample data/Accounting_ERP_May_2026.csv,3c59da1c10c67ab974dfd204b737402aff1c28d748665949942579fb5fb1a2fd,821,1.0.0
INV20260500821,JV20260500821,SO20260500821,2026-05-03,HN-CG,NV002,Chuyển khoản,KT-912978,Ấm siêu tốc,Sunhouse,Philips,2,1372394,0.13,2387965,0.08,191037,2579002,969000,1938000,449965,0.1884,2579002,2387965,191037,1938000,1938000,131-Phải thu khách hàng,511-Doanh thu bán hàng,3331-Thuế GTGT đầu ra,632-Giá vốn hàng bán,156-Hàng hóa,commerce_distribution_erp_scenario_v1,LIGHTBI_SCENARIO_ENTITY_001,VND,all_declared_accounting_money_columns,Asia/Ho_Chi_Minh,authentic_anchored_semi_synthetic_evidence,sample data/Accounting_ERP_May_2026.csv,3c59da1c10c67ab974dfd204b737402aff1c28d748665949942579fb5fb1a2fd,822,1.0.0
INV20260500822,JV20260500822,SO20260500822,2026-05-29,CT-NK,NV010,Chuyển khoản,RC-DDFD41,Nồi cơm,Cuckoo 1.8L,Casper,3,1922542,0.05,5479244,0.08,438339,5917583,1308000,3924000,1555244,0.2838,5917583,5479244,438339,3924000,3924000,131-Phải thu khách hàng,511-Doanh thu bán hàng,3331-Thuế GTGT đầu ra,632-Giá vốn hàng bán,156-Hàng hóa,commerce_distribution_erp_scenario_v1,LIGHTBI_SCENARIO_ENTITY_001,VND,all_declared_accounting_money_columns,Asia/Ho_Chi_Minh,authentic_anchored_semi_synthetic_evidence,sample data/Accounting_ERP_May_2026.csv,3c59da1c10c67ab974dfd204b737402aff1c28d748665949942579fb5fb1a2fd,823,1.0.0
INV20260500823,JV20260500823,SO20260500823,2026-05-25,HCM-Q7,NV027,Trả góp,AC-462093,Máy lạnh,Casper 1HP,Daikin,1,10526881,0.19,8526773,0.08,682141,9208914,8499000,8499000,27773,0.0033,9208914,8526773,682141,8499000,8499000,131-Phải thu khách hàng,511-Doanh thu bán hàng,3331-Thuế GTGT đầu ra,632-Giá vốn hàng bán,156-Hàng hóa,commerce_distribution_erp_scenario_v1,LIGHTBI_SCENARIO_ENTITY_001,VND,all_declared_accounting_money_columns,Asia/Ho_Chi_Minh,authentic_anchored_semi_synthetic_evidence,sample data/Accounting_ERP_May_2026.csv,3c59da1c10c67ab974dfd204b737402aff1c28d748665949942579fb5fb1a2fd,824,1.0.0
INV20260500824,JV20260500824,SO20260500824,2026-05-28,BD-TDM,NV026,Ví điện tử,VC-490623,Máy hút bụi,Philips FC,LG,1,8229548,0.15,6995115,0.08,559609,7554724,5508000,5508000,1487115,0.2126,7554724,6995115,559609,5508000,5508000,131-Phải thu khách hàng,511-Doanh thu bán hàng,3331-Thuế GTGT đầu ra,632-Giá vốn hàng bán,156-Hàng hóa,commerce_distribution_erp_scenario_v1,LIGHTBI_SCENARIO_ENTITY_001,VND,all_declared_accounting_money_columns,Asia/Ho_Chi_Minh,authentic_anchored_semi_synthetic_evidence,sample data/Accounting_ERP_May_2026.csv,3c59da1c10c67ab974dfd204b737402aff1c28d748665949942579fb5fb1a2fd,825,1.0.0
INV20260500825,JV20260500825,SO20260500825,2026-05-01,CT-NK,NV018,Thẻ,RC-1B752E,Nồi cơm,Panasonic 1.8L,Toshiba,2,3066564,0.15,5213158,0.08,417052,5630210,2225000,4450000,763158,0.1464,5630210,5213158,417052,4450000,4450000,131-Phải thu khách hàng,511-Doanh thu bán hàng,3331-Thuế GTGT đầu ra,632-Giá vốn hàng bán,156-Hàng hóa,commerce_distribution_erp_scenario_v1,LIGHTBI_SCENARIO_ENTITY_001,VND,all_declared_accounting_money_columns,Asia/Ho_Chi_Minh,authentic_anchored_semi_synthetic_evidence,sample data/Accounting_ERP_May_2026.csv,3c59da1c10c67ab974dfd204b737402aff1c28d748665949942579fb5fb1a2fd,826,1.0.0
INV20260500826,JV20260500826,SO20260500826,2026-05-16,HCM-Q7,NV012,Trả góp,VC-98037D,Máy hút bụi,Dyson V8,Sunhouse,1,6415006,0.14,5516905,0.08,441352,5958257,4278000,4278000,1238905,0.2246,5958257,5516905,441352,4278000,4278000,131-Phải thu khách hàng,511-Doanh thu bán hàng,3331-Thuế GTGT đầu ra,632-Giá vốn hàng bán,156-Hàng hóa,commerce_distribution_erp_scenario_v1,LIGHTBI_SCENARIO_ENTITY_001,VND,all_declared_accounting_money_columns,Asia/Ho_Chi_Minh,authentic_anchored_semi_synthetic_evidence,sample data/Accounting_ERP_May_2026.csv,3c59da1c10c67ab974dfd204b737402aff1c28d748665949942579fb5fb1a2fd,827,1.0.0
INV20260500827,JV20260500827,SO20260500827,2026-05-14,CT-NK,NV010,Trả góp,AC-F05394,Máy lạnh,Casper 1HP,Cuckoo,3,13275899,0.14,34251819,0.08,2740145,36991964,10587000,31761000,2490819,0.0727,36991964,34251819,2740145,31761000,31761000,131-Phải thu khách hàng,511-Doanh thu bán hàng,3331-Thuế GTGT đầu ra,632-Giá vốn hàng bán,156-Hàng hóa,commerce_distribution_erp_scenario_v1,LIGHTBI_SCENARIO_ENTITY_001,VND,all_declared_accounting_money_columns,Asia/Ho_Chi_Minh,authentic_anchored_semi_synthetic_evidence,sample data/Accounting_ERP_May_2026.csv,3c59da1c10c67ab974dfd204b737402aff1c28d748665949942579fb5fb1a2fd,828,1.0.0
INV20260500828,JV20260500828,SO20260500828,2026-05-10,HCM-TB,NV030,Chuyển khoản,MW-2091D9,Lò vi sóng,Electrolux 23L,Sharp,3,4586518,0.17,11420429,0.08,913634,12334063,3572000,10716000,704429,0.0617,12334063,11420429,913634,10716000,10716000,131-Phải thu khách hàng,511-Doanh thu bán hàng,3331-Thuế GTGT đầu ra,632-Giá vốn hàng bán,156-Hàng hóa,commerce_distribution_erp_scenario_v1,LIGHTBI_SCENARIO_ENTITY_001,VND,all_declared_accounting_money_columns,Asia/Ho_Chi_Minh,authentic_anchored_semi_synthetic_evidence,sample data/Accounting_ERP_May_2026.csv,3c59da1c10c67ab974dfd204b737402aff1c28d748665949942579fb5fb1a2fd,829,1.0.0
INV20260500829,JV20260500829,SO20260500829,2026-05-17,BD-TDM,NV015,Tiền mặt,VC-A1C900,Máy hút bụi,Philips FC,Xiaomi,1,3685377,0.06,3464254,0.08,277140,3741394,2397000,2397000,1067254,0.3081,3741394,3464254,277140,2397000,2397000,131-Phải thu khách hàng,511-Doanh thu bán hàng,3331-Thuế GTGT đầu ra,632-Giá vốn hàng bán,156-Hàng hóa,commerce_distribution_erp_scenario_v1,LIGHTBI_SCENARIO_ENTITY_001,VND,all_declared_accounting_money_columns,Asia/Ho_Chi_Minh,authentic_anchored_semi_synthetic_evidence,sample data/Accounting_ERP_May_2026.csv,3c59da1c10c67ab974dfd204b737402aff1c28d748665949942579fb5fb1a2fd,830,1.0.0
INV20260500830,JV20260500830,SO20260500830,2026-05-15,DN-HC,NV008,Chuyển khoản,BL-653303,Máy xay,Sunhouse Blender,Philips,2,2381497,0.07,4429584,0.08,354366,4783950,1385000,2770000,1659584,0.3747,4783950,4429584,354366,2770000,2770000,131-Phải thu khách hàng,511-Doanh thu bán hàng,3331-Thuế GTGT đầu ra,632-Giá vốn hàng bán,156-Hàng hóa,commerce_distribution_erp_scenario_v1,LIGHTBI_SCENARIO_ENTITY_001,VND,all_declared_accounting_money_columns,Asia/Ho_Chi_Minh,authentic_anchored_semi_synthetic_evidence,sample data/Accounting_ERP_May_2026.csv,3c59da1c10c67ab974dfd204b737402aff1c28d748665949942579fb5fb1a2fd,831,1.0.0
INV20260500831,JV20260500831,SO20260500831,2026-05-21,CT-NK,NV014,Tiền mặt,WM-65B7F8,Máy giặt,Samsung 10kg,Sony,3,15716912,0.06,44321691,0.08,3545735,47867426,11800000,35400000,8921691,0.2013,47867426,44321691,3545735,35400000,35400000,131-Phải thu khách hàng,511-Doanh thu bán hàng,3331-Thuế GTGT đầu ra,632-Giá vốn hàng bán,156-Hàng hóa,commerce_distribution_erp_scenario_v1,LIGHTBI_SCENARIO_ENTITY_001,VND,all_declared_accounting_money_columns,Asia/Ho_Chi_Minh,authentic_anchored_semi_synthetic_evidence,sample data/Accounting_ERP_May_2026.csv,3c59da1c10c67ab974dfd204b737402aff1c28d748665949942579fb5fb1a2fd,832,1.0.0
INV20260500832,JV20260500832,SO20260500832,2026-05-24,HCM-Q7,NV001,Trả góp,BL-E08C31,Máy xay,Panasonic Blender,Philips,3,2512948,0.2,6031075,0.08,482486,6513561,1563000,4689000,1342075,0.2225,6513561,6031075,482486,4689000,4689000,131-Phải thu khách hàng,511-Doanh thu bán hàng,3331-Thuế GTGT đầu ra,632-Giá vốn hàng bán,156-Hàng hóa,commerce_distribution_erp_scenario_v1,LIGHTBI_SCENARIO_ENTITY_001,VND,all_declared_accounting_money_columns,Asia/Ho_Chi_Minh,authentic_anchored_semi_synthetic_evidence,sample data/Accounting_ERP_May_2026.csv,3c59da1c10c67ab974dfd204b737402aff1c28d748665949942579fb5fb1a2fd,833,1.0.0
INV20260500833,JV20260500833,SO20260500833,2026-05-24,HCM-Q1,NV010,Ví điện tử,AC-496EEC,Máy lạnh,Casper 1HP,Philips,3,8300981,0.12,21914589,0.08,1753167,23667756,6328000,18984000,2930589,0.1337,23667756,21914589,1753167,18984000,18984000,131-Phải thu khách hàng,511-Doanh thu bán hàng,3331-Thuế GTGT đầu ra,632-Giá vốn hàng bán,156-Hàng hóa,commerce_distribution_erp_scenario_v1,LIGHTBI_SCENARIO_ENTITY_001,VND,all_declared_accounting_money_columns,Asia/Ho_Chi_Minh,authentic_anchored_semi_synthetic_evidence,sample data/Accounting_ERP_May_2026.csv,3c59da1c10c67ab974dfd204b737402aff1c28d748665949942579fb5fb1a2fd,834,1.0.0
INV20260500834,JV20260500834,SO20260500834,2026-05-17,HN-CG,NV001,Trả góp,TV-E37EE9,TV,"Samsung 55"" 4K",Casper,2,26307623,0.07,48932178,0.08,3914574,52846752,20475000,40950000,7982178,0.1631,52846752,48932178,3914574,40950000,40950000,131-Phải thu khách hàng,511-Doanh thu bán hàng,3331-Thuế GTGT đầu ra,632-Giá vốn hàng bán,156-Hàng hóa,commerce_distribution_erp_scenario_v1,LIGHTBI_SCENARIO_ENTITY_001,VND,all_declared_accounting_money_columns,Asia/Ho_Chi_Minh,authentic_anchored_semi_synthetic_evidence,sample data/Accounting_ERP_May_2026.csv,3c59da1c10c67ab974dfd204b737402aff1c28d748665949942579fb5fb1a2fd,835,1.0.0
INV20260500835,JV20260500835,SO20260500835,2026-05-10,DN-HC,NV017,Chuyển khoản,TV-3A9F5F,TV,LG OLED 48,Casper,2,27329772,0.17,45367421,0.08,3629393,48996814,23828000,47656000,-2288579,-0.0504,48996814,45367421,3629393,47656000,47656000,131-Phải thu khách hàng,511-Doanh thu bán hàng,3331-Thuế GTGT đầu ra,632-Giá vốn hàng bán,156-Hàng hóa,commerce_distribution_erp_scenario_v1,LIGHTBI_SCENARIO_ENTITY_001,VND,all_declared_accounting_money_columns,Asia/Ho_Chi_Minh,authentic_anchored_semi_synthetic_evidence,sample data/Accounting_ERP_May_2026.csv,3c59da1c10c67ab974dfd204b737402aff1c28d748665949942579fb5fb1a2fd,836,1.0.0
INV20260500836,JV20260500836,SO20260500836,2026-05-17,HCM-Q1,NV026,Trả góp,FN-5366D0,Quạt,Senko,Senko,2,1001657,0.1,1802982,0.08,144238,1947220,627000,1254000,548982,0.3045,1947220,1802982,144238,1254000,1254000,131-Phải thu khách hàng,511-Doanh thu bán hàng,3331-Thuế GTGT đầu ra,632-Giá vốn hàng bán,156-Hàng hóa,commerce_distribution_erp_scenario_v1,LIGHTBI_SCENARIO_ENTITY_001,VND,all_declared_accounting_money_columns,Asia/Ho_Chi_Minh,authentic_anchored_semi_synthetic_evidence,sample data/Accounting_ERP_May_2026.csv,3c59da1c10c67ab974dfd204b737402aff1c28d748665949942579fb5fb1a2fd,837,1.0.0
INV20260500837,JV20260500837,SO20260500837,2026-05-10,HCM-TB,NV030,Trả góp,MW-3E4330,Lò vi sóng,Sharp 20L,Samsung,2,2548060,0.0,5096120,0.08,407689,5503809,1671000,3342000,1754120,0.3442,5503809,5096120,407689,3342000,3342000,131-Phải thu khách hàng,511-Doanh thu bán hàng,3331-Thuế GTGT đầu ra,632-Giá vốn hàng bán,156-Hàng hóa,commerce_distribution_erp_scenario_v1,LIGHTBI_SCENARIO_ENTITY_001,VND,all_declared_accounting_money_columns,Asia/Ho_Chi_Minh,authentic_anchored_semi_synthetic_evidence,sample data/Accounting_ERP_May_2026.csv,3c59da1c10c67ab974dfd204b737402aff1c28d748665949942579fb5fb1a2fd,838,1.0.0
INV20260500838,JV20260500838,SO20260500838,2026-05-04,HN-CG,NV024,Trả góp,AC-C1535B,Máy lạnh,Panasonic 1.5HP,Asia,3,21491330,0.14,55447631,0.08,4435810,59883441,16301000,48903000,6544631,0.118,59883441,55447631,4435810,48903000,48903000,131-Phải thu khách hàng,511-Doanh thu bán hàng,3331-Thuế GTGT đầu ra,632-Giá vốn hàng bán,156-Hàng hóa,commerce_distribution_erp_scenario_v1,LIGHTBI_SCENARIO_ENTITY_001,VND,all_declared_accounting_money_columns,Asia/Ho_Chi_Minh,authentic_anchored_semi_synthetic_evidence,sample data/Accounting_ERP_May_2026.csv,3c59da1c10c67ab974dfd204b737402aff1c28d748665949942579fb5fb1a2fd,839,1.0.0
INV20260500839,JV20260500839,SO20260500839,2026-05-05,DN-HC,NV020,Chuyển khoản,AC-9EB347,Máy lạnh,Panasonic 1.5HP,Xiaomi,1,13292388,0.06,12494844,0.08,999587,13494431,10059000,10059000,2435844,0.1949,13494431,12494844,999587,10059000,10059000,131-Phải thu khách hàng,511-Doanh thu bán hàng,3331-Thuế GTGT đầu ra,632-Giá vốn hàng bán,156-Hàng hóa,commerce_distribution_erp_scenario_v1,LIGHTBI_SCENARIO_ENTITY_001,VND,all_declared_accounting_money_columns,Asia/Ho_Chi_Minh,authentic_anchored_semi_synthetic_evidence,sample data/Accounting_ERP_May_2026.csv,3c59da1c10c67ab974dfd204b737402aff1c28d748665949942579fb5fb1a2fd,840,1.0.0
INV20260500840,JV20260500840,SO20260500840,2026-05-29,HN-HBT,NV029,Tiền mặt,KT-4F7F55,Ấm siêu tốc,Sunhouse,Electrolux,3,1438315,0.19,3495105,0.08,279608,3774713,843000,2529000,966105,0.2764,3774713,3495105,279608,2529000,2529000,131-Phải thu khách hàng,511-Doanh thu bán hàng,3331-Thuế GTGT đầu ra,632-Giá vốn hàng bán,156-Hàng hóa,commerce_distribution_erp_scenario_v1,LIGHTBI_SCENARIO_ENTITY_001,VND,all_declared_accounting_money_columns,Asia/Ho_Chi_Minh,authentic_anchored_semi_synthetic_evidence,sample data/Accounting_ERP_May_2026.csv,3c59da1c10c67ab974dfd204b737402aff1c28d748665949942579fb5fb1a2fd,841,1.0.0
INV20260500841,JV20260500841,SO20260500841,2026-05-24,HN-HBT,NV015,Thẻ,VC-852D6B,Máy hút bụi,Philips FC,Sunhouse,3,2614347,0.15,6666584,0.08,533326,7199910,1640000,4920000,1746584,0.262,7199910,6666584,533326,4920000,4920000,131-Phải thu khách hàng,511-Doanh thu bán hàng,3331-Thuế GTGT đầu ra,632-Giá vốn hàng bán,156-Hàng hóa,commerce_distribution_erp_scenario_v1,LIGHTBI_SCENARIO_ENTITY_001,VND,all_declared_accounting_money_columns,Asia/Ho_Chi_Minh,authentic_anchored_semi_synthetic_evidence,sample data/Accounting_ERP_May_2026.csv,3c59da1c10c67ab974dfd204b737402aff1c28d748665949942579fb5fb1a2fd,842,1.0.0
INV20260500842,JV20260500842,SO20260500842,2026-05-11,HCM-Q1,NV027,Chuyển khoản,AC-4E849A,Máy lạnh,Daikin 1HP,Philips,3,6279970,0.04,18086313,0.08,1446905,19533218,5181000,15543000,2543313,0.1406,19533218,18086313,1446905,15543000,15543000,131-Phải thu khách hàng,511-Doanh thu bán hàng,3331-Thuế GTGT đầu ra,632-Giá vốn hàng bán,156-Hàng hóa,commerce_distribution_erp_scenario_v1,LIGHTBI_SCENARIO_ENTITY_001,VND,all_declared_accounting_money_columns,Asia/Ho_Chi_Minh,authentic_anchored_semi_synthetic_evidence,sample data/Accounting_ERP_May_2026.csv,3c59da1c10c67ab974dfd204b737402aff1c28d748665949942579fb5fb1a2fd,843,1.0.0
INV20260500843,JV20260500843,SO20260500843,2026-05-09,CT-NK,NV011,Trả góp,TV-3A9F5F,TV,LG OLED 48,Casper,1,29659665,0.19,24024328,0.08,1921946,25946274,22600000,22600000,1424328,0.0593,25946274,24024328,1921946,22600000,22600000,131-Phải thu khách hàng,511-Doanh thu bán hàng,3331-Thuế GTGT đầu ra,632-Giá vốn hàng bán,156-Hàng hóa,commerce_distribution_erp_scenario_v1,LIGHTBI_SCENARIO_ENTITY_001,VND,all_declared_accounting_money_columns,Asia/Ho_Chi_Minh,authentic_anchored_semi_synthetic_evidence,sample data/Accounting_ERP_May_2026.csv,3c59da1c10c67ab974dfd204b737402aff1c28d748665949942579fb5fb1a2fd,844,1.0.0
INV20260500844,JV20260500844,SO20260500844,2026-05-31,CT-NK,NV005,Tiền mặt,BL-C9164C,Máy xay,Philips Blender,Senko,1,1021497,0.02,1001067,0.08,80085,1081152,578000,578000,423067,0.4226,1081152,1001067,80085,578000,578000,131-Phải thu khách hàng,511-Doanh thu bán hàng,3331-Thuế GTGT đầu ra,632-Giá vốn hàng bán,156-Hàng hóa,commerce_distribution_erp_scenario_v1,LIGHTBI_SCENARIO_ENTITY_001,VND,all_declared_accounting_money_columns,Asia/Ho_Chi_Minh,authentic_anchored_semi_synthetic_evidence,sample data/Accounting_ERP_May_2026.csv,3c59da1c10c67ab974dfd204b737402aff1c28d748665949942579fb5fb1a2fd,845,1.0.0
INV20260500845,JV20260500845,SO20260500845,2026-05-23,HCM-TB,NV023,Thẻ,TV-C528C6,TV,LG OLED 48,Cuckoo,3,22134650,0.19,53787199,0.08,4302975,58090174,18811000,56433000,-2645801,-0.0492,58090174,53787199,4302975,56433000,56433000,131-Phải thu khách hàng,511-Doanh thu bán hàng,3331-Thuế GTGT đầu ra,632-Giá vốn hàng bán,156-Hàng hóa,commerce_distribution_erp_scenario_v1,LIGHTBI_SCENARIO_ENTITY_001,VND,all_declared_accounting_money_columns,Asia/Ho_Chi_Minh,authentic_anchored_semi_synthetic_evidence,sample data/Accounting_ERP_May_2026.csv,3c59da1c10c67ab974dfd204b737402aff1c28d748665949942579fb5fb1a2fd,846,1.0.0
INV20260500846,JV20260500846,SO20260500846,2026-05-31,HN-HBT,NV009,Ví điện tử,RC-469C5D,Nồi cơm,Cuckoo 1.8L,Philips,1,2280931,0.1,2052837,0.08,164226,2217063,1380000,1380000,672837,0.3278,2217063,2052837,164226,1380000,1380000,131-Phải thu khách hàng,511-Doanh thu bán hàng,3331-Thuế GTGT đầu ra,632-Giá vốn hàng bán,156-Hàng hóa,commerce_distribution_erp_scenario_v1,LIGHTBI_SCENARIO_ENTITY_001,VND,all_declared_accounting_money_columns,Asia/Ho_Chi_Minh,authentic_anchored_semi_synthetic_evidence,sample data/Accounting_ERP_May_2026.csv,3c59da1c10c67ab974dfd204b737402aff1c28d748665949942579fb5fb1a2fd,847,1.0.0
INV20260500847,JV20260500847,SO20260500847,2026-05-28,CT-NK,NV011,Thẻ,RC-DFEBAA,Nồi cơm,Sharp 1.8L,LG,2,585840,0.03,1136529,0.08,90922,1227451,410000,820000,316529,0.2785,1227451,1136529,90922,820000,820000,131-Phải thu khách hàng,511-Doanh thu bán hàng,3331-Thuế GTGT đầu ra,632-Giá vốn hàng bán,156-Hàng hóa,commerce_distribution_erp_scenario_v1,LIGHTBI_SCENARIO_ENTITY_001,VND,all_declared_accounting_money_columns,Asia/Ho_Chi_Minh,authentic_anchored_semi_synthetic_evidence,sample data/Accounting_ERP_May_2026.csv,3c59da1c10c67ab974dfd204b737402aff1c28d748665949942579fb5fb1a2fd,848,1.0.0
INV20260500848,JV20260500848,SO20260500848,2026-05-16,HCM-Q1,NV006,Ví điện tử,RC-DBD450,Nồi cơm,Cuckoo 1.8L,Senko,2,1772080,0.08,3260627,0.08,260850,3521477,1165000,2330000,930627,0.2854,3521477,3260627,260850,2330000,2330000,131-Phải thu khách hàng,511-Doanh thu bán hàng,3331-Thuế GTGT đầu ra,632-Giá vốn hàng bán,156-Hàng hóa,commerce_distribution_erp_scenario_v1,LIGHTBI_SCENARIO_ENTITY_001,VND,all_declared_accounting_money_columns,Asia/Ho_Chi_Minh,authentic_anchored_semi_synthetic_evidence,sample data/Accounting_ERP_May_2026.csv,3c59da1c10c67ab974dfd204b737402aff1c28d748665949942579fb5fb1a2fd,849,1.0.0
INV20260500849,JV20260500849,SO20260500849,2026-05-18,HCM-Q1,NV015,Tiền mặt,FN-230559,Quạt,Asia,Sharp,1,1386448,0.12,1220074,0.08,97605,1317679,814000,814000,406074,0.3328,1317679,1220074,97605,814000,814000,131-Phải thu khách hàng,511-Doanh thu bán hàng,3331-Thuế GTGT đầu ra,632-Giá vốn hàng bán,156-Hàng hóa,commerce_distribution_erp_scenario_v1,LIGHTBI_SCENARIO_ENTITY_001,VND,all_declared_accounting_money_columns,Asia/Ho_Chi_Minh,authentic_anchored_semi_synthetic_evidence,sample data/Accounting_ERP_May_2026.csv,3c59da1c10c67ab974dfd204b737402aff1c28d748665949942579fb5fb1a2fd,850,1.0.0
INV20260500850,JV20260500850,SO20260500850,2026-05-15,DN-HC,NV021,Chuyển khoản,WM-85FDED,Máy giặt,Samsung 10kg,Asia,3,13240192,0.04,38131752,0.08,3050540,41182292,10426000,31278000,6853752,0.1797,41182292,38131752,3050540,31278000,31278000,131-Phải thu khách hàng,511-Doanh thu bán hàng,3331-Thuế GTGT đầu ra,632-Giá vốn hàng bán,156-Hàng hóa,commerce_distribution_erp_scenario_v1,LIGHTBI_SCENARIO_ENTITY_001,VND,all_declared_accounting_money_columns,Asia/Ho_Chi_Minh,authentic_anchored_semi_synthetic_evidence,sample data/Accounting_ERP_May_2026.csv,3c59da1c10c67ab974dfd204b737402aff1c28d748665949942579fb5fb1a2fd,851,1.0.0
INV20260500851,JV20260500851,SO20260500851,2026-05-21,DN-HC,NV015,Trả góp,BL-A4802F,Máy xay,Philips Blender,Daikin,3,682316,0.13,1780844,0.08,142467,1923311,405000,1215000,565844,0.3177,1923311,1780844,142467,1215000,1215000,131-Phải thu khách hàng,511-Doanh thu bán hàng,3331-Thuế GTGT đầu ra,632-Giá vốn hàng bán,156-Hàng hóa,commerce_distribution_erp_scenario_v1,LIGHTBI_SCENARIO_ENTITY_001,VND,all_declared_accounting_money_columns,Asia/Ho_Chi_Minh,authentic_anchored_semi_synthetic_evidence,sample data/Accounting_ERP_May_2026.csv,3c59da1c10c67ab974dfd204b737402aff1c28d748665949942579fb5fb1a2fd,852,1.0.0
INV20260500852,JV20260500852,SO20260500852,2026-05-25,HCM-TB,NV023,Thẻ,TV-9A9F11,TV,"Samsung 55"" 4K",Toshiba,2,28486689,0.06,53554975,0.08,4284398,57839373,23362000,46724000,6830975,0.1276,57839373,53554975,4284398,46724000,46724000,131-Phải thu khách hàng,511-Doanh thu bán hàng,3331-Thuế GTGT đầu ra,632-Giá vốn hàng bán,156-Hàng hóa,commerce_distribution_erp_scenario_v1,LIGHTBI_SCENARIO_ENTITY_001,VND,all_declared_accounting_money_columns,Asia/Ho_Chi_Minh,authentic_anchored_semi_synthetic_evidence,sample data/Accounting_ERP_May_2026.csv,3c59da1c10c67ab974dfd204b737402aff1c28d748665949942579fb5fb1a2fd,853,1.0.0
INV20260500853,JV20260500853,SO20260500853,2026-05-14,HN-HBT,NV021,Tiền mặt,BL-A928A4,Máy xay,Philips Blender,LG,3,2832542,0.13,7392934,0.08,591434,7984368,1603000,4809000,2583934,0.3495,7984368,7392934,591434,4809000,4809000,131-Phải thu khách hàng,511-Doanh thu bán hàng,3331-Thuế GTGT đầu ra,632-Giá vốn hàng bán,156-Hàng hóa,commerce_distribution_erp_scenario_v1,LIGHTBI_SCENARIO_ENTITY_001,VND,all_declared_accounting_money_columns,Asia/Ho_Chi_Minh,authentic_anchored_semi_synthetic_evidence,sample data/Accounting_ERP_May_2026.csv,3c59da1c10c67ab974dfd204b737402aff1c28d748665949942579fb5fb1a2fd,854,1.0.0
INV20260500854,JV20260500854,SO20260500854,2026-05-29,HCM-TB,NV013,Ví điện tử,AC-1FFCA0,Máy lạnh,Mitsubishi 1.5HP,Asia,3,20289927,0.17,50521918,0.08,4041753,54563671,15416000,46248000,4273918,0.0846,54563671,50521918,4041753,46248000,46248000,131-Phải thu khách hàng,511-Doanh thu bán hàng,3331-Thuế GTGT đầu ra,632-Giá vốn hàng bán,156-Hàng hóa,commerce_distribution_erp_scenario_v1,LIGHTBI_SCENARIO_ENTITY_001,VND,all_declared_accounting_money_columns,Asia/Ho_Chi_Minh,authentic_anchored_semi_synthetic_evidence,sample data/Accounting_ERP_May_2026.csv,3c59da1c10c67ab974dfd204b737402aff1c28d748665949942579fb5fb1a2fd,855,1.0.0
INV20260500855,JV20260500855,SO20260500855,2026-05-23,CT-NK,NV026,Chuyển khoản,FN-A2F97E,Quạt,Senko,Xiaomi,3,1701358,0.16,4287422,0.08,342993,4630415,1250000,3750000,537422,0.1253,4630415,4287422,342993,3750000,3750000,131-Phải thu khách hàng,511-Doanh thu bán hàng,3331-Thuế GTGT đầu ra,632-Giá vốn hàng bán,156-Hàng hóa,commerce_distribution_erp_scenario_v1,LIGHTBI_SCENARIO_ENTITY_001,VND,all_declared_accounting_money_columns,Asia/Ho_Chi_Minh,authentic_anchored_semi_synthetic_evidence,sample data/Accounting_ERP_May_2026.csv,3c59da1c10c67ab974dfd204b737402aff1c28d748665949942579fb5fb1a2fd,856,1.0.0
INV20260500856,JV20260500856,SO20260500856,2026-05-12,HN-CG,NV017,Thẻ,VC-BEE8C8,Máy hút bụi,Xiaomi G10,Asia,2,11667016,0.13,20300607,0.08,1624048,21924655,8473000,16946000,3354607,0.1652,21924655,20300607,1624048,16946000,16946000,131-Phải thu khách hàng,511-Doanh thu bán hàng,3331-Thuế GTGT đầu ra,632-Giá vốn hàng bán,156-Hàng hóa,commerce_distribution_erp_scenario_v1,LIGHTBI_SCENARIO_ENTITY_001,VND,all_declared_accounting_money_columns,Asia/Ho_Chi_Minh,authentic_anchored_semi_synthetic_evidence,sample data/Accounting_ERP_May_2026.csv,3c59da1c10c67ab974dfd204b737402aff1c28d748665949942579fb5fb1a2fd,857,1.0.0
INV20260500857,JV20260500857,SO20260500857,2026-05-05,HCM-Q7,NV007,Chuyển khoản,FN-FC4665,Quạt,Asia,Electrolux,2,2456419,0.16,4126783,0.08,330142,4456925,1824000,3648000,478783,0.116,4456925,4126783,330142,3648000,3648000,131-Phải thu khách hàng,511-Doanh thu bán hàng,3331-Thuế GTGT đầu ra,632-Giá vốn hàng bán,156-Hàng hóa,commerce_distribution_erp_scenario_v1,LIGHTBI_SCENARIO_ENTITY_001,VND,all_declared_accounting_money_columns,Asia/Ho_Chi_Minh,authentic_anchored_semi_synthetic_evidence,sample data/Accounting_ERP_May_2026.csv,3c59da1c10c67ab974dfd204b737402aff1c28d748665949942579fb5fb1a2fd,858,1.0.0
INV20260500858,JV20260500858,SO20260500858,2026-05-31,HCM-Q1,NV003,Tiền mặt,WM-9170CB,Máy giặt,LG 9kg,LG,2,14588342,0.19,23633114,0.08,1890649,25523763,12304000,24608000,-974886,-0.0413,25523763,23633114,1890649,24608000,24608000,131-Phải thu khách hàng,511-Doanh thu bán hàng,3331-Thuế GTGT đầu ra,632-Giá vốn hàng bán,156-Hàng hóa,commerce_distribution_erp_scenario_v1,LIGHTBI_SCENARIO_ENTITY_001,VND,all_declared_accounting_money_columns,Asia/Ho_Chi_Minh,authentic_anchored_semi_synthetic_evidence,sample data/Accounting_ERP_May_2026.csv,3c59da1c10c67ab974dfd204b737402aff1c28d748665949942579fb5fb1a2fd,859,1.0.0
INV20260500859,JV20260500859,SO20260500859,2026-05-18,HN-CG,NV015,Ví điện tử,AC-F32BBC,Máy lạnh,Mitsubishi 1.5HP,Mitsubishi,2,15511918,0.03,30093120,0.08,2407449,32500569,12414000,24828000,5265120,0.175,32500569,30093120,2407449,24828000,24828000,131-Phải thu khách hàng,511-Doanh thu bán hàng,3331-Thuế GTGT đầu ra,632-Giá vốn hàng bán,156-Hàng hóa,commerce_distribution_erp_scenario_v1,LIGHTBI_SCENARIO_ENTITY_001,VND,all_declared_accounting_money_columns,Asia/Ho_Chi_Minh,authentic_anchored_semi_synthetic_evidence,sample data/Accounting_ERP_May_2026.csv,3c59da1c10c67ab974dfd204b737402aff1c28d748665949942579fb5fb1a2fd,860,1.0.0
INV20260500860,JV20260500860,SO20260500860,2026-05-24,CT-NK,NV029,Trả góp,WM-233DAD,Máy giặt,LG 9kg,Toshiba,1,7900186,0.17,6557154,0.08,524572,7081726,6089000,6089000,468154,0.0714,7081726,6557154,524572,6089000,6089000,131-Phải thu khách hàng,511-Doanh thu bán hàng,3331-Thuế GTGT đầu ra,632-Giá vốn hàng bán,156-Hàng hóa,commerce_distribution_erp_scenario_v1,LIGHTBI_SCENARIO_ENTITY_001,VND,all_declared_accounting_money_columns,Asia/Ho_Chi_Minh,authentic_anchored_semi_synthetic_evidence,sample data/Accounting_ERP_May_2026.csv,3c59da1c10c67ab974dfd204b737402aff1c28d748665949942579fb5fb1a2fd,861,1.0.0
INV20260500861,JV20260500861,SO20260500861,2026-05-09,CT-NK,NV001,Trả góp,BL-63B96E,Máy xay,Panasonic Blender,Panasonic,3,2481901,0.13,6477761,0.08,518220,6995981,1659000,4977000,1500761,0.2317,6995981,6477761,518220,4977000,4977000,131-Phải thu khách hàng,511-Doanh thu bán hàng,3331-Thuế GTGT đầu ra,632-Giá vốn hàng bán,156-Hàng hóa,commerce_distribution_erp_scenario_v1,LIGHTBI_SCENARIO_ENTITY_001,VND,all_declared_accounting_money_columns,Asia/Ho_Chi_Minh,authentic_anchored_semi_synthetic_evidence,sample data/Accounting_ERP_May_2026.csv,3c59da1c10c67ab974dfd204b737402aff1c28d748665949942579fb5fb1a2fd,862,1.0.0
INV20260500862,JV20260500862,SO20260500862,2026-05-31,HN-CG,NV026,Trả góp,VC-DAE72D,Máy hút bụi,Dyson V8,Sharp,3,8714345,0.04,25097313,0.08,2007785,27105098,5434000,16302000,8795313,0.3504,27105098,25097313,2007785,16302000,16302000,131-Phải thu khách hàng,511-Doanh thu bán hàng,3331-Thuế GTGT đầu ra,632-Giá vốn hàng bán,156-Hàng hóa,commerce_distribution_erp_scenario_v1,LIGHTBI_SCENARIO_ENTITY_001,VND,all_declared_accounting_money_columns,Asia/Ho_Chi_Minh,authentic_anchored_semi_synthetic_evidence,sample data/Accounting_ERP_May_2026.csv,3c59da1c10c67ab974dfd204b737402aff1c28d748665949942579fb5fb1a2fd,863,1.0.0
INV20260500863,JV20260500863,SO20260500863,2026-05-12,HCM-Q7,NV008,Tiền mặt,KT-8BE75F,Ấm siêu tốc,Kangaroo,Samsung,1,1211543,0.07,1126734,0.08,90138,1216872,730000,730000,396734,0.3521,1216872,1126734,90138,730000,730000,131-Phải thu khách hàng,511-Doanh thu bán hàng,3331-Thuế GTGT đầu ra,632-Giá vốn hàng bán,156-Hàng hóa,commerce_distribution_erp_scenario_v1,LIGHTBI_SCENARIO_ENTITY_001,VND,all_declared_accounting_money_columns,Asia/Ho_Chi_Minh,authentic_anchored_semi_synthetic_evidence,sample data/Accounting_ERP_May_2026.csv,3c59da1c10c67ab974dfd204b737402aff1c28d748665949942579fb5fb1a2fd,864,1.0.0
INV20260500864,JV20260500864,SO20260500864,2026-05-05,HCM-TB,NV021,Thẻ,AC-4AA281,Máy lạnh,Casper 1HP,Samsung,1,8400083,0.06,7896078,0.08,631686,8527764,6430000,6430000,1466078,0.1857,8527764,7896078,631686,6430000,6430000,131-Phải thu khách hàng,511-Doanh thu bán hàng,3331-Thuế GTGT đầu ra,632-Giá vốn hàng bán,156-Hàng hóa,commerce_distribution_erp_scenario_v1,LIGHTBI_SCENARIO_ENTITY_001,VND,all_declared_accounting_money_columns,Asia/Ho_Chi_Minh,authentic_anchored_semi_synthetic_evidence,sample data/Accounting_ERP_May_2026.csv,3c59da1c10c67ab974dfd204b737402aff1c28d748665949942579fb5fb1a2fd,865,1.0.0
INV20260500865,JV20260500865,SO20260500865,2026-05-12,HCM-TB,NV022,Chuyển khoản,RC-19766E,Nồi cơm,Panasonic 1.8L,Sunhouse,1,3074677,0.05,2920943,0.08,233675,3154618,1810000,1810000,1110943,0.3803,3154618,2920943,233675,1810000,1810000,131-Phải thu khách hàng,511-Doanh thu bán hàng,3331-Thuế GTGT đầu ra,632-Giá vốn hàng bán,156-Hàng hóa,commerce_distribution_erp_scenario_v1,LIGHTBI_SCENARIO_ENTITY_001,VND,all_declared_accounting_money_columns,Asia/Ho_Chi_Minh,authentic_anchored_semi_synthetic_evidence,sample data/Accounting_ERP_May_2026.csv,3c59da1c10c67ab974dfd204b737402aff1c28d748665949942579fb5fb1a2fd,866,1.0.0
INV20260500866,JV20260500866,SO20260500866,2026-05-31,HCM-TB,NV026,Chuyển khoản,AC-310514,Máy lạnh,Daikin 1HP,Cuckoo,2,12478968,0.04,23959618,0.08,1916769,25876387,8750000,17500000,6459618,0.2696,25876387,23959618,1916769,17500000,17500000,131-Phải thu khách hàng,511-Doanh thu bán hàng,3331-Thuế GTGT đầu ra,632-Giá vốn hàng bán,156-Hàng hóa,commerce_distribution_erp_scenario_v1,LIGHTBI_SCENARIO_ENTITY_001,VND,all_declared_accounting_money_columns,Asia/Ho_Chi_Minh,authentic_anchored_semi_synthetic_evidence,sample data/Accounting_ERP_May_2026.csv,3c59da1c10c67ab974dfd204b737402aff1c28d748665949942579fb5fb1a2fd,867,1.0.0
INV20260500867,JV20260500867,SO20260500867,2026-05-05,HCM-TB,NV014,Trả góp,RC-4F65B1,Nồi cơm,Sunhouse 1.2L,Casper,1,2220782,0.2,1776625,0.08,142130,1918755,1417000,1417000,359625,0.2024,1918755,1776625,142130,1417000,1417000,131-Phải thu khách hàng,511-Doanh thu bán hàng,3331-Thuế GTGT đầu ra,632-Giá vốn hàng bán,156-Hàng hóa,commerce_distribution_erp_scenario_v1,LIGHTBI_SCENARIO_ENTITY_001,VND,all_declared_accounting_money_columns,Asia/Ho_Chi_Minh,authentic_anchored_semi_synthetic_evidence,sample data/Accounting_ERP_May_2026.csv,3c59da1c10c67ab974dfd204b737402aff1c28d748665949942579fb5fb1a2fd,868,1.0.0
INV20260500868,JV20260500868,SO20260500868,2026-05-07,HN-HBT,NV018,Tiền mặt,FN-FC5CB1,Quạt,Asia,Asia,1,2319472,0.07,2157108,0.08,172568,2329676,1400000,1400000,757108,0.351,2329676,2157108,172568,1400000,1400000,131-Phải thu khách hàng,511-Doanh thu bán hàng,3331-Thuế GTGT đầu ra,632-Giá vốn hàng bán,156-Hàng hóa,commerce_distribution_erp_scenario_v1,LIGHTBI_SCENARIO_ENTITY_001,VND,all_declared_accounting_money_columns,Asia/Ho_Chi_Minh,authentic_anchored_semi_synthetic_evidence,sample data/Accounting_ERP_May_2026.csv,3c59da1c10c67ab974dfd204b737402aff1c28d748665949942579fb5fb1a2fd,869,1.0.0
INV20260500869,JV20260500869,SO20260500869,2026-05-13,HCM-Q1,NV026,Chuyển khoản,VC-D89B2B,Máy hút bụi,Xiaomi G10,LG,1,10408193,0.02,10200029,0.08,816002,11016031,7487000,7487000,2713029,0.266,11016031,10200029,816002,7487000,7487000,131-Phải thu khách hàng,511-Doanh thu bán hàng,3331-Thuế GTGT đầu ra,632-Giá vốn hàng bán,156-Hàng hóa,commerce_distribution_erp_scenario_v1,LIGHTBI_SCENARIO_ENTITY_001,VND,all_declared_accounting_money_columns,Asia/Ho_Chi_Minh,authentic_anchored_semi_synthetic_evidence,sample data/Accounting_ERP_May_2026.csv,3c59da1c10c67ab974dfd204b737402aff1c28d748665949942579fb5fb1a2fd,870,1.0.0
INV20260500870,JV20260500870,SO20260500870,2026-05-23,HCM-Q1,NV028,Trả góp,MW-8E4E78,Lò vi sóng,Panasonic 25L,Casper,1,1282236,0.03,1243768,0.08,99501,1343269,954000,954000,289768,0.233,1343269,1243768,99501,954000,954000,131-Phải thu khách hàng,511-Doanh thu bán hàng,3331-Thuế GTGT đầu ra,632-Giá vốn hàng bán,156-Hàng hóa,commerce_distribution_erp_scenario_v1,LIGHTBI_SCENARIO_ENTITY_001,VND,all_declared_accounting_money_columns,Asia/Ho_Chi_Minh,authentic_anchored_semi_synthetic_evidence,sample data/Accounting_ERP_May_2026.csv,3c59da1c10c67ab974dfd204b737402aff1c28d748665949942579fb5fb1a2fd,871,1.0.0
INV20260500871,JV20260500871,SO20260500871,2026-05-24,HCM-Q1,NV003,Chuyển khoản,RC-D51252,Nồi cơm,Sharp 1.8L,Daikin,2,588248,0.15,1000021,0.08,80001,1080022,375000,750000,250021,0.25,1080022,1000021,80001,750000,750000,131-Phải thu khách hàng,511-Doanh thu bán hàng,3331-Thuế GTGT đầu ra,632-Giá vốn hàng bán,156-Hàng hóa,commerce_distribution_erp_scenario_v1,LIGHTBI_SCENARIO_ENTITY_001,VND,all_declared_accounting_money_columns,Asia/Ho_Chi_Minh,authentic_anchored_semi_synthetic_evidence,sample data/Accounting_ERP_May_2026.csv,3c59da1c10c67ab974dfd204b737402aff1c28d748665949942579fb5fb1a2fd,872,1.0.0
INV20260500872,JV20260500872,SO20260500872,2026-05-09,HCM-Q1,NV029,Ví điện tử,BL-3258EA,Máy xay,Panasonic Blender,Mitsubishi,2,1692312,0.01,3350777,0.08,268062,3618839,1067000,2134000,1216777,0.3631,3618839,3350777,268062,2134000,2134000,131-Phải thu khách hàng,511-Doanh thu bán hàng,3331-Thuế GTGT đầu ra,632-Giá vốn hàng bán,156-Hàng hóa,commerce_distribution_erp_scenario_v1,LIGHTBI_SCENARIO_ENTITY_001,VND,all_declared_accounting_money_columns,Asia/Ho_Chi_Minh,authentic_anchored_semi_synthetic_evidence,sample data/Accounting_ERP_May_2026.csv,3c59da1c10c67ab974dfd204b737402aff1c28d748665949942579fb5fb1a2fd,873,1.0.0
INV20260500873,JV20260500873,SO20260500873,2026-05-18,HCM-TB,NV024,Tiền mặt,VC-D86280,Máy hút bụi,Philips FC,Mitsubishi,2,9564152,0.12,16832907,0.08,1346632,18179539,5904000,11808000,5024907,0.2985,18179539,16832907,1346632,11808000,11808000,131-Phải thu khách hàng,511-Doanh thu bán hàng,3331-Thuế GTGT đầu ra,632-Giá vốn hàng bán,156-Hàng hóa,commerce_distribution_erp_scenario_v1,LIGHTBI_SCENARIO_ENTITY_001,VND,all_declared_accounting_money_columns,Asia/Ho_Chi_Minh,authentic_anchored_semi_synthetic_evidence,sample data/Accounting_ERP_May_2026.csv,3c59da1c10c67ab974dfd204b737402aff1c28d748665949942579fb5fb1a2fd,874,1.0.0
INV20260500874,JV20260500874,SO20260500874,2026-05-09,HCM-Q1,NV027,Trả góp,BL-01E9C7,Máy xay,Panasonic Blender,Samsung,2,2415445,0.14,4154565,0.08,332365,4486930,1643000,3286000,868565,0.2091,4486930,4154565,332365,3286000,3286000,131-Phải thu khách hàng,511-Doanh thu bán hàng,3331-Thuế GTGT đầu ra,632-Giá vốn hàng bán,156-Hàng hóa,commerce_distribution_erp_scenario_v1,LIGHTBI_SCENARIO_ENTITY_001,VND,all_declared_accounting_money_columns,Asia/Ho_Chi_Minh,authentic_anchored_semi_synthetic_evidence,sample data/Accounting_ERP_May_2026.csv,3c59da1c10c67ab974dfd204b737402aff1c28d748665949942579fb5fb1a2fd,875,1.0.0
INV20260500875,JV20260500875,SO20260500875,2026-05-29,DN-HC,NV029,Tiền mặt,MW-4DBCB2,Lò vi sóng,Sharp 20L,Daikin,3,3390080,0.14,8746406,0.08,699712,9446118,2465000,7395000,1351406,0.1545,9446118,8746406,699712,7395000,7395000,131-Phải thu khách hàng,511-Doanh thu bán hàng,3331-Thuế GTGT đầu ra,632-Giá vốn hàng bán,156-Hàng hóa,commerce_distribution_erp_scenario_v1,LIGHTBI_SCENARIO_ENTITY_001,VND,all_declared_accounting_money_columns,Asia/Ho_Chi_Minh,authentic_anchored_semi_synthetic_evidence,sample data/Accounting_ERP_May_2026.csv,3c59da1c10c67ab974dfd204b737402aff1c28d748665949942579fb5fb1a2fd,876,1.0.0
INV20260500876,JV20260500876,SO20260500876,2026-05-13,DN-HC,NV016,Tiền mặt,FN-02E143,Quạt,Senko,Sony,3,2251784,0.04,6485137,0.08,518810,7003947,1583000,4749000,1736137,0.2677,7003947,6485137,518810,4749000,4749000,131-Phải thu khách hàng,511-Doanh thu bán hàng,3331-Thuế GTGT đầu ra,632-Giá vốn hàng bán,156-Hàng hóa,commerce_distribution_erp_scenario_v1,LIGHTBI_SCENARIO_ENTITY_001,VND,all_declared_accounting_money_columns,Asia/Ho_Chi_Minh,authentic_anchored_semi_synthetic_evidence,sample data/Accounting_ERP_May_2026.csv,3c59da1c10c67ab974dfd204b737402aff1c28d748665949942579fb5fb1a2fd,877,1.0.0
INV20260500877,JV20260500877,SO20260500877,2026-05-15,HN-CG,NV008,Chuyển khoản,RF-6AEEF2,Tủ lạnh,Aqua 250L,Panasonic,2,21127930,0.15,35917481,0.08,2873398,38790879,16131000,32262000,3655481,0.1018,38790879,35917481,2873398,32262000,32262000,131-Phải thu khách hàng,511-Doanh thu bán hàng,3331-Thuế GTGT đầu ra,632-Giá vốn hàng bán,156-Hàng hóa,commerce_distribution_erp_scenario_v1,LIGHTBI_SCENARIO_ENTITY_001,VND,all_declared_accounting_money_columns,Asia/Ho_Chi_Minh,authentic_anchored_semi_synthetic_evidence,sample data/Accounting_ERP_May_2026.csv,3c59da1c10c67ab974dfd204b737402aff1c28d748665949942579fb5fb1a2fd,878,1.0.0
INV20260500878,JV20260500878,SO20260500878,2026-05-19,DN-HC,NV018,Chuyển khoản,BL-08E06D,Máy xay,Philips Blender,Casper,3,1843580,0.12,4867051,0.08,389364,5256415,1148000,3444000,1423051,0.2924,5256415,4867051,389364,3444000,3444000,131-Phải thu khách hàng,511-Doanh thu bán hàng,3331-Thuế GTGT đầu ra,632-Giá vốn hàng bán,156-Hàng hóa,commerce_distribution_erp_scenario_v1,LIGHTBI_SCENARIO_ENTITY_001,VND,all_declared_accounting_money_columns,Asia/Ho_Chi_Minh,authentic_anchored_semi_synthetic_evidence,sample data/Accounting_ERP_May_2026.csv,3c59da1c10c67ab974dfd204b737402aff1c28d748665949942579fb5fb1a2fd,879,1.0.0
INV20260500879,JV20260500879,SO20260500879,2026-05-18,HCM-TB,NV026,Ví điện tử,KT-4207FB,Ấm siêu tốc,Sunhouse,Asia,1,575983,0.01,570223,0.08,45617,615840,317000,317000,253223,0.4441,615840,570223,45617,317000,317000,131-Phải thu khách hàng,511-Doanh thu bán hàng,3331-Thuế GTGT đầu ra,632-Giá vốn hàng bán,156-Hàng hóa,commerce_distribution_erp_scenario_v1,LIGHTBI_SCENARIO_ENTITY_001,VND,all_declared_accounting_money_columns,Asia/Ho_Chi_Minh,authentic_anchored_semi_synthetic_evidence,sample data/Accounting_ERP_May_2026.csv,3c59da1c10c67ab974dfd204b737402aff1c28d748665949942579fb5fb1a2fd,880,1.0.0
INV20260500880,JV20260500880,SO20260500880,2026-05-11,HCM-Q1,NV008,Trả góp,MW-2666B6,Lò vi sóng,Panasonic 25L,Mitsubishi,1,3154924,0.04,3028727,0.08,242298,3271025,1984000,1984000,1044727,0.3449,3271025,3028727,242298,1984000,1984000,131-Phải thu khách hàng,511-Doanh thu bán hàng,3331-Thuế GTGT đầu ra,632-Giá vốn hàng bán,156-Hàng hóa,commerce_distribution_erp_scenario_v1,LIGHTBI_SCENARIO_ENTITY_001,VND,all_declared_accounting_money_columns,Asia/Ho_Chi_Minh,authentic_anchored_semi_synthetic_evidence,sample data/Accounting_ERP_May_2026.csv,3c59da1c10c67ab974dfd204b737402aff1c28d748665949942579fb5fb1a2fd,881,1.0.0
INV20260500881,JV20260500881,SO20260500881,2026-05-21,HCM-Q1,NV013,Trả góp,BL-653303,Máy xay,Sunhouse Blender,Philips,3,1331498,0.03,3874659,0.08,309972,4184631,753000,2259000,1615659,0.417,4184631,3874659,309972,2259000,2259000,131-Phải thu khách hàng,511-Doanh thu bán hàng,3331-Thuế GTGT đầu ra,632-Giá vốn hàng bán,156-Hàng hóa,commerce_distribution_erp_scenario_v1,LIGHTBI_SCENARIO_ENTITY_001,VND,all_declared_accounting_money_columns,Asia/Ho_Chi_Minh,authentic_anchored_semi_synthetic_evidence,sample data/Accounting_ERP_May_2026.csv,3c59da1c10c67ab974dfd204b737402aff1c28d748665949942579fb5fb1a2fd,882,1.0.0
INV20260500882,JV20260500882,SO20260500882,2026-05-08,DN-HC,NV017,Trả góp,MW-9A4EF9,Lò vi sóng,Panasonic 25L,Sharp,1,2715852,0.09,2471425,0.08,197714,2669139,2013000,2013000,458425,0.1855,2669139,2471425,197714,2013000,2013000,131-Phải thu khách hàng,511-Doanh thu bán hàng,3331-Thuế GTGT đầu ra,632-Giá vốn hàng bán,156-Hàng hóa,commerce_distribution_erp_scenario_v1,LIGHTBI_SCENARIO_ENTITY_001,VND,all_declared_accounting_money_columns,Asia/Ho_Chi_Minh,authentic_anchored_semi_synthetic_evidence,sample data/Accounting_ERP_May_2026.csv,3c59da1c10c67ab974dfd204b737402aff1c28d748665949942579fb5fb1a2fd,883,1.0.0
INV20260500883,JV20260500883,SO20260500883,2026-05-15,BD-TDM,NV013,Trả góp,KT-912978,Ấm siêu tốc,Sunhouse,Philips,2,958758,0.13,1668238,0.08,133459,1801697,584000,1168000,500238,0.2999,1801697,1668238,133459,1168000,1168000,131-Phải thu khách hàng,511-Doanh thu bán hàng,3331-Thuế GTGT đầu ra,632-Giá vốn hàng bán,156-Hàng hóa,commerce_distribution_erp_scenario_v1,LIGHTBI_SCENARIO_ENTITY_001,VND,all_declared_accounting_money_columns,Asia/Ho_Chi_Minh,authentic_anchored_semi_synthetic_evidence,sample data/Accounting_ERP_May_2026.csv,3c59da1c10c67ab974dfd204b737402aff1c28d748665949942579fb5fb1a2fd,884,1.0.0
INV20260500884,JV20260500884,SO20260500884,2026-05-24,HCM-TB,NV028,Chuyển khoản,AC-6D8176,Máy lạnh,Casper 1HP,Xiaomi,1,19669833,0.12,17309453,0.08,1384756,18694209,14447000,14447000,2862453,0.1654,18694209,17309453,1384756,14447000,14447000,131-Phải thu khách hàng,511-Doanh thu bán hàng,3331-Thuế GTGT đầu ra,632-Giá vốn hàng bán,156-Hàng hóa,commerce_distribution_erp_scenario_v1,LIGHTBI_SCENARIO_ENTITY_001,VND,all_declared_accounting_money_columns,Asia/Ho_Chi_Minh,authentic_anchored_semi_synthetic_evidence,sample data/Accounting_ERP_May_2026.csv,3c59da1c10c67ab974dfd204b737402aff1c28d748665949942579fb5fb1a2fd,885,1.0.0
INV20260500885,JV20260500885,SO20260500885,2026-05-13,HN-CG,NV026,Chuyển khoản,FN-1B187A,Quạt,Panasonic,Panasonic,2,977475,0.05,1857202,0.08,148576,2005778,558000,1116000,741202,0.3991,2005778,1857202,148576,1116000,1116000,131-Phải thu khách hàng,511-Doanh thu bán hàng,3331-Thuế GTGT đầu ra,632-Giá vốn hàng bán,156-Hàng hóa,commerce_distribution_erp_scenario_v1,LIGHTBI_SCENARIO_ENTITY_001,VND,all_declared_accounting_money_columns,Asia/Ho_Chi_Minh,authentic_anchored_semi_synthetic_evidence,sample data/Accounting_ERP_May_2026.csv,3c59da1c10c67ab974dfd204b737402aff1c28d748665949942579fb5fb1a2fd,886,1.0.0
INV20260500886,JV20260500886,SO20260500886,2026-05-01,BD-TDM,NV025,Ví điện tử,KT-C02AC0,Ấm siêu tốc,Kangaroo,Asia,2,776100,0.05,1474590,0.08,117967,1592557,460000,920000,554590,0.3761,1592557,1474590,117967,920000,920000,131-Phải thu khách hàng,511-Doanh thu bán hàng,3331-Thuế GTGT đầu ra,632-Giá vốn hàng bán,156-Hàng hóa,commerce_distribution_erp_scenario_v1,LIGHTBI_SCENARIO_ENTITY_001,VND,all_declared_accounting_money_columns,Asia/Ho_Chi_Minh,authentic_anchored_semi_synthetic_evidence,sample data/Accounting_ERP_May_2026.csv,3c59da1c10c67ab974dfd204b737402aff1c28d748665949942579fb5fb1a2fd,887,1.0.0
INV20260500887,JV20260500887,SO20260500887,2026-05-03,DN-HC,NV001,Trả góp,BL-8A2ABB,Máy xay,Sunhouse Blender,Aqua,2,528134,0.03,1024579,0.08,81966,1106545,304000,608000,416579,0.4066,1106545,1024579,81966,608000,608000,131-Phải thu khách hàng,511-Doanh thu bán hàng,3331-Thuế GTGT đầu ra,632-Giá vốn hàng bán,156-Hàng hóa,commerce_distribution_erp_scenario_v1,LIGHTBI_SCENARIO_ENTITY_001,VND,all_declared_accounting_money_columns,Asia/Ho_Chi_Minh,authentic_anchored_semi_synthetic_evidence,sample data/Accounting_ERP_May_2026.csv,3c59da1c10c67ab974dfd204b737402aff1c28d748665949942579fb5fb1a2fd,888,1.0.0
INV20260500888,JV20260500888,SO20260500888,2026-05-01,BD-TDM,NV029,Trả góp,WM-80E146,Máy giặt,Panasonic 8.5kg,Mitsubishi,3,8301197,0.13,21666124,0.08,1733289,23399413,6806000,20418000,1248124,0.0576,23399413,21666124,1733289,20418000,20418000,131-Phải thu khách hàng,511-Doanh thu bán hàng,3331-Thuế GTGT đầu ra,632-Giá vốn hàng bán,156-Hàng hóa,commerce_distribution_erp_scenario_v1,LIGHTBI_SCENARIO_ENTITY_001,VND,all_declared_accounting_money_columns,Asia/Ho_Chi_Minh,authentic_anchored_semi_synthetic_evidence,sample data/Accounting_ERP_May_2026.csv,3c59da1c10c67ab974dfd204b737402aff1c28d748665949942579fb5fb1a2fd,889,1.0.0
INV20260500889,JV20260500889,SO20260500889,2026-05-14,HN-HBT,NV011,Ví điện tử,VC-7AF11E,Máy hút bụi,Philips FC,Panasonic,2,8323973,0.08,15316110,0.08,1225288,16541398,5515000,11030000,4286110,0.2798,16541398,15316110,1225288,11030000,11030000,131-Phải thu khách hàng,511-Doanh thu bán hàng,3331-Thuế GTGT đầu ra,632-Giá vốn hàng bán,156-Hàng hóa,commerce_distribution_erp_scenario_v1,LIGHTBI_SCENARIO_ENTITY_001,VND,all_declared_accounting_money_columns,Asia/Ho_Chi_Minh,authentic_anchored_semi_synthetic_evidence,sample data/Accounting_ERP_May_2026.csv,3c59da1c10c67ab974dfd204b737402aff1c28d748665949942579fb5fb1a2fd,890,1.0.0
INV20260500890,JV20260500890,SO20260500890,2026-05-19,DN-HC,NV029,Trả góp,WM-F25444,Máy giặt,LG 9kg,Xiaomi,3,8976812,0.09,24506696,0.08,1960535,26467231,6951000,20853000,3653696,0.1491,26467231,24506696,1960535,20853000,20853000,131-Phải thu khách hàng,511-Doanh thu bán hàng,3331-Thuế GTGT đầu ra,632-Giá vốn hàng bán,156-Hàng hóa,commerce_distribution_erp_scenario_v1,LIGHTBI_SCENARIO_ENTITY_001,VND,all_declared_accounting_money_columns,Asia/Ho_Chi_Minh,authentic_anchored_semi_synthetic_evidence,sample data/Accounting_ERP_May_2026.csv,3c59da1c10c67ab974dfd204b737402aff1c28d748665949942579fb5fb1a2fd,891,1.0.0
INV20260500891,JV20260500891,SO20260500891,2026-05-04,HCM-Q1,NV030,Chuyển khoản,RC-4F65B1,Nồi cơm,Sunhouse 1.2L,Casper,3,1989083,0.13,5191506,0.08,415320,5606826,1413000,4239000,952506,0.1835,5606826,5191506,415320,4239000,4239000,131-Phải thu khách hàng,511-Doanh thu bán hàng,3331-Thuế GTGT đầu ra,632-Giá vốn hàng bán,156-Hàng hóa,commerce_distribution_erp_scenario_v1,LIGHTBI_SCENARIO_ENTITY_001,VND,all_declared_accounting_money_columns,Asia/Ho_Chi_Minh,authentic_anchored_semi_synthetic_evidence,sample data/Accounting_ERP_May_2026.csv,3c59da1c10c67ab974dfd204b737402aff1c28d748665949942579fb5fb1a2fd,892,1.0.0
INV20260500892,JV20260500892,SO20260500892,2026-05-06,BD-TDM,NV010,Trả góp,WM-B66625,Máy giặt,Panasonic 8.5kg,Sony,3,8336238,0.08,23008016,0.08,1840641,24848657,6981000,20943000,2065016,0.0898,24848657,23008016,1840641,20943000,20943000,131-Phải thu khách hàng,511-Doanh thu bán hàng,3331-Thuế GTGT đầu ra,632-Giá vốn hàng bán,156-Hàng hóa,commerce_distribution_erp_scenario_v1,LIGHTBI_SCENARIO_ENTITY_001,VND,all_declared_accounting_money_columns,Asia/Ho_Chi_Minh,authentic_anchored_semi_synthetic_evidence,sample data/Accounting_ERP_May_2026.csv,3c59da1c10c67ab974dfd204b737402aff1c28d748665949942579fb5fb1a2fd,893,1.0.0
INV20260500893,JV20260500893,SO20260500893,2026-05-23,CT-NK,NV013,Trả góp,AC-9068F8,Máy lạnh,Panasonic 1.5HP,Cuckoo,1,20109744,0.07,18702061,0.08,1496164,20198225,15823000,15823000,2879061,0.1539,20198225,18702061,1496164,15823000,15823000,131-Phải thu khách hàng,511-Doanh thu bán hàng,3331-Thuế GTGT đầu ra,632-Giá vốn hàng bán,156-Hàng hóa,commerce_distribution_erp_scenario_v1,LIGHTBI_SCENARIO_ENTITY_001,VND,all_declared_accounting_money_columns,Asia/Ho_Chi_Minh,authentic_anchored_semi_synthetic_evidence,sample data/Accounting_ERP_May_2026.csv,3c59da1c10c67ab974dfd204b737402aff1c28d748665949942579fb5fb1a2fd,894,1.0.0
INV20260500894,JV20260500894,SO20260500894,2026-05-12,HN-HBT,NV020,Ví điện tử,WM-4642FB,Máy giặt,LG 9kg,Asia,1,7193128,0.13,6258021,0.08,500641,6758662,5503000,5503000,755021,0.1206,6758662,6258021,500641,5503000,5503000,131-Phải thu khách hàng,511-Doanh thu bán hàng,3331-Thuế GTGT đầu ra,632-Giá vốn hàng bán,156-Hàng hóa,commerce_distribution_erp_scenario_v1,LIGHTBI_SCENARIO_ENTITY_001,VND,all_declared_accounting_money_columns,Asia/Ho_Chi_Minh,authentic_anchored_semi_synthetic_evidence,sample data/Accounting_ERP_May_2026.csv,3c59da1c10c67ab974dfd204b737402aff1c28d748665949942579fb5fb1a2fd,895,1.0.0
INV20260500895,JV20260500895,SO20260500895,2026-05-05,BD-TDM,NV030,Thẻ,RF-D9A75C,Tủ lạnh,Samsung Inverter 350L,Sony,1,14836674,0.15,12611172,0.08,1008893,13620065,11174000,11174000,1437172,0.114,13620065,12611172,1008893,11174000,11174000,131-Phải thu khách hàng,511-Doanh thu bán hàng,3331-Thuế GTGT đầu ra,632-Giá vốn hàng bán,156-Hàng hóa,commerce_distribution_erp_scenario_v1,LIGHTBI_SCENARIO_ENTITY_001,VND,all_declared_accounting_money_columns,Asia/Ho_Chi_Minh,authentic_anchored_semi_synthetic_evidence,sample data/Accounting_ERP_May_2026.csv,3c59da1c10c67ab974dfd204b737402aff1c28d748665949942579fb5fb1a2fd,896,1.0.0
INV20260500896,JV20260500896,SO20260500896,2026-05-17,HCM-Q1,NV028,Chuyển khoản,RF-577C9B,Tủ lạnh,Panasonic 300L,LG,3,20018985,0.2,48045564,0.08,3843645,51889209,15287000,45861000,2184564,0.0455,51889209,48045564,3843645,45861000,45861000,131-Phải thu khách hàng,511-Doanh thu bán hàng,3331-Thuế GTGT đầu ra,632-Giá vốn hàng bán,156-Hàng hóa,commerce_distribution_erp_scenario_v1,LIGHTBI_SCENARIO_ENTITY_001,VND,all_declared_accounting_money_columns,Asia/Ho_Chi_Minh,authentic_anchored_semi_synthetic_evidence,sample data/Accounting_ERP_May_2026.csv,3c59da1c10c67ab974dfd204b737402aff1c28d748665949942579fb5fb1a2fd,897,1.0.0
INV20260500897,JV20260500897,SO20260500897,2026-05-21,DN-HC,NV024,Ví điện tử,TV-E37EE9,TV,"Samsung 55"" 4K",Casper,3,28456496,0.06,80247318,0.08,6419785,86667103,24551000,73653000,6594318,0.0822,86667103,80247318,6419785,73653000,73653000,131-Phải thu khách hàng,511-Doanh thu bán hàng,3331-Thuế GTGT đầu ra,632-Giá vốn hàng bán,156-Hàng hóa,commerce_distribution_erp_scenario_v1,LIGHTBI_SCENARIO_ENTITY_001,VND,all_declared_accounting_money_columns,Asia/Ho_Chi_Minh,authentic_anchored_semi_synthetic_evidence,sample data/Accounting_ERP_May_2026.csv,3c59da1c10c67ab974dfd204b737402aff1c28d748665949942579fb5fb1a2fd,898,1.0.0
INV20260500898,JV20260500898,SO20260500898,2026-05-17,CT-NK,NV015,Tiền mặt,RF-263030,Tủ lạnh,Samsung Inverter 350L,Toshiba,1,17435956,0.11,15518000,0.08,1241440,16759440,14328000,14328000,1190000,0.0767,16759440,15518000,1241440,14328000,14328000,131-Phải thu khách hàng,511-Doanh thu bán hàng,3331-Thuế GTGT đầu ra,632-Giá vốn hàng bán,156-Hàng hóa,commerce_distribution_erp_scenario_v1,LIGHTBI_SCENARIO_ENTITY_001,VND,all_declared_accounting_money_columns,Asia/Ho_Chi_Minh,authentic_anchored_semi_synthetic_evidence,sample data/Accounting_ERP_May_2026.csv,3c59da1c10c67ab974dfd204b737402aff1c28d748665949942579fb5fb1a2fd,899,1.0.0
INV20260500899,JV20260500899,SO20260500899,2026-05-29,HN-HBT,NV015,Thẻ,WM-41CB2E,Máy giặt,Panasonic 8.5kg,Toshiba,2,13621385,0.15,23156354,0.08,1852508,25008862,11245000,22490000,666354,0.0288,25008862,23156354,1852508,22490000,22490000,131-Phải thu khách hàng,511-Doanh thu bán hàng,3331-Thuế GTGT đầu ra,632-Giá vốn hàng bán,156-Hàng hóa,commerce_distribution_erp_scenario_v1,LIGHTBI_SCENARIO_ENTITY_001,VND,all_declared_accounting_money_columns,Asia/Ho_Chi_Minh,authentic_anchored_semi_synthetic_evidence,sample data/Accounting_ERP_May_2026.csv,3c59da1c10c67ab974dfd204b737402aff1c28d748665949942579fb5fb1a2fd,900,1.0.0
INV20260500900,JV20260500900,SO20260500900,2026-05-01,HCM-Q7,NV020,Chuyển khoản,AC-48A793,Máy lạnh,Panasonic 1.5HP,Sony,1,19130487,0.11,17026133,0.08,1362090,18388223,14834000,14834000,2192133,0.1288,18388223,17026133,1362090,14834000,14834000,131-Phải thu khách hàng,511-Doanh thu bán hàng,3331-Thuế GTGT đầu ra,632-Giá vốn hàng bán,156-Hàng hóa,commerce_distribution_erp_scenario_v1,LIGHTBI_SCENARIO_ENTITY_001,VND,all_declared_accounting_money_columns,Asia/Ho_Chi_Minh,authentic_anchored_semi_synthetic_evidence,sample data/Accounting_ERP_May_2026.csv,3c59da1c10c67ab974dfd204b737402aff1c28d748665949942579fb5fb1a2fd,901,1.0.0
INV20260500901,JV20260500901,SO20260500901,2026-05-29,HCM-Q7,NV021,Tiền mặt,FN-AEDFD9,Quạt,Panasonic,Sony,1,737582,0.1,663823,0.08,53105,716928,526000,526000,137823,0.2076,716928,663823,53105,526000,526000,131-Phải thu khách hàng,511-Doanh thu bán hàng,3331-Thuế GTGT đầu ra,632-Giá vốn hàng bán,156-Hàng hóa,commerce_distribution_erp_scenario_v1,LIGHTBI_SCENARIO_ENTITY_001,VND,all_declared_accounting_money_columns,Asia/Ho_Chi_Minh,authentic_anchored_semi_synthetic_evidence,sample data/Accounting_ERP_May_2026.csv,3c59da1c10c67ab974dfd204b737402aff1c28d748665949942579fb5fb1a2fd,902,1.0.0
INV20260500902,JV20260500902,SO20260500902,2026-05-18,CT-NK,NV015,Tiền mặt,RF-F64CD4,Tủ lạnh,Samsung Inverter 350L,Casper,2,6876985,0.04,13203811,0.08,1056304,14260115,5731000,11462000,1741811,0.1319,14260115,13203811,1056304,11462000,11462000,131-Phải thu khách hàng,511-Doanh thu bán hàng,3331-Thuế GTGT đầu ra,632-Giá vốn hàng bán,156-Hàng hóa,commerce_distribution_erp_scenario_v1,LIGHTBI_SCENARIO_ENTITY_001,VND,all_declared_accounting_money_columns,Asia/Ho_Chi_Minh,authentic_anchored_semi_synthetic_evidence,sample data/Accounting_ERP_May_2026.csv,3c59da1c10c67ab974dfd204b737402aff1c28d748665949942579fb5fb1a2fd,903,1.0.0
INV20260500903,JV20260500903,SO20260500903,2026-05-02,HCM-TB,NV030,Trả góp,TV-8A011F,TV,LG OLED 48,Philips,1,19253678,0.13,16750699,0.08,1340055,18090754,16525000,16525000,225699,0.0135,18090754,16750699,1340055,16525000,16525000,131-Phải thu khách hàng,511-Doanh thu bán hàng,3331-Thuế GTGT đầu ra,632-Giá vốn hàng bán,156-Hàng hóa,commerce_distribution_erp_scenario_v1,LIGHTBI_SCENARIO_ENTITY_001,VND,all_declared_accounting_money_columns,Asia/Ho_Chi_Minh,authentic_anchored_semi_synthetic_evidence,sample data/Accounting_ERP_May_2026.csv,3c59da1c10c67ab974dfd204b737402aff1c28d748665949942579fb5fb1a2fd,904,1.0.0
INV20260500904,JV20260500904,SO20260500904,2026-05-05,HCM-TB,NV008,Thẻ,RC-19766E,Nồi cơm,Panasonic 1.8L,Sunhouse,3,1116230,0.01,3315203,0.08,265216,3580419,722000,2166000,1149203,0.3466,3580419,3315203,265216,2166000,2166000,131-Phải thu khách hàng,511-Doanh thu bán hàng,3331-Thuế GTGT đầu ra,632-Giá vốn hàng bán,156-Hàng hóa,commerce_distribution_erp_scenario_v1,LIGHTBI_SCENARIO_ENTITY_001,VND,all_declared_accounting_money_columns,Asia/Ho_Chi_Minh,authentic_anchored_semi_synthetic_evidence,sample data/Accounting_ERP_May_2026.csv,3c59da1c10c67ab974dfd204b737402aff1c28d748665949942579fb5fb1a2fd,905,1.0.0
INV20260500905,JV20260500905,SO20260500905,2026-05-01,HN-CG,NV015,Tiền mặt,RF-F6944C,Tủ lạnh,LG 420L,Sunhouse,3,20377188,0.18,50127882,0.08,4010230,54138112,17356000,52068000,-1940118,-0.0387,54138112,50127882,4010230,52068000,52068000,131-Phải thu khách hàng,511-Doanh thu bán hàng,3331-Thuế GTGT đầu ra,632-Giá vốn hàng bán,156-Hàng hóa,commerce_distribution_erp_scenario_v1,LIGHTBI_SCENARIO_ENTITY_001,VND,all_declared_accounting_money_columns,Asia/Ho_Chi_Minh,authentic_anchored_semi_synthetic_evidence,sample data/Accounting_ERP_May_2026.csv,3c59da1c10c67ab974dfd204b737402aff1c28d748665949942579fb5fb1a2fd,906,1.0.0
INV20260500906,JV20260500906,SO20260500906,2026-05-29,BD-TDM,NV011,Thẻ,KT-D30F74,Ấm siêu tốc,Kangaroo,Casper,2,1303516,0.03,2528821,0.08,202305,2731126,722000,1444000,1084821,0.429,2731126,2528821,202305,1444000,1444000,131-Phải thu khách hàng,511-Doanh thu bán hàng,3331-Thuế GTGT đầu ra,632-Giá vốn hàng bán,156-Hàng hóa,commerce_distribution_erp_scenario_v1,LIGHTBI_SCENARIO_ENTITY_001,VND,all_declared_accounting_money_columns,Asia/Ho_Chi_Minh,authentic_anchored_semi_synthetic_evidence,sample data/Accounting_ERP_May_2026.csv,3c59da1c10c67ab974dfd204b737402aff1c28d748665949942579fb5fb1a2fd,907,1.0.0
INV20260500907,JV20260500907,SO20260500907,2026-05-18,HCM-Q7,NV005,Tiền mặt,TV-8AC34D,TV,LG OLED 48,Daikin,3,10182925,0.09,27799385,0.08,2223950,30023335,8250000,24750000,3049385,0.1097,30023335,27799385,2223950,24750000,24750000,131-Phải thu khách hàng,511-Doanh thu bán hàng,3331-Thuế GTGT đầu ra,632-Giá vốn hàng bán,156-Hàng hóa,commerce_distribution_erp_scenario_v1,LIGHTBI_SCENARIO_ENTITY_001,VND,all_declared_accounting_money_columns,Asia/Ho_Chi_Minh,authentic_anchored_semi_synthetic_evidence,sample data/Accounting_ERP_May_2026.csv,3c59da1c10c67ab974dfd204b737402aff1c28d748665949942579fb5fb1a2fd,908,1.0.0
INV20260500908,JV20260500908,SO20260500908,2026-05-05,CT-NK,NV028,Trả góp,BL-E08C31,Máy xay,Panasonic Blender,Philips,2,2237527,0.12,3938047,0.08,315043,4253090,1319000,2638000,1300047,0.3301,4253090,3938047,315043,2638000,2638000,131-Phải thu khách hàng,511-Doanh thu bán hàng,3331-Thuế GTGT đầu ra,632-Giá vốn hàng bán,156-Hàng hóa,commerce_distribution_erp_scenario_v1,LIGHTBI_SCENARIO_ENTITY_001,VND,all_declared_accounting_money_columns,Asia/Ho_Chi_Minh,authentic_anchored_semi_synthetic_evidence,sample data/Accounting_ERP_May_2026.csv,3c59da1c10c67ab974dfd204b737402aff1c28d748665949942579fb5fb1a2fd,909,1.0.0
INV20260500909,JV20260500909,SO20260500909,2026-05-04,HCM-Q1,NV026,Chuyển khoản,RC-BFF843,Nồi cơm,Cuckoo 1.8L,Xiaomi,2,2597613,0.19,4208133,0.08,336650,4544783,1621000,3242000,966133,0.2296,4544783,4208133,336650,3242000,3242000,131-Phải thu khách hàng,511-Doanh thu bán hàng,3331-Thuế GTGT đầu ra,632-Giá vốn hàng bán,156-Hàng hóa,commerce_distribution_erp_scenario_v1,LIGHTBI_SCENARIO_ENTITY_001,VND,all_declared_accounting_money_columns,Asia/Ho_Chi_Minh,authentic_anchored_semi_synthetic_evidence,sample data/Accounting_ERP_May_2026.csv,3c59da1c10c67ab974dfd204b737402aff1c28d748665949942579fb5fb1a2fd,910,1.0.0
INV20260500910,JV20260500910,SO20260500910,2026-05-23,HN-HBT,NV006,Trả góp,VC-FDD792,Máy hút bụi,Philips FC,Casper,2,3542024,0.06,6659005,0.08,532720,7191725,2344000,4688000,1971005,0.296,7191725,6659005,532720,4688000,4688000,131-Phải thu khách hàng,511-Doanh thu bán hàng,3331-Thuế GTGT đầu ra,632-Giá vốn hàng bán,156-Hàng hóa,commerce_distribution_erp_scenario_v1,LIGHTBI_SCENARIO_ENTITY_001,VND,all_declared_accounting_money_columns,Asia/Ho_Chi_Minh,authentic_anchored_semi_synthetic_evidence,sample data/Accounting_ERP_May_2026.csv,3c59da1c10c67ab974dfd204b737402aff1c28d748665949942579fb5fb1a2fd,911,1.0.0
INV20260500911,JV20260500911,SO20260500911,2026-05-19,DN-HC,NV019,Trả góp,TV-8AC34D,TV,LG OLED 48,Daikin,1,33653016,0.04,32306895,0.08,2584551,34891446,28517000,28517000,3789895,0.1173,34891446,32306895,2584551,28517000,28517000,131-Phải thu khách hàng,511-Doanh thu bán hàng,3331-Thuế GTGT đầu ra,632-Giá vốn hàng bán,156-Hàng hóa,commerce_distribution_erp_scenario_v1,LIGHTBI_SCENARIO_ENTITY_001,VND,all_declared_accounting_money_columns,Asia/Ho_Chi_Minh,authentic_anchored_semi_synthetic_evidence,sample data/Accounting_ERP_May_2026.csv,3c59da1c10c67ab974dfd204b737402aff1c28d748665949942579fb5fb1a2fd,912,1.0.0
INV20260500912,JV20260500912,SO20260500912,2026-05-05,CT-NK,NV029,Thẻ,AC-076657,Máy lạnh,Mitsubishi 1.5HP,Xiaomi,2,17767130,0.06,33402204,0.08,2672176,36074380,13591000,27182000,6220204,0.1862,36074380,33402204,2672176,27182000,27182000,131-Phải thu khách hàng,511-Doanh thu bán hàng,3331-Thuế GTGT đầu ra,632-Giá vốn hàng bán,156-Hàng hóa,commerce_distribution_erp_scenario_v1,LIGHTBI_SCENARIO_ENTITY_001,VND,all_declared_accounting_money_columns,Asia/Ho_Chi_Minh,authentic_anchored_semi_synthetic_evidence,sample data/Accounting_ERP_May_2026.csv,3c59da1c10c67ab974dfd204b737402aff1c28d748665949942579fb5fb1a2fd,913,1.0.0
INV20260500913,JV20260500913,SO20260500913,2026-05-21,HCM-Q7,NV017,Chuyển khoản,RF-AA103D,Tủ lạnh,Panasonic 300L,Sunhouse,3,19154942,0.16,48270453,0.08,3861636,52132089,14976000,44928000,3342453,0.0692,52132089,48270453,3861636,44928000,44928000,131-Phải thu khách hàng,511-Doanh thu bán hàng,3331-Thuế GTGT đầu ra,632-Giá vốn hàng bán,156-Hàng hóa,commerce_distribution_erp_scenario_v1,LIGHTBI_SCENARIO_ENTITY_001,VND,all_declared_accounting_money_columns,Asia/Ho_Chi_Minh,authentic_anchored_semi_synthetic_evidence,sample data/Accounting_ERP_May_2026.csv,3c59da1c10c67ab974dfd204b737402aff1c28d748665949942579fb5fb1a2fd,914,1.0.0
INV20260500914,JV20260500914,SO20260500914,2026-05-15,HCM-Q7,NV030,Chuyển khoản,TV-24D9E9,TV,"Samsung 55"" 4K",Panasonic,2,30350894,0.03,58880734,0.08,4710458,63591192,23417000,46834000,12046734,0.2046,63591192,58880734,4710458,46834000,46834000,131-Phải thu khách hàng,511-Doanh thu bán hàng,3331-Thuế GTGT đầu ra,632-Giá vốn hàng bán,156-Hàng hóa,commerce_distribution_erp_scenario_v1,LIGHTBI_SCENARIO_ENTITY_001,VND,all_declared_accounting_money_columns,Asia/Ho_Chi_Minh,authentic_anchored_semi_synthetic_evidence,sample data/Accounting_ERP_May_2026.csv,3c59da1c10c67ab974dfd204b737402aff1c28d748665949942579fb5fb1a2fd,915,1.0.0
INV20260500915,JV20260500915,SO20260500915,2026-05-07,DN-HC,NV024,Tiền mặt,BL-A928A4,Máy xay,Philips Blender,LG,2,2227416,0.14,3831155,0.08,306492,4137647,1437000,2874000,957155,0.2498,4137647,3831155,306492,2874000,2874000,131-Phải thu khách hàng,511-Doanh thu bán hàng,3331-Thuế GTGT đầu ra,632-Giá vốn hàng bán,156-Hàng hóa,commerce_distribution_erp_scenario_v1,LIGHTBI_SCENARIO_ENTITY_001,VND,all_declared_accounting_money_columns,Asia/Ho_Chi_Minh,authentic_anchored_semi_synthetic_evidence,sample data/Accounting_ERP_May_2026.csv,3c59da1c10c67ab974dfd204b737402aff1c28d748665949942579fb5fb1a2fd,916,1.0.0
INV20260500916,JV20260500916,SO20260500916,2026-05-30,CT-NK,NV012,Chuyển khoản,KT-4D110F,Ấm siêu tốc,Kangaroo,Toshiba,3,468849,0.16,1181499,0.08,94519,1276018,307000,921000,260499,0.2205,1276018,1181499,94519,921000,921000,131-Phải thu khách hàng,511-Doanh thu bán hàng,3331-Thuế GTGT đầu ra,632-Giá vốn hàng bán,156-Hàng hóa,commerce_distribution_erp_scenario_v1,LIGHTBI_SCENARIO_ENTITY_001,VND,all_declared_accounting_money_columns,Asia/Ho_Chi_Minh,authentic_anchored_semi_synthetic_evidence,sample data/Accounting_ERP_May_2026.csv,3c59da1c10c67ab974dfd204b737402aff1c28d748665949942579fb5fb1a2fd,917,1.0.0
INV20260500917,JV20260500917,SO20260500917,2026-05-09,HCM-Q7,NV025,Thẻ,WM-F9045A,Máy giặt,LG 9kg,Casper,2,7719332,0.16,12968477,0.08,1037478,14005955,5821000,11642000,1326477,0.1023,14005955,12968477,1037478,11642000,11642000,131-Phải thu khách hàng,511-Doanh thu bán hàng,3331-Thuế GTGT đầu ra,632-Giá vốn hàng bán,156-Hàng hóa,commerce_distribution_erp_scenario_v1,LIGHTBI_SCENARIO_ENTITY_001,VND,all_declared_accounting_money_columns,Asia/Ho_Chi_Minh,authentic_anchored_semi_synthetic_evidence,sample data/Accounting_ERP_May_2026.csv,3c59da1c10c67ab974dfd204b737402aff1c28d748665949942579fb5fb1a2fd,918,1.0.0
INV20260500918,JV20260500918,SO20260500918,2026-05-07,HCM-TB,NV021,Thẻ,KT-DB0B2F,Ấm siêu tốc,Sunhouse,Mitsubishi,1,303059,0.11,269722,0.08,21577,291299,206000,206000,63722,0.2363,291299,269722,21577,206000,206000,131-Phải thu khách hàng,511-Doanh thu bán hàng,3331-Thuế GTGT đầu ra,632-Giá vốn hàng bán,156-Hàng hóa,commerce_distribution_erp_scenario_v1,LIGHTBI_SCENARIO_ENTITY_001,VND,all_declared_accounting_money_columns,Asia/Ho_Chi_Minh,authentic_anchored_semi_synthetic_evidence,sample data/Accounting_ERP_May_2026.csv,3c59da1c10c67ab974dfd204b737402aff1c28d748665949942579fb5fb1a2fd,919,1.0.0
INV20260500919,JV20260500919,SO20260500919,2026-05-22,HCM-Q7,NV005,Thẻ,AC-7543C2,Máy lạnh,Casper 1HP,Panasonic,3,10102617,0.13,26367830,0.08,2109426,28477256,8234000,24702000,1665830,0.0632,28477256,26367830,2109426,24702000,24702000,131-Phải thu khách hàng,511-Doanh thu bán hàng,3331-Thuế GTGT đầu ra,632-Giá vốn hàng bán,156-Hàng hóa,commerce_distribution_erp_scenario_v1,LIGHTBI_SCENARIO_ENTITY_001,VND,all_declared_accounting_money_columns,Asia/Ho_Chi_Minh,authentic_anchored_semi_synthetic_evidence,sample data/Accounting_ERP_May_2026.csv,3c59da1c10c67ab974dfd204b737402aff1c28d748665949942579fb5fb1a2fd,920,1.0.0
INV20260500920,JV20260500920,SO20260500920,2026-05-04,CT-NK,NV004,Thẻ,WM-5CD83A,Máy giặt,LG 9kg,Samsung,2,13445383,0.01,26621858,0.08,2129748,28751606,11427000,22854000,3767858,0.1415,28751606,26621858,2129748,22854000,22854000,131-Phải thu khách hàng,511-Doanh thu bán hàng,3331-Thuế GTGT đầu ra,632-Giá vốn hàng bán,156-Hàng hóa,commerce_distribution_erp_scenario_v1,LIGHTBI_SCENARIO_ENTITY_001,VND,all_declared_accounting_money_columns,Asia/Ho_Chi_Minh,authentic_anchored_semi_synthetic_evidence,sample data/Accounting_ERP_May_2026.csv,3c59da1c10c67ab974dfd204b737402aff1c28d748665949942579fb5fb1a2fd,921,1.0.0
INV20260500921,JV20260500921,SO20260500921,2026-05-17,DN-HC,NV012,Ví điện tử,TV-7D99ED,TV,"Sony 65""",Philips,3,23623070,0.15,60238828,0.08,4819106,65057934,18272000,54816000,5422828,0.09,65057934,60238828,4819106,54816000,54816000,131-Phải thu khách hàng,511-Doanh thu bán hàng,3331-Thuế GTGT đầu ra,632-Giá vốn hàng bán,156-Hàng hóa,commerce_distribution_erp_scenario_v1,LIGHTBI_SCENARIO_ENTITY_001,VND,all_declared_accounting_money_columns,Asia/Ho_Chi_Minh,authentic_anchored_semi_synthetic_evidence,sample data/Accounting_ERP_May_2026.csv,3c59da1c10c67ab974dfd204b737402aff1c28d748665949942579fb5fb1a2fd,922,1.0.0
INV20260500922,JV20260500922,SO20260500922,2026-05-27,BD-TDM,NV015,Trả góp,TV-5243F8,TV,"Samsung 55"" 4K",LG,3,31481627,0.06,88778188,0.08,7102255,95880443,25481000,76443000,12335188,0.1389,95880443,88778188,7102255,76443000,76443000,131-Phải thu khách hàng,511-Doanh thu bán hàng,3331-Thuế GTGT đầu ra,632-Giá vốn hàng bán,156-Hàng hóa,commerce_distribution_erp_scenario_v1,LIGHTBI_SCENARIO_ENTITY_001,VND,all_declared_accounting_money_columns,Asia/Ho_Chi_Minh,authentic_anchored_semi_synthetic_evidence,sample data/Accounting_ERP_May_2026.csv,3c59da1c10c67ab974dfd204b737402aff1c28d748665949942579fb5fb1a2fd,923,1.0.0
INV20260500923,JV20260500923,SO20260500923,2026-05-14,HCM-TB,NV012,Chuyển khoản,KT-4F7F55,Ấm siêu tốc,Sunhouse,Electrolux,1,351979,0.06,330860,0.08,26468,357328,238000,238000,92860,0.2807,357328,330860,26468,238000,238000,131-Phải thu khách hàng,511-Doanh thu bán hàng,3331-Thuế GTGT đầu ra,632-Giá vốn hàng bán,156-Hàng hóa,commerce_distribution_erp_scenario_v1,LIGHTBI_SCENARIO_ENTITY_001,VND,all_declared_accounting_money_columns,Asia/Ho_Chi_Minh,authentic_anchored_semi_synthetic_evidence,sample data/Accounting_ERP_May_2026.csv,3c59da1c10c67ab974dfd204b737402aff1c28d748665949942579fb5fb1a2fd,924,1.0.0
INV20260500924,JV20260500924,SO20260500924,2026-05-08,HCM-TB,NV012,Ví điện tử,MW-D62048,Lò vi sóng,Panasonic 25L,Xiaomi,1,2585306,0.15,2197510,0.08,175800,2373310,1818000,1818000,379510,0.1727,2373310,2197510,175800,1818000,1818000,131-Phải thu khách hàng,511-Doanh thu bán hàng,3331-Thuế GTGT đầu ra,632-Giá vốn hàng bán,156-Hàng hóa,commerce_distribution_erp_scenario_v1,LIGHTBI_SCENARIO_ENTITY_001,VND,all_declared_accounting_money_columns,Asia/Ho_Chi_Minh,authentic_anchored_semi_synthetic_evidence,sample data/Accounting_ERP_May_2026.csv,3c59da1c10c67ab974dfd204b737402aff1c28d748665949942579fb5fb1a2fd,925,1.0.0
INV20260500925,JV20260500925,SO20260500925,2026-05-02,BD-TDM,NV025,Trả góp,RC-73BA31,Nồi cơm,Cuckoo 1.8L,Toshiba,1,1781277,0.08,1638774,0.08,131101,1769875,1181000,1181000,457774,0.2793,1769875,1638774,131101,1181000,1181000,131-Phải thu khách hàng,511-Doanh thu bán hàng,3331-Thuế GTGT đầu ra,632-Giá vốn hàng bán,156-Hàng hóa,commerce_distribution_erp_scenario_v1,LIGHTBI_SCENARIO_ENTITY_001,VND,all_declared_accounting_money_columns,Asia/Ho_Chi_Minh,authentic_anchored_semi_synthetic_evidence,sample data/Accounting_ERP_May_2026.csv,3c59da1c10c67ab974dfd204b737402aff1c28d748665949942579fb5fb1a2fd,926,1.0.0
INV20260500926,JV20260500926,SO20260500926,2026-05-07,CT-NK,NV006,Thẻ,VC-B567E6,Máy hút bụi,Philips FC,Cuckoo,2,2103365,0.2,3365384,0.08,269230,3634614,1597000,3194000,171384,0.0509,3634614,3365384,269230,3194000,3194000,131-Phải thu khách hàng,511-Doanh thu bán hàng,3331-Thuế GTGT đầu ra,632-Giá vốn hàng bán,156-Hàng hóa,commerce_distribution_erp_scenario_v1,LIGHTBI_SCENARIO_ENTITY_001,VND,all_declared_accounting_money_columns,Asia/Ho_Chi_Minh,authentic_anchored_semi_synthetic_evidence,sample data/Accounting_ERP_May_2026.csv,3c59da1c10c67ab974dfd204b737402aff1c28d748665949942579fb5fb1a2fd,927,1.0.0
INV20260500927,JV20260500927,SO20260500927,2026-05-24,DN-HC,NV028,Tiền mặt,VC-90E8C9,Máy hút bụi,Xiaomi G10,Electrolux,2,6075627,0.16,10207053,0.08,816564,11023617,4148000,8296000,1911053,0.1872,11023617,10207053,816564,8296000,8296000,131-Phải thu khách hàng,511-Doanh thu bán hàng,3331-Thuế GTGT đầu ra,632-Giá vốn hàng bán,156-Hàng hóa,commerce_distribution_erp_scenario_v1,LIGHTBI_SCENARIO_ENTITY_001,VND,all_declared_accounting_money_columns,Asia/Ho_Chi_Minh,authentic_anchored_semi_synthetic_evidence,sample data/Accounting_ERP_May_2026.csv,3c59da1c10c67ab974dfd204b737402aff1c28d748665949942579fb5fb1a2fd,928,1.0.0
INV20260500928,JV20260500928,SO20260500928,2026-05-05,BD-TDM,NV004,Tiền mặt,RC-007FFA,Nồi cơm,Sharp 1.8L,Cuckoo,3,909570,0.09,2483126,0.08,198650,2681776,604000,1812000,671126,0.2703,2681776,2483126,198650,1812000,1812000,131-Phải thu khách hàng,511-Doanh thu bán hàng,3331-Thuế GTGT đầu ra,632-Giá vốn hàng bán,156-Hàng hóa,commerce_distribution_erp_scenario_v1,LIGHTBI_SCENARIO_ENTITY_001,VND,all_declared_accounting_money_columns,Asia/Ho_Chi_Minh,authentic_anchored_semi_synthetic_evidence,sample data/Accounting_ERP_May_2026.csv,3c59da1c10c67ab974dfd204b737402aff1c28d748665949942579fb5fb1a2fd,929,1.0.0
INV20260500929,JV20260500929,SO20260500929,2026-05-11,HCM-Q7,NV027,Tiền mặt,FN-FF4EE8,Quạt,Panasonic,Sunhouse,2,2218236,0.17,3682271,0.08,294581,3976852,1324000,2648000,1034271,0.2809,3976852,3682271,294581,2648000,2648000,131-Phải thu khách hàng,511-Doanh thu bán hàng,3331-Thuế GTGT đầu ra,632-Giá vốn hàng bán,156-Hàng hóa,commerce_distribution_erp_scenario_v1,LIGHTBI_SCENARIO_ENTITY_001,VND,all_declared_accounting_money_columns,Asia/Ho_Chi_Minh,authentic_anchored_semi_synthetic_evidence,sample data/Accounting_ERP_May_2026.csv,3c59da1c10c67ab974dfd204b737402aff1c28d748665949942579fb5fb1a2fd,930,1.0.0
INV20260500930,JV20260500930,SO20260500930,2026-05-21,HCM-Q7,NV029,Ví điện tử,RC-18F162,Nồi cơm,Sharp 1.8L,Toshiba,2,3606831,0.14,6203749,0.08,496299,6700048,2576000,5152000,1051749,0.1695,6700048,6203749,496299,5152000,5152000,131-Phải thu khách hàng,511-Doanh thu bán hàng,3331-Thuế GTGT đầu ra,632-Giá vốn hàng bán,156-Hàng hóa,commerce_distribution_erp_scenario_v1,LIGHTBI_SCENARIO_ENTITY_001,VND,all_declared_accounting_money_columns,Asia/Ho_Chi_Minh,authentic_anchored_semi_synthetic_evidence,sample data/Accounting_ERP_May_2026.csv,3c59da1c10c67ab974dfd204b737402aff1c28d748665949942579fb5fb1a2fd,931,1.0.0
INV20260500931,JV20260500931,SO20260500931,2026-05-03,DN-HC,NV023,Tiền mặt,RC-24D4CE,Nồi cơm,Sunhouse 1.2L,Philips,1,1980614,0.01,1960807,0.08,156864,2117671,1161000,1161000,799807,0.4079,2117671,1960807,156864,1161000,1161000,131-Phải thu khách hàng,511-Doanh thu bán hàng,3331-Thuế GTGT đầu ra,632-Giá vốn hàng bán,156-Hàng hóa,commerce_distribution_erp_scenario_v1,LIGHTBI_SCENARIO_ENTITY_001,VND,all_declared_accounting_money_columns,Asia/Ho_Chi_Minh,authentic_anchored_semi_synthetic_evidence,sample data/Accounting_ERP_May_2026.csv,3c59da1c10c67ab974dfd204b737402aff1c28d748665949942579fb5fb1a2fd,932,1.0.0
INV20260500932,JV20260500932,SO20260500932,2026-05-27,BD-TDM,NV026,Tiền mặt,RF-082E8A,Tủ lạnh,Panasonic 300L,Senko,3,8356463,0.01,24818695,0.08,1985495,26804190,7116000,21348000,3470695,0.1398,26804190,24818695,1985495,21348000,21348000,131-Phải thu khách hàng,511-Doanh thu bán hàng,3331-Thuế GTGT đầu ra,632-Giá vốn hàng bán,156-Hàng hóa,commerce_distribution_erp_scenario_v1,LIGHTBI_SCENARIO_ENTITY_001,VND,all_declared_accounting_money_columns,Asia/Ho_Chi_Minh,authentic_anchored_semi_synthetic_evidence,sample data/Accounting_ERP_May_2026.csv,3c59da1c10c67ab974dfd204b737402aff1c28d748665949942579fb5fb1a2fd,933,1.0.0
INV20260500933,JV20260500933,SO20260500933,2026-05-29,HCM-TB,NV023,Tiền mặt,WM-565F25,Máy giặt,Samsung 10kg,Daikin,2,13884910,0.19,22493554,0.08,1799484,24293038,10707000,21414000,1079554,0.048,24293038,22493554,1799484,21414000,21414000,131-Phải thu khách hàng,511-Doanh thu bán hàng,3331-Thuế GTGT đầu ra,632-Giá vốn hàng bán,156-Hàng hóa,commerce_distribution_erp_scenario_v1,LIGHTBI_SCENARIO_ENTITY_001,VND,all_declared_accounting_money_columns,Asia/Ho_Chi_Minh,authentic_anchored_semi_synthetic_evidence,sample data/Accounting_ERP_May_2026.csv,3c59da1c10c67ab974dfd204b737402aff1c28d748665949942579fb5fb1a2fd,934,1.0.0
INV20260500934,JV20260500934,SO20260500934,2026-05-17,HN-CG,NV015,Chuyển khoản,VC-87EB59,Máy hút bụi,Dyson V8,Sony,1,7234965,0.06,6800867,0.08,544069,7344936,4999000,4999000,1801867,0.2649,7344936,6800867,544069,4999000,4999000,131-Phải thu khách hàng,511-Doanh thu bán hàng,3331-Thuế GTGT đầu ra,632-Giá vốn hàng bán,156-Hàng hóa,commerce_distribution_erp_scenario_v1,LIGHTBI_SCENARIO_ENTITY_001,VND,all_declared_accounting_money_columns,Asia/Ho_Chi_Minh,authentic_anchored_semi_synthetic_evidence,sample data/Accounting_ERP_May_2026.csv,3c59da1c10c67ab974dfd204b737402aff1c28d748665949942579fb5fb1a2fd,935,1.0.0
INV20260500935,JV20260500935,SO20260500935,2026-05-15,HN-HBT,NV004,Chuyển khoản,TV-12CDFD,TV,"Samsung 55"" 4K",Sunhouse,3,33044407,0.18,81289241,0.08,6503139,87792380,27875000,83625000,-2335759,-0.0287,87792380,81289241,6503139,83625000,83625000,131-Phải thu khách hàng,511-Doanh thu bán hàng,3331-Thuế GTGT đầu ra,632-Giá vốn hàng bán,156-Hàng hóa,commerce_distribution_erp_scenario_v1,LIGHTBI_SCENARIO_ENTITY_001,VND,all_declared_accounting_money_columns,Asia/Ho_Chi_Minh,authentic_anchored_semi_synthetic_evidence,sample data/Accounting_ERP_May_2026.csv,3c59da1c10c67ab974dfd204b737402aff1c28d748665949942579fb5fb1a2fd,936,1.0.0
INV20260500936,JV20260500936,SO20260500936,2026-05-27,CT-NK,NV009,Chuyển khoản,WM-694A64,Máy giặt,Toshiba 9kg,Mitsubishi,1,7893158,0.15,6709184,0.08,536734,7245918,5955000,5955000,754184,0.1124,7245918,6709184,536734,5955000,5955000,131-Phải thu khách hàng,511-Doanh thu bán hàng,3331-Thuế GTGT đầu ra,632-Giá vốn hàng bán,156-Hàng hóa,commerce_distribution_erp_scenario_v1,LIGHTBI_SCENARIO_ENTITY_001,VND,all_declared_accounting_money_columns,Asia/Ho_Chi_Minh,authentic_anchored_semi_synthetic_evidence,sample data/Accounting_ERP_May_2026.csv,3c59da1c10c67ab974dfd204b737402aff1c28d748665949942579fb5fb1a2fd,937,1.0.0
INV20260500937,JV20260500937,SO20260500937,2026-05-25,HCM-Q7,NV016,Tiền mặt,WM-2B1470,Máy giặt,Samsung 10kg,Philips,3,5936794,0.13,15495032,0.08,1239602,16734634,4874000,14622000,873032,0.0563,16734634,15495032,1239602,14622000,14622000,131-Phải thu khách hàng,511-Doanh thu bán hàng,3331-Thuế GTGT đầu ra,632-Giá vốn hàng bán,156-Hàng hóa,commerce_distribution_erp_scenario_v1,LIGHTBI_SCENARIO_ENTITY_001,VND,all_declared_accounting_money_columns,Asia/Ho_Chi_Minh,authentic_anchored_semi_synthetic_evidence,sample data/Accounting_ERP_May_2026.csv,3c59da1c10c67ab974dfd204b737402aff1c28d748665949942579fb5fb1a2fd,938,1.0.0
INV20260500938,JV20260500938,SO20260500938,2026-05-24,HN-HBT,NV013,Thẻ,FN-A4A668,Quạt,Asia,Cuckoo,3,1397194,0.17,3479013,0.08,278321,3757334,963000,2889000,590013,0.1696,3757334,3479013,278321,2889000,2889000,131-Phải thu khách hàng,511-Doanh thu bán hàng,3331-Thuế GTGT đầu ra,632-Giá vốn hàng bán,156-Hàng hóa,commerce_distribution_erp_scenario_v1,LIGHTBI_SCENARIO_ENTITY_001,VND,all_declared_accounting_money_columns,Asia/Ho_Chi_Minh,authentic_anchored_semi_synthetic_evidence,sample data/Accounting_ERP_May_2026.csv,3c59da1c10c67ab974dfd204b737402aff1c28d748665949942579fb5fb1a2fd,939,1.0.0
INV20260500939,JV20260500939,SO20260500939,2026-05-23,HN-CG,NV006,Chuyển khoản,VC-96423F,Máy hút bụi,Dyson V8,Xiaomi,2,4317387,0.12,7598601,0.08,607888,8206489,2762000,5524000,2074601,0.273,8206489,7598601,607888,5524000,5524000,131-Phải thu khách hàng,511-Doanh thu bán hàng,3331-Thuế GTGT đầu ra,632-Giá vốn hàng bán,156-Hàng hóa,commerce_distribution_erp_scenario_v1,LIGHTBI_SCENARIO_ENTITY_001,VND,all_declared_accounting_money_columns,Asia/Ho_Chi_Minh,authentic_anchored_semi_synthetic_evidence,sample data/Accounting_ERP_May_2026.csv,3c59da1c10c67ab974dfd204b737402aff1c28d748665949942579fb5fb1a2fd,940,1.0.0
INV20260500940,JV20260500940,SO20260500940,2026-05-06,HCM-Q1,NV009,Chuyển khoản,AC-A3A658,Máy lạnh,Panasonic 1.5HP,Aqua,1,13674216,0.07,12717020,0.08,1017361,13734381,9740000,9740000,2977020,0.2341,13734381,12717020,1017361,9740000,9740000,131-Phải thu khách hàng,511-Doanh thu bán hàng,3331-Thuế GTGT đầu ra,632-Giá vốn hàng bán,156-Hàng hóa,commerce_distribution_erp_scenario_v1,LIGHTBI_SCENARIO_ENTITY_001,VND,all_declared_accounting_money_columns,Asia/Ho_Chi_Minh,authentic_anchored_semi_synthetic_evidence,sample data/Accounting_ERP_May_2026.csv,3c59da1c10c67ab974dfd204b737402aff1c28d748665949942579fb5fb1a2fd,941,1.0.0
INV20260500941,JV20260500941,SO20260500941,2026-05-03,CT-NK,NV015,Thẻ,FN-4806DD,Quạt,Panasonic,Mitsubishi,2,1966070,0.11,3499604,0.08,279968,3779572,1099000,2198000,1301604,0.3719,3779572,3499604,279968,2198000,2198000,131-Phải thu khách hàng,511-Doanh thu bán hàng,3331-Thuế GTGT đầu ra,632-Giá vốn hàng bán,156-Hàng hóa,commerce_distribution_erp_scenario_v1,LIGHTBI_SCENARIO_ENTITY_001,VND,all_declared_accounting_money_columns,Asia/Ho_Chi_Minh,authentic_anchored_semi_synthetic_evidence,sample data/Accounting_ERP_May_2026.csv,3c59da1c10c67ab974dfd204b737402aff1c28d748665949942579fb5fb1a2fd,942,1.0.0
INV20260500942,JV20260500942,SO20260500942,2026-05-14,HCM-Q7,NV018,Trả góp,AC-389085,Máy lạnh,Mitsubishi 1.5HP,Samsung,2,21867084,0.01,43296826,0.08,3463746,46760572,15533000,31066000,12230826,0.2825,46760572,43296826,3463746,31066000,31066000,131-Phải thu khách hàng,511-Doanh thu bán hàng,3331-Thuế GTGT đầu ra,632-Giá vốn hàng bán,156-Hàng hóa,commerce_distribution_erp_scenario_v1,LIGHTBI_SCENARIO_ENTITY_001,VND,all_declared_accounting_money_columns,Asia/Ho_Chi_Minh,authentic_anchored_semi_synthetic_evidence,sample data/Accounting_ERP_May_2026.csv,3c59da1c10c67ab974dfd204b737402aff1c28d748665949942579fb5fb1a2fd,943,1.0.0
INV20260500943,JV20260500943,SO20260500943,2026-05-14,HN-CG,NV026,Ví điện tử,KT-80B935,Ấm siêu tốc,Kangaroo,LG,1,1495651,0.02,1465737,0.08,117258,1582995,943000,943000,522737,0.3566,1582995,1465737,117258,943000,943000,131-Phải thu khách hàng,511-Doanh thu bán hàng,3331-Thuế GTGT đầu ra,632-Giá vốn hàng bán,156-Hàng hóa,commerce_distribution_erp_scenario_v1,LIGHTBI_SCENARIO_ENTITY_001,VND,all_declared_accounting_money_columns,Asia/Ho_Chi_Minh,authentic_anchored_semi_synthetic_evidence,sample data/Accounting_ERP_May_2026.csv,3c59da1c10c67ab974dfd204b737402aff1c28d748665949942579fb5fb1a2fd,944,1.0.0
INV20260500944,JV20260500944,SO20260500944,2026-05-14,HN-CG,NV025,Thẻ,WM-57BF8B,Máy giặt,LG 9kg,Panasonic,3,16746071,0.07,46721538,0.08,3737723,50459261,13458000,40374000,6347538,0.1359,50459261,46721538,3737723,40374000,40374000,131-Phải thu khách hàng,511-Doanh thu bán hàng,3331-Thuế GTGT đầu ra,632-Giá vốn hàng bán,156-Hàng hóa,commerce_distribution_erp_scenario_v1,LIGHTBI_SCENARIO_ENTITY_001,VND,all_declared_accounting_money_columns,Asia/Ho_Chi_Minh,authentic_anchored_semi_synthetic_evidence,sample data/Accounting_ERP_May_2026.csv,3c59da1c10c67ab974dfd204b737402aff1c28d748665949942579fb5fb1a2fd,945,1.0.0
INV20260500945,JV20260500945,SO20260500945,2026-05-12,BD-TDM,NV024,Tiền mặt,TV-F84775,TV,"Sony 65""",Xiaomi,3,30106150,0.04,86705712,0.08,6936456,93642168,23937000,71811000,14894712,0.1718,93642168,86705712,6936456,71811000,71811000,131-Phải thu khách hàng,511-Doanh thu bán hàng,3331-Thuế GTGT đầu ra,632-Giá vốn hàng bán,156-Hàng hóa,commerce_distribution_erp_scenario_v1,LIGHTBI_SCENARIO_ENTITY_001,VND,all_declared_accounting_money_columns,Asia/Ho_Chi_Minh,authentic_anchored_semi_synthetic_evidence,sample data/Accounting_ERP_May_2026.csv,3c59da1c10c67ab974dfd204b737402aff1c28d748665949942579fb5fb1a2fd,946,1.0.0
INV20260500946,JV20260500946,SO20260500946,2026-05-01,HCM-Q7,NV025,Thẻ,MW-807E15,Lò vi sóng,Panasonic 25L,Asia,2,4786593,0.02,9381722,0.08,750537,10132259,3696000,7392000,1989722,0.2121,10132259,9381722,750537,7392000,7392000,131-Phải thu khách hàng,511-Doanh thu bán hàng,3331-Thuế GTGT đầu ra,632-Giá vốn hàng bán,156-Hàng hóa,commerce_distribution_erp_scenario_v1,LIGHTBI_SCENARIO_ENTITY_001,VND,all_declared_accounting_money_columns,Asia/Ho_Chi_Minh,authentic_anchored_semi_synthetic_evidence,sample data/Accounting_ERP_May_2026.csv,3c59da1c10c67ab974dfd204b737402aff1c28d748665949942579fb5fb1a2fd,947,1.0.0
INV20260500947,JV20260500947,SO20260500947,2026-05-30,HN-HBT,NV021,Tiền mặt,WM-57BF8B,Máy giặt,LG 9kg,Panasonic,2,9868313,0.15,16776132,0.08,1342090,18118222,8308000,16616000,160132,0.0095,18118222,16776132,1342090,16616000,16616000,131-Phải thu khách hàng,511-Doanh thu bán hàng,3331-Thuế GTGT đầu ra,632-Giá vốn hàng bán,156-Hàng hóa,commerce_distribution_erp_scenario_v1,LIGHTBI_SCENARIO_ENTITY_001,VND,all_declared_accounting_money_columns,Asia/Ho_Chi_Minh,authentic_anchored_semi_synthetic_evidence,sample data/Accounting_ERP_May_2026.csv,3c59da1c10c67ab974dfd204b737402aff1c28d748665949942579fb5fb1a2fd,948,1.0.0
INV20260500948,JV20260500948,SO20260500948,2026-05-26,BD-TDM,NV017,Trả góp,BL-2439D2,Máy xay,Philips Blender,Sony,3,1609934,0.08,4443417,0.08,355473,4798890,1081000,3243000,1200417,0.2702,4798890,4443417,355473,3243000,3243000,131-Phải thu khách hàng,511-Doanh thu bán hàng,3331-Thuế GTGT đầu ra,632-Giá vốn hàng bán,156-Hàng hóa,commerce_distribution_erp_scenario_v1,LIGHTBI_SCENARIO_ENTITY_001,VND,all_declared_accounting_money_columns,Asia/Ho_Chi_Minh,authentic_anchored_semi_synthetic_evidence,sample data/Accounting_ERP_May_2026.csv,3c59da1c10c67ab974dfd204b737402aff1c28d748665949942579fb5fb1a2fd,949,1.0.0
INV20260500949,JV20260500949,SO20260500949,2026-05-17,BD-TDM,NV013,Thẻ,RF-7A08B1,Tủ lạnh,Samsung Inverter 350L,Xiaomi,2,19060851,0.05,36215616,0.08,2897249,39112865,15304000,30608000,5607616,0.1548,39112865,36215616,2897249,30608000,30608000,131-Phải thu khách hàng,511-Doanh thu bán hàng,3331-Thuế GTGT đầu ra,632-Giá vốn hàng bán,156-Hàng hóa,commerce_distribution_erp_scenario_v1,LIGHTBI_SCENARIO_ENTITY_001,VND,all_declared_accounting_money_columns,Asia/Ho_Chi_Minh,authentic_anchored_semi_synthetic_evidence,sample data/Accounting_ERP_May_2026.csv,3c59da1c10c67ab974dfd204b737402aff1c28d748665949942579fb5fb1a2fd,950,1.0.0
INV20260500950,JV20260500950,SO20260500950,2026-05-17,DN-HC,NV028,Tiền mặt,FN-B2666C,Quạt,Panasonic,Daikin,2,977943,0.03,1897209,0.08,151776,2048985,597000,1194000,703209,0.3707,2048985,1897209,151776,1194000,1194000,131-Phải thu khách hàng,511-Doanh thu bán hàng,3331-Thuế GTGT đầu ra,632-Giá vốn hàng bán,156-Hàng hóa,commerce_distribution_erp_scenario_v1,LIGHTBI_SCENARIO_ENTITY_001,VND,all_declared_accounting_money_columns,Asia/Ho_Chi_Minh,authentic_anchored_semi_synthetic_evidence,sample data/Accounting_ERP_May_2026.csv,3c59da1c10c67ab974dfd204b737402aff1c28d748665949942579fb5fb1a2fd,951,1.0.0
INV20260500951,JV20260500951,SO20260500951,2026-05-31,BD-TDM,NV014,Ví điện tử,RC-DDFD41,Nồi cơm,Cuckoo 1.8L,Casper,1,1701924,0.02,1667885,0.08,133430,1801315,1123000,1123000,544885,0.3267,1801315,1667885,133430,1123000,1123000,131-Phải thu khách hàng,511-Doanh thu bán hàng,3331-Thuế GTGT đầu ra,632-Giá vốn hàng bán,156-Hàng hóa,commerce_distribution_erp_scenario_v1,LIGHTBI_SCENARIO_ENTITY_001,VND,all_declared_accounting_money_columns,Asia/Ho_Chi_Minh,authentic_anchored_semi_synthetic_evidence,sample data/Accounting_ERP_May_2026.csv,3c59da1c10c67ab974dfd204b737402aff1c28d748665949942579fb5fb1a2fd,952,1.0.0
INV20260500952,JV20260500952,SO20260500952,2026-05-27,HCM-Q1,NV004,Tiền mặt,VC-FDD792,Máy hút bụi,Philips FC,Casper,1,9869237,0.1,8882313,0.08,710585,9592898,6773000,6773000,2109313,0.2375,9592898,8882313,710585,6773000,6773000,131-Phải thu khách hàng,511-Doanh thu bán hàng,3331-Thuế GTGT đầu ra,632-Giá vốn hàng bán,156-Hàng hóa,commerce_distribution_erp_scenario_v1,LIGHTBI_SCENARIO_ENTITY_001,VND,all_declared_accounting_money_columns,Asia/Ho_Chi_Minh,authentic_anchored_semi_synthetic_evidence,sample data/Accounting_ERP_May_2026.csv,3c59da1c10c67ab974dfd204b737402aff1c28d748665949942579fb5fb1a2fd,953,1.0.0
INV20260500953,JV20260500953,SO20260500953,2026-05-13,HN-CG,NV030,Ví điện tử,FN-441B27,Quạt,Senko,Samsung,3,1699705,0.06,4793168,0.08,383453,5176621,1108000,3324000,1469168,0.3065,5176621,4793168,383453,3324000,3324000,131-Phải thu khách hàng,511-Doanh thu bán hàng,3331-Thuế GTGT đầu ra,632-Giá vốn hàng bán,156-Hàng hóa,commerce_distribution_erp_scenario_v1,LIGHTBI_SCENARIO_ENTITY_001,VND,all_declared_accounting_money_columns,Asia/Ho_Chi_Minh,authentic_anchored_semi_synthetic_evidence,sample data/Accounting_ERP_May_2026.csv,3c59da1c10c67ab974dfd204b737402aff1c28d748665949942579fb5fb1a2fd,954,1.0.0
INV20260500954,JV20260500954,SO20260500954,2026-05-06,HCM-TB,NV017,Ví điện tử,MW-6902E3,Lò vi sóng,Sharp 20L,Sony,3,4076026,0.05,11616674,0.08,929333,12546007,3095000,9285000,2331674,0.2007,12546007,11616674,929333,9285000,9285000,131-Phải thu khách hàng,511-Doanh thu bán hàng,3331-Thuế GTGT đầu ra,632-Giá vốn hàng bán,156-Hàng hóa,commerce_distribution_erp_scenario_v1,LIGHTBI_SCENARIO_ENTITY_001,VND,all_declared_accounting_money_columns,Asia/Ho_Chi_Minh,authentic_anchored_semi_synthetic_evidence,sample data/Accounting_ERP_May_2026.csv,3c59da1c10c67ab974dfd204b737402aff1c28d748665949942579fb5fb1a2fd,955,1.0.0
INV20260500955,JV20260500955,SO20260500955,2026-05-06,HN-CG,NV003,Ví điện tử,RF-3465A9,Tủ lạnh,Aqua 250L,Samsung,1,5981605,0.1,5383444,0.08,430675,5814119,5077000,5077000,306444,0.0569,5814119,5383444,430675,5077000,5077000,131-Phải thu khách hàng,511-Doanh thu bán hàng,3331-Thuế GTGT đầu ra,632-Giá vốn hàng bán,156-Hàng hóa,commerce_distribution_erp_scenario_v1,LIGHTBI_SCENARIO_ENTITY_001,VND,all_declared_accounting_money_columns,Asia/Ho_Chi_Minh,authentic_anchored_semi_synthetic_evidence,sample data/Accounting_ERP_May_2026.csv,3c59da1c10c67ab974dfd204b737402aff1c28d748665949942579fb5fb1a2fd,956,1.0.0
INV20260500956,JV20260500956,SO20260500956,2026-05-25,HCM-Q7,NV022,Chuyển khoản,AC-4EC148,Máy lạnh,Mitsubishi 1.5HP,Toshiba,2,13074749,0.02,25626508,0.08,2050120,27676628,10057000,20114000,5512508,0.2151,27676628,25626508,2050120,20114000,20114000,131-Phải thu khách hàng,511-Doanh thu bán hàng,3331-Thuế GTGT đầu ra,632-Giá vốn hàng bán,156-Hàng hóa,commerce_distribution_erp_scenario_v1,LIGHTBI_SCENARIO_ENTITY_001,VND,all_declared_accounting_money_columns,Asia/Ho_Chi_Minh,authentic_anchored_semi_synthetic_evidence,sample data/Accounting_ERP_May_2026.csv,3c59da1c10c67ab974dfd204b737402aff1c28d748665949942579fb5fb1a2fd,957,1.0.0
INV20260500957,JV20260500957,SO20260500957,2026-05-15,HCM-TB,NV013,Tiền mặt,RF-6FD99B,Tủ lạnh,Panasonic 300L,Casper,1,7548238,0.09,6868896,0.08,549511,7418407,6010000,6010000,858896,0.125,7418407,6868896,549511,6010000,6010000,131-Phải thu khách hàng,511-Doanh thu bán hàng,3331-Thuế GTGT đầu ra,632-Giá vốn hàng bán,156-Hàng hóa,commerce_distribution_erp_scenario_v1,LIGHTBI_SCENARIO_ENTITY_001,VND,all_declared_accounting_money_columns,Asia/Ho_Chi_Minh,authentic_anchored_semi_synthetic_evidence,sample data/Accounting_ERP_May_2026.csv,3c59da1c10c67ab974dfd204b737402aff1c28d748665949942579fb5fb1a2fd,958,1.0.0
INV20260500958,JV20260500958,SO20260500958,2026-05-24,BD-TDM,NV005,Chuyển khoản,TV-92EE57,TV,LG OLED 48,LG,3,34650282,0.16,87318710,0.08,6985496,94304206,29763000,89289000,-1970290,-0.0226,94304206,87318710,6985496,89289000,89289000,131-Phải thu khách hàng,511-Doanh thu bán hàng,3331-Thuế GTGT đầu ra,632-Giá vốn hàng bán,156-Hàng hóa,commerce_distribution_erp_scenario_v1,LIGHTBI_SCENARIO_ENTITY_001,VND,all_declared_accounting_money_columns,Asia/Ho_Chi_Minh,authentic_anchored_semi_synthetic_evidence,sample data/Accounting_ERP_May_2026.csv,3c59da1c10c67ab974dfd204b737402aff1c28d748665949942579fb5fb1a2fd,959,1.0.0
INV20260500959,JV20260500959,SO20260500959,2026-05-16,HN-HBT,NV002,Chuyển khoản,FN-310542,Quạt,Senko,Casper,2,1346208,0.17,2234705,0.08,178776,2413481,949000,1898000,336705,0.1507,2413481,2234705,178776,1898000,1898000,131-Phải thu khách hàng,511-Doanh thu bán hàng,3331-Thuế GTGT đầu ra,632-Giá vốn hàng bán,156-Hàng hóa,commerce_distribution_erp_scenario_v1,LIGHTBI_SCENARIO_ENTITY_001,VND,all_declared_accounting_money_columns,Asia/Ho_Chi_Minh,authentic_anchored_semi_synthetic_evidence,sample data/Accounting_ERP_May_2026.csv,3c59da1c10c67ab974dfd204b737402aff1c28d748665949942579fb5fb1a2fd,960,1.0.0
INV20260500960,JV20260500960,SO20260500960,2026-05-20,HCM-Q1,NV020,Trả góp,TV-DD0514,TV,"Samsung 55"" 4K",Mitsubishi,2,33496557,0.08,61633664,0.08,4930693,66564357,28483000,56966000,4667664,0.0757,66564357,61633664,4930693,56966000,56966000,131-Phải thu khách hàng,511-Doanh thu bán hàng,3331-Thuế GTGT đầu ra,632-Giá vốn hàng bán,156-Hàng hóa,commerce_distribution_erp_scenario_v1,LIGHTBI_SCENARIO_ENTITY_001,VND,all_declared_accounting_money_columns,Asia/Ho_Chi_Minh,authentic_anchored_semi_synthetic_evidence,sample data/Accounting_ERP_May_2026.csv,3c59da1c10c67ab974dfd204b737402aff1c28d748665949942579fb5fb1a2fd,961,1.0.0
INV20260500961,JV20260500961,SO20260500961,2026-05-01,HCM-Q1,NV027,Chuyển khoản,KT-881318,Ấm siêu tốc,Sunhouse,Sony,1,1391295,0.17,1154774,0.08,92381,1247155,832000,832000,322774,0.2795,1247155,1154774,92381,832000,832000,131-Phải thu khách hàng,511-Doanh thu bán hàng,3331-Thuế GTGT đầu ra,632-Giá vốn hàng bán,156-Hàng hóa,commerce_distribution_erp_scenario_v1,LIGHTBI_SCENARIO_ENTITY_001,VND,all_declared_accounting_money_columns,Asia/Ho_Chi_Minh,authentic_anchored_semi_synthetic_evidence,sample data/Accounting_ERP_May_2026.csv,3c59da1c10c67ab974dfd204b737402aff1c28d748665949942579fb5fb1a2fd,962,1.0.0
INV20260500962,JV20260500962,SO20260500962,2026-05-03,BD-TDM,NV029,Trả góp,BL-21A1FA,Máy xay,Sunhouse Blender,Electrolux,2,1198903,0.17,1990178,0.08,159214,2149392,669000,1338000,652178,0.3277,2149392,1990178,159214,1338000,1338000,131-Phải thu khách hàng,511-Doanh thu bán hàng,3331-Thuế GTGT đầu ra,632-Giá vốn hàng bán,156-Hàng hóa,commerce_distribution_erp_scenario_v1,LIGHTBI_SCENARIO_ENTITY_001,VND,all_declared_accounting_money_columns,Asia/Ho_Chi_Minh,authentic_anchored_semi_synthetic_evidence,sample data/Accounting_ERP_May_2026.csv,3c59da1c10c67ab974dfd204b737402aff1c28d748665949942579fb5fb1a2fd,963,1.0.0
INV20260500963,JV20260500963,SO20260500963,2026-05-04,HN-HBT,NV014,Thẻ,VC-AA028D,Máy hút bụi,Xiaomi G10,Daikin,3,7164502,0.19,17409739,0.08,1392779,18802518,4803000,14409000,3000739,0.1724,18802518,17409739,1392779,14409000,14409000,131-Phải thu khách hàng,511-Doanh thu bán hàng,3331-Thuế GTGT đầu ra,632-Giá vốn hàng bán,156-Hàng hóa,commerce_distribution_erp_scenario_v1,LIGHTBI_SCENARIO_ENTITY_001,VND,all_declared_accounting_money_columns,Asia/Ho_Chi_Minh,authentic_anchored_semi_synthetic_evidence,sample data/Accounting_ERP_May_2026.csv,3c59da1c10c67ab974dfd204b737402aff1c28d748665949942579fb5fb1a2fd,964,1.0.0
INV20260500964,JV20260500964,SO20260500964,2026-05-09,HN-CG,NV001,Ví điện tử,MW-E3450C,Lò vi sóng,Electrolux 23L,LG,3,1508011,0.09,4116870,0.08,329349,4446219,1064000,3192000,924870,0.2247,4446219,4116870,329349,3192000,3192000,131-Phải thu khách hàng,511-Doanh thu bán hàng,3331-Thuế GTGT đầu ra,632-Giá vốn hàng bán,156-Hàng hóa,commerce_distribution_erp_scenario_v1,LIGHTBI_SCENARIO_ENTITY_001,VND,all_declared_accounting_money_columns,Asia/Ho_Chi_Minh,authentic_anchored_semi_synthetic_evidence,sample data/Accounting_ERP_May_2026.csv,3c59da1c10c67ab974dfd204b737402aff1c28d748665949942579fb5fb1a2fd,965,1.0.0
INV20260500965,JV20260500965,SO20260500965,2026-05-03,CT-NK,NV014,Tiền mặt,FN-422F6A,Quạt,Senko,Sharp,3,1156232,0.11,3087139,0.08,246971,3334110,845000,2535000,552139,0.1789,3334110,3087139,246971,2535000,2535000,131-Phải thu khách hàng,511-Doanh thu bán hàng,3331-Thuế GTGT đầu ra,632-Giá vốn hàng bán,156-Hàng hóa,commerce_distribution_erp_scenario_v1,LIGHTBI_SCENARIO_ENTITY_001,VND,all_declared_accounting_money_columns,Asia/Ho_Chi_Minh,authentic_anchored_semi_synthetic_evidence,sample data/Accounting_ERP_May_2026.csv,3c59da1c10c67ab974dfd204b737402aff1c28d748665949942579fb5fb1a2fd,966,1.0.0
INV20260500966,JV20260500966,SO20260500966,2026-05-30,CT-NK,NV007,Thẻ,AC-6D8176,Máy lạnh,Casper 1HP,Xiaomi,1,6324866,0.06,5945374,0.08,475629,6421003,4825000,4825000,1120374,0.1884,6421003,5945374,475629,4825000,4825000,131-Phải thu khách hàng,511-Doanh thu bán hàng,3331-Thuế GTGT đầu ra,632-Giá vốn hàng bán,156-Hàng hóa,commerce_distribution_erp_scenario_v1,LIGHTBI_SCENARIO_ENTITY_001,VND,all_declared_accounting_money_columns,Asia/Ho_Chi_Minh,authentic_anchored_semi_synthetic_evidence,sample data/Accounting_ERP_May_2026.csv,3c59da1c10c67ab974dfd204b737402aff1c28d748665949942579fb5fb1a2fd,967,1.0.0
INV20260500967,JV20260500967,SO20260500967,2026-05-26,BD-TDM,NV010,Trả góp,RC-DA441E,Nồi cơm,Cuckoo 1.8L,Asia,2,1234286,0.01,2443886,0.08,195510,2639396,778000,1556000,887886,0.3633,2639396,2443886,195510,1556000,1556000,131-Phải thu khách hàng,511-Doanh thu bán hàng,3331-Thuế GTGT đầu ra,632-Giá vốn hàng bán,156-Hàng hóa,commerce_distribution_erp_scenario_v1,LIGHTBI_SCENARIO_ENTITY_001,VND,all_declared_accounting_money_columns,Asia/Ho_Chi_Minh,authentic_anchored_semi_synthetic_evidence,sample data/Accounting_ERP_May_2026.csv,3c59da1c10c67ab974dfd204b737402aff1c28d748665949942579fb5fb1a2fd,968,1.0.0
INV20260500968,JV20260500968,SO20260500968,2026-05-23,HCM-Q1,NV008,Tiền mặt,BL-271795,Máy xay,Panasonic Blender,Sony,3,2343267,0.12,6186224,0.08,494897,6681121,1327000,3981000,2205224,0.3565,6681121,6186224,494897,3981000,3981000,131-Phải thu khách hàng,511-Doanh thu bán hàng,3331-Thuế GTGT đầu ra,632-Giá vốn hàng bán,156-Hàng hóa,commerce_distribution_erp_scenario_v1,LIGHTBI_SCENARIO_ENTITY_001,VND,all_declared_accounting_money_columns,Asia/Ho_Chi_Minh,authentic_anchored_semi_synthetic_evidence,sample data/Accounting_ERP_May_2026.csv,3c59da1c10c67ab974dfd204b737402aff1c28d748665949942579fb5fb1a2fd,969,1.0.0
INV20260500969,JV20260500969,SO20260500969,2026-05-01,CT-NK,NV018,Ví điện tử,BL-21A1FA,Máy xay,Sunhouse Blender,Electrolux,1,1716671,0.11,1527837,0.08,122226,1650063,999000,999000,528837,0.3461,1650063,1527837,122226,999000,999000,131-Phải thu khách hàng,511-Doanh thu bán hàng,3331-Thuế GTGT đầu ra,632-Giá vốn hàng bán,156-Hàng hóa,commerce_distribution_erp_scenario_v1,LIGHTBI_SCENARIO_ENTITY_001,VND,all_declared_accounting_money_columns,Asia/Ho_Chi_Minh,authentic_anchored_semi_synthetic_evidence,sample data/Accounting_ERP_May_2026.csv,3c59da1c10c67ab974dfd204b737402aff1c28d748665949942579fb5fb1a2fd,970,1.0.0
INV20260500970,JV20260500970,SO20260500970,2026-05-01,HCM-Q7,NV013,Thẻ,WM-2257EF,Máy giặt,Samsung 10kg,Panasonic,2,14055819,0.17,23332659,0.08,1866612,25199271,10590000,21180000,2152659,0.0923,25199271,23332659,1866612,21180000,21180000,131-Phải thu khách hàng,511-Doanh thu bán hàng,3331-Thuế GTGT đầu ra,632-Giá vốn hàng bán,156-Hàng hóa,commerce_distribution_erp_scenario_v1,LIGHTBI_SCENARIO_ENTITY_001,VND,all_declared_accounting_money_columns,Asia/Ho_Chi_Minh,authentic_anchored_semi_synthetic_evidence,sample data/Accounting_ERP_May_2026.csv,3c59da1c10c67ab974dfd204b737402aff1c28d748665949942579fb5fb1a2fd,971,1.0.0
INV20260500971,JV20260500971,SO20260500971,2026-05-06,DN-HC,NV026,Ví điện tử,RC-30A967,Nồi cơm,Sharp 1.8L,Mitsubishi,3,1322698,0.19,3214156,0.08,257132,3471288,786000,2358000,856156,0.2664,3471288,3214156,257132,2358000,2358000,131-Phải thu khách hàng,511-Doanh thu bán hàng,3331-Thuế GTGT đầu ra,632-Giá vốn hàng bán,156-Hàng hóa,commerce_distribution_erp_scenario_v1,LIGHTBI_SCENARIO_ENTITY_001,VND,all_declared_accounting_money_columns,Asia/Ho_Chi_Minh,authentic_anchored_semi_synthetic_evidence,sample data/Accounting_ERP_May_2026.csv,3c59da1c10c67ab974dfd204b737402aff1c28d748665949942579fb5fb1a2fd,972,1.0.0
INV20260500972,JV20260500972,SO20260500972,2026-05-03,BD-TDM,NV002,Ví điện tử,MW-6902E3,Lò vi sóng,Sharp 20L,Sony,3,1382760,0.19,3360106,0.08,268808,3628914,974000,2922000,438106,0.1304,3628914,3360106,268808,2922000,2922000,131-Phải thu khách hàng,511-Doanh thu bán hàng,3331-Thuế GTGT đầu ra,632-Giá vốn hàng bán,156-Hàng hóa,commerce_distribution_erp_scenario_v1,LIGHTBI_SCENARIO_ENTITY_001,VND,all_declared_accounting_money_columns,Asia/Ho_Chi_Minh,authentic_anchored_semi_synthetic_evidence,sample data/Accounting_ERP_May_2026.csv,3c59da1c10c67ab974dfd204b737402aff1c28d748665949942579fb5fb1a2fd,973,1.0.0
INV20260500973,JV20260500973,SO20260500973,2026-05-22,HN-CG,NV023,Tiền mặt,RC-CA9512,Nồi cơm,Sharp 1.8L,Philips,3,852943,0.04,2456475,0.08,196518,2652993,634000,1902000,554475,0.2257,2652993,2456475,196518,1902000,1902000,131-Phải thu khách hàng,511-Doanh thu bán hàng,3331-Thuế GTGT đầu ra,632-Giá vốn hàng bán,156-Hàng hóa,commerce_distribution_erp_scenario_v1,LIGHTBI_SCENARIO_ENTITY_001,VND,all_declared_accounting_money_columns,Asia/Ho_Chi_Minh,authentic_anchored_semi_synthetic_evidence,sample data/Accounting_ERP_May_2026.csv,3c59da1c10c67ab974dfd204b737402aff1c28d748665949942579fb5fb1a2fd,974,1.0.0
INV20260500974,JV20260500974,SO20260500974,2026-05-09,HCM-TB,NV011,Thẻ,FN-E10178,Quạt,Panasonic,Xiaomi,3,2017728,0.15,5145206,0.08,411616,5556822,1432000,4296000,849206,0.165,5556822,5145206,411616,4296000,4296000,131-Phải thu khách hàng,511-Doanh thu bán hàng,3331-Thuế GTGT đầu ra,632-Giá vốn hàng bán,156-Hàng hóa,commerce_distribution_erp_scenario_v1,LIGHTBI_SCENARIO_ENTITY_001,VND,all_declared_accounting_money_columns,Asia/Ho_Chi_Minh,authentic_anchored_semi_synthetic_evidence,sample data/Accounting_ERP_May_2026.csv,3c59da1c10c67ab974dfd204b737402aff1c28d748665949942579fb5fb1a2fd,975,1.0.0
INV20260500975,JV20260500975,SO20260500975,2026-05-12,HCM-Q7,NV005,Ví điện tử,FN-E10178,Quạt,Panasonic,Xiaomi,3,1053572,0.17,2623394,0.08,209871,2833265,666000,1998000,625394,0.2384,2833265,2623394,209871,1998000,1998000,131-Phải thu khách hàng,511-Doanh thu bán hàng,3331-Thuế GTGT đầu ra,632-Giá vốn hàng bán,156-Hàng hóa,commerce_distribution_erp_scenario_v1,LIGHTBI_SCENARIO_ENTITY_001,VND,all_declared_accounting_money_columns,Asia/Ho_Chi_Minh,authentic_anchored_semi_synthetic_evidence,sample data/Accounting_ERP_May_2026.csv,3c59da1c10c67ab974dfd204b737402aff1c28d748665949942579fb5fb1a2fd,976,1.0.0
INV20260500976,JV20260500976,SO20260500976,2026-05-29,DN-HC,NV006,Tiền mặt,RC-C8DD6A,Nồi cơm,Panasonic 1.8L,LG,2,1550492,0.09,2821895,0.08,225751,3047646,1094000,2188000,633895,0.2246,3047646,2821895,225751,2188000,2188000,131-Phải thu khách hàng,511-Doanh thu bán hàng,3331-Thuế GTGT đầu ra,632-Giá vốn hàng bán,156-Hàng hóa,commerce_distribution_erp_scenario_v1,LIGHTBI_SCENARIO_ENTITY_001,VND,all_declared_accounting_money_columns,Asia/Ho_Chi_Minh,authentic_anchored_semi_synthetic_evidence,sample data/Accounting_ERP_May_2026.csv,3c59da1c10c67ab974dfd204b737402aff1c28d748665949942579fb5fb1a2fd,977,1.0.0
INV20260500977,JV20260500977,SO20260500977,2026-05-18,HCM-Q7,NV019,Thẻ,RC-3972B5,Nồi cơm,Sharp 1.8L,Samsung,1,1649544,0.12,1451598,0.08,116127,1567725,1234000,1234000,217598,0.1499,1567725,1451598,116127,1234000,1234000,131-Phải thu khách hàng,511-Doanh thu bán hàng,3331-Thuế GTGT đầu ra,632-Giá vốn hàng bán,156-Hàng hóa,commerce_distribution_erp_scenario_v1,LIGHTBI_SCENARIO_ENTITY_001,VND,all_declared_accounting_money_columns,Asia/Ho_Chi_Minh,authentic_anchored_semi_synthetic_evidence,sample data/Accounting_ERP_May_2026.csv,3c59da1c10c67ab974dfd204b737402aff1c28d748665949942579fb5fb1a2fd,978,1.0.0
INV20260500978,JV20260500978,SO20260500978,2026-05-07,BD-TDM,NV005,Chuyển khoản,TV-BE7A4B,TV,"TCL 50""",Sunhouse,1,13056492,0.15,11098018,0.08,887841,11985859,10844000,10844000,254018,0.0229,11985859,11098018,887841,10844000,10844000,131-Phải thu khách hàng,511-Doanh thu bán hàng,3331-Thuế GTGT đầu ra,632-Giá vốn hàng bán,156-Hàng hóa,commerce_distribution_erp_scenario_v1,LIGHTBI_SCENARIO_ENTITY_001,VND,all_declared_accounting_money_columns,Asia/Ho_Chi_Minh,authentic_anchored_semi_synthetic_evidence,sample data/Accounting_ERP_May_2026.csv,3c59da1c10c67ab974dfd204b737402aff1c28d748665949942579fb5fb1a2fd,979,1.0.0
INV20260500979,JV20260500979,SO20260500979,2026-05-13,BD-TDM,NV011,Ví điện tử,KT-925318,Ấm siêu tốc,Philips,Toshiba,2,956722,0.08,1760368,0.08,140829,1901197,509000,1018000,742368,0.4217,1901197,1760368,140829,1018000,1018000,131-Phải thu khách hàng,511-Doanh thu bán hàng,3331-Thuế GTGT đầu ra,632-Giá vốn hàng bán,156-Hàng hóa,commerce_distribution_erp_scenario_v1,LIGHTBI_SCENARIO_ENTITY_001,VND,all_declared_accounting_money_columns,Asia/Ho_Chi_Minh,authentic_anchored_semi_synthetic_evidence,sample data/Accounting_ERP_May_2026.csv,3c59da1c10c67ab974dfd204b737402aff1c28d748665949942579fb5fb1a2fd,980,1.0.0
INV20260500980,JV20260500980,SO20260500980,2026-05-18,BD-TDM,NV024,Chuyển khoản,RF-8A361D,Tủ lạnh,Aqua 250L,Sharp,1,17229180,0.13,14989386,0.08,1199150,16188536,14199000,14199000,790386,0.0527,16188536,14989386,1199150,14199000,14199000,131-Phải thu khách hàng,511-Doanh thu bán hàng,3331-Thuế GTGT đầu ra,632-Giá vốn hàng bán,156-Hàng hóa,commerce_distribution_erp_scenario_v1,LIGHTBI_SCENARIO_ENTITY_001,VND,all_declared_accounting_money_columns,Asia/Ho_Chi_Minh,authentic_anchored_semi_synthetic_evidence,sample data/Accounting_ERP_May_2026.csv,3c59da1c10c67ab974dfd204b737402aff1c28d748665949942579fb5fb1a2fd,981,1.0.0
INV20260500981,JV20260500981,SO20260500981,2026-05-30,HN-CG,NV012,Chuyển khoản,RF-ECA283,Tủ lạnh,Panasonic 300L,Panasonic,2,13655034,0.17,22667356,0.08,1813388,24480744,10654000,21308000,1359356,0.06,24480744,22667356,1813388,21308000,21308000,131-Phải thu khách hàng,511-Doanh thu bán hàng,3331-Thuế GTGT đầu ra,632-Giá vốn hàng bán,156-Hàng hóa,commerce_distribution_erp_scenario_v1,LIGHTBI_SCENARIO_ENTITY_001,VND,all_declared_accounting_money_columns,Asia/Ho_Chi_Minh,authentic_anchored_semi_synthetic_evidence,sample data/Accounting_ERP_May_2026.csv,3c59da1c10c67ab974dfd204b737402aff1c28d748665949942579fb5fb1a2fd,982,1.0.0
INV20260500982,JV20260500982,SO20260500982,2026-05-20,HCM-Q1,NV002,Thẻ,VC-DE537A,Máy hút bụi,Dyson V8,Electrolux,3,10952478,0.19,26614521,0.08,2129161,28743682,6696000,20088000,6526521,0.2452,28743682,26614521,2129161,20088000,20088000,131-Phải thu khách hàng,511-Doanh thu bán hàng,3331-Thuế GTGT đầu ra,632-Giá vốn hàng bán,156-Hàng hóa,commerce_distribution_erp_scenario_v1,LIGHTBI_SCENARIO_ENTITY_001,VND,all_declared_accounting_money_columns,Asia/Ho_Chi_Minh,authentic_anchored_semi_synthetic_evidence,sample data/Accounting_ERP_May_2026.csv,3c59da1c10c67ab974dfd204b737402aff1c28d748665949942579fb5fb1a2fd,983,1.0.0
INV20260500983,JV20260500983,SO20260500983,2026-05-11,HCM-Q1,NV023,Chuyển khoản,RC-5D6078,Nồi cơm,Cuckoo 1.8L,Sunhouse,3,3467675,0.2,8322420,0.08,665793,8988213,2281000,6843000,1479420,0.1778,8988213,8322420,665793,6843000,6843000,131-Phải thu khách hàng,511-Doanh thu bán hàng,3331-Thuế GTGT đầu ra,632-Giá vốn hàng bán,156-Hàng hóa,commerce_distribution_erp_scenario_v1,LIGHTBI_SCENARIO_ENTITY_001,VND,all_declared_accounting_money_columns,Asia/Ho_Chi_Minh,authentic_anchored_semi_synthetic_evidence,sample data/Accounting_ERP_May_2026.csv,3c59da1c10c67ab974dfd204b737402aff1c28d748665949942579fb5fb1a2fd,984,1.0.0
INV20260500984,JV20260500984,SO20260500984,2026-05-25,HCM-Q7,NV010,Trả góp,FN-FE30E7,Quạt,Panasonic,Senko,2,2073451,0.14,3566335,0.08,285306,3851641,1358000,2716000,850335,0.2384,3851641,3566335,285306,2716000,2716000,131-Phải thu khách hàng,511-Doanh thu bán hàng,3331-Thuế GTGT đầu ra,632-Giá vốn hàng bán,156-Hàng hóa,commerce_distribution_erp_scenario_v1,LIGHTBI_SCENARIO_ENTITY_001,VND,all_declared_accounting_money_columns,Asia/Ho_Chi_Minh,authentic_anchored_semi_synthetic_evidence,sample data/Accounting_ERP_May_2026.csv,3c59da1c10c67ab974dfd204b737402aff1c28d748665949942579fb5fb1a2fd,985,1.0.0
INV20260500985,JV20260500985,SO20260500985,2026-05-23,HN-HBT,NV003,Ví điện tử,WM-B05DAD,Máy giặt,LG 9kg,Sony,1,16446669,0.04,15788802,0.08,1263104,17051906,12670000,12670000,3118802,0.1975,17051906,15788802,1263104,12670000,12670000,131-Phải thu khách hàng,511-Doanh thu bán hàng,3331-Thuế GTGT đầu ra,632-Giá vốn hàng bán,156-Hàng hóa,commerce_distribution_erp_scenario_v1,LIGHTBI_SCENARIO_ENTITY_001,VND,all_declared_accounting_money_columns,Asia/Ho_Chi_Minh,authentic_anchored_semi_synthetic_evidence,sample data/Accounting_ERP_May_2026.csv,3c59da1c10c67ab974dfd204b737402aff1c28d748665949942579fb5fb1a2fd,986,1.0.0
INV20260500986,JV20260500986,SO20260500986,2026-05-16,HN-HBT,NV019,Thẻ,RF-37AAE4,Tủ lạnh,LG 420L,Philips,3,14655948,0.05,41769451,0.08,3341556,45111007,11512000,34536000,7233451,0.1732,45111007,41769451,3341556,34536000,34536000,131-Phải thu khách hàng,511-Doanh thu bán hàng,3331-Thuế GTGT đầu ra,632-Giá vốn hàng bán,156-Hàng hóa,commerce_distribution_erp_scenario_v1,LIGHTBI_SCENARIO_ENTITY_001,VND,all_declared_accounting_money_columns,Asia/Ho_Chi_Minh,authentic_anchored_semi_synthetic_evidence,sample data/Accounting_ERP_May_2026.csv,3c59da1c10c67ab974dfd204b737402aff1c28d748665949942579fb5fb1a2fd,987,1.0.0
INV20260500987,JV20260500987,SO20260500987,2026-05-11,HCM-Q7,NV016,Trả góp,WM-70D3A7,Máy giặt,Panasonic 8.5kg,Daikin,1,6095027,0.01,6034076,0.08,482726,6516802,5176000,5176000,858076,0.1422,6516802,6034076,482726,5176000,5176000,131-Phải thu khách hàng,511-Doanh thu bán hàng,3331-Thuế GTGT đầu ra,632-Giá vốn hàng bán,156-Hàng hóa,commerce_distribution_erp_scenario_v1,LIGHTBI_SCENARIO_ENTITY_001,VND,all_declared_accounting_money_columns,Asia/Ho_Chi_Minh,authentic_anchored_semi_synthetic_evidence,sample data/Accounting_ERP_May_2026.csv,3c59da1c10c67ab974dfd204b737402aff1c28d748665949942579fb5fb1a2fd,988,1.0.0
INV20260500988,JV20260500988,SO20260500988,2026-05-19,DN-HC,NV010,Thẻ,WM-0EC5E7,Máy giặt,Toshiba 9kg,Sony,2,7618564,0.04,14627642,0.08,1170211,15797853,5725000,11450000,3177642,0.2172,15797853,14627642,1170211,11450000,11450000,131-Phải thu khách hàng,511-Doanh thu bán hàng,3331-Thuế GTGT đầu ra,632-Giá vốn hàng bán,156-Hàng hóa,commerce_distribution_erp_scenario_v1,LIGHTBI_SCENARIO_ENTITY_001,VND,all_declared_accounting_money_columns,Asia/Ho_Chi_Minh,authentic_anchored_semi_synthetic_evidence,sample data/Accounting_ERP_May_2026.csv,3c59da1c10c67ab974dfd204b737402aff1c28d748665949942579fb5fb1a2fd,989,1.0.0
INV20260500989,JV20260500989,SO20260500989,2026-05-29,BD-TDM,NV018,Tiền mặt,AC-D15C8F,Máy lạnh,Daikin 1HP,Xiaomi,1,17975293,0.03,17436034,0.08,1394882,18830916,14169000,14169000,3267034,0.1874,18830916,17436034,1394882,14169000,14169000,131-Phải thu khách hàng,511-Doanh thu bán hàng,3331-Thuế GTGT đầu ra,632-Giá vốn hàng bán,156-Hàng hóa,commerce_distribution_erp_scenario_v1,LIGHTBI_SCENARIO_ENTITY_001,VND,all_declared_accounting_money_columns,Asia/Ho_Chi_Minh,authentic_anchored_semi_synthetic_evidence,sample data/Accounting_ERP_May_2026.csv,3c59da1c10c67ab974dfd204b737402aff1c28d748665949942579fb5fb1a2fd,990,1.0.0
INV20260500990,JV20260500990,SO20260500990,2026-05-20,HN-HBT,NV016,Trả góp,FN-077AB7,Quạt,Panasonic,Samsung,2,1304750,0.07,2426835,0.08,194146,2620981,771000,1542000,884835,0.3646,2620981,2426835,194146,1542000,1542000,131-Phải thu khách hàng,511-Doanh thu bán hàng,3331-Thuế GTGT đầu ra,632-Giá vốn hàng bán,156-Hàng hóa,commerce_distribution_erp_scenario_v1,LIGHTBI_SCENARIO_ENTITY_001,VND,all_declared_accounting_money_columns,Asia/Ho_Chi_Minh,authentic_anchored_semi_synthetic_evidence,sample data/Accounting_ERP_May_2026.csv,3c59da1c10c67ab974dfd204b737402aff1c28d748665949942579fb5fb1a2fd,991,1.0.0
INV20260500991,JV20260500991,SO20260500991,2026-05-19,HCM-Q1,NV025,Tiền mặt,KT-9065A4,Ấm siêu tốc,Philips,Mitsubishi,1,1209752,0.07,1125069,0.08,90005,1215074,746000,746000,379069,0.3369,1215074,1125069,90005,746000,746000,131-Phải thu khách hàng,511-Doanh thu bán hàng,3331-Thuế GTGT đầu ra,632-Giá vốn hàng bán,156-Hàng hóa,commerce_distribution_erp_scenario_v1,LIGHTBI_SCENARIO_ENTITY_001,VND,all_declared_accounting_money_columns,Asia/Ho_Chi_Minh,authentic_anchored_semi_synthetic_evidence,sample data/Accounting_ERP_May_2026.csv,3c59da1c10c67ab974dfd204b737402aff1c28d748665949942579fb5fb1a2fd,992,1.0.0
INV20260500992,JV20260500992,SO20260500992,2026-05-17,DN-HC,NV020,Tiền mặt,BL-9D0A0A,Máy xay,Sunhouse Blender,Cuckoo,3,1165545,0.08,3216904,0.08,257352,3474256,797000,2391000,825904,0.2567,3474256,3216904,257352,2391000,2391000,131-Phải thu khách hàng,511-Doanh thu bán hàng,3331-Thuế GTGT đầu ra,632-Giá vốn hàng bán,156-Hàng hóa,commerce_distribution_erp_scenario_v1,LIGHTBI_SCENARIO_ENTITY_001,VND,all_declared_accounting_money_columns,Asia/Ho_Chi_Minh,authentic_anchored_semi_synthetic_evidence,sample data/Accounting_ERP_May_2026.csv,3c59da1c10c67ab974dfd204b737402aff1c28d748665949942579fb5fb1a2fd,993,1.0.0
INV20260500993,JV20260500993,SO20260500993,2026-05-04,CT-NK,NV017,Tiền mặt,RC-7580B4,Nồi cơm,Panasonic 1.8L,Panasonic,1,3833296,0.03,3718297,0.08,297463,4015760,2688000,2688000,1030297,0.2771,4015760,3718297,297463,2688000,2688000,131-Phải thu khách hàng,511-Doanh thu bán hàng,3331-Thuế GTGT đầu ra,632-Giá vốn hàng bán,156-Hàng hóa,commerce_distribution_erp_scenario_v1,LIGHTBI_SCENARIO_ENTITY_001,VND,all_declared_accounting_money_columns,Asia/Ho_Chi_Minh,authentic_anchored_semi_synthetic_evidence,sample data/Accounting_ERP_May_2026.csv,3c59da1c10c67ab974dfd204b737402aff1c28d748665949942579fb5fb1a2fd,994,1.0.0
INV20260500994,JV20260500994,SO20260500994,2026-05-27,BD-TDM,NV008,Trả góp,MW-F8E59D,Lò vi sóng,Sharp 20L,Sharp,3,5549083,0.11,14816051,0.08,1185284,16001335,4020000,12060000,2756051,0.186,16001335,14816051,1185284,12060000,12060000,131-Phải thu khách hàng,511-Doanh thu bán hàng,3331-Thuế GTGT đầu ra,632-Giá vốn hàng bán,156-Hàng hóa,commerce_distribution_erp_scenario_v1,LIGHTBI_SCENARIO_ENTITY_001,VND,all_declared_accounting_money_columns,Asia/Ho_Chi_Minh,authentic_anchored_semi_synthetic_evidence,sample data/Accounting_ERP_May_2026.csv,3c59da1c10c67ab974dfd204b737402aff1c28d748665949942579fb5fb1a2fd,995,1.0.0
INV20260500995,JV20260500995,SO20260500995,2026-05-27,HN-HBT,NV026,Tiền mặt,RF-263030,Tủ lạnh,Samsung Inverter 350L,Toshiba,2,16304880,0.13,28370491,0.08,2269639,30640130,13390000,26780000,1590491,0.0561,30640130,28370491,2269639,26780000,26780000,131-Phải thu khách hàng,511-Doanh thu bán hàng,3331-Thuế GTGT đầu ra,632-Giá vốn hàng bán,156-Hàng hóa,commerce_distribution_erp_scenario_v1,LIGHTBI_SCENARIO_ENTITY_001,VND,all_declared_accounting_money_columns,Asia/Ho_Chi_Minh,authentic_anchored_semi_synthetic_evidence,sample data/Accounting_ERP_May_2026.csv,3c59da1c10c67ab974dfd204b737402aff1c28d748665949942579fb5fb1a2fd,996,1.0.0
INV20260500996,JV20260500996,SO20260500996,2026-05-05,HCM-TB,NV021,Tiền mặt,FN-A2F97E,Quạt,Senko,Xiaomi,1,1020640,0.11,908369,0.08,72669,981038,707000,707000,201369,0.2217,981038,908369,72669,707000,707000,131-Phải thu khách hàng,511-Doanh thu bán hàng,3331-Thuế GTGT đầu ra,632-Giá vốn hàng bán,156-Hàng hóa,commerce_distribution_erp_scenario_v1,LIGHTBI_SCENARIO_ENTITY_001,VND,all_declared_accounting_money_columns,Asia/Ho_Chi_Minh,authentic_anchored_semi_synthetic_evidence,sample data/Accounting_ERP_May_2026.csv,3c59da1c10c67ab974dfd204b737402aff1c28d748665949942579fb5fb1a2fd,997,1.0.0
INV20260500997,JV20260500997,SO20260500997,2026-05-24,HCM-TB,NV011,Chuyển khoản,BL-3258EA,Máy xay,Panasonic Blender,Mitsubishi,3,974874,0.11,2602913,0.08,208233,2811146,592000,1776000,826913,0.3177,2811146,2602913,208233,1776000,1776000,131-Phải thu khách hàng,511-Doanh thu bán hàng,3331-Thuế GTGT đầu ra,632-Giá vốn hàng bán,156-Hàng hóa,commerce_distribution_erp_scenario_v1,LIGHTBI_SCENARIO_ENTITY_001,VND,all_declared_accounting_money_columns,Asia/Ho_Chi_Minh,authentic_anchored_semi_synthetic_evidence,sample data/Accounting_ERP_May_2026.csv,3c59da1c10c67ab974dfd204b737402aff1c28d748665949942579fb5fb1a2fd,998,1.0.0
INV20260500998,JV20260500998,SO20260500998,2026-05-28,HN-CG,NV010,Ví điện tử,MW-8EFC71,Lò vi sóng,Electrolux 23L,Cuckoo,3,3790439,0.05,10802751,0.08,864220,11666971,2488000,7464000,3338751,0.3091,11666971,10802751,864220,7464000,7464000,131-Phải thu khách hàng,511-Doanh thu bán hàng,3331-Thuế GTGT đầu ra,632-Giá vốn hàng bán,156-Hàng hóa,commerce_distribution_erp_scenario_v1,LIGHTBI_SCENARIO_ENTITY_001,VND,all_declared_accounting_money_columns,Asia/Ho_Chi_Minh,authentic_anchored_semi_synthetic_evidence,sample data/Accounting_ERP_May_2026.csv,3c59da1c10c67ab974dfd204b737402aff1c28d748665949942579fb5fb1a2fd,999,1.0.0
INV20260500999,JV20260500999,SO20260500999,2026-05-04,HCM-Q1,NV028,Thẻ,TV-3C8911,TV,LG OLED 48,Sharp,2,34672203,0.2,55475524,0.08,4438041,59913565,28443000,56886000,-1410476,-0.0254,59913565,55475524,4438041,56886000,56886000,131-Phải thu khách hàng,511-Doanh thu bán hàng,3331-Thuế GTGT đầu ra,632-Giá vốn hàng bán,156-Hàng hóa,commerce_distribution_erp_scenario_v1,LIGHTBI_SCENARIO_ENTITY_001,VND,all_declared_accounting_money_columns,Asia/Ho_Chi_Minh,authentic_anchored_semi_synthetic_evidence,sample data/Accounting_ERP_May_2026.csv,3c59da1c10c67ab974dfd204b737402aff1c28d748665949942579fb5fb1a2fd,1000,1.0.0
INV20260501000,JV20260501000,SO20260501000,2026-05-24,BD-TDM,NV020,Ví điện tử,MW-2666B6,Lò vi sóng,Panasonic 25L,Mitsubishi,2,3054872,0.11,5437672,0.08,435013,5872685,2217000,4434000,1003672,0.1846,5872685,5437672,435013,4434000,4434000,131-Phải thu khách hàng,511-Doanh thu bán hàng,3331-Thuế GTGT đầu ra,632-Giá vốn hàng bán,156-Hàng hóa,commerce_distribution_erp_scenario_v1,LIGHTBI_SCENARIO_ENTITY_001,VND,all_declared_accounting_money_columns,Asia/Ho_Chi_Minh,authentic_anchored_semi_synthetic_evidence,sample data/Accounting_ERP_May_2026.csv,3c59da1c10c67ab974dfd204b737402aff1c28d748665949942579fb5fb1a2fd,1001,1.0.0
INV20260501001,JV20260501001,SO20260501001,2026-05-07,DN-HC,NV018,Ví điện tử,MW-4F3182,Lò vi sóng,Panasonic 25L,Daikin,1,2472317,0.11,2200362,0.08,176028,2376390,1633000,1633000,567362,0.2578,2376390,2200362,176028,1633000,1633000,131-Phải thu khách hàng,511-Doanh thu bán hàng,3331-Thuế GTGT đầu ra,632-Giá vốn hàng bán,156-Hàng hóa,commerce_distribution_erp_scenario_v1,LIGHTBI_SCENARIO_ENTITY_001,VND,all_declared_accounting_money_columns,Asia/Ho_Chi_Minh,authentic_anchored_semi_synthetic_evidence,sample data/Accounting_ERP_May_2026.csv,3c59da1c10c67ab974dfd204b737402aff1c28d748665949942579fb5fb1a2fd,1002,1.0.0
INV20260501002,JV20260501002,SO20260501002,2026-05-04,HCM-TB,NV005,Chuyển khoản,MW-8E4E78,Lò vi sóng,Panasonic 25L,Casper,2,5915807,0.09,10766768,0.08,861341,11628109,4190000,8380000,2386768,0.2217,11628109,10766768,861341,8380000,8380000,131-Phải thu khách hàng,511-Doanh thu bán hàng,3331-Thuế GTGT đầu ra,632-Giá vốn hàng bán,156-Hàng hóa,commerce_distribution_erp_scenario_v1,LIGHTBI_SCENARIO_ENTITY_001,VND,all_declared_accounting_money_columns,Asia/Ho_Chi_Minh,authentic_anchored_semi_synthetic_evidence,sample data/Accounting_ERP_May_2026.csv,3c59da1c10c67ab974dfd204b737402aff1c28d748665949942579fb5fb1a2fd,1003,1.0.0
INV20260501003,JV20260501003,SO20260501003,2026-05-08,CT-NK,NV012,Ví điện tử,AC-1FFCA0,Máy lạnh,Mitsubishi 1.5HP,Asia,3,15643863,0.01,46462273,0.08,3716981,50179254,12732000,38196000,8266273,0.1779,50179254,46462273,3716981,38196000,38196000,131-Phải thu khách hàng,511-Doanh thu bán hàng,3331-Thuế GTGT đầu ra,632-Giá vốn hàng bán,156-Hàng hóa,commerce_distribution_erp_scenario_v1,LIGHTBI_SCENARIO_ENTITY_001,VND,all_declared_accounting_money_columns,Asia/Ho_Chi_Minh,authentic_anchored_semi_synthetic_evidence,sample data/Accounting_ERP_May_2026.csv,3c59da1c10c67ab974dfd204b737402aff1c28d748665949942579fb5fb1a2fd,1004,1.0.0
INV20260501004,JV20260501004,SO20260501004,2026-05-22,HCM-Q7,NV003,Tiền mặt,MW-42D56C,Lò vi sóng,Electrolux 23L,Sony,1,4409174,0.07,4100531,0.08,328042,4428573,2795000,2795000,1305531,0.3184,4428573,4100531,328042,2795000,2795000,131-Phải thu khách hàng,511-Doanh thu bán hàng,3331-Thuế GTGT đầu ra,632-Giá vốn hàng bán,156-Hàng hóa,commerce_distribution_erp_scenario_v1,LIGHTBI_SCENARIO_ENTITY_001,VND,all_declared_accounting_money_columns,Asia/Ho_Chi_Minh,authentic_anchored_semi_synthetic_evidence,sample data/Accounting_ERP_May_2026.csv,3c59da1c10c67ab974dfd204b737402aff1c28d748665949942579fb5fb1a2fd,1005,1.0.0
INV20260501005,JV20260501005,SO20260501005,2026-05-04,BD-TDM,NV001,Ví điện tử,AC-4EC148,Máy lạnh,Mitsubishi 1.5HP,Toshiba,2,6395749,0.2,10233198,0.08,818655,11051853,5179000,10358000,-124802,-0.0122,11051853,10233198,818655,10358000,10358000,131-Phải thu khách hàng,511-Doanh thu bán hàng,3331-Thuế GTGT đầu ra,632-Giá vốn hàng bán,156-Hàng hóa,commerce_distribution_erp_scenario_v1,LIGHTBI_SCENARIO_ENTITY_001,VND,all_declared_accounting_money_columns,Asia/Ho_Chi_Minh,authentic_anchored_semi_synthetic_evidence,sample data/Accounting_ERP_May_2026.csv,3c59da1c10c67ab974dfd204b737402aff1c28d748665949942579fb5fb1a2fd,1006,1.0.0
INV20260501006,JV20260501006,SO20260501006,2026-05-05,DN-HC,NV015,Tiền mặt,RC-3298C0,Nồi cơm,Sunhouse 1.2L,Asia,2,1628515,0.06,3061608,0.08,244928,3306536,1093000,2186000,875608,0.286,3306536,3061608,244928,2186000,2186000,131-Phải thu khách hàng,511-Doanh thu bán hàng,3331-Thuế GTGT đầu ra,632-Giá vốn hàng bán,156-Hàng hóa,commerce_distribution_erp_scenario_v1,LIGHTBI_SCENARIO_ENTITY_001,VND,all_declared_accounting_money_columns,Asia/Ho_Chi_Minh,authentic_anchored_semi_synthetic_evidence,sample data/Accounting_ERP_May_2026.csv,3c59da1c10c67ab974dfd204b737402aff1c28d748665949942579fb5fb1a2fd,1007,1.0.0
INV20260501007,JV20260501007,SO20260501007,2026-05-28,HN-CG,NV004,Trả góp,BL-3258EA,Máy xay,Panasonic Blender,Mitsubishi,1,2476002,0.14,2129361,0.08,170348,2299709,1446000,1446000,683361,0.3209,2299709,2129361,170348,1446000,1446000,131-Phải thu khách hàng,511-Doanh thu bán hàng,3331-Thuế GTGT đầu ra,632-Giá vốn hàng bán,156-Hàng hóa,commerce_distribution_erp_scenario_v1,LIGHTBI_SCENARIO_ENTITY_001,VND,all_declared_accounting_money_columns,Asia/Ho_Chi_Minh,authentic_anchored_semi_synthetic_evidence,sample data/Accounting_ERP_May_2026.csv,3c59da1c10c67ab974dfd204b737402aff1c28d748665949942579fb5fb1a2fd,1008,1.0.0
INV20260501008,JV20260501008,SO20260501008,2026-05-12,HCM-Q1,NV006,Trả góp,VC-F24900,Máy hút bụi,Xiaomi G10,Sunhouse,1,11163522,0.05,10605345,0.08,848427,11453772,7467000,7467000,3138345,0.2959,11453772,10605345,848427,7467000,7467000,131-Phải thu khách hàng,511-Doanh thu bán hàng,3331-Thuế GTGT đầu ra,632-Giá vốn hàng bán,156-Hàng hóa,commerce_distribution_erp_scenario_v1,LIGHTBI_SCENARIO_ENTITY_001,VND,all_declared_accounting_money_columns,Asia/Ho_Chi_Minh,authentic_anchored_semi_synthetic_evidence,sample data/Accounting_ERP_May_2026.csv,3c59da1c10c67ab974dfd204b737402aff1c28d748665949942579fb5fb1a2fd,1009,1.0.0
INV20260501009,JV20260501009,SO20260501009,2026-05-05,HN-HBT,NV018,Ví điện tử,KT-A97869,Ấm siêu tốc,Sunhouse,LG,1,736293,0.16,618486,0.08,49478,667964,497000,497000,121486,0.1964,667964,618486,49478,497000,497000,131-Phải thu khách hàng,511-Doanh thu bán hàng,3331-Thuế GTGT đầu ra,632-Giá vốn hàng bán,156-Hàng hóa,commerce_distribution_erp_scenario_v1,LIGHTBI_SCENARIO_ENTITY_001,VND,all_declared_accounting_money_columns,Asia/Ho_Chi_Minh,authentic_anchored_semi_synthetic_evidence,sample data/Accounting_ERP_May_2026.csv,3c59da1c10c67ab974dfd204b737402aff1c28d748665949942579fb5fb1a2fd,1010,1.0.0
INV20260501010,JV20260501010,SO20260501010,2026-05-30,CT-NK,NV028,Trả góp,AC-E8C723,Máy lạnh,Casper 1HP,Mitsubishi,3,12862179,0.08,35499614,0.08,2839969,38339583,10438000,31314000,4185614,0.1179,38339583,35499614,2839969,31314000,31314000,131-Phải thu khách hàng,511-Doanh thu bán hàng,3331-Thuế GTGT đầu ra,632-Giá vốn hàng bán,156-Hàng hóa,commerce_distribution_erp_scenario_v1,LIGHTBI_SCENARIO_ENTITY_001,VND,all_declared_accounting_money_columns,Asia/Ho_Chi_Minh,authentic_anchored_semi_synthetic_evidence,sample data/Accounting_ERP_May_2026.csv,3c59da1c10c67ab974dfd204b737402aff1c28d748665949942579fb5fb1a2fd,1011,1.0.0
INV20260501011,JV20260501011,SO20260501011,2026-05-05,HN-CG,NV019,Ví điện tử,RF-F74DE6,Tủ lạnh,LG 420L,Toshiba,3,9491107,0.11,25341255,0.08,2027300,27368555,8033000,24099000,1242255,0.049,27368555,25341255,2027300,24099000,24099000,131-Phải thu khách hàng,511-Doanh thu bán hàng,3331-Thuế GTGT đầu ra,632-Giá vốn hàng bán,156-Hàng hóa,commerce_distribution_erp_scenario_v1,LIGHTBI_SCENARIO_ENTITY_001,VND,all_declared_accounting_money_columns,Asia/Ho_Chi_Minh,authentic_anchored_semi_synthetic_evidence,sample data/Accounting_ERP_May_2026.csv,3c59da1c10c67ab974dfd204b737402aff1c28d748665949942579fb5fb1a2fd,1012,1.0.0
INV20260501012,JV20260501012,SO20260501012,2026-05-15,DN-HC,NV021,Chuyển khoản,BL-BE1E34,Máy xay,Panasonic Blender,Senko,1,1474783,0.17,1224069,0.08,97925,1321994,1004000,1004000,220069,0.1798,1321994,1224069,97925,1004000,1004000,131-Phải thu khách hàng,511-Doanh thu bán hàng,3331-Thuế GTGT đầu ra,632-Giá vốn hàng bán,156-Hàng hóa,commerce_distribution_erp_scenario_v1,LIGHTBI_SCENARIO_ENTITY_001,VND,all_declared_accounting_money_columns,Asia/Ho_Chi_Minh,authentic_anchored_semi_synthetic_evidence,sample data/Accounting_ERP_May_2026.csv,3c59da1c10c67ab974dfd204b737402aff1c28d748665949942579fb5fb1a2fd,1013,1.0.0
INV20260501013,JV20260501013,SO20260501013,2026-05-01,HN-HBT,NV013,Thẻ,RC-3298C0,Nồi cơm,Sunhouse 1.2L,Asia,2,909818,0.08,1674065,0.08,133925,1807990,603000,1206000,468065,0.2796,1807990,1674065,133925,1206000,1206000,131-Phải thu khách hàng,511-Doanh thu bán hàng,3331-Thuế GTGT đầu ra,632-Giá vốn hàng bán,156-Hàng hóa,commerce_distribution_erp_scenario_v1,LIGHTBI_SCENARIO_ENTITY_001,VND,all_declared_accounting_money_columns,Asia/Ho_Chi_Minh,authentic_anchored_semi_synthetic_evidence,sample data/Accounting_ERP_May_2026.csv,3c59da1c10c67ab974dfd204b737402aff1c28d748665949942579fb5fb1a2fd,1014,1.0.0
INV20260501014,JV20260501014,SO20260501014,2026-05-11,HN-HBT,NV006,Thẻ,FN-5D5A92,Quạt,Asia,Casper,1,1165653,0.08,1072400,0.08,85792,1158192,686000,686000,386400,0.3603,1158192,1072400,85792,686000,686000,131-Phải thu khách hàng,511-Doanh thu bán hàng,3331-Thuế GTGT đầu ra,632-Giá vốn hàng bán,156-Hàng hóa,commerce_distribution_erp_scenario_v1,LIGHTBI_SCENARIO_ENTITY_001,VND,all_declared_accounting_money_columns,Asia/Ho_Chi_Minh,authentic_anchored_semi_synthetic_evidence,sample data/Accounting_ERP_May_2026.csv,3c59da1c10c67ab974dfd204b737402aff1c28d748665949942579fb5fb1a2fd,1015,1.0.0
INV20260501015,JV20260501015,SO20260501015,2026-05-27,BD-TDM,NV030,Tiền mặt,MW-8E4E78,Lò vi sóng,Panasonic 25L,Casper,2,4507799,0.14,7753414,0.08,620273,8373687,3130000,6260000,1493414,0.1926,8373687,7753414,620273,6260000,6260000,131-Phải thu khách hàng,511-Doanh thu bán hàng,3331-Thuế GTGT đầu ra,632-Giá vốn hàng bán,156-Hàng hóa,commerce_distribution_erp_scenario_v1,LIGHTBI_SCENARIO_ENTITY_001,VND,all_declared_accounting_money_columns,Asia/Ho_Chi_Minh,authentic_anchored_semi_synthetic_evidence,sample data/Accounting_ERP_May_2026.csv,3c59da1c10c67ab974dfd204b737402aff1c28d748665949942579fb5fb1a2fd,1016,1.0.0
INV20260501016,JV20260501016,SO20260501016,2026-05-04,HN-CG,NV006,Tiền mặt,TV-7839D5,TV,"TCL 50""",Xiaomi,1,23164236,0.09,21079454,0.08,1686356,22765810,19943000,19943000,1136454,0.0539,22765810,21079454,1686356,19943000,19943000,131-Phải thu khách hàng,511-Doanh thu bán hàng,3331-Thuế GTGT đầu ra,632-Giá vốn hàng bán,156-Hàng hóa,commerce_distribution_erp_scenario_v1,LIGHTBI_SCENARIO_ENTITY_001,VND,all_declared_accounting_money_columns,Asia/Ho_Chi_Minh,authentic_anchored_semi_synthetic_evidence,sample data/Accounting_ERP_May_2026.csv,3c59da1c10c67ab974dfd204b737402aff1c28d748665949942579fb5fb1a2fd,1017,1.0.0
INV20260501017,JV20260501017,SO20260501017,2026-05-22,CT-NK,NV025,Chuyển khoản,MW-B116A2,Lò vi sóng,Panasonic 25L,Senko,1,4666907,0.06,4386892,0.08,350951,4737843,3314000,3314000,1072892,0.2446,4737843,4386892,350951,3314000,3314000,131-Phải thu khách hàng,511-Doanh thu bán hàng,3331-Thuế GTGT đầu ra,632-Giá vốn hàng bán,156-Hàng hóa,commerce_distribution_erp_scenario_v1,LIGHTBI_SCENARIO_ENTITY_001,VND,all_declared_accounting_money_columns,Asia/Ho_Chi_Minh,authentic_anchored_semi_synthetic_evidence,sample data/Accounting_ERP_May_2026.csv,3c59da1c10c67ab974dfd204b737402aff1c28d748665949942579fb5fb1a2fd,1018,1.0.0
INV20260501018,JV20260501018,SO20260501018,2026-05-28,HN-CG,NV017,Trả góp,RC-A61405,Nồi cơm,Sunhouse 1.2L,Senko,2,3701446,0.12,6514544,0.08,521163,7035707,2689000,5378000,1136544,0.1745,7035707,6514544,521163,5378000,5378000,131-Phải thu khách hàng,511-Doanh thu bán hàng,3331-Thuế GTGT đầu ra,632-Giá vốn hàng bán,156-Hàng hóa,commerce_distribution_erp_scenario_v1,LIGHTBI_SCENARIO_ENTITY_001,VND,all_declared_accounting_money_columns,Asia/Ho_Chi_Minh,authentic_anchored_semi_synthetic_evidence,sample data/Accounting_ERP_May_2026.csv,3c59da1c10c67ab974dfd204b737402aff1c28d748665949942579fb5fb1a2fd,1019,1.0.0
INV20260501019,JV20260501019,SO20260501019,2026-05-17,HN-CG,NV016,Tiền mặt,MW-E7A58E,Lò vi sóng,Panasonic 25L,Philips,1,1459851,0.08,1343062,0.08,107444,1450506,1070000,1070000,273062,0.2033,1450506,1343062,107444,1070000,1070000,131-Phải thu khách hàng,511-Doanh thu bán hàng,3331-Thuế GTGT đầu ra,632-Giá vốn hàng bán,156-Hàng hóa,commerce_distribution_erp_scenario_v1,LIGHTBI_SCENARIO_ENTITY_001,VND,all_declared_accounting_money_columns,Asia/Ho_Chi_Minh,authentic_anchored_semi_synthetic_evidence,sample data/Accounting_ERP_May_2026.csv,3c59da1c10c67ab974dfd204b737402aff1c28d748665949942579fb5fb1a2fd,1020,1.0.0
INV20260501020,JV20260501020,SO20260501020,2026-05-01,HCM-Q7,NV012,Chuyển khoản,WM-54F949,Máy giặt,Toshiba 9kg,Xiaomi,3,14201435,0.12,37491788,0.08,2999343,40491131,10868000,32604000,4887788,0.1304,40491131,37491788,2999343,32604000,32604000,131-Phải thu khách hàng,511-Doanh thu bán hàng,3331-Thuế GTGT đầu ra,632-Giá vốn hàng bán,156-Hàng hóa,commerce_distribution_erp_scenario_v1,LIGHTBI_SCENARIO_ENTITY_001,VND,all_declared_accounting_money_columns,Asia/Ho_Chi_Minh,authentic_anchored_semi_synthetic_evidence,sample data/Accounting_ERP_May_2026.csv,3c59da1c10c67ab974dfd204b737402aff1c28d748665949942579fb5fb1a2fd,1021,1.0.0
INV20260501021,JV20260501021,SO20260501021,2026-05-01,HCM-Q7,NV027,Trả góp,RF-38030B,Tủ lạnh,Panasonic 300L,Daikin,2,23269137,0.11,41419063,0.08,3313525,44732588,19864000,39728000,1691063,0.0408,44732588,41419063,3313525,39728000,39728000,131-Phải thu khách hàng,511-Doanh thu bán hàng,3331-Thuế GTGT đầu ra,632-Giá vốn hàng bán,156-Hàng hóa,commerce_distribution_erp_scenario_v1,LIGHTBI_SCENARIO_ENTITY_001,VND,all_declared_accounting_money_columns,Asia/Ho_Chi_Minh,authentic_anchored_semi_synthetic_evidence,sample data/Accounting_ERP_May_2026.csv,3c59da1c10c67ab974dfd204b737402aff1c28d748665949942579fb5fb1a2fd,1022,1.0.0
INV20260501022,JV20260501022,SO20260501022,2026-05-17,DN-HC,NV008,Ví điện tử,RF-0980E0,Tủ lạnh,Samsung Inverter 350L,Mitsubishi,3,13007275,0.1,35119642,0.08,2809571,37929213,9836000,29508000,5611642,0.1598,37929213,35119642,2809571,29508000,29508000,131-Phải thu khách hàng,511-Doanh thu bán hàng,3331-Thuế GTGT đầu ra,632-Giá vốn hàng bán,156-Hàng hóa,commerce_distribution_erp_scenario_v1,LIGHTBI_SCENARIO_ENTITY_001,VND,all_declared_accounting_money_columns,Asia/Ho_Chi_Minh,authentic_anchored_semi_synthetic_evidence,sample data/Accounting_ERP_May_2026.csv,3c59da1c10c67ab974dfd204b737402aff1c28d748665949942579fb5fb1a2fd,1023,1.0.0
INV20260501023,JV20260501023,SO20260501023,2026-05-17,HCM-Q7,NV018,Trả góp,TV-43365F,TV,"Samsung 55"" 4K",Cuckoo,1,27306059,0.2,21844847,0.08,1747587,23592434,23327000,23327000,-1482153,-0.0678,23592434,21844847,1747587,23327000,23327000,131-Phải thu khách hàng,511-Doanh thu bán hàng,3331-Thuế GTGT đầu ra,632-Giá vốn hàng bán,156-Hàng hóa,commerce_distribution_erp_scenario_v1,LIGHTBI_SCENARIO_ENTITY_001,VND,all_declared_accounting_money_columns,Asia/Ho_Chi_Minh,authentic_anchored_semi_synthetic_evidence,sample data/Accounting_ERP_May_2026.csv,3c59da1c10c67ab974dfd204b737402aff1c28d748665949942579fb5fb1a2fd,1024,1.0.0
INV20260501024,JV20260501024,SO20260501024,2026-05-04,DN-HC,NV028,Chuyển khoản,WM-0EC5E7,Máy giặt,Toshiba 9kg,Sony,3,5548207,0.06,15645943,0.08,1251675,16897618,4608000,13824000,1821943,0.1164,16897618,15645943,1251675,13824000,13824000,131-Phải thu khách hàng,511-Doanh thu bán hàng,3331-Thuế GTGT đầu ra,632-Giá vốn hàng bán,156-Hàng hóa,commerce_distribution_erp_scenario_v1,LIGHTBI_SCENARIO_ENTITY_001,VND,all_declared_accounting_money_columns,Asia/Ho_Chi_Minh,authentic_anchored_semi_synthetic_evidence,sample data/Accounting_ERP_May_2026.csv,3c59da1c10c67ab974dfd204b737402aff1c28d748665949942579fb5fb1a2fd,1025,1.0.0
INV20260501025,JV20260501025,SO20260501025,2026-05-15,BD-TDM,NV009,Trả góp,KT-EFA122,Ấm siêu tốc,Sunhouse,Daikin,1,1483791,0.07,1379925,0.08,110394,1490319,1037000,1037000,342925,0.2485,1490319,1379925,110394,1037000,1037000,131-Phải thu khách hàng,511-Doanh thu bán hàng,3331-Thuế GTGT đầu ra,632-Giá vốn hàng bán,156-Hàng hóa,commerce_distribution_erp_scenario_v1,LIGHTBI_SCENARIO_ENTITY_001,VND,all_declared_accounting_money_columns,Asia/Ho_Chi_Minh,authentic_anchored_semi_synthetic_evidence,sample data/Accounting_ERP_May_2026.csv,3c59da1c10c67ab974dfd204b737402aff1c28d748665949942579fb5fb1a2fd,1026,1.0.0
INV20260501026,JV20260501026,SO20260501026,2026-05-06,BD-TDM,NV010,Trả góp,AC-691AE0,Máy lạnh,Casper 1HP,LG,2,11591440,0.19,18778132,0.08,1502250,20280382,9628000,19256000,-477868,-0.0254,20280382,18778132,1502250,19256000,19256000,131-Phải thu khách hàng,511-Doanh thu bán hàng,3331-Thuế GTGT đầu ra,632-Giá vốn hàng bán,156-Hàng hóa,commerce_distribution_erp_scenario_v1,LIGHTBI_SCENARIO_ENTITY_001,VND,all_declared_accounting_money_columns,Asia/Ho_Chi_Minh,authentic_anchored_semi_synthetic_evidence,sample data/Accounting_ERP_May_2026.csv,3c59da1c10c67ab974dfd204b737402aff1c28d748665949942579fb5fb1a2fd,1027,1.0.0
INV20260501027,JV20260501027,SO20260501027,2026-05-29,HN-HBT,NV013,Chuyển khoản,BL-267545,Máy xay,Panasonic Blender,Cuckoo,1,1266672,0.13,1102004,0.08,88160,1190164,822000,822000,280004,0.2541,1190164,1102004,88160,822000,822000,131-Phải thu khách hàng,511-Doanh thu bán hàng,3331-Thuế GTGT đầu ra,632-Giá vốn hàng bán,156-Hàng hóa,commerce_distribution_erp_scenario_v1,LIGHTBI_SCENARIO_ENTITY_001,VND,all_declared_accounting_money_columns,Asia/Ho_Chi_Minh,authentic_anchored_semi_synthetic_evidence,sample data/Accounting_ERP_May_2026.csv,3c59da1c10c67ab974dfd204b737402aff1c28d748665949942579fb5fb1a2fd,1028,1.0.0
INV20260501028,JV20260501028,SO20260501028,2026-05-12,HCM-Q1,NV021,Trả góp,BL-E08C31,Máy xay,Panasonic Blender,Philips,3,2138832,0.05,6095671,0.08,487653,6583324,1176000,3528000,2567671,0.4212,6583324,6095671,487653,3528000,3528000,131-Phải thu khách hàng,511-Doanh thu bán hàng,3331-Thuế GTGT đầu ra,632-Giá vốn hàng bán,156-Hàng hóa,commerce_distribution_erp_scenario_v1,LIGHTBI_SCENARIO_ENTITY_001,VND,all_declared_accounting_money_columns,Asia/Ho_Chi_Minh,authentic_anchored_semi_synthetic_evidence,sample data/Accounting_ERP_May_2026.csv,3c59da1c10c67ab974dfd204b737402aff1c28d748665949942579fb5fb1a2fd,1029,1.0.0
INV20260501029,JV20260501029,SO20260501029,2026-05-04,HN-HBT,NV014,Trả góp,TV-DCF290,TV,"Sony 65""",Sony,1,27788127,0.11,24731433,0.08,1978514,26709947,21477000,21477000,3254433,0.1316,26709947,24731433,1978514,21477000,21477000,131-Phải thu khách hàng,511-Doanh thu bán hàng,3331-Thuế GTGT đầu ra,632-Giá vốn hàng bán,156-Hàng hóa,commerce_distribution_erp_scenario_v1,LIGHTBI_SCENARIO_ENTITY_001,VND,all_declared_accounting_money_columns,Asia/Ho_Chi_Minh,authentic_anchored_semi_synthetic_evidence,sample data/Accounting_ERP_May_2026.csv,3c59da1c10c67ab974dfd204b737402aff1c28d748665949942579fb5fb1a2fd,1030,1.0.0
INV20260501030,JV20260501030,SO20260501030,2026-05-25,DN-HC,NV030,Ví điện tử,KT-C76795,Ấm siêu tốc,Philips,Aqua,3,593894,0.06,1674781,0.08,133982,1808763,370000,1110000,564781,0.3372,1808763,1674781,133982,1110000,1110000,131-Phải thu khách hàng,511-Doanh thu bán hàng,3331-Thuế GTGT đầu ra,632-Giá vốn hàng bán,156-Hàng hóa,commerce_distribution_erp_scenario_v1,LIGHTBI_SCENARIO_ENTITY_001,VND,all_declared_accounting_money_columns,Asia/Ho_Chi_Minh,authentic_anchored_semi_synthetic_evidence,sample data/Accounting_ERP_May_2026.csv,3c59da1c10c67ab974dfd204b737402aff1c28d748665949942579fb5fb1a2fd,1031,1.0.0
INV20260501031,JV20260501031,SO20260501031,2026-05-20,HCM-Q7,NV021,Ví điện tử,MW-CC5E2E,Lò vi sóng,Electrolux 23L,Electrolux,2,5572061,0.18,9138180,0.08,731054,9869234,3551000,7102000,2036180,0.2228,9869234,9138180,731054,7102000,7102000,131-Phải thu khách hàng,511-Doanh thu bán hàng,3331-Thuế GTGT đầu ra,632-Giá vốn hàng bán,156-Hàng hóa,commerce_distribution_erp_scenario_v1,LIGHTBI_SCENARIO_ENTITY_001,VND,all_declared_accounting_money_columns,Asia/Ho_Chi_Minh,authentic_anchored_semi_synthetic_evidence,sample data/Accounting_ERP_May_2026.csv,3c59da1c10c67ab974dfd204b737402aff1c28d748665949942579fb5fb1a2fd,1032,1.0.0
INV20260501032,JV20260501032,SO20260501032,2026-05-25,CT-NK,NV025,Tiền mặt,FN-166747,Quạt,Senko,LG,3,1317120,0.05,3753792,0.08,300303,4054095,836000,2508000,1245792,0.3319,4054095,3753792,300303,2508000,2508000,131-Phải thu khách hàng,511-Doanh thu bán hàng,3331-Thuế GTGT đầu ra,632-Giá vốn hàng bán,156-Hàng hóa,commerce_distribution_erp_scenario_v1,LIGHTBI_SCENARIO_ENTITY_001,VND,all_declared_accounting_money_columns,Asia/Ho_Chi_Minh,authentic_anchored_semi_synthetic_evidence,sample data/Accounting_ERP_May_2026.csv,3c59da1c10c67ab974dfd204b737402aff1c28d748665949942579fb5fb1a2fd,1033,1.0.0
INV20260501033,JV20260501033,SO20260501033,2026-05-01,HCM-TB,NV011,Tiền mặt,KT-EFA122,Ấm siêu tốc,Sunhouse,Daikin,3,727656,0.01,2161138,0.08,172891,2334029,453000,1359000,802138,0.3712,2334029,2161138,172891,1359000,1359000,131-Phải thu khách hàng,511-Doanh thu bán hàng,3331-Thuế GTGT đầu ra,632-Giá vốn hàng bán,156-Hàng hóa,commerce_distribution_erp_scenario_v1,LIGHTBI_SCENARIO_ENTITY_001,VND,all_declared_accounting_money_columns,Asia/Ho_Chi_Minh,authentic_anchored_semi_synthetic_evidence,sample data/Accounting_ERP_May_2026.csv,3c59da1c10c67ab974dfd204b737402aff1c28d748665949942579fb5fb1a2fd,1034,1.0.0
INV20260501034,JV20260501034,SO20260501034,2026-05-06,HCM-Q1,NV011,Thẻ,FN-E6A9CC,Quạt,Panasonic,Asia,2,2349240,0.05,4463556,0.08,357084,4820640,1752000,3504000,959556,0.215,4820640,4463556,357084,3504000,3504000,131-Phải thu khách hàng,511-Doanh thu bán hàng,3331-Thuế GTGT đầu ra,632-Giá vốn hàng bán,156-Hàng hóa,commerce_distribution_erp_scenario_v1,LIGHTBI_SCENARIO_ENTITY_001,VND,all_declared_accounting_money_columns,Asia/Ho_Chi_Minh,authentic_anchored_semi_synthetic_evidence,sample data/Accounting_ERP_May_2026.csv,3c59da1c10c67ab974dfd204b737402aff1c28d748665949942579fb5fb1a2fd,1035,1.0.0
INV20260501035,JV20260501035,SO20260501035,2026-05-25,HN-HBT,NV005,Ví điện tử,AC-E8C723,Máy lạnh,Casper 1HP,Mitsubishi,2,17049794,0.16,28643653,0.08,2291492,30935145,12548000,25096000,3547653,0.1239,30935145,28643653,2291492,25096000,25096000,131-Phải thu khách hàng,511-Doanh thu bán hàng,3331-Thuế GTGT đầu ra,632-Giá vốn hàng bán,156-Hàng hóa,commerce_distribution_erp_scenario_v1,LIGHTBI_SCENARIO_ENTITY_001,VND,all_declared_accounting_money_columns,Asia/Ho_Chi_Minh,authentic_anchored_semi_synthetic_evidence,sample data/Accounting_ERP_May_2026.csv,3c59da1c10c67ab974dfd204b737402aff1c28d748665949942579fb5fb1a2fd,1036,1.0.0
INV20260501036,JV20260501036,SO20260501036,2026-05-25,DN-HC,NV014,Trả góp,RF-1BAC8F,Tủ lạnh,Panasonic 300L,Electrolux,2,16414148,0.12,28888900,0.08,2311112,31200012,13172000,26344000,2544900,0.0881,31200012,28888900,2311112,26344000,26344000,131-Phải thu khách hàng,511-Doanh thu bán hàng,3331-Thuế GTGT đầu ra,632-Giá vốn hàng bán,156-Hàng hóa,commerce_distribution_erp_scenario_v1,LIGHTBI_SCENARIO_ENTITY_001,VND,all_declared_accounting_money_columns,Asia/Ho_Chi_Minh,authentic_anchored_semi_synthetic_evidence,sample data/Accounting_ERP_May_2026.csv,3c59da1c10c67ab974dfd204b737402aff1c28d748665949942579fb5fb1a2fd,1037,1.0.0
INV20260501037,JV20260501037,SO20260501037,2026-05-22,HN-CG,NV029,Tiền mặt,WM-E0B483,Máy giặt,Panasonic 8.5kg,Asia,1,17670534,0.16,14843248,0.08,1187459,16030707,13677000,13677000,1166248,0.0786,16030707,14843248,1187459,13677000,13677000,131-Phải thu khách hàng,511-Doanh thu bán hàng,3331-Thuế GTGT đầu ra,632-Giá vốn hàng bán,156-Hàng hóa,commerce_distribution_erp_scenario_v1,LIGHTBI_SCENARIO_ENTITY_001,VND,all_declared_accounting_money_columns,Asia/Ho_Chi_Minh,authentic_anchored_semi_synthetic_evidence,sample data/Accounting_ERP_May_2026.csv,3c59da1c10c67ab974dfd204b737402aff1c28d748665949942579fb5fb1a2fd,1038,1.0.0
INV20260501038,JV20260501038,SO20260501038,2026-05-16,BD-TDM,NV016,Ví điện tử,RC-3C3427,Nồi cơm,Sharp 1.8L,Senko,3,2481574,0.05,7072485,0.08,565798,7638283,1467000,4401000,2671485,0.3777,7638283,7072485,565798,4401000,4401000,131-Phải thu khách hàng,511-Doanh thu bán hàng,3331-Thuế GTGT đầu ra,632-Giá vốn hàng bán,156-Hàng hóa,commerce_distribution_erp_scenario_v1,LIGHTBI_SCENARIO_ENTITY_001,VND,all_declared_accounting_money_columns,Asia/Ho_Chi_Minh,authentic_anchored_semi_synthetic_evidence,sample data/Accounting_ERP_May_2026.csv,3c59da1c10c67ab974dfd204b737402aff1c28d748665949942579fb5fb1a2fd,1039,1.0.0
INV20260501039,JV20260501039,SO20260501039,2026-05-10,HN-CG,NV007,Thẻ,FN-0333B4,Quạt,Asia,Daikin,3,1218551,0.14,3143861,0.08,251508,3395369,671000,2013000,1130861,0.3597,3395369,3143861,251508,2013000,2013000,131-Phải thu khách hàng,511-Doanh thu bán hàng,3331-Thuế GTGT đầu ra,632-Giá vốn hàng bán,156-Hàng hóa,commerce_distribution_erp_scenario_v1,LIGHTBI_SCENARIO_ENTITY_001,VND,all_declared_accounting_money_columns,Asia/Ho_Chi_Minh,authentic_anchored_semi_synthetic_evidence,sample data/Accounting_ERP_May_2026.csv,3c59da1c10c67ab974dfd204b737402aff1c28d748665949942579fb5fb1a2fd,1040,1.0.0
INV20260501040,JV20260501040,SO20260501040,2026-05-08,HN-CG,NV010,Ví điện tử,FN-47B1B0,Quạt,Senko,Toshiba,2,983909,0.15,1672645,0.08,133811,1806456,558000,1116000,556645,0.3328,1806456,1672645,133811,1116000,1116000,131-Phải thu khách hàng,511-Doanh thu bán hàng,3331-Thuế GTGT đầu ra,632-Giá vốn hàng bán,156-Hàng hóa,commerce_distribution_erp_scenario_v1,LIGHTBI_SCENARIO_ENTITY_001,VND,all_declared_accounting_money_columns,Asia/Ho_Chi_Minh,authentic_anchored_semi_synthetic_evidence,sample data/Accounting_ERP_May_2026.csv,3c59da1c10c67ab974dfd204b737402aff1c28d748665949942579fb5fb1a2fd,1041,1.0.0
INV20260501041,JV20260501041,SO20260501041,2026-05-23,BD-TDM,NV016,Tiền mặt,BL-3258EA,Máy xay,Panasonic Blender,Mitsubishi,1,749346,0.14,644437,0.08,51554,695991,483000,483000,161437,0.2505,695991,644437,51554,483000,483000,131-Phải thu khách hàng,511-Doanh thu bán hàng,3331-Thuế GTGT đầu ra,632-Giá vốn hàng bán,156-Hàng hóa,commerce_distribution_erp_scenario_v1,LIGHTBI_SCENARIO_ENTITY_001,VND,all_declared_accounting_money_columns,Asia/Ho_Chi_Minh,authentic_anchored_semi_synthetic_evidence,sample data/Accounting_ERP_May_2026.csv,3c59da1c10c67ab974dfd204b737402aff1c28d748665949942579fb5fb1a2fd,1042,1.0.0
INV20260501042,JV20260501042,SO20260501042,2026-05-07,CT-NK,NV010,Chuyển khoản,TV-7D99ED,TV,"Sony 65""",Philips,1,32915742,0.17,27320065,0.08,2185605,29505670,27757000,27757000,-436935,-0.016,29505670,27320065,2185605,27757000,27757000,131-Phải thu khách hàng,511-Doanh thu bán hàng,3331-Thuế GTGT đầu ra,632-Giá vốn hàng bán,156-Hàng hóa,commerce_distribution_erp_scenario_v1,LIGHTBI_SCENARIO_ENTITY_001,VND,all_declared_accounting_money_columns,Asia/Ho_Chi_Minh,authentic_anchored_semi_synthetic_evidence,sample data/Accounting_ERP_May_2026.csv,3c59da1c10c67ab974dfd204b737402aff1c28d748665949942579fb5fb1a2fd,1043,1.0.0
INV20260501043,JV20260501043,SO20260501043,2026-05-21,HCM-Q1,NV017,Thẻ,RF-F64CD4,Tủ lạnh,Samsung Inverter 350L,Casper,2,12281928,0.16,20633639,0.08,1650691,22284330,10528000,21056000,-422361,-0.0205,22284330,20633639,1650691,21056000,21056000,131-Phải thu khách hàng,511-Doanh thu bán hàng,3331-Thuế GTGT đầu ra,632-Giá vốn hàng bán,156-Hàng hóa,commerce_distribution_erp_scenario_v1,LIGHTBI_SCENARIO_ENTITY_001,VND,all_declared_accounting_money_columns,Asia/Ho_Chi_Minh,authentic_anchored_semi_synthetic_evidence,sample data/Accounting_ERP_May_2026.csv,3c59da1c10c67ab974dfd204b737402aff1c28d748665949942579fb5fb1a2fd,1044,1.0.0
INV20260501044,JV20260501044,SO20260501044,2026-05-31,HCM-Q7,NV013,Thẻ,VC-EF7A18,Máy hút bụi,Xiaomi G10,Aqua,3,9791036,0.01,29079376,0.08,2326350,31405726,6540000,19620000,9459376,0.3253,31405726,29079376,2326350,19620000,19620000,131-Phải thu khách hàng,511-Doanh thu bán hàng,3331-Thuế GTGT đầu ra,632-Giá vốn hàng bán,156-Hàng hóa,commerce_distribution_erp_scenario_v1,LIGHTBI_SCENARIO_ENTITY_001,VND,all_declared_accounting_money_columns,Asia/Ho_Chi_Minh,authentic_anchored_semi_synthetic_evidence,sample data/Accounting_ERP_May_2026.csv,3c59da1c10c67ab974dfd204b737402aff1c28d748665949942579fb5fb1a2fd,1045,1.0.0
INV20260501045,JV20260501045,SO20260501045,2026-05-19,HCM-Q7,NV006,Ví điện tử,MW-8EA0CB,Lò vi sóng,Panasonic 25L,LG,3,1294114,0.2,3105873,0.08,248469,3354342,804000,2412000,693873,0.2234,3354342,3105873,248469,2412000,2412000,131-Phải thu khách hàng,511-Doanh thu bán hàng,3331-Thuế GTGT đầu ra,632-Giá vốn hàng bán,156-Hàng hóa,commerce_distribution_erp_scenario_v1,LIGHTBI_SCENARIO_ENTITY_001,VND,all_declared_accounting_money_columns,Asia/Ho_Chi_Minh,authentic_anchored_semi_synthetic_evidence,sample data/Accounting_ERP_May_2026.csv,3c59da1c10c67ab974dfd204b737402aff1c28d748665949942579fb5fb1a2fd,1046,1.0.0
INV20260501046,JV20260501046,SO20260501046,2026-05-25,HN-HBT,NV024,Thẻ,VC-6858E9,Máy hút bụi,Xiaomi G10,Sharp,1,8168468,0.09,7433305,0.08,594664,8027969,5344000,5344000,2089305,0.2811,8027969,7433305,594664,5344000,5344000,131-Phải thu khách hàng,511-Doanh thu bán hàng,3331-Thuế GTGT đầu ra,632-Giá vốn hàng bán,156-Hàng hóa,commerce_distribution_erp_scenario_v1,LIGHTBI_SCENARIO_ENTITY_001,VND,all_declared_accounting_money_columns,Asia/Ho_Chi_Minh,authentic_anchored_semi_synthetic_evidence,sample data/Accounting_ERP_May_2026.csv,3c59da1c10c67ab974dfd204b737402aff1c28d748665949942579fb5fb1a2fd,1047,1.0.0
INV20260501047,JV20260501047,SO20260501047,2026-05-15,HCM-Q7,NV018,Thẻ,KT-63AE81,Ấm siêu tốc,Kangaroo,Daikin,2,891700,0.19,1444554,0.08,115564,1560118,576000,1152000,292554,0.2025,1560118,1444554,115564,1152000,1152000,131-Phải thu khách hàng,511-Doanh thu bán hàng,3331-Thuế GTGT đầu ra,632-Giá vốn hàng bán,156-Hàng hóa,commerce_distribution_erp_scenario_v1,LIGHTBI_SCENARIO_ENTITY_001,VND,all_declared_accounting_money_columns,Asia/Ho_Chi_Minh,authentic_anchored_semi_synthetic_evidence,sample data/Accounting_ERP_May_2026.csv,3c59da1c10c67ab974dfd204b737402aff1c28d748665949942579fb5fb1a2fd,1048,1.0.0
INV20260501048,JV20260501048,SO20260501048,2026-05-28,BD-TDM,NV010,Trả góp,MW-CC5E2E,Lò vi sóng,Electrolux 23L,Electrolux,3,2666948,0.19,6480683,0.08,518454,6999137,1905000,5715000,765683,0.1181,6999137,6480683,518454,5715000,5715000,131-Phải thu khách hàng,511-Doanh thu bán hàng,3331-Thuế GTGT đầu ra,632-Giá vốn hàng bán,156-Hàng hóa,commerce_distribution_erp_scenario_v1,LIGHTBI_SCENARIO_ENTITY_001,VND,all_declared_accounting_money_columns,Asia/Ho_Chi_Minh,authentic_anchored_semi_synthetic_evidence,sample data/Accounting_ERP_May_2026.csv,3c59da1c10c67ab974dfd204b737402aff1c28d748665949942579fb5fb1a2fd,1049,1.0.0
INV20260501049,JV20260501049,SO20260501049,2026-05-14,HN-CG,NV019,Ví điện tử,MW-95E139,Lò vi sóng,Sharp 20L,Philips,2,5952875,0.03,11548577,0.08,923886,12472463,4167000,8334000,3214577,0.2784,12472463,11548577,923886,8334000,8334000,131-Phải thu khách hàng,511-Doanh thu bán hàng,3331-Thuế GTGT đầu ra,632-Giá vốn hàng bán,156-Hàng hóa,commerce_distribution_erp_scenario_v1,LIGHTBI_SCENARIO_ENTITY_001,VND,all_declared_accounting_money_columns,Asia/Ho_Chi_Minh,authentic_anchored_semi_synthetic_evidence,sample data/Accounting_ERP_May_2026.csv,3c59da1c10c67ab974dfd204b737402aff1c28d748665949942579fb5fb1a2fd,1050,1.0.0
INV20260501050,JV20260501050,SO20260501050,2026-05-20,HCM-Q1,NV009,Tiền mặt,RC-F33150,Nồi cơm,Panasonic 1.8L,Casper,2,3388722,0.06,6370797,0.08,509663,6880460,2423000,4846000,1524797,0.2393,6880460,6370797,509663,4846000,4846000,131-Phải thu khách hàng,511-Doanh thu bán hàng,3331-Thuế GTGT đầu ra,632-Giá vốn hàng bán,156-Hàng hóa,commerce_distribution_erp_scenario_v1,LIGHTBI_SCENARIO_ENTITY_001,VND,all_declared_accounting_money_columns,Asia/Ho_Chi_Minh,authentic_anchored_semi_synthetic_evidence,sample data/Accounting_ERP_May_2026.csv,3c59da1c10c67ab974dfd204b737402aff1c28d748665949942579fb5fb1a2fd,1051,1.0.0
INV20260501051,JV20260501051,SO20260501051,2026-05-11,HN-HBT,NV012,Trả góp,RC-3972B5,Nồi cơm,Sharp 1.8L,Samsung,2,3720506,0.04,7143371,0.08,571469,7714840,2438000,4876000,2267371,0.3174,7714840,7143371,571469,4876000,4876000,131-Phải thu khách hàng,511-Doanh thu bán hàng,3331-Thuế GTGT đầu ra,632-Giá vốn hàng bán,156-Hàng hóa,commerce_distribution_erp_scenario_v1,LIGHTBI_SCENARIO_ENTITY_001,VND,all_declared_accounting_money_columns,Asia/Ho_Chi_Minh,authentic_anchored_semi_synthetic_evidence,sample data/Accounting_ERP_May_2026.csv,3c59da1c10c67ab974dfd204b737402aff1c28d748665949942579fb5fb1a2fd,1052,1.0.0
INV20260501052,JV20260501052,SO20260501052,2026-05-20,HCM-Q7,NV003,Chuyển khoản,WM-EE77C3,Máy giặt,Toshiba 9kg,Panasonic,2,15529295,0.04,29816246,0.08,2385299,32201545,12162000,24324000,5492246,0.1842,32201545,29816246,2385299,24324000,24324000,131-Phải thu khách hàng,511-Doanh thu bán hàng,3331-Thuế GTGT đầu ra,632-Giá vốn hàng bán,156-Hàng hóa,commerce_distribution_erp_scenario_v1,LIGHTBI_SCENARIO_ENTITY_001,VND,all_declared_accounting_money_columns,Asia/Ho_Chi_Minh,authentic_anchored_semi_synthetic_evidence,sample data/Accounting_ERP_May_2026.csv,3c59da1c10c67ab974dfd204b737402aff1c28d748665949942579fb5fb1a2fd,1053,1.0.0
INV20260501053,JV20260501053,SO20260501053,2026-05-31,HCM-Q1,NV005,Tiền mặt,VC-FDD792,Máy hút bụi,Philips FC,Casper,2,8428464,0.03,16351220,0.08,1308097,17659317,6047000,12094000,4257220,0.2604,17659317,16351220,1308097,12094000,12094000,131-Phải thu khách hàng,511-Doanh thu bán hàng,3331-Thuế GTGT đầu ra,632-Giá vốn hàng bán,156-Hàng hóa,commerce_distribution_erp_scenario_v1,LIGHTBI_SCENARIO_ENTITY_001,VND,all_declared_accounting_money_columns,Asia/Ho_Chi_Minh,authentic_anchored_semi_synthetic_evidence,sample data/Accounting_ERP_May_2026.csv,3c59da1c10c67ab974dfd204b737402aff1c28d748665949942579fb5fb1a2fd,1054,1.0.0
INV20260501054,JV20260501054,SO20260501054,2026-05-22,HCM-Q1,NV015,Trả góp,RF-CBE628,Tủ lạnh,Aqua 250L,Casper,1,21453545,0.08,19737261,0.08,1578980,21316241,17101000,17101000,2636261,0.1336,21316241,19737261,1578980,17101000,17101000,131-Phải thu khách hàng,511-Doanh thu bán hàng,3331-Thuế GTGT đầu ra,632-Giá vốn hàng bán,156-Hàng hóa,commerce_distribution_erp_scenario_v1,LIGHTBI_SCENARIO_ENTITY_001,VND,all_declared_accounting_money_columns,Asia/Ho_Chi_Minh,authentic_anchored_semi_synthetic_evidence,sample data/Accounting_ERP_May_2026.csv,3c59da1c10c67ab974dfd204b737402aff1c28d748665949942579fb5fb1a2fd,1055,1.0.0
INV20260501055,JV20260501055,SO20260501055,2026-05-06,HCM-Q1,NV011,Trả góp,VC-6858E9,Máy hút bụi,Xiaomi G10,Sharp,1,10675156,0.09,9714391,0.08,777151,10491542,7524000,7524000,2190391,0.2255,10491542,9714391,777151,7524000,7524000,131-Phải thu khách hàng,511-Doanh thu bán hàng,3331-Thuế GTGT đầu ra,632-Giá vốn hàng bán,156-Hàng hóa,commerce_distribution_erp_scenario_v1,LIGHTBI_SCENARIO_ENTITY_001,VND,all_declared_accounting_money_columns,Asia/Ho_Chi_Minh,authentic_anchored_semi_synthetic_evidence,sample data/Accounting_ERP_May_2026.csv,3c59da1c10c67ab974dfd204b737402aff1c28d748665949942579fb5fb1a2fd,1056,1.0.0
INV20260501056,JV20260501056,SO20260501056,2026-05-02,HCM-Q1,NV012,Trả góp,RC-607743,Nồi cơm,Cuckoo 1.8L,LG,2,3072933,0.04,5900031,0.08,472002,6372033,1852000,3704000,2196031,0.3722,6372033,5900031,472002,3704000,3704000,131-Phải thu khách hàng,511-Doanh thu bán hàng,3331-Thuế GTGT đầu ra,632-Giá vốn hàng bán,156-Hàng hóa,commerce_distribution_erp_scenario_v1,LIGHTBI_SCENARIO_ENTITY_001,VND,all_declared_accounting_money_columns,Asia/Ho_Chi_Minh,authentic_anchored_semi_synthetic_evidence,sample data/Accounting_ERP_May_2026.csv,3c59da1c10c67ab974dfd204b737402aff1c28d748665949942579fb5fb1a2fd,1057,1.0.0
INV20260501057,JV20260501057,SO20260501057,2026-05-12,HCM-Q7,NV028,Ví điện tử,MW-03CA06,Lò vi sóng,Electrolux 23L,Aqua,2,4879016,0.17,8099166,0.08,647933,8747099,3072000,6144000,1955166,0.2414,8747099,8099166,647933,6144000,6144000,131-Phải thu khách hàng,511-Doanh thu bán hàng,3331-Thuế GTGT đầu ra,632-Giá vốn hàng bán,156-Hàng hóa,commerce_distribution_erp_scenario_v1,LIGHTBI_SCENARIO_ENTITY_001,VND,all_declared_accounting_money_columns,Asia/Ho_Chi_Minh,authentic_anchored_semi_synthetic_evidence,sample data/Accounting_ERP_May_2026.csv,3c59da1c10c67ab974dfd204b737402aff1c28d748665949942579fb5fb1a2fd,1058,1.0.0
INV20260501058,JV20260501058,SO20260501058,2026-05-27,DN-HC,NV017,Thẻ,RF-80782C,Tủ lạnh,Samsung Inverter 350L,LG,2,6629596,0.16,11137721,0.08,891017,12028738,5147000,10294000,843721,0.0758,12028738,11137721,891017,10294000,10294000,131-Phải thu khách hàng,511-Doanh thu bán hàng,3331-Thuế GTGT đầu ra,632-Giá vốn hàng bán,156-Hàng hóa,commerce_distribution_erp_scenario_v1,LIGHTBI_SCENARIO_ENTITY_001,VND,all_declared_accounting_money_columns,Asia/Ho_Chi_Minh,authentic_anchored_semi_synthetic_evidence,sample data/Accounting_ERP_May_2026.csv,3c59da1c10c67ab974dfd204b737402aff1c28d748665949942579fb5fb1a2fd,1059,1.0.0
INV20260501059,JV20260501059,SO20260501059,2026-05-20,HCM-Q7,NV023,Trả góp,RC-7AB9A8,Nồi cơm,Panasonic 1.8L,Electrolux,3,1012634,0.14,2612595,0.08,209007,2821602,662000,1986000,626595,0.2398,2821602,2612595,209007,1986000,1986000,131-Phải thu khách hàng,511-Doanh thu bán hàng,3331-Thuế GTGT đầu ra,632-Giá vốn hàng bán,156-Hàng hóa,commerce_distribution_erp_scenario_v1,LIGHTBI_SCENARIO_ENTITY_001,VND,all_declared_accounting_money_columns,Asia/Ho_Chi_Minh,authentic_anchored_semi_synthetic_evidence,sample data/Accounting_ERP_May_2026.csv,3c59da1c10c67ab974dfd204b737402aff1c28d748665949942579fb5fb1a2fd,1060,1.0.0
INV20260501060,JV20260501060,SO20260501060,2026-05-28,HN-HBT,NV026,Thẻ,MW-CC5E2E,Lò vi sóng,Electrolux 23L,Electrolux,2,5113263,0.14,8794812,0.08,703584,9498396,3336000,6672000,2122812,0.2414,9498396,8794812,703584,6672000,6672000,131-Phải thu khách hàng,511-Doanh thu bán hàng,3331-Thuế GTGT đầu ra,632-Giá vốn hàng bán,156-Hàng hóa,commerce_distribution_erp_scenario_v1,LIGHTBI_SCENARIO_ENTITY_001,VND,all_declared_accounting_money_columns,Asia/Ho_Chi_Minh,authentic_anchored_semi_synthetic_evidence,sample data/Accounting_ERP_May_2026.csv,3c59da1c10c67ab974dfd204b737402aff1c28d748665949942579fb5fb1a2fd,1061,1.0.0
INV20260501061,JV20260501061,SO20260501061,2026-05-29,CT-NK,NV012,Ví điện tử,FN-E6A9CC,Quạt,Panasonic,Asia,3,2451271,0.15,6250741,0.08,500059,6750800,1570000,4710000,1540741,0.2465,6750800,6250741,500059,4710000,4710000,131-Phải thu khách hàng,511-Doanh thu bán hàng,3331-Thuế GTGT đầu ra,632-Giá vốn hàng bán,156-Hàng hóa,commerce_distribution_erp_scenario_v1,LIGHTBI_SCENARIO_ENTITY_001,VND,all_declared_accounting_money_columns,Asia/Ho_Chi_Minh,authentic_anchored_semi_synthetic_evidence,sample data/Accounting_ERP_May_2026.csv,3c59da1c10c67ab974dfd204b737402aff1c28d748665949942579fb5fb1a2fd,1062,1.0.0
INV20260501062,JV20260501062,SO20260501062,2026-05-02,CT-NK,NV002,Chuyển khoản,FN-D8D699,Quạt,Asia,Sunhouse,3,700555,0.12,1849465,0.08,147957,1997422,485000,1455000,394465,0.2133,1997422,1849465,147957,1455000,1455000,131-Phải thu khách hàng,511-Doanh thu bán hàng,3331-Thuế GTGT đầu ra,632-Giá vốn hàng bán,156-Hàng hóa,commerce_distribution_erp_scenario_v1,LIGHTBI_SCENARIO_ENTITY_001,VND,all_declared_accounting_money_columns,Asia/Ho_Chi_Minh,authentic_anchored_semi_synthetic_evidence,sample data/Accounting_ERP_May_2026.csv,3c59da1c10c67ab974dfd204b737402aff1c28d748665949942579fb5fb1a2fd,1063,1.0.0
INV20260501063,JV20260501063,SO20260501063,2026-05-27,DN-HC,NV029,Ví điện tử,KT-087F26,Ấm siêu tốc,Philips,Cuckoo,3,1362325,0.11,3637407,0.08,290992,3928399,959000,2877000,760407,0.2091,3928399,3637407,290992,2877000,2877000,131-Phải thu khách hàng,511-Doanh thu bán hàng,3331-Thuế GTGT đầu ra,632-Giá vốn hàng bán,156-Hàng hóa,commerce_distribution_erp_scenario_v1,LIGHTBI_SCENARIO_ENTITY_001,VND,all_declared_accounting_money_columns,Asia/Ho_Chi_Minh,authentic_anchored_semi_synthetic_evidence,sample data/Accounting_ERP_May_2026.csv,3c59da1c10c67ab974dfd204b737402aff1c28d748665949942579fb5fb1a2fd,1064,1.0.0
INV20260501064,JV20260501064,SO20260501064,2026-05-04,HCM-TB,NV015,Tiền mặt,KT-80B935,Ấm siêu tốc,Kangaroo,LG,2,825658,0.02,1618289,0.08,129463,1747752,567000,1134000,484289,0.2993,1747752,1618289,129463,1134000,1134000,131-Phải thu khách hàng,511-Doanh thu bán hàng,3331-Thuế GTGT đầu ra,632-Giá vốn hàng bán,156-Hàng hóa,commerce_distribution_erp_scenario_v1,LIGHTBI_SCENARIO_ENTITY_001,VND,all_declared_accounting_money_columns,Asia/Ho_Chi_Minh,authentic_anchored_semi_synthetic_evidence,sample data/Accounting_ERP_May_2026.csv,3c59da1c10c67ab974dfd204b737402aff1c28d748665949942579fb5fb1a2fd,1065,1.0.0
INV20260501065,JV20260501065,SO20260501065,2026-05-30,HN-CG,NV025,Chuyển khoản,FN-C25C4D,Quạt,Senko,Asia,1,681953,0.08,627396,0.08,50191,677587,454000,454000,173396,0.2764,677587,627396,50191,454000,454000,131-Phải thu khách hàng,511-Doanh thu bán hàng,3331-Thuế GTGT đầu ra,632-Giá vốn hàng bán,156-Hàng hóa,commerce_distribution_erp_scenario_v1,LIGHTBI_SCENARIO_ENTITY_001,VND,all_declared_accounting_money_columns,Asia/Ho_Chi_Minh,authentic_anchored_semi_synthetic_evidence,sample data/Accounting_ERP_May_2026.csv,3c59da1c10c67ab974dfd204b737402aff1c28d748665949942579fb5fb1a2fd,1066,1.0.0
INV20260501066,JV20260501066,SO20260501066,2026-05-10,DN-HC,NV010,Trả góp,MW-9E4FC6,Lò vi sóng,Sharp 20L,Electrolux,3,3893605,0.06,10979966,0.08,878397,11858363,2730000,8190000,2789966,0.2541,11858363,10979966,878397,8190000,8190000,131-Phải thu khách hàng,511-Doanh thu bán hàng,3331-Thuế GTGT đầu ra,632-Giá vốn hàng bán,156-Hàng hóa,commerce_distribution_erp_scenario_v1,LIGHTBI_SCENARIO_ENTITY_001,VND,all_declared_accounting_money_columns,Asia/Ho_Chi_Minh,authentic_anchored_semi_synthetic_evidence,sample data/Accounting_ERP_May_2026.csv,3c59da1c10c67ab974dfd204b737402aff1c28d748665949942579fb5fb1a2fd,1067,1.0.0
INV20260501067,JV20260501067,SO20260501067,2026-05-07,HN-CG,NV023,Trả góp,KT-63AE81,Ấm siêu tốc,Kangaroo,Daikin,3,873159,0.11,2331334,0.08,186506,2517840,605000,1815000,516334,0.2215,2517840,2331334,186506,1815000,1815000,131-Phải thu khách hàng,511-Doanh thu bán hàng,3331-Thuế GTGT đầu ra,632-Giá vốn hàng bán,156-Hàng hóa,commerce_distribution_erp_scenario_v1,LIGHTBI_SCENARIO_ENTITY_001,VND,all_declared_accounting_money_columns,Asia/Ho_Chi_Minh,authentic_anchored_semi_synthetic_evidence,sample data/Accounting_ERP_May_2026.csv,3c59da1c10c67ab974dfd204b737402aff1c28d748665949942579fb5fb1a2fd,1068,1.0.0
INV20260501068,JV20260501068,SO20260501068,2026-05-16,HCM-Q7,NV028,Tiền mặt,MW-E148C6,Lò vi sóng,Electrolux 23L,Casper,2,4877783,0.17,8097119,0.08,647769,8744888,3103000,6206000,1891119,0.2336,8744888,8097119,647769,6206000,6206000,131-Phải thu khách hàng,511-Doanh thu bán hàng,3331-Thuế GTGT đầu ra,632-Giá vốn hàng bán,156-Hàng hóa,commerce_distribution_erp_scenario_v1,LIGHTBI_SCENARIO_ENTITY_001,VND,all_declared_accounting_money_columns,Asia/Ho_Chi_Minh,authentic_anchored_semi_synthetic_evidence,sample data/Accounting_ERP_May_2026.csv,3c59da1c10c67ab974dfd204b737402aff1c28d748665949942579fb5fb1a2fd,1069,1.0.0
INV20260501069,JV20260501069,SO20260501069,2026-05-11,HN-CG,NV022,Trả góp,AC-0877C5,Máy lạnh,Daikin 1HP,Sony,3,9435178,0.19,22927482,0.08,1834198,24761680,7169000,21507000,1420482,0.062,24761680,22927482,1834198,21507000,21507000,131-Phải thu khách hàng,511-Doanh thu bán hàng,3331-Thuế GTGT đầu ra,632-Giá vốn hàng bán,156-Hàng hóa,commerce_distribution_erp_scenario_v1,LIGHTBI_SCENARIO_ENTITY_001,VND,all_declared_accounting_money_columns,Asia/Ho_Chi_Minh,authentic_anchored_semi_synthetic_evidence,sample data/Accounting_ERP_May_2026.csv,3c59da1c10c67ab974dfd204b737402aff1c28d748665949942579fb5fb1a2fd,1070,1.0.0
INV20260501070,JV20260501070,SO20260501070,2026-05-02,DN-HC,NV012,Thẻ,TV-7BABFF,TV,"Sony 65""",Aqua,3,9857128,0.11,26318531,0.08,2105482,28424013,8655000,25965000,353531,0.0134,28424013,26318531,2105482,25965000,25965000,131-Phải thu khách hàng,511-Doanh thu bán hàng,3331-Thuế GTGT đầu ra,632-Giá vốn hàng bán,156-Hàng hóa,commerce_distribution_erp_scenario_v1,LIGHTBI_SCENARIO_ENTITY_001,VND,all_declared_accounting_money_columns,Asia/Ho_Chi_Minh,authentic_anchored_semi_synthetic_evidence,sample data/Accounting_ERP_May_2026.csv,3c59da1c10c67ab974dfd204b737402aff1c28d748665949942579fb5fb1a2fd,1071,1.0.0
INV20260501071,JV20260501071,SO20260501071,2026-05-21,HCM-Q1,NV027,Ví điện tử,BL-6730F4,Máy xay,Panasonic Blender,Sharp,2,966747,0.15,1643469,0.08,131477,1774946,580000,1160000,483469,0.2942,1774946,1643469,131477,1160000,1160000,131-Phải thu khách hàng,511-Doanh thu bán hàng,3331-Thuế GTGT đầu ra,632-Giá vốn hàng bán,156-Hàng hóa,commerce_distribution_erp_scenario_v1,LIGHTBI_SCENARIO_ENTITY_001,VND,all_declared_accounting_money_columns,Asia/Ho_Chi_Minh,authentic_anchored_semi_synthetic_evidence,sample data/Accounting_ERP_May_2026.csv,3c59da1c10c67ab974dfd204b737402aff1c28d748665949942579fb5fb1a2fd,1072,1.0.0
INV20260501072,JV20260501072,SO20260501072,2026-05-18,HCM-Q7,NV017,Trả góp,TV-507A1B,TV,"Samsung 55"" 4K",Sharp,3,33605472,0.03,97791923,0.08,7823353,105615276,25950000,77850000,19941923,0.2039,105615276,97791923,7823353,77850000,77850000,131-Phải thu khách hàng,511-Doanh thu bán hàng,3331-Thuế GTGT đầu ra,632-Giá vốn hàng bán,156-Hàng hóa,commerce_distribution_erp_scenario_v1,LIGHTBI_SCENARIO_ENTITY_001,VND,all_declared_accounting_money_columns,Asia/Ho_Chi_Minh,authentic_anchored_semi_synthetic_evidence,sample data/Accounting_ERP_May_2026.csv,3c59da1c10c67ab974dfd204b737402aff1c28d748665949942579fb5fb1a2fd,1073,1.0.0
INV20260501073,JV20260501073,SO20260501073,2026-05-21,HCM-TB,NV018,Trả góp,RF-847D79,Tủ lạnh,Samsung Inverter 350L,Panasonic,2,12425938,0.08,22863725,0.08,1829098,24692823,10276000,20552000,2311725,0.1011,24692823,22863725,1829098,20552000,20552000,131-Phải thu khách hàng,511-Doanh thu bán hàng,3331-Thuế GTGT đầu ra,632-Giá vốn hàng bán,156-Hàng hóa,commerce_distribution_erp_scenario_v1,LIGHTBI_SCENARIO_ENTITY_001,VND,all_declared_accounting_money_columns,Asia/Ho_Chi_Minh,authentic_anchored_semi_synthetic_evidence,sample data/Accounting_ERP_May_2026.csv,3c59da1c10c67ab974dfd204b737402aff1c28d748665949942579fb5fb1a2fd,1074,1.0.0
INV20260501074,JV20260501074,SO20260501074,2026-05-30,DN-HC,NV005,Thẻ,RC-18F162,Nồi cơm,Sharp 1.8L,Toshiba,1,3727593,0.17,3093902,0.08,247512,3341414,2588000,2588000,505902,0.1635,3341414,3093902,247512,2588000,2588000,131-Phải thu khách hàng,511-Doanh thu bán hàng,3331-Thuế GTGT đầu ra,632-Giá vốn hàng bán,156-Hàng hóa,commerce_distribution_erp_scenario_v1,LIGHTBI_SCENARIO_ENTITY_001,VND,all_declared_accounting_money_columns,Asia/Ho_Chi_Minh,authentic_anchored_semi_synthetic_evidence,sample data/Accounting_ERP_May_2026.csv,3c59da1c10c67ab974dfd204b737402aff1c28d748665949942579fb5fb1a2fd,1075,1.0.0
INV20260501075,JV20260501075,SO20260501075,2026-05-02,HCM-Q7,NV025,Chuyển khoản,RF-709E60,Tủ lạnh,LG 420L,LG,2,24341947,0.12,42841826,0.08,3427346,46269172,19046000,38092000,4749826,0.1109,46269172,42841826,3427346,38092000,38092000,131-Phải thu khách hàng,511-Doanh thu bán hàng,3331-Thuế GTGT đầu ra,632-Giá vốn hàng bán,156-Hàng hóa,commerce_distribution_erp_scenario_v1,LIGHTBI_SCENARIO_ENTITY_001,VND,all_declared_accounting_money_columns,Asia/Ho_Chi_Minh,authentic_anchored_semi_synthetic_evidence,sample data/Accounting_ERP_May_2026.csv,3c59da1c10c67ab974dfd204b737402aff1c28d748665949942579fb5fb1a2fd,1076,1.0.0
INV20260501076,JV20260501076,SO20260501076,2026-05-26,HN-HBT,NV010,Trả góp,AC-4EC148,Máy lạnh,Mitsubishi 1.5HP,Toshiba,3,18730163,0.12,49447630,0.08,3955810,53403440,15608000,46824000,2623630,0.0531,53403440,49447630,3955810,46824000,46824000,131-Phải thu khách hàng,511-Doanh thu bán hàng,3331-Thuế GTGT đầu ra,632-Giá vốn hàng bán,156-Hàng hóa,commerce_distribution_erp_scenario_v1,LIGHTBI_SCENARIO_ENTITY_001,VND,all_declared_accounting_money_columns,Asia/Ho_Chi_Minh,authentic_anchored_semi_synthetic_evidence,sample data/Accounting_ERP_May_2026.csv,3c59da1c10c67ab974dfd204b737402aff1c28d748665949942579fb5fb1a2fd,1077,1.0.0
INV20260501077,JV20260501077,SO20260501077,2026-05-10,BD-TDM,NV004,Thẻ,VC-9C3BA7,Máy hút bụi,Xiaomi G10,Xiaomi,1,11217204,0.03,10880687,0.08,870454,11751141,7874000,7874000,3006687,0.2763,11751141,10880687,870454,7874000,7874000,131-Phải thu khách hàng,511-Doanh thu bán hàng,3331-Thuế GTGT đầu ra,632-Giá vốn hàng bán,156-Hàng hóa,commerce_distribution_erp_scenario_v1,LIGHTBI_SCENARIO_ENTITY_001,VND,all_declared_accounting_money_columns,Asia/Ho_Chi_Minh,authentic_anchored_semi_synthetic_evidence,sample data/Accounting_ERP_May_2026.csv,3c59da1c10c67ab974dfd204b737402aff1c28d748665949942579fb5fb1a2fd,1078,1.0.0
INV20260501078,JV20260501078,SO20260501078,2026-05-20,HN-HBT,NV018,Thẻ,KT-F7FE04,Ấm siêu tốc,Kangaroo,Sony,3,1095754,0.11,2925663,0.08,234053,3159716,623000,1869000,1056663,0.3612,3159716,2925663,234053,1869000,1869000,131-Phải thu khách hàng,511-Doanh thu bán hàng,3331-Thuế GTGT đầu ra,632-Giá vốn hàng bán,156-Hàng hóa,commerce_distribution_erp_scenario_v1,LIGHTBI_SCENARIO_ENTITY_001,VND,all_declared_accounting_money_columns,Asia/Ho_Chi_Minh,authentic_anchored_semi_synthetic_evidence,sample data/Accounting_ERP_May_2026.csv,3c59da1c10c67ab974dfd204b737402aff1c28d748665949942579fb5fb1a2fd,1079,1.0.0
INV20260501079,JV20260501079,SO20260501079,2026-05-01,CT-NK,NV014,Ví điện tử,BL-F15989,Máy xay,Philips Blender,Samsung,3,2775663,0.03,8077179,0.08,646174,8723353,1654000,4962000,3115179,0.3857,8723353,8077179,646174,4962000,4962000,131-Phải thu khách hàng,511-Doanh thu bán hàng,3331-Thuế GTGT đầu ra,632-Giá vốn hàng bán,156-Hàng hóa,commerce_distribution_erp_scenario_v1,LIGHTBI_SCENARIO_ENTITY_001,VND,all_declared_accounting_money_columns,Asia/Ho_Chi_Minh,authentic_anchored_semi_synthetic_evidence,sample data/Accounting_ERP_May_2026.csv,3c59da1c10c67ab974dfd204b737402aff1c28d748665949942579fb5fb1a2fd,1080,1.0.0
INV20260501080,JV20260501080,SO20260501080,2026-05-18,BD-TDM,NV012,Ví điện tử,AC-B90290,Máy lạnh,Panasonic 1.5HP,Mitsubishi,2,18850209,0.17,31291346,0.08,2503307,33794653,15050000,30100000,1191346,0.0381,33794653,31291346,2503307,30100000,30100000,131-Phải thu khách hàng,511-Doanh thu bán hàng,3331-Thuế GTGT đầu ra,632-Giá vốn hàng bán,156-Hàng hóa,commerce_distribution_erp_scenario_v1,LIGHTBI_SCENARIO_ENTITY_001,VND,all_declared_accounting_money_columns,Asia/Ho_Chi_Minh,authentic_anchored_semi_synthetic_evidence,sample data/Accounting_ERP_May_2026.csv,3c59da1c10c67ab974dfd204b737402aff1c28d748665949942579fb5fb1a2fd,1081,1.0.0
INV20260501081,JV20260501081,SO20260501081,2026-05-16,HCM-TB,NV004,Trả góp,RF-BA6E3E,Tủ lạnh,Aqua 250L,Mitsubishi,3,11768859,0.03,34247379,0.08,2739790,36987169,9301000,27903000,6344379,0.1853,36987169,34247379,2739790,27903000,27903000,131-Phải thu khách hàng,511-Doanh thu bán hàng,3331-Thuế GTGT đầu ra,632-Giá vốn hàng bán,156-Hàng hóa,commerce_distribution_erp_scenario_v1,LIGHTBI_SCENARIO_ENTITY_001,VND,all_declared_accounting_money_columns,Asia/Ho_Chi_Minh,authentic_anchored_semi_synthetic_evidence,sample data/Accounting_ERP_May_2026.csv,3c59da1c10c67ab974dfd204b737402aff1c28d748665949942579fb5fb1a2fd,1082,1.0.0
INV20260501082,JV20260501082,SO20260501082,2026-05-20,HN-CG,NV017,Chuyển khoản,MW-E3450C,Lò vi sóng,Electrolux 23L,LG,2,2864177,0.06,5384652,0.08,430772,5815424,1883000,3766000,1618652,0.3006,5815424,5384652,430772,3766000,3766000,131-Phải thu khách hàng,511-Doanh thu bán hàng,3331-Thuế GTGT đầu ra,632-Giá vốn hàng bán,156-Hàng hóa,commerce_distribution_erp_scenario_v1,LIGHTBI_SCENARIO_ENTITY_001,VND,all_declared_accounting_money_columns,Asia/Ho_Chi_Minh,authentic_anchored_semi_synthetic_evidence,sample data/Accounting_ERP_May_2026.csv,3c59da1c10c67ab974dfd204b737402aff1c28d748665949942579fb5fb1a2fd,1083,1.0.0
INV20260501083,JV20260501083,SO20260501083,2026-05-07,DN-HC,NV018,Ví điện tử,WM-4EAB5C,Máy giặt,Samsung 10kg,LG,1,13498596,0.13,11743778,0.08,939502,12683280,11168000,11168000,575778,0.049,12683280,11743778,939502,11168000,11168000,131-Phải thu khách hàng,511-Doanh thu bán hàng,3331-Thuế GTGT đầu ra,632-Giá vốn hàng bán,156-Hàng hóa,commerce_distribution_erp_scenario_v1,LIGHTBI_SCENARIO_ENTITY_001,VND,all_declared_accounting_money_columns,Asia/Ho_Chi_Minh,authentic_anchored_semi_synthetic_evidence,sample data/Accounting_ERP_May_2026.csv,3c59da1c10c67ab974dfd204b737402aff1c28d748665949942579fb5fb1a2fd,1084,1.0.0
INV20260501084,JV20260501084,SO20260501084,2026-05-12,DN-HC,NV020,Tiền mặt,FN-310542,Quạt,Senko,Casper,3,1051223,0.18,2586008,0.08,206880,2792888,766000,2298000,288008,0.1114,2792888,2586008,206880,2298000,2298000,131-Phải thu khách hàng,511-Doanh thu bán hàng,3331-Thuế GTGT đầu ra,632-Giá vốn hàng bán,156-Hàng hóa,commerce_distribution_erp_scenario_v1,LIGHTBI_SCENARIO_ENTITY_001,VND,all_declared_accounting_money_columns,Asia/Ho_Chi_Minh,authentic_anchored_semi_synthetic_evidence,sample data/Accounting_ERP_May_2026.csv,3c59da1c10c67ab974dfd204b737402aff1c28d748665949942579fb5fb1a2fd,1085,1.0.0
INV20260501085,JV20260501085,SO20260501085,2026-05-12,BD-TDM,NV018,Trả góp,RC-7B93E8,Nồi cơm,Cuckoo 1.8L,Sharp,3,1264585,0.03,3679942,0.08,294395,3974337,919000,2757000,922942,0.2508,3974337,3679942,294395,2757000,2757000,131-Phải thu khách hàng,511-Doanh thu bán hàng,3331-Thuế GTGT đầu ra,632-Giá vốn hàng bán,156-Hàng hóa,commerce_distribution_erp_scenario_v1,LIGHTBI_SCENARIO_ENTITY_001,VND,all_declared_accounting_money_columns,Asia/Ho_Chi_Minh,authentic_anchored_semi_synthetic_evidence,sample data/Accounting_ERP_May_2026.csv,3c59da1c10c67ab974dfd204b737402aff1c28d748665949942579fb5fb1a2fd,1086,1.0.0
INV20260501086,JV20260501086,SO20260501086,2026-05-30,HN-HBT,NV009,Chuyển khoản,WM-233DAD,Máy giặt,LG 9kg,Toshiba,1,7836168,0.13,6817466,0.08,545397,7362863,6266000,6266000,551466,0.0809,7362863,6817466,545397,6266000,6266000,131-Phải thu khách hàng,511-Doanh thu bán hàng,3331-Thuế GTGT đầu ra,632-Giá vốn hàng bán,156-Hàng hóa,commerce_distribution_erp_scenario_v1,LIGHTBI_SCENARIO_ENTITY_001,VND,all_declared_accounting_money_columns,Asia/Ho_Chi_Minh,authentic_anchored_semi_synthetic_evidence,sample data/Accounting_ERP_May_2026.csv,3c59da1c10c67ab974dfd204b737402aff1c28d748665949942579fb5fb1a2fd,1087,1.0.0
INV20260501087,JV20260501087,SO20260501087,2026-05-29,HN-HBT,NV027,Thẻ,VC-D86280,Máy hút bụi,Philips FC,Mitsubishi,2,10816559,0.07,20118799,0.08,1609503,21728302,7595000,15190000,4928799,0.245,21728302,20118799,1609503,15190000,15190000,131-Phải thu khách hàng,511-Doanh thu bán hàng,3331-Thuế GTGT đầu ra,632-Giá vốn hàng bán,156-Hàng hóa,commerce_distribution_erp_scenario_v1,LIGHTBI_SCENARIO_ENTITY_001,VND,all_declared_accounting_money_columns,Asia/Ho_Chi_Minh,authentic_anchored_semi_synthetic_evidence,sample data/Accounting_ERP_May_2026.csv,3c59da1c10c67ab974dfd204b737402aff1c28d748665949942579fb5fb1a2fd,1088,1.0.0
INV20260501088,JV20260501088,SO20260501088,2026-05-05,HN-CG,NV004,Chuyển khoản,RC-BA76D0,Nồi cơm,Panasonic 1.8L,Daikin,2,1724313,0.12,3034790,0.08,242783,3277573,1285000,2570000,464790,0.1532,3277573,3034790,242783,2570000,2570000,131-Phải thu khách hàng,511-Doanh thu bán hàng,3331-Thuế GTGT đầu ra,632-Giá vốn hàng bán,156-Hàng hóa,commerce_distribution_erp_scenario_v1,LIGHTBI_SCENARIO_ENTITY_001,VND,all_declared_accounting_money_columns,Asia/Ho_Chi_Minh,authentic_anchored_semi_synthetic_evidence,sample data/Accounting_ERP_May_2026.csv,3c59da1c10c67ab974dfd204b737402aff1c28d748665949942579fb5fb1a2fd,1089,1.0.0
INV20260501089,JV20260501089,SO20260501089,2026-05-20,HN-HBT,NV009,Ví điện tử,RC-645E6F,Nồi cơm,Sunhouse 1.2L,Xiaomi,2,3129440,0.12,5507814,0.08,440625,5948439,2203000,4406000,1101814,0.2,5948439,5507814,440625,4406000,4406000,131-Phải thu khách hàng,511-Doanh thu bán hàng,3331-Thuế GTGT đầu ra,632-Giá vốn hàng bán,156-Hàng hóa,commerce_distribution_erp_scenario_v1,LIGHTBI_SCENARIO_ENTITY_001,VND,all_declared_accounting_money_columns,Asia/Ho_Chi_Minh,authentic_anchored_semi_synthetic_evidence,sample data/Accounting_ERP_May_2026.csv,3c59da1c10c67ab974dfd204b737402aff1c28d748665949942579fb5fb1a2fd,1090,1.0.0
INV20260501090,JV20260501090,SO20260501090,2026-05-25,HCM-Q7,NV013,Chuyển khoản,RF-ECA283,Tủ lạnh,Panasonic 300L,Panasonic,2,22250520,0.07,41385967,0.08,3310877,44696844,17421000,34842000,6543967,0.1581,44696844,41385967,3310877,34842000,34842000,131-Phải thu khách hàng,511-Doanh thu bán hàng,3331-Thuế GTGT đầu ra,632-Giá vốn hàng bán,156-Hàng hóa,commerce_distribution_erp_scenario_v1,LIGHTBI_SCENARIO_ENTITY_001,VND,all_declared_accounting_money_columns,Asia/Ho_Chi_Minh,authentic_anchored_semi_synthetic_evidence,sample data/Accounting_ERP_May_2026.csv,3c59da1c10c67ab974dfd204b737402aff1c28d748665949942579fb5fb1a2fd,1091,1.0.0
INV20260501091,JV20260501091,SO20260501091,2026-05-01,DN-HC,NV027,Ví điện tử,BL-D2FACB,Máy xay,Panasonic Blender,Toshiba,1,581943,0.16,488832,0.08,39106,527938,359000,359000,129832,0.2656,527938,488832,39106,359000,359000,131-Phải thu khách hàng,511-Doanh thu bán hàng,3331-Thuế GTGT đầu ra,632-Giá vốn hàng bán,156-Hàng hóa,commerce_distribution_erp_scenario_v1,LIGHTBI_SCENARIO_ENTITY_001,VND,all_declared_accounting_money_columns,Asia/Ho_Chi_Minh,authentic_anchored_semi_synthetic_evidence,sample data/Accounting_ERP_May_2026.csv,3c59da1c10c67ab974dfd204b737402aff1c28d748665949942579fb5fb1a2fd,1092,1.0.0
INV20260501092,JV20260501092,SO20260501092,2026-05-24,HCM-TB,NV002,Tiền mặt,TV-65B17D,TV,"Sony 65""",Samsung,1,27694833,0.11,24648401,0.08,1971872,26620273,21501000,21501000,3147401,0.1277,26620273,24648401,1971872,21501000,21501000,131-Phải thu khách hàng,511-Doanh thu bán hàng,3331-Thuế GTGT đầu ra,632-Giá vốn hàng bán,156-Hàng hóa,commerce_distribution_erp_scenario_v1,LIGHTBI_SCENARIO_ENTITY_001,VND,all_declared_accounting_money_columns,Asia/Ho_Chi_Minh,authentic_anchored_semi_synthetic_evidence,sample data/Accounting_ERP_May_2026.csv,3c59da1c10c67ab974dfd204b737402aff1c28d748665949942579fb5fb1a2fd,1093,1.0.0
INV20260501093,JV20260501093,SO20260501093,2026-05-06,HCM-Q1,NV030,Thẻ,KT-4BFC34,Ấm siêu tốc,Kangaroo,Sunhouse,3,1036982,0.03,3017617,0.08,241409,3259026,682000,2046000,971617,0.322,3259026,3017617,241409,2046000,2046000,131-Phải thu khách hàng,511-Doanh thu bán hàng,3331-Thuế GTGT đầu ra,632-Giá vốn hàng bán,156-Hàng hóa,commerce_distribution_erp_scenario_v1,LIGHTBI_SCENARIO_ENTITY_001,VND,all_declared_accounting_money_columns,Asia/Ho_Chi_Minh,authentic_anchored_semi_synthetic_evidence,sample data/Accounting_ERP_May_2026.csv,3c59da1c10c67ab974dfd204b737402aff1c28d748665949942579fb5fb1a2fd,1094,1.0.0
INV20260501094,JV20260501094,SO20260501094,2026-05-11,BD-TDM,NV028,Thẻ,WM-54F949,Máy giặt,Toshiba 9kg,Xiaomi,3,8153865,0.1,22015435,0.08,1761234,23776669,6626000,19878000,2137435,0.0971,23776669,22015435,1761234,19878000,19878000,131-Phải thu khách hàng,511-Doanh thu bán hàng,3331-Thuế GTGT đầu ra,632-Giá vốn hàng bán,156-Hàng hóa,commerce_distribution_erp_scenario_v1,LIGHTBI_SCENARIO_ENTITY_001,VND,all_declared_accounting_money_columns,Asia/Ho_Chi_Minh,authentic_anchored_semi_synthetic_evidence,sample data/Accounting_ERP_May_2026.csv,3c59da1c10c67ab974dfd204b737402aff1c28d748665949942579fb5fb1a2fd,1095,1.0.0
INV20260501095,JV20260501095,SO20260501095,2026-05-16,HN-HBT,NV024,Chuyển khoản,RF-F6A178,Tủ lạnh,LG 420L,Sony,3,8109961,0.04,23356687,0.08,1868534,25225221,6927000,20781000,2575687,0.1103,25225221,23356687,1868534,20781000,20781000,131-Phải thu khách hàng,511-Doanh thu bán hàng,3331-Thuế GTGT đầu ra,632-Giá vốn hàng bán,156-Hàng hóa,commerce_distribution_erp_scenario_v1,LIGHTBI_SCENARIO_ENTITY_001,VND,all_declared_accounting_money_columns,Asia/Ho_Chi_Minh,authentic_anchored_semi_synthetic_evidence,sample data/Accounting_ERP_May_2026.csv,3c59da1c10c67ab974dfd204b737402aff1c28d748665949942579fb5fb1a2fd,1096,1.0.0
INV20260501096,JV20260501096,SO20260501096,2026-05-15,HCM-Q1,NV029,Trả góp,AC-496EEC,Máy lạnh,Casper 1HP,Philips,2,11876738,0.01,23515941,0.08,1881275,25397216,8947000,17894000,5621941,0.2391,25397216,23515941,1881275,17894000,17894000,131-Phải thu khách hàng,511-Doanh thu bán hàng,3331-Thuế GTGT đầu ra,632-Giá vốn hàng bán,156-Hàng hóa,commerce_distribution_erp_scenario_v1,LIGHTBI_SCENARIO_ENTITY_001,VND,all_declared_accounting_money_columns,Asia/Ho_Chi_Minh,authentic_anchored_semi_synthetic_evidence,sample data/Accounting_ERP_May_2026.csv,3c59da1c10c67ab974dfd204b737402aff1c28d748665949942579fb5fb1a2fd,1097,1.0.0
INV20260501097,JV20260501097,SO20260501097,2026-05-06,CT-NK,NV016,Thẻ,VC-F24900,Máy hút bụi,Xiaomi G10,Sunhouse,3,3626157,0.18,8920346,0.08,713627,9633973,2730000,8190000,730346,0.0819,9633973,8920346,713627,8190000,8190000,131-Phải thu khách hàng,511-Doanh thu bán hàng,3331-Thuế GTGT đầu ra,632-Giá vốn hàng bán,156-Hàng hóa,commerce_distribution_erp_scenario_v1,LIGHTBI_SCENARIO_ENTITY_001,VND,all_declared_accounting_money_columns,Asia/Ho_Chi_Minh,authentic_anchored_semi_synthetic_evidence,sample data/Accounting_ERP_May_2026.csv,3c59da1c10c67ab974dfd204b737402aff1c28d748665949942579fb5fb1a2fd,1098,1.0.0
INV20260501098,JV20260501098,SO20260501098,2026-05-14,HCM-Q1,NV025,Ví điện tử,VC-A4DECF,Máy hút bụi,Dyson V8,Mitsubishi,2,8556418,0.19,13861397,0.08,1108911,14970308,6410000,12820000,1041397,0.0751,14970308,13861397,1108911,12820000,12820000,131-Phải thu khách hàng,511-Doanh thu bán hàng,3331-Thuế GTGT đầu ra,632-Giá vốn hàng bán,156-Hàng hóa,commerce_distribution_erp_scenario_v1,LIGHTBI_SCENARIO_ENTITY_001,VND,all_declared_accounting_money_columns,Asia/Ho_Chi_Minh,authentic_anchored_semi_synthetic_evidence,sample data/Accounting_ERP_May_2026.csv,3c59da1c10c67ab974dfd204b737402aff1c28d748665949942579fb5fb1a2fd,1099,1.0.0
INV20260501099,JV20260501099,SO20260501099,2026-05-17,DN-HC,NV026,Trả góp,WM-C38973,Máy giặt,Samsung 10kg,Aqua,2,11926293,0.19,19320594,0.08,1545647,20866241,8813000,17626000,1694594,0.0877,20866241,19320594,1545647,17626000,17626000,131-Phải thu khách hàng,511-Doanh thu bán hàng,3331-Thuế GTGT đầu ra,632-Giá vốn hàng bán,156-Hàng hóa,commerce_distribution_erp_scenario_v1,LIGHTBI_SCENARIO_ENTITY_001,VND,all_declared_accounting_money_columns,Asia/Ho_Chi_Minh,authentic_anchored_semi_synthetic_evidence,sample data/Accounting_ERP_May_2026.csv,3c59da1c10c67ab974dfd204b737402aff1c28d748665949942579fb5fb1a2fd,1100,1.0.0
INV20260501100,JV20260501100,SO20260501100,2026-05-17,BD-TDM,NV013,Thẻ,BL-653303,Máy xay,Sunhouse Blender,Philips,3,1392019,0.01,4134296,0.08,330743,4465039,797000,2391000,1743296,0.4217,4465039,4134296,330743,2391000,2391000,131-Phải thu khách hàng,511-Doanh thu bán hàng,3331-Thuế GTGT đầu ra,632-Giá vốn hàng bán,156-Hàng hóa,commerce_distribution_erp_scenario_v1,LIGHTBI_SCENARIO_ENTITY_001,VND,all_declared_accounting_money_columns,Asia/Ho_Chi_Minh,authentic_anchored_semi_synthetic_evidence,sample data/Accounting_ERP_May_2026.csv,3c59da1c10c67ab974dfd204b737402aff1c28d748665949942579fb5fb1a2fd,1101,1.0.0
INV20260501101,JV20260501101,SO20260501101,2026-05-14,HN-HBT,NV019,Tiền mặt,FN-A2F97E,Quạt,Senko,Xiaomi,3,1612537,0.13,4208721,0.08,336697,4545418,1200000,3600000,608721,0.1446,4545418,4208721,336697,3600000,3600000,131-Phải thu khách hàng,511-Doanh thu bán hàng,3331-Thuế GTGT đầu ra,632-Giá vốn hàng bán,156-Hàng hóa,commerce_distribution_erp_scenario_v1,LIGHTBI_SCENARIO_ENTITY_001,VND,all_declared_accounting_money_columns,Asia/Ho_Chi_Minh,authentic_anchored_semi_synthetic_evidence,sample data/Accounting_ERP_May_2026.csv,3c59da1c10c67ab974dfd204b737402aff1c28d748665949942579fb5fb1a2fd,1102,1.0.0
INV20260501102,JV20260501102,SO20260501102,2026-05-19,HN-HBT,NV011,Trả góp,TV-74BDA3,TV,LG OLED 48,Sunhouse,3,27282877,0.13,71208308,0.08,5696664,76904972,21352000,64056000,7152308,0.1004,76904972,71208308,5696664,64056000,64056000,131-Phải thu khách hàng,511-Doanh thu bán hàng,3331-Thuế GTGT đầu ra,632-Giá vốn hàng bán,156-Hàng hóa,commerce_distribution_erp_scenario_v1,LIGHTBI_SCENARIO_ENTITY_001,VND,all_declared_accounting_money_columns,Asia/Ho_Chi_Minh,authentic_anchored_semi_synthetic_evidence,sample data/Accounting_ERP_May_2026.csv,3c59da1c10c67ab974dfd204b737402aff1c28d748665949942579fb5fb1a2fd,1103,1.0.0
INV20260501103,JV20260501103,SO20260501103,2026-05-13,HCM-TB,NV007,Thẻ,KT-081E4B,Ấm siêu tốc,Kangaroo,Xiaomi,1,458215,0.09,416975,0.08,33358,450333,300000,300000,116975,0.2805,450333,416975,33358,300000,300000,131-Phải thu khách hàng,511-Doanh thu bán hàng,3331-Thuế GTGT đầu ra,632-Giá vốn hàng bán,156-Hàng hóa,commerce_distribution_erp_scenario_v1,LIGHTBI_SCENARIO_ENTITY_001,VND,all_declared_accounting_money_columns,Asia/Ho_Chi_Minh,authentic_anchored_semi_synthetic_evidence,sample data/Accounting_ERP_May_2026.csv,3c59da1c10c67ab974dfd204b737402aff1c28d748665949942579fb5fb1a2fd,1104,1.0.0
INV20260501104,JV20260501104,SO20260501104,2026-05-25,HCM-Q7,NV019,Trả góp,KT-897605,Ấm siêu tốc,Sunhouse,Toshiba,2,671883,0.17,1115325,0.08,89226,1204551,426000,852000,263325,0.2361,1204551,1115325,89226,852000,852000,131-Phải thu khách hàng,511-Doanh thu bán hàng,3331-Thuế GTGT đầu ra,632-Giá vốn hàng bán,156-Hàng hóa,commerce_distribution_erp_scenario_v1,LIGHTBI_SCENARIO_ENTITY_001,VND,all_declared_accounting_money_columns,Asia/Ho_Chi_Minh,authentic_anchored_semi_synthetic_evidence,sample data/Accounting_ERP_May_2026.csv,3c59da1c10c67ab974dfd204b737402aff1c28d748665949942579fb5fb1a2fd,1105,1.0.0
INV20260501105,JV20260501105,SO20260501105,2026-05-25,CT-NK,NV005,Trả góp,MW-0108FD,Lò vi sóng,Sharp 20L,Senko,1,5623125,0.09,5117043,0.08,409363,5526406,3826000,3826000,1291043,0.2523,5526406,5117043,409363,3826000,3826000,131-Phải thu khách hàng,511-Doanh thu bán hàng,3331-Thuế GTGT đầu ra,632-Giá vốn hàng bán,156-Hàng hóa,commerce_distribution_erp_scenario_v1,LIGHTBI_SCENARIO_ENTITY_001,VND,all_declared_accounting_money_columns,Asia/Ho_Chi_Minh,authentic_anchored_semi_synthetic_evidence,sample data/Accounting_ERP_May_2026.csv,3c59da1c10c67ab974dfd204b737402aff1c28d748665949942579fb5fb1a2fd,1106,1.0.0
INV20260501106,JV20260501106,SO20260501106,2026-05-19,CT-NK,NV019,Ví điện tử,KT-3F3135,Ấm siêu tốc,Sunhouse,Sharp,1,455248,0.18,373303,0.08,29864,403167,257000,257000,116303,0.3116,403167,373303,29864,257000,257000,131-Phải thu khách hàng,511-Doanh thu bán hàng,3331-Thuế GTGT đầu ra,632-Giá vốn hàng bán,156-Hàng hóa,commerce_distribution_erp_scenario_v1,LIGHTBI_SCENARIO_ENTITY_001,VND,all_declared_accounting_money_columns,Asia/Ho_Chi_Minh,authentic_anchored_semi_synthetic_evidence,sample data/Accounting_ERP_May_2026.csv,3c59da1c10c67ab974dfd204b737402aff1c28d748665949942579fb5fb1a2fd,1107,1.0.0
INV20260501107,JV20260501107,SO20260501107,2026-05-13,DN-HC,NV009,Chuyển khoản,FN-FF4EE8,Quạt,Panasonic,Sunhouse,3,1751636,0.18,4309024,0.08,344721,4653745,1205000,3615000,694024,0.1611,4653745,4309024,344721,3615000,3615000,131-Phải thu khách hàng,511-Doanh thu bán hàng,3331-Thuế GTGT đầu ra,632-Giá vốn hàng bán,156-Hàng hóa,commerce_distribution_erp_scenario_v1,LIGHTBI_SCENARIO_ENTITY_001,VND,all_declared_accounting_money_columns,Asia/Ho_Chi_Minh,authentic_anchored_semi_synthetic_evidence,sample data/Accounting_ERP_May_2026.csv,3c59da1c10c67ab974dfd204b737402aff1c28d748665949942579fb5fb1a2fd,1108,1.0.0
INV20260501108,JV20260501108,SO20260501108,2026-05-03,HN-CG,NV016,Tiền mặt,WM-90270D,Máy giặt,Toshiba 9kg,Senko,2,7916133,0.18,12982458,0.08,1038596,14021054,6317000,12634000,348458,0.0268,14021054,12982458,1038596,12634000,12634000,131-Phải thu khách hàng,511-Doanh thu bán hàng,3331-Thuế GTGT đầu ra,632-Giá vốn hàng bán,156-Hàng hóa,commerce_distribution_erp_scenario_v1,LIGHTBI_SCENARIO_ENTITY_001,VND,all_declared_accounting_money_columns,Asia/Ho_Chi_Minh,authentic_anchored_semi_synthetic_evidence,sample data/Accounting_ERP_May_2026.csv,3c59da1c10c67ab974dfd204b737402aff1c28d748665949942579fb5fb1a2fd,1109,1.0.0
INV20260501109,JV20260501109,SO20260501109,2026-05-11,HCM-TB,NV029,Trả góp,TV-ED601B,TV,"TCL 50""",Panasonic,3,27364956,0.08,75527278,0.08,6042182,81569460,22532000,67596000,7931278,0.105,81569460,75527278,6042182,67596000,67596000,131-Phải thu khách hàng,511-Doanh thu bán hàng,3331-Thuế GTGT đầu ra,632-Giá vốn hàng bán,156-Hàng hóa,commerce_distribution_erp_scenario_v1,LIGHTBI_SCENARIO_ENTITY_001,VND,all_declared_accounting_money_columns,Asia/Ho_Chi_Minh,authentic_anchored_semi_synthetic_evidence,sample data/Accounting_ERP_May_2026.csv,3c59da1c10c67ab974dfd204b737402aff1c28d748665949942579fb5fb1a2fd,1110,1.0.0
INV20260501110,JV20260501110,SO20260501110,2026-05-18,HN-CG,NV013,Trả góp,RF-FBF6F9,Tủ lạnh,Panasonic 300L,Cuckoo,2,6740387,0.19,10919426,0.08,873554,11792980,5620000,11240000,-320574,-0.0294,11792980,10919426,873554,11240000,11240000,131-Phải thu khách hàng,511-Doanh thu bán hàng,3331-Thuế GTGT đầu ra,632-Giá vốn hàng bán,156-Hàng hóa,commerce_distribution_erp_scenario_v1,LIGHTBI_SCENARIO_ENTITY_001,VND,all_declared_accounting_money_columns,Asia/Ho_Chi_Minh,authentic_anchored_semi_synthetic_evidence,sample data/Accounting_ERP_May_2026.csv,3c59da1c10c67ab974dfd204b737402aff1c28d748665949942579fb5fb1a2fd,1111,1.0.0
INV20260501111,JV20260501111,SO20260501111,2026-05-28,HN-CG,NV023,Trả góp,RC-DF1FB9,Nồi cơm,Sunhouse 1.2L,Sunhouse,1,1206088,0.16,1013113,0.08,81049,1094162,703000,703000,310113,0.3061,1094162,1013113,81049,703000,703000,131-Phải thu khách hàng,511-Doanh thu bán hàng,3331-Thuế GTGT đầu ra,632-Giá vốn hàng bán,156-Hàng hóa,commerce_distribution_erp_scenario_v1,LIGHTBI_SCENARIO_ENTITY_001,VND,all_declared_accounting_money_columns,Asia/Ho_Chi_Minh,authentic_anchored_semi_synthetic_evidence,sample data/Accounting_ERP_May_2026.csv,3c59da1c10c67ab974dfd204b737402aff1c28d748665949942579fb5fb1a2fd,1112,1.0.0
INV20260501112,JV20260501112,SO20260501112,2026-05-20,HN-CG,NV010,Ví điện tử,KT-63AE81,Ấm siêu tốc,Kangaroo,Daikin,1,1072759,0.15,911845,0.08,72947,984792,734000,734000,177845,0.195,984792,911845,72947,734000,734000,131-Phải thu khách hàng,511-Doanh thu bán hàng,3331-Thuế GTGT đầu ra,632-Giá vốn hàng bán,156-Hàng hóa,commerce_distribution_erp_scenario_v1,LIGHTBI_SCENARIO_ENTITY_001,VND,all_declared_accounting_money_columns,Asia/Ho_Chi_Minh,authentic_anchored_semi_synthetic_evidence,sample data/Accounting_ERP_May_2026.csv,3c59da1c10c67ab974dfd204b737402aff1c28d748665949942579fb5fb1a2fd,1113,1.0.0
INV20260501113,JV20260501113,SO20260501113,2026-05-07,HCM-Q7,NV024,Chuyển khoản,VC-933DDD,Máy hút bụi,Philips FC,Sharp,1,10915977,0.05,10370178,0.08,829614,11199792,7249000,7249000,3121178,0.301,11199792,10370178,829614,7249000,7249000,131-Phải thu khách hàng,511-Doanh thu bán hàng,3331-Thuế GTGT đầu ra,632-Giá vốn hàng bán,156-Hàng hóa,commerce_distribution_erp_scenario_v1,LIGHTBI_SCENARIO_ENTITY_001,VND,all_declared_accounting_money_columns,Asia/Ho_Chi_Minh,authentic_anchored_semi_synthetic_evidence,sample data/Accounting_ERP_May_2026.csv,3c59da1c10c67ab974dfd204b737402aff1c28d748665949942579fb5fb1a2fd,1114,1.0.0
INV20260501114,JV20260501114,SO20260501114,2026-05-05,HN-HBT,NV020,Ví điện tử,MW-62BD16,Lò vi sóng,Electrolux 23L,Philips,3,3668919,0.18,9025540,0.08,722043,9747583,2334000,7002000,2023540,0.2242,9747583,9025540,722043,7002000,7002000,131-Phải thu khách hàng,511-Doanh thu bán hàng,3331-Thuế GTGT đầu ra,632-Giá vốn hàng bán,156-Hàng hóa,commerce_distribution_erp_scenario_v1,LIGHTBI_SCENARIO_ENTITY_001,VND,all_declared_accounting_money_columns,Asia/Ho_Chi_Minh,authentic_anchored_semi_synthetic_evidence,sample data/Accounting_ERP_May_2026.csv,3c59da1c10c67ab974dfd204b737402aff1c28d748665949942579fb5fb1a2fd,1115,1.0.0
INV20260501115,JV20260501115,SO20260501115,2026-05-01,HCM-TB,NV021,Thẻ,KT-4BFC34,Ấm siêu tốc,Kangaroo,Sunhouse,2,860554,0.1,1548997,0.08,123919,1672916,518000,1036000,512997,0.3312,1672916,1548997,123919,1036000,1036000,131-Phải thu khách hàng,511-Doanh thu bán hàng,3331-Thuế GTGT đầu ra,632-Giá vốn hàng bán,156-Hàng hóa,commerce_distribution_erp_scenario_v1,LIGHTBI_SCENARIO_ENTITY_001,VND,all_declared_accounting_money_columns,Asia/Ho_Chi_Minh,authentic_anchored_semi_synthetic_evidence,sample data/Accounting_ERP_May_2026.csv,3c59da1c10c67ab974dfd204b737402aff1c28d748665949942579fb5fb1a2fd,1116,1.0.0
INV20260501116,JV20260501116,SO20260501116,2026-05-29,HN-CG,NV001,Ví điện tử,MW-42D56C,Lò vi sóng,Electrolux 23L,Sony,1,3380698,0.19,2738365,0.08,219069,2957434,2169000,2169000,569365,0.2079,2957434,2738365,219069,2169000,2169000,131-Phải thu khách hàng,511-Doanh thu bán hàng,3331-Thuế GTGT đầu ra,632-Giá vốn hàng bán,156-Hàng hóa,commerce_distribution_erp_scenario_v1,LIGHTBI_SCENARIO_ENTITY_001,VND,all_declared_accounting_money_columns,Asia/Ho_Chi_Minh,authentic_anchored_semi_synthetic_evidence,sample data/Accounting_ERP_May_2026.csv,3c59da1c10c67ab974dfd204b737402aff1c28d748665949942579fb5fb1a2fd,1117,1.0.0
INV20260501117,JV20260501117,SO20260501117,2026-05-10,CT-NK,NV004,Tiền mặt,RF-D9A75C,Tủ lạnh,Samsung Inverter 350L,Sony,1,24898423,0.09,22657564,0.08,1812605,24470169,19890000,19890000,2767564,0.1221,24470169,22657564,1812605,19890000,19890000,131-Phải thu khách hàng,511-Doanh thu bán hàng,3331-Thuế GTGT đầu ra,632-Giá vốn hàng bán,156-Hàng hóa,commerce_distribution_erp_scenario_v1,LIGHTBI_SCENARIO_ENTITY_001,VND,all_declared_accounting_money_columns,Asia/Ho_Chi_Minh,authentic_anchored_semi_synthetic_evidence,sample data/Accounting_ERP_May_2026.csv,3c59da1c10c67ab974dfd204b737402aff1c28d748665949942579fb5fb1a2fd,1118,1.0.0
INV20260501118,JV20260501118,SO20260501118,2026-05-26,HCM-Q7,NV024,Ví điện tử,BL-848064,Máy xay,Sunhouse Blender,Xiaomi,3,1397137,0.04,4023754,0.08,321900,4345654,1024000,3072000,951754,0.2365,4345654,4023754,321900,3072000,3072000,131-Phải thu khách hàng,511-Doanh thu bán hàng,3331-Thuế GTGT đầu ra,632-Giá vốn hàng bán,156-Hàng hóa,commerce_distribution_erp_scenario_v1,LIGHTBI_SCENARIO_ENTITY_001,VND,all_declared_accounting_money_columns,Asia/Ho_Chi_Minh,authentic_anchored_semi_synthetic_evidence,sample data/Accounting_ERP_May_2026.csv,3c59da1c10c67ab974dfd204b737402aff1c28d748665949942579fb5fb1a2fd,1119,1.0.0
INV20260501119,JV20260501119,SO20260501119,2026-05-21,HN-HBT,NV014,Trả góp,VC-D4F050,Máy hút bụi,Xiaomi G10,Samsung,1,3280809,0.12,2887111,0.08,230968,3118079,2296000,2296000,591111,0.2047,3118079,2887111,230968,2296000,2296000,131-Phải thu khách hàng,511-Doanh thu bán hàng,3331-Thuế GTGT đầu ra,632-Giá vốn hàng bán,156-Hàng hóa,commerce_distribution_erp_scenario_v1,LIGHTBI_SCENARIO_ENTITY_001,VND,all_declared_accounting_money_columns,Asia/Ho_Chi_Minh,authentic_anchored_semi_synthetic_evidence,sample data/Accounting_ERP_May_2026.csv,3c59da1c10c67ab974dfd204b737402aff1c28d748665949942579fb5fb1a2fd,1120,1.0.0
INV20260501120,JV20260501120,SO20260501120,2026-05-14,HCM-Q7,NV019,Trả góp,TV-551869,TV,"TCL 50""",Senko,1,14143992,0.09,12871032,0.08,1029682,13900714,11192000,11192000,1679032,0.1305,13900714,12871032,1029682,11192000,11192000,131-Phải thu khách hàng,511-Doanh thu bán hàng,3331-Thuế GTGT đầu ra,632-Giá vốn hàng bán,156-Hàng hóa,commerce_distribution_erp_scenario_v1,LIGHTBI_SCENARIO_ENTITY_001,VND,all_declared_accounting_money_columns,Asia/Ho_Chi_Minh,authentic_anchored_semi_synthetic_evidence,sample data/Accounting_ERP_May_2026.csv,3c59da1c10c67ab974dfd204b737402aff1c28d748665949942579fb5fb1a2fd,1121,1.0.0
INV20260501121,JV20260501121,SO20260501121,2026-05-10,HN-HBT,NV030,Thẻ,KT-25E86C,Ấm siêu tốc,Philips,Sharp,1,1331549,0.07,1238340,0.08,99067,1337407,907000,907000,331340,0.2676,1337407,1238340,99067,907000,907000,131-Phải thu khách hàng,511-Doanh thu bán hàng,3331-Thuế GTGT đầu ra,632-Giá vốn hàng bán,156-Hàng hóa,commerce_distribution_erp_scenario_v1,LIGHTBI_SCENARIO_ENTITY_001,VND,all_declared_accounting_money_columns,Asia/Ho_Chi_Minh,authentic_anchored_semi_synthetic_evidence,sample data/Accounting_ERP_May_2026.csv,3c59da1c10c67ab974dfd204b737402aff1c28d748665949942579fb5fb1a2fd,1122,1.0.0
INV20260501122,JV20260501122,SO20260501122,2026-05-10,HN-HBT,NV023,Thẻ,TV-DD340F,TV,"TCL 50""",LG,1,32685208,0.14,28109278,0.08,2248742,30358020,25146000,25146000,2963278,0.1054,30358020,28109278,2248742,25146000,25146000,131-Phải thu khách hàng,511-Doanh thu bán hàng,3331-Thuế GTGT đầu ra,632-Giá vốn hàng bán,156-Hàng hóa,commerce_distribution_erp_scenario_v1,LIGHTBI_SCENARIO_ENTITY_001,VND,all_declared_accounting_money_columns,Asia/Ho_Chi_Minh,authentic_anchored_semi_synthetic_evidence,sample data/Accounting_ERP_May_2026.csv,3c59da1c10c67ab974dfd204b737402aff1c28d748665949942579fb5fb1a2fd,1123,1.0.0
INV20260501123,JV20260501123,SO20260501123,2026-05-29,HCM-Q1,NV027,Tiền mặt,MW-03CA06,Lò vi sóng,Electrolux 23L,Aqua,3,4501673,0.09,12289567,0.08,983165,13272732,2959000,8877000,3412567,0.2777,13272732,12289567,983165,8877000,8877000,131-Phải thu khách hàng,511-Doanh thu bán hàng,3331-Thuế GTGT đầu ra,632-Giá vốn hàng bán,156-Hàng hóa,commerce_distribution_erp_scenario_v1,LIGHTBI_SCENARIO_ENTITY_001,VND,all_declared_accounting_money_columns,Asia/Ho_Chi_Minh,authentic_anchored_semi_synthetic_evidence,sample data/Accounting_ERP_May_2026.csv,3c59da1c10c67ab974dfd204b737402aff1c28d748665949942579fb5fb1a2fd,1124,1.0.0
INV20260501124,JV20260501124,SO20260501124,2026-05-30,DN-HC,NV002,Chuyển khoản,KT-4D110F,Ấm siêu tốc,Kangaroo,Toshiba,3,813282,0.1,2195861,0.08,175668,2371529,543000,1629000,566861,0.2581,2371529,2195861,175668,1629000,1629000,131-Phải thu khách hàng,511-Doanh thu bán hàng,3331-Thuế GTGT đầu ra,632-Giá vốn hàng bán,156-Hàng hóa,commerce_distribution_erp_scenario_v1,LIGHTBI_SCENARIO_ENTITY_001,VND,all_declared_accounting_money_columns,Asia/Ho_Chi_Minh,authentic_anchored_semi_synthetic_evidence,sample data/Accounting_ERP_May_2026.csv,3c59da1c10c67ab974dfd204b737402aff1c28d748665949942579fb5fb1a2fd,1125,1.0.0
INV20260501125,JV20260501125,SO20260501125,2026-05-18,HCM-TB,NV017,Ví điện tử,RF-FA61AD,Tủ lạnh,Panasonic 300L,Samsung,2,22878729,0.15,38893839,0.08,3111507,42005346,19376000,38752000,141839,0.0036,42005346,38893839,3111507,38752000,38752000,131-Phải thu khách hàng,511-Doanh thu bán hàng,3331-Thuế GTGT đầu ra,632-Giá vốn hàng bán,156-Hàng hóa,commerce_distribution_erp_scenario_v1,LIGHTBI_SCENARIO_ENTITY_001,VND,all_declared_accounting_money_columns,Asia/Ho_Chi_Minh,authentic_anchored_semi_synthetic_evidence,sample data/Accounting_ERP_May_2026.csv,3c59da1c10c67ab974dfd204b737402aff1c28d748665949942579fb5fb1a2fd,1126,1.0.0
INV20260501126,JV20260501126,SO20260501126,2026-05-03,CT-NK,NV004,Chuyển khoản,RC-73BA31,Nồi cơm,Cuckoo 1.8L,Toshiba,2,3240845,0.05,6157605,0.08,492608,6650213,2451000,4902000,1255605,0.2039,6650213,6157605,492608,4902000,4902000,131-Phải thu khách hàng,511-Doanh thu bán hàng,3331-Thuế GTGT đầu ra,632-Giá vốn hàng bán,156-Hàng hóa,commerce_distribution_erp_scenario_v1,LIGHTBI_SCENARIO_ENTITY_001,VND,all_declared_accounting_money_columns,Asia/Ho_Chi_Minh,authentic_anchored_semi_synthetic_evidence,sample data/Accounting_ERP_May_2026.csv,3c59da1c10c67ab974dfd204b737402aff1c28d748665949942579fb5fb1a2fd,1127,1.0.0
INV20260501127,JV20260501127,SO20260501127,2026-05-22,DN-HC,NV009,Chuyển khoản,KT-930F94,Ấm siêu tốc,Philips,Sony,1,785325,0.09,714645,0.08,57171,771816,540000,540000,174645,0.2444,771816,714645,57171,540000,540000,131-Phải thu khách hàng,511-Doanh thu bán hàng,3331-Thuế GTGT đầu ra,632-Giá vốn hàng bán,156-Hàng hóa,commerce_distribution_erp_scenario_v1,LIGHTBI_SCENARIO_ENTITY_001,VND,all_declared_accounting_money_columns,Asia/Ho_Chi_Minh,authentic_anchored_semi_synthetic_evidence,sample data/Accounting_ERP_May_2026.csv,3c59da1c10c67ab974dfd204b737402aff1c28d748665949942579fb5fb1a2fd,1128,1.0.0
INV20260501128,JV20260501128,SO20260501128,2026-05-14,HN-HBT,NV007,Ví điện tử,BL-8AFBB7,Máy xay,Panasonic Blender,Xiaomi,3,2726369,0.17,6788658,0.08,543092,7331750,1563000,4689000,2099658,0.3093,7331750,6788658,543092,4689000,4689000,131-Phải thu khách hàng,511-Doanh thu bán hàng,3331-Thuế GTGT đầu ra,632-Giá vốn hàng bán,156-Hàng hóa,commerce_distribution_erp_scenario_v1,LIGHTBI_SCENARIO_ENTITY_001,VND,all_declared_accounting_money_columns,Asia/Ho_Chi_Minh,authentic_anchored_semi_synthetic_evidence,sample data/Accounting_ERP_May_2026.csv,3c59da1c10c67ab974dfd204b737402aff1c28d748665949942579fb5fb1a2fd,1129,1.0.0
INV20260501129,JV20260501129,SO20260501129,2026-05-05,BD-TDM,NV008,Tiền mặt,WM-233DAD,Máy giặt,LG 9kg,Toshiba,2,6993923,0.06,13148575,0.08,1051886,14200461,5208000,10416000,2732575,0.2078,14200461,13148575,1051886,10416000,10416000,131-Phải thu khách hàng,511-Doanh thu bán hàng,3331-Thuế GTGT đầu ra,632-Giá vốn hàng bán,156-Hàng hóa,commerce_distribution_erp_scenario_v1,LIGHTBI_SCENARIO_ENTITY_001,VND,all_declared_accounting_money_columns,Asia/Ho_Chi_Minh,authentic_anchored_semi_synthetic_evidence,sample data/Accounting_ERP_May_2026.csv,3c59da1c10c67ab974dfd204b737402aff1c28d748665949942579fb5fb1a2fd,1130,1.0.0
INV20260501130,JV20260501130,SO20260501130,2026-05-22,CT-NK,NV015,Ví điện tử,BL-E21F60,Máy xay,Philips Blender,Electrolux,1,2799732,0.01,2771734,0.08,221738,2993472,1779000,1779000,992734,0.3582,2993472,2771734,221738,1779000,1779000,131-Phải thu khách hàng,511-Doanh thu bán hàng,3331-Thuế GTGT đầu ra,632-Giá vốn hàng bán,156-Hàng hóa,commerce_distribution_erp_scenario_v1,LIGHTBI_SCENARIO_ENTITY_001,VND,all_declared_accounting_money_columns,Asia/Ho_Chi_Minh,authentic_anchored_semi_synthetic_evidence,sample data/Accounting_ERP_May_2026.csv,3c59da1c10c67ab974dfd204b737402aff1c28d748665949942579fb5fb1a2fd,1131,1.0.0
INV20260501131,JV20260501131,SO20260501131,2026-05-08,BD-TDM,NV017,Tiền mặt,MW-A83E5A,Lò vi sóng,Electrolux 23L,Sunhouse,1,1804231,0.03,1750104,0.08,140008,1890112,1137000,1137000,613104,0.3503,1890112,1750104,140008,1137000,1137000,131-Phải thu khách hàng,511-Doanh thu bán hàng,3331-Thuế GTGT đầu ra,632-Giá vốn hàng bán,156-Hàng hóa,commerce_distribution_erp_scenario_v1,LIGHTBI_SCENARIO_ENTITY_001,VND,all_declared_accounting_money_columns,Asia/Ho_Chi_Minh,authentic_anchored_semi_synthetic_evidence,sample data/Accounting_ERP_May_2026.csv,3c59da1c10c67ab974dfd204b737402aff1c28d748665949942579fb5fb1a2fd,1132,1.0.0
INV20260501132,JV20260501132,SO20260501132,2026-05-14,HN-HBT,NV026,Chuyển khoản,RF-AE1055,Tủ lạnh,Panasonic 300L,Mitsubishi,3,13510023,0.13,35261160,0.08,2820892,38082052,10930000,32790000,2471160,0.0701,38082052,35261160,2820892,32790000,32790000,131-Phải thu khách hàng,511-Doanh thu bán hàng,3331-Thuế GTGT đầu ra,632-Giá vốn hàng bán,156-Hàng hóa,commerce_distribution_erp_scenario_v1,LIGHTBI_SCENARIO_ENTITY_001,VND,all_declared_accounting_money_columns,Asia/Ho_Chi_Minh,authentic_anchored_semi_synthetic_evidence,sample data/Accounting_ERP_May_2026.csv,3c59da1c10c67ab974dfd204b737402aff1c28d748665949942579fb5fb1a2fd,1133,1.0.0
INV20260501133,JV20260501133,SO20260501133,2026-05-16,HCM-Q7,NV012,Tiền mặt,TV-BE7A4B,TV,"TCL 50""",Sunhouse,2,27011314,0.09,49160591,0.08,3932847,53093438,22068000,44136000,5024591,0.1022,53093438,49160591,3932847,44136000,44136000,131-Phải thu khách hàng,511-Doanh thu bán hàng,3331-Thuế GTGT đầu ra,632-Giá vốn hàng bán,156-Hàng hóa,commerce_distribution_erp_scenario_v1,LIGHTBI_SCENARIO_ENTITY_001,VND,all_declared_accounting_money_columns,Asia/Ho_Chi_Minh,authentic_anchored_semi_synthetic_evidence,sample data/Accounting_ERP_May_2026.csv,3c59da1c10c67ab974dfd204b737402aff1c28d748665949942579fb5fb1a2fd,1134,1.0.0
INV20260501134,JV20260501134,SO20260501134,2026-05-03,BD-TDM,NV020,Thẻ,FN-05A833,Quạt,Asia,Aqua,2,1025885,0.06,1928663,0.08,154293,2082956,765000,1530000,398663,0.2067,2082956,1928663,154293,1530000,1530000,131-Phải thu khách hàng,511-Doanh thu bán hàng,3331-Thuế GTGT đầu ra,632-Giá vốn hàng bán,156-Hàng hóa,commerce_distribution_erp_scenario_v1,LIGHTBI_SCENARIO_ENTITY_001,VND,all_declared_accounting_money_columns,Asia/Ho_Chi_Minh,authentic_anchored_semi_synthetic_evidence,sample data/Accounting_ERP_May_2026.csv,3c59da1c10c67ab974dfd204b737402aff1c28d748665949942579fb5fb1a2fd,1135,1.0.0
INV20260501135,JV20260501135,SO20260501135,2026-05-26,DN-HC,NV017,Tiền mặt,RF-80782C,Tủ lạnh,Samsung Inverter 350L,LG,2,23634012,0.0,47268024,0.08,3781441,51049465,17602000,35204000,12064024,0.2552,51049465,47268024,3781441,35204000,35204000,131-Phải thu khách hàng,511-Doanh thu bán hàng,3331-Thuế GTGT đầu ra,632-Giá vốn hàng bán,156-Hàng hóa,commerce_distribution_erp_scenario_v1,LIGHTBI_SCENARIO_ENTITY_001,VND,all_declared_accounting_money_columns,Asia/Ho_Chi_Minh,authentic_anchored_semi_synthetic_evidence,sample data/Accounting_ERP_May_2026.csv,3c59da1c10c67ab974dfd204b737402aff1c28d748665949942579fb5fb1a2fd,1136,1.0.0
INV20260501136,JV20260501136,SO20260501136,2026-05-03,HCM-Q7,NV019,Trả góp,TV-3D03C9,TV,"Samsung 55"" 4K",Senko,3,22518599,0.05,64178007,0.08,5134240,69312247,17322000,51966000,12212007,0.1903,69312247,64178007,5134240,51966000,51966000,131-Phải thu khách hàng,511-Doanh thu bán hàng,3331-Thuế GTGT đầu ra,632-Giá vốn hàng bán,156-Hàng hóa,commerce_distribution_erp_scenario_v1,LIGHTBI_SCENARIO_ENTITY_001,VND,all_declared_accounting_money_columns,Asia/Ho_Chi_Minh,authentic_anchored_semi_synthetic_evidence,sample data/Accounting_ERP_May_2026.csv,3c59da1c10c67ab974dfd204b737402aff1c28d748665949942579fb5fb1a2fd,1137,1.0.0
INV20260501137,JV20260501137,SO20260501137,2026-05-02,DN-HC,NV019,Thẻ,AC-7543C2,Máy lạnh,Casper 1HP,Panasonic,2,8261937,0.01,16358635,0.08,1308690,17667325,6089000,12178000,4180635,0.2556,17667325,16358635,1308690,12178000,12178000,131-Phải thu khách hàng,511-Doanh thu bán hàng,3331-Thuế GTGT đầu ra,632-Giá vốn hàng bán,156-Hàng hóa,commerce_distribution_erp_scenario_v1,LIGHTBI_SCENARIO_ENTITY_001,VND,all_declared_accounting_money_columns,Asia/Ho_Chi_Minh,authentic_anchored_semi_synthetic_evidence,sample data/Accounting_ERP_May_2026.csv,3c59da1c10c67ab974dfd204b737402aff1c28d748665949942579fb5fb1a2fd,1138,1.0.0
INV20260501138,JV20260501138,SO20260501138,2026-05-30,CT-NK,NV028,Tiền mặt,VC-852D6B,Máy hút bụi,Philips FC,Sunhouse,2,11976981,0.13,20839946,0.08,1667195,22507141,9417000,18834000,2005946,0.0963,22507141,20839946,1667195,18834000,18834000,131-Phải thu khách hàng,511-Doanh thu bán hàng,3331-Thuế GTGT đầu ra,632-Giá vốn hàng bán,156-Hàng hóa,commerce_distribution_erp_scenario_v1,LIGHTBI_SCENARIO_ENTITY_001,VND,all_declared_accounting_money_columns,Asia/Ho_Chi_Minh,authentic_anchored_semi_synthetic_evidence,sample data/Accounting_ERP_May_2026.csv,3c59da1c10c67ab974dfd204b737402aff1c28d748665949942579fb5fb1a2fd,1139,1.0.0
INV20260501139,JV20260501139,SO20260501139,2026-05-20,DN-HC,NV029,Tiền mặt,WM-57BF8B,Máy giặt,LG 9kg,Panasonic,3,11578281,0.18,28482571,0.08,2278605,30761176,9058000,27174000,1308571,0.0459,30761176,28482571,2278605,27174000,27174000,131-Phải thu khách hàng,511-Doanh thu bán hàng,3331-Thuế GTGT đầu ra,632-Giá vốn hàng bán,156-Hàng hóa,commerce_distribution_erp_scenario_v1,LIGHTBI_SCENARIO_ENTITY_001,VND,all_declared_accounting_money_columns,Asia/Ho_Chi_Minh,authentic_anchored_semi_synthetic_evidence,sample data/Accounting_ERP_May_2026.csv,3c59da1c10c67ab974dfd204b737402aff1c28d748665949942579fb5fb1a2fd,1140,1.0.0
INV20260501140,JV20260501140,SO20260501140,2026-05-21,BD-TDM,NV011,Trả góp,AC-8636EE,Máy lạnh,Casper 1HP,Sony,1,19392859,0.17,16096072,0.08,1287685,17383757,13639000,13639000,2457072,0.1527,17383757,16096072,1287685,13639000,13639000,131-Phải thu khách hàng,511-Doanh thu bán hàng,3331-Thuế GTGT đầu ra,632-Giá vốn hàng bán,156-Hàng hóa,commerce_distribution_erp_scenario_v1,LIGHTBI_SCENARIO_ENTITY_001,VND,all_declared_accounting_money_columns,Asia/Ho_Chi_Minh,authentic_anchored_semi_synthetic_evidence,sample data/Accounting_ERP_May_2026.csv,3c59da1c10c67ab974dfd204b737402aff1c28d748665949942579fb5fb1a2fd,1141,1.0.0
INV20260501141,JV20260501141,SO20260501141,2026-05-11,CT-NK,NV010,Tiền mặt,TV-9BDABC,TV,"Sony 65""",Electrolux,3,8736615,0.16,22016269,0.08,1761301,23777570,7032000,21096000,920269,0.0418,23777570,22016269,1761301,21096000,21096000,131-Phải thu khách hàng,511-Doanh thu bán hàng,3331-Thuế GTGT đầu ra,632-Giá vốn hàng bán,156-Hàng hóa,commerce_distribution_erp_scenario_v1,LIGHTBI_SCENARIO_ENTITY_001,VND,all_declared_accounting_money_columns,Asia/Ho_Chi_Minh,authentic_anchored_semi_synthetic_evidence,sample data/Accounting_ERP_May_2026.csv,3c59da1c10c67ab974dfd204b737402aff1c28d748665949942579fb5fb1a2fd,1142,1.0.0
INV20260501142,JV20260501142,SO20260501142,2026-05-21,HN-HBT,NV030,Chuyển khoản,RC-53400C,Nồi cơm,Panasonic 1.8L,Aqua,3,3505925,0.13,9150464,0.08,732037,9882501,2402000,7206000,1944464,0.2125,9882501,9150464,732037,7206000,7206000,131-Phải thu khách hàng,511-Doanh thu bán hàng,3331-Thuế GTGT đầu ra,632-Giá vốn hàng bán,156-Hàng hóa,commerce_distribution_erp_scenario_v1,LIGHTBI_SCENARIO_ENTITY_001,VND,all_declared_accounting_money_columns,Asia/Ho_Chi_Minh,authentic_anchored_semi_synthetic_evidence,sample data/Accounting_ERP_May_2026.csv,3c59da1c10c67ab974dfd204b737402aff1c28d748665949942579fb5fb1a2fd,1143,1.0.0
INV20260501143,JV20260501143,SO20260501143,2026-05-01,HCM-TB,NV025,Trả góp,KT-9065A4,Ấm siêu tốc,Philips,Mitsubishi,3,655470,0.18,1612456,0.08,128996,1741452,396000,1188000,424456,0.2632,1741452,1612456,128996,1188000,1188000,131-Phải thu khách hàng,511-Doanh thu bán hàng,3331-Thuế GTGT đầu ra,632-Giá vốn hàng bán,156-Hàng hóa,commerce_distribution_erp_scenario_v1,LIGHTBI_SCENARIO_ENTITY_001,VND,all_declared_accounting_money_columns,Asia/Ho_Chi_Minh,authentic_anchored_semi_synthetic_evidence,sample data/Accounting_ERP_May_2026.csv,3c59da1c10c67ab974dfd204b737402aff1c28d748665949942579fb5fb1a2fd,1144,1.0.0
INV20260501144,JV20260501144,SO20260501144,2026-05-09,HCM-TB,NV030,Thẻ,TV-E2DD63,TV,LG OLED 48,Panasonic,1,7010600,0.05,6660070,0.08,532805,7192875,6165000,6165000,495070,0.0743,7192875,6660070,532805,6165000,6165000,131-Phải thu khách hàng,511-Doanh thu bán hàng,3331-Thuế GTGT đầu ra,632-Giá vốn hàng bán,156-Hàng hóa,commerce_distribution_erp_scenario_v1,LIGHTBI_SCENARIO_ENTITY_001,VND,all_declared_accounting_money_columns,Asia/Ho_Chi_Minh,authentic_anchored_semi_synthetic_evidence,sample data/Accounting_ERP_May_2026.csv,3c59da1c10c67ab974dfd204b737402aff1c28d748665949942579fb5fb1a2fd,1145,1.0.0
INV20260501145,JV20260501145,SO20260501145,2026-05-04,HN-HBT,NV001,Thẻ,RC-443576,Nồi cơm,Sharp 1.8L,Asia,2,3678302,0.04,7062339,0.08,564987,7627326,2488000,4976000,2086339,0.2954,7627326,7062339,564987,4976000,4976000,131-Phải thu khách hàng,511-Doanh thu bán hàng,3331-Thuế GTGT đầu ra,632-Giá vốn hàng bán,156-Hàng hóa,commerce_distribution_erp_scenario_v1,LIGHTBI_SCENARIO_ENTITY_001,VND,all_declared_accounting_money_columns,Asia/Ho_Chi_Minh,authentic_anchored_semi_synthetic_evidence,sample data/Accounting_ERP_May_2026.csv,3c59da1c10c67ab974dfd204b737402aff1c28d748665949942579fb5fb1a2fd,1146,1.0.0
INV20260501146,JV20260501146,SO20260501146,2026-05-21,HCM-TB,NV008,Tiền mặt,TV-C6321E,TV,"Sony 65""",Asia,1,30499540,0.16,25619613,0.08,2049569,27669182,24207000,24207000,1412613,0.0551,27669182,25619613,2049569,24207000,24207000,131-Phải thu khách hàng,511-Doanh thu bán hàng,3331-Thuế GTGT đầu ra,632-Giá vốn hàng bán,156-Hàng hóa,commerce_distribution_erp_scenario_v1,LIGHTBI_SCENARIO_ENTITY_001,VND,all_declared_accounting_money_columns,Asia/Ho_Chi_Minh,authentic_anchored_semi_synthetic_evidence,sample data/Accounting_ERP_May_2026.csv,3c59da1c10c67ab974dfd204b737402aff1c28d748665949942579fb5fb1a2fd,1147,1.0.0
INV20260501147,JV20260501147,SO20260501147,2026-05-02,HCM-Q1,NV006,Trả góp,VC-490623,Máy hút bụi,Philips FC,LG,3,8484172,0.05,24179890,0.08,1934391,26114281,5379000,16137000,8042890,0.3326,26114281,24179890,1934391,16137000,16137000,131-Phải thu khách hàng,511-Doanh thu bán hàng,3331-Thuế GTGT đầu ra,632-Giá vốn hàng bán,156-Hàng hóa,commerce_distribution_erp_scenario_v1,LIGHTBI_SCENARIO_ENTITY_001,VND,all_declared_accounting_money_columns,Asia/Ho_Chi_Minh,authentic_anchored_semi_synthetic_evidence,sample data/Accounting_ERP_May_2026.csv,3c59da1c10c67ab974dfd204b737402aff1c28d748665949942579fb5fb1a2fd,1148,1.0.0
INV20260501148,JV20260501148,SO20260501148,2026-05-09,HN-HBT,NV007,Ví điện tử,RF-263030,Tủ lạnh,Samsung Inverter 350L,Toshiba,2,24313259,0.04,46681457,0.08,3734516,50415973,18714000,37428000,9253457,0.1982,50415973,46681457,3734516,37428000,37428000,131-Phải thu khách hàng,511-Doanh thu bán hàng,3331-Thuế GTGT đầu ra,632-Giá vốn hàng bán,156-Hàng hóa,commerce_distribution_erp_scenario_v1,LIGHTBI_SCENARIO_ENTITY_001,VND,all_declared_accounting_money_columns,Asia/Ho_Chi_Minh,authentic_anchored_semi_synthetic_evidence,sample data/Accounting_ERP_May_2026.csv,3c59da1c10c67ab974dfd204b737402aff1c28d748665949942579fb5fb1a2fd,1149,1.0.0
INV20260501149,JV20260501149,SO20260501149,2026-05-15,HCM-TB,NV017,Trả góp,WM-54F949,Máy giặt,Toshiba 9kg,Xiaomi,3,17097604,0.17,42573033,0.08,3405842,45978875,13952000,41856000,717033,0.0168,45978875,42573033,3405842,41856000,41856000,131-Phải thu khách hàng,511-Doanh thu bán hàng,3331-Thuế GTGT đầu ra,632-Giá vốn hàng bán,156-Hàng hóa,commerce_distribution_erp_scenario_v1,LIGHTBI_SCENARIO_ENTITY_001,VND,all_declared_accounting_money_columns,Asia/Ho_Chi_Minh,authentic_anchored_semi_synthetic_evidence,sample data/Accounting_ERP_May_2026.csv,3c59da1c10c67ab974dfd204b737402aff1c28d748665949942579fb5fb1a2fd,1150,1.0.0
INV20260501150,JV20260501150,SO20260501150,2026-05-07,CT-NK,NV009,Ví điện tử,BL-3646DD,Máy xay,Panasonic Blender,LG,3,617058,0.15,1573497,0.08,125879,1699376,357000,1071000,502497,0.3194,1699376,1573497,125879,1071000,1071000,131-Phải thu khách hàng,511-Doanh thu bán hàng,3331-Thuế GTGT đầu ra,632-Giá vốn hàng bán,156-Hàng hóa,commerce_distribution_erp_scenario_v1,LIGHTBI_SCENARIO_ENTITY_001,VND,all_declared_accounting_money_columns,Asia/Ho_Chi_Minh,authentic_anchored_semi_synthetic_evidence,sample data/Accounting_ERP_May_2026.csv,3c59da1c10c67ab974dfd204b737402aff1c28d748665949942579fb5fb1a2fd,1151,1.0.0
INV20260501151,JV20260501151,SO20260501151,2026-05-04,HCM-Q1,NV001,Trả góp,TV-299EB8,TV,LG OLED 48,Electrolux,1,22053460,0.01,21832925,0.08,1746634,23579559,17485000,17485000,4347925,0.1991,23579559,21832925,1746634,17485000,17485000,131-Phải thu khách hàng,511-Doanh thu bán hàng,3331-Thuế GTGT đầu ra,632-Giá vốn hàng bán,156-Hàng hóa,commerce_distribution_erp_scenario_v1,LIGHTBI_SCENARIO_ENTITY_001,VND,all_declared_accounting_money_columns,Asia/Ho_Chi_Minh,authentic_anchored_semi_synthetic_evidence,sample data/Accounting_ERP_May_2026.csv,3c59da1c10c67ab974dfd204b737402aff1c28d748665949942579fb5fb1a2fd,1152,1.0.0
INV20260501152,JV20260501152,SO20260501152,2026-05-26,CT-NK,NV002,Trả góp,AC-84F331,Máy lạnh,Mitsubishi 1.5HP,Daikin,2,8036091,0.19,13018467,0.08,1041477,14059944,6397000,12794000,224467,0.0172,14059944,13018467,1041477,12794000,12794000,131-Phải thu khách hàng,511-Doanh thu bán hàng,3331-Thuế GTGT đầu ra,632-Giá vốn hàng bán,156-Hàng hóa,commerce_distribution_erp_scenario_v1,LIGHTBI_SCENARIO_ENTITY_001,VND,all_declared_accounting_money_columns,Asia/Ho_Chi_Minh,authentic_anchored_semi_synthetic_evidence,sample data/Accounting_ERP_May_2026.csv,3c59da1c10c67ab974dfd204b737402aff1c28d748665949942579fb5fb1a2fd,1153,1.0.0
INV20260501153,JV20260501153,SO20260501153,2026-05-16,HN-HBT,NV021,Trả góp,TV-3A3210,TV,LG OLED 48,Xiaomi,1,20566155,0.2,16452924,0.08,1316233,17769157,18048000,18048000,-1595076,-0.0969,17769157,16452924,1316233,18048000,18048000,131-Phải thu khách hàng,511-Doanh thu bán hàng,3331-Thuế GTGT đầu ra,632-Giá vốn hàng bán,156-Hàng hóa,commerce_distribution_erp_scenario_v1,LIGHTBI_SCENARIO_ENTITY_001,VND,all_declared_accounting_money_columns,Asia/Ho_Chi_Minh,authentic_anchored_semi_synthetic_evidence,sample data/Accounting_ERP_May_2026.csv,3c59da1c10c67ab974dfd204b737402aff1c28d748665949942579fb5fb1a2fd,1154,1.0.0
INV20260501154,JV20260501154,SO20260501154,2026-05-18,CT-NK,NV029,Thẻ,AC-190181,Máy lạnh,Mitsubishi 1.5HP,Sharp,2,10336479,0.0,20672958,0.08,1653836,22326794,8403000,16806000,3866958,0.1871,22326794,20672958,1653836,16806000,16806000,131-Phải thu khách hàng,511-Doanh thu bán hàng,3331-Thuế GTGT đầu ra,632-Giá vốn hàng bán,156-Hàng hóa,commerce_distribution_erp_scenario_v1,LIGHTBI_SCENARIO_ENTITY_001,VND,all_declared_accounting_money_columns,Asia/Ho_Chi_Minh,authentic_anchored_semi_synthetic_evidence,sample data/Accounting_ERP_May_2026.csv,3c59da1c10c67ab974dfd204b737402aff1c28d748665949942579fb5fb1a2fd,1155,1.0.0
INV20260501155,JV20260501155,SO20260501155,2026-05-09,CT-NK,NV001,Trả góp,TV-9A9F11,TV,"Samsung 55"" 4K",Toshiba,2,27174292,0.02,53261612,0.08,4260928,57522540,23891000,47782000,5479612,0.1029,57522540,53261612,4260928,47782000,47782000,131-Phải thu khách hàng,511-Doanh thu bán hàng,3331-Thuế GTGT đầu ra,632-Giá vốn hàng bán,156-Hàng hóa,commerce_distribution_erp_scenario_v1,LIGHTBI_SCENARIO_ENTITY_001,VND,all_declared_accounting_money_columns,Asia/Ho_Chi_Minh,authentic_anchored_semi_synthetic_evidence,sample data/Accounting_ERP_May_2026.csv,3c59da1c10c67ab974dfd204b737402aff1c28d748665949942579fb5fb1a2fd,1156,1.0.0
INV20260501156,JV20260501156,SO20260501156,2026-05-25,BD-TDM,NV020,Thẻ,FN-63D039,Quạt,Asia,Mitsubishi,1,1373439,0.18,1126219,0.08,90097,1216316,803000,803000,323219,0.287,1216316,1126219,90097,803000,803000,131-Phải thu khách hàng,511-Doanh thu bán hàng,3331-Thuế GTGT đầu ra,632-Giá vốn hàng bán,156-Hàng hóa,commerce_distribution_erp_scenario_v1,LIGHTBI_SCENARIO_ENTITY_001,VND,all_declared_accounting_money_columns,Asia/Ho_Chi_Minh,authentic_anchored_semi_synthetic_evidence,sample data/Accounting_ERP_May_2026.csv,3c59da1c10c67ab974dfd204b737402aff1c28d748665949942579fb5fb1a2fd,1157,1.0.0
INV20260501157,JV20260501157,SO20260501157,2026-05-18,HCM-Q1,NV013,Tiền mặt,KT-4D110F,Ấm siêu tốc,Kangaroo,Toshiba,3,1010292,0.04,2909640,0.08,232771,3142411,705000,2115000,794640,0.2731,3142411,2909640,232771,2115000,2115000,131-Phải thu khách hàng,511-Doanh thu bán hàng,3331-Thuế GTGT đầu ra,632-Giá vốn hàng bán,156-Hàng hóa,commerce_distribution_erp_scenario_v1,LIGHTBI_SCENARIO_ENTITY_001,VND,all_declared_accounting_money_columns,Asia/Ho_Chi_Minh,authentic_anchored_semi_synthetic_evidence,sample data/Accounting_ERP_May_2026.csv,3c59da1c10c67ab974dfd204b737402aff1c28d748665949942579fb5fb1a2fd,1158,1.0.0
INV20260501158,JV20260501158,SO20260501158,2026-05-15,HCM-TB,NV030,Tiền mặt,RF-80782C,Tủ lạnh,Samsung Inverter 350L,LG,2,15498934,0.19,25108273,0.08,2008661,27116934,11522000,23044000,2064273,0.0822,27116934,25108273,2008661,23044000,23044000,131-Phải thu khách hàng,511-Doanh thu bán hàng,3331-Thuế GTGT đầu ra,632-Giá vốn hàng bán,156-Hàng hóa,commerce_distribution_erp_scenario_v1,LIGHTBI_SCENARIO_ENTITY_001,VND,all_declared_accounting_money_columns,Asia/Ho_Chi_Minh,authentic_anchored_semi_synthetic_evidence,sample data/Accounting_ERP_May_2026.csv,3c59da1c10c67ab974dfd204b737402aff1c28d748665949942579fb5fb1a2fd,1159,1.0.0
INV20260501159,JV20260501159,SO20260501159,2026-05-08,HN-HBT,NV011,Trả góp,RC-A4D4BD,Nồi cơm,Sunhouse 1.2L,Cuckoo,3,3009402,0.15,7673975,0.08,613918,8287893,2068000,6204000,1469975,0.1916,8287893,7673975,613918,6204000,6204000,131-Phải thu khách hàng,511-Doanh thu bán hàng,3331-Thuế GTGT đầu ra,632-Giá vốn hàng bán,156-Hàng hóa,commerce_distribution_erp_scenario_v1,LIGHTBI_SCENARIO_ENTITY_001,VND,all_declared_accounting_money_columns,Asia/Ho_Chi_Minh,authentic_anchored_semi_synthetic_evidence,sample data/Accounting_ERP_May_2026.csv,3c59da1c10c67ab974dfd204b737402aff1c28d748665949942579fb5fb1a2fd,1160,1.0.0
INV20260501160,JV20260501160,SO20260501160,2026-05-07,HCM-Q1,NV006,Tiền mặt,RC-1B752E,Nồi cơm,Panasonic 1.8L,Toshiba,1,1207605,0.14,1038540,0.08,83083,1121623,916000,916000,122540,0.118,1121623,1038540,83083,916000,916000,131-Phải thu khách hàng,511-Doanh thu bán hàng,3331-Thuế GTGT đầu ra,632-Giá vốn hàng bán,156-Hàng hóa,commerce_distribution_erp_scenario_v1,LIGHTBI_SCENARIO_ENTITY_001,VND,all_declared_accounting_money_columns,Asia/Ho_Chi_Minh,authentic_anchored_semi_synthetic_evidence,sample data/Accounting_ERP_May_2026.csv,3c59da1c10c67ab974dfd204b737402aff1c28d748665949942579fb5fb1a2fd,1161,1.0.0
INV20260501161,JV20260501161,SO20260501161,2026-05-06,HN-CG,NV017,Trả góp,WM-CFD2AA,Máy giặt,Toshiba 9kg,Philips,3,8480876,0.18,20862954,0.08,1669036,22531990,6631000,19893000,969954,0.0465,22531990,20862954,1669036,19893000,19893000,131-Phải thu khách hàng,511-Doanh thu bán hàng,3331-Thuế GTGT đầu ra,632-Giá vốn hàng bán,156-Hàng hóa,commerce_distribution_erp_scenario_v1,LIGHTBI_SCENARIO_ENTITY_001,VND,all_declared_accounting_money_columns,Asia/Ho_Chi_Minh,authentic_anchored_semi_synthetic_evidence,sample data/Accounting_ERP_May_2026.csv,3c59da1c10c67ab974dfd204b737402aff1c28d748665949942579fb5fb1a2fd,1162,1.0.0
INV20260501162,JV20260501162,SO20260501162,2026-05-04,HN-HBT,NV003,Thẻ,RF-37AAE4,Tủ lạnh,LG 420L,Philips,2,19179810,0.01,37976023,0.08,3038081,41014104,14384000,28768000,9208023,0.2425,41014104,37976023,3038081,28768000,28768000,131-Phải thu khách hàng,511-Doanh thu bán hàng,3331-Thuế GTGT đầu ra,632-Giá vốn hàng bán,156-Hàng hóa,commerce_distribution_erp_scenario_v1,LIGHTBI_SCENARIO_ENTITY_001,VND,all_declared_accounting_money_columns,Asia/Ho_Chi_Minh,authentic_anchored_semi_synthetic_evidence,sample data/Accounting_ERP_May_2026.csv,3c59da1c10c67ab974dfd204b737402aff1c28d748665949942579fb5fb1a2fd,1163,1.0.0
INV20260501163,JV20260501163,SO20260501163,2026-05-09,HN-CG,NV012,Tiền mặt,RC-23C464,Nồi cơm,Sharp 1.8L,Xiaomi,1,2777745,0.08,2555525,0.08,204442,2759967,2095000,2095000,460525,0.1802,2759967,2555525,204442,2095000,2095000,131-Phải thu khách hàng,511-Doanh thu bán hàng,3331-Thuế GTGT đầu ra,632-Giá vốn hàng bán,156-Hàng hóa,commerce_distribution_erp_scenario_v1,LIGHTBI_SCENARIO_ENTITY_001,VND,all_declared_accounting_money_columns,Asia/Ho_Chi_Minh,authentic_anchored_semi_synthetic_evidence,sample data/Accounting_ERP_May_2026.csv,3c59da1c10c67ab974dfd204b737402aff1c28d748665949942579fb5fb1a2fd,1164,1.0.0
INV20260501164,JV20260501164,SO20260501164,2026-05-08,HN-HBT,NV002,Ví điện tử,AC-B3192D,Máy lạnh,Panasonic 1.5HP,Panasonic,3,13455581,0.08,37137403,0.08,2970992,40108395,10227000,30681000,6456403,0.1739,40108395,37137403,2970992,30681000,30681000,131-Phải thu khách hàng,511-Doanh thu bán hàng,3331-Thuế GTGT đầu ra,632-Giá vốn hàng bán,156-Hàng hóa,commerce_distribution_erp_scenario_v1,LIGHTBI_SCENARIO_ENTITY_001,VND,all_declared_accounting_money_columns,Asia/Ho_Chi_Minh,authentic_anchored_semi_synthetic_evidence,sample data/Accounting_ERP_May_2026.csv,3c59da1c10c67ab974dfd204b737402aff1c28d748665949942579fb5fb1a2fd,1165,1.0.0
INV20260501165,JV20260501165,SO20260501165,2026-05-23,DN-HC,NV008,Trả góp,TV-249EF8,TV,"Samsung 55"" 4K",Samsung,1,8231697,0.17,6832308,0.08,546584,7378892,7103000,7103000,-270692,-0.0396,7378892,6832308,546584,7103000,7103000,131-Phải thu khách hàng,511-Doanh thu bán hàng,3331-Thuế GTGT đầu ra,632-Giá vốn hàng bán,156-Hàng hóa,commerce_distribution_erp_scenario_v1,LIGHTBI_SCENARIO_ENTITY_001,VND,all_declared_accounting_money_columns,Asia/Ho_Chi_Minh,authentic_anchored_semi_synthetic_evidence,sample data/Accounting_ERP_May_2026.csv,3c59da1c10c67ab974dfd204b737402aff1c28d748665949942579fb5fb1a2fd,1166,1.0.0
INV20260501166,JV20260501166,SO20260501166,2026-05-04,HCM-Q1,NV030,Ví điện tử,TV-EB02E5,TV,"Sony 65""",Mitsubishi,2,29457195,0.04,56557814,0.08,4524625,61082439,23595000,47190000,9367814,0.1656,61082439,56557814,4524625,47190000,47190000,131-Phải thu khách hàng,511-Doanh thu bán hàng,3331-Thuế GTGT đầu ra,632-Giá vốn hàng bán,156-Hàng hóa,commerce_distribution_erp_scenario_v1,LIGHTBI_SCENARIO_ENTITY_001,VND,all_declared_accounting_money_columns,Asia/Ho_Chi_Minh,authentic_anchored_semi_synthetic_evidence,sample data/Accounting_ERP_May_2026.csv,3c59da1c10c67ab974dfd204b737402aff1c28d748665949942579fb5fb1a2fd,1167,1.0.0
INV20260501167,JV20260501167,SO20260501167,2026-05-18,HN-CG,NV022,Chuyển khoản,TV-7839D5,TV,"TCL 50""",Xiaomi,3,34598554,0.14,89264269,0.08,7141141,96405410,30136000,90408000,-1143731,-0.0128,96405410,89264269,7141141,90408000,90408000,131-Phải thu khách hàng,511-Doanh thu bán hàng,3331-Thuế GTGT đầu ra,632-Giá vốn hàng bán,156-Hàng hóa,commerce_distribution_erp_scenario_v1,LIGHTBI_SCENARIO_ENTITY_001,VND,all_declared_accounting_money_columns,Asia/Ho_Chi_Minh,authentic_anchored_semi_synthetic_evidence,sample data/Accounting_ERP_May_2026.csv,3c59da1c10c67ab974dfd204b737402aff1c28d748665949942579fb5fb1a2fd,1168,1.0.0
INV20260501168,JV20260501168,SO20260501168,2026-05-23,BD-TDM,NV006,Tiền mặt,RF-3465A9,Tủ lạnh,Aqua 250L,Samsung,2,16204437,0.04,31112519,0.08,2489001,33601520,13712000,27424000,3688519,0.1186,33601520,31112519,2489001,27424000,27424000,131-Phải thu khách hàng,511-Doanh thu bán hàng,3331-Thuế GTGT đầu ra,632-Giá vốn hàng bán,156-Hàng hóa,commerce_distribution_erp_scenario_v1,LIGHTBI_SCENARIO_ENTITY_001,VND,all_declared_accounting_money_columns,Asia/Ho_Chi_Minh,authentic_anchored_semi_synthetic_evidence,sample data/Accounting_ERP_May_2026.csv,3c59da1c10c67ab974dfd204b737402aff1c28d748665949942579fb5fb1a2fd,1169,1.0.0
INV20260501169,JV20260501169,SO20260501169,2026-05-23,HCM-TB,NV004,Ví điện tử,KT-E95C23,Ấm siêu tốc,Philips,Sunhouse,2,880251,0.09,1602056,0.08,128164,1730220,550000,1100000,502056,0.3134,1730220,1602056,128164,1100000,1100000,131-Phải thu khách hàng,511-Doanh thu bán hàng,3331-Thuế GTGT đầu ra,632-Giá vốn hàng bán,156-Hàng hóa,commerce_distribution_erp_scenario_v1,LIGHTBI_SCENARIO_ENTITY_001,VND,all_declared_accounting_money_columns,Asia/Ho_Chi_Minh,authentic_anchored_semi_synthetic_evidence,sample data/Accounting_ERP_May_2026.csv,3c59da1c10c67ab974dfd204b737402aff1c28d748665949942579fb5fb1a2fd,1170,1.0.0
INV20260501170,JV20260501170,SO20260501170,2026-05-30,HCM-Q7,NV010,Trả góp,WM-B2AB72,Máy giặt,Toshiba 9kg,Casper,3,4908949,0.17,12223283,0.08,977862,13201145,3608000,10824000,1399283,0.1145,13201145,12223283,977862,10824000,10824000,131-Phải thu khách hàng,511-Doanh thu bán hàng,3331-Thuế GTGT đầu ra,632-Giá vốn hàng bán,156-Hàng hóa,commerce_distribution_erp_scenario_v1,LIGHTBI_SCENARIO_ENTITY_001,VND,all_declared_accounting_money_columns,Asia/Ho_Chi_Minh,authentic_anchored_semi_synthetic_evidence,sample data/Accounting_ERP_May_2026.csv,3c59da1c10c67ab974dfd204b737402aff1c28d748665949942579fb5fb1a2fd,1171,1.0.0
INV20260501171,JV20260501171,SO20260501171,2026-05-04,HCM-Q1,NV018,Tiền mặt,RC-18F162,Nồi cơm,Sharp 1.8L,Toshiba,2,1923584,0.13,3347036,0.08,267762,3614798,1254000,2508000,839036,0.2507,3614798,3347036,267762,2508000,2508000,131-Phải thu khách hàng,511-Doanh thu bán hàng,3331-Thuế GTGT đầu ra,632-Giá vốn hàng bán,156-Hàng hóa,commerce_distribution_erp_scenario_v1,LIGHTBI_SCENARIO_ENTITY_001,VND,all_declared_accounting_money_columns,Asia/Ho_Chi_Minh,authentic_anchored_semi_synthetic_evidence,sample data/Accounting_ERP_May_2026.csv,3c59da1c10c67ab974dfd204b737402aff1c28d748665949942579fb5fb1a2fd,1172,1.0.0
INV20260501172,JV20260501172,SO20260501172,2026-05-31,HCM-TB,NV014,Tiền mặt,RF-3FC132,Tủ lạnh,LG 420L,Daikin,3,23707340,0.17,59031276,0.08,4722502,63753778,18655000,55965000,3066276,0.0519,63753778,59031276,4722502,55965000,55965000,131-Phải thu khách hàng,511-Doanh thu bán hàng,3331-Thuế GTGT đầu ra,632-Giá vốn hàng bán,156-Hàng hóa,commerce_distribution_erp_scenario_v1,LIGHTBI_SCENARIO_ENTITY_001,VND,all_declared_accounting_money_columns,Asia/Ho_Chi_Minh,authentic_anchored_semi_synthetic_evidence,sample data/Accounting_ERP_May_2026.csv,3c59da1c10c67ab974dfd204b737402aff1c28d748665949942579fb5fb1a2fd,1173,1.0.0
INV20260501173,JV20260501173,SO20260501173,2026-05-26,HCM-Q7,NV021,Chuyển khoản,TV-7BBB2A,TV,"TCL 50""",Aqua,1,18189879,0.19,14733801,0.08,1178704,15912505,14742000,14742000,-8199,-0.0006,15912505,14733801,1178704,14742000,14742000,131-Phải thu khách hàng,511-Doanh thu bán hàng,3331-Thuế GTGT đầu ra,632-Giá vốn hàng bán,156-Hàng hóa,commerce_distribution_erp_scenario_v1,LIGHTBI_SCENARIO_ENTITY_001,VND,all_declared_accounting_money_columns,Asia/Ho_Chi_Minh,authentic_anchored_semi_synthetic_evidence,sample data/Accounting_ERP_May_2026.csv,3c59da1c10c67ab974dfd204b737402aff1c28d748665949942579fb5fb1a2fd,1174,1.0.0
INV20260501174,JV20260501174,SO20260501174,2026-05-20,HCM-Q1,NV029,Thẻ,AC-9EB347,Máy lạnh,Panasonic 1.5HP,Xiaomi,2,14606771,0.0,29213542,0.08,2337083,31550625,11595000,23190000,6023542,0.2062,31550625,29213542,2337083,23190000,23190000,131-Phải thu khách hàng,511-Doanh thu bán hàng,3331-Thuế GTGT đầu ra,632-Giá vốn hàng bán,156-Hàng hóa,commerce_distribution_erp_scenario_v1,LIGHTBI_SCENARIO_ENTITY_001,VND,all_declared_accounting_money_columns,Asia/Ho_Chi_Minh,authentic_anchored_semi_synthetic_evidence,sample data/Accounting_ERP_May_2026.csv,3c59da1c10c67ab974dfd204b737402aff1c28d748665949942579fb5fb1a2fd,1175,1.0.0
INV20260501175,JV20260501175,SO20260501175,2026-05-07,HCM-TB,NV025,Trả góp,WM-694A64,Máy giặt,Toshiba 9kg,Mitsubishi,1,14319544,0.18,11742026,0.08,939362,12681388,12087000,12087000,-344974,-0.0294,12681388,11742026,939362,12087000,12087000,131-Phải thu khách hàng,511-Doanh thu bán hàng,3331-Thuế GTGT đầu ra,632-Giá vốn hàng bán,156-Hàng hóa,commerce_distribution_erp_scenario_v1,LIGHTBI_SCENARIO_ENTITY_001,VND,all_declared_accounting_money_columns,Asia/Ho_Chi_Minh,authentic_anchored_semi_synthetic_evidence,sample data/Accounting_ERP_May_2026.csv,3c59da1c10c67ab974dfd204b737402aff1c28d748665949942579fb5fb1a2fd,1176,1.0.0
INV20260501176,JV20260501176,SO20260501176,2026-05-23,HCM-TB,NV026,Trả góp,VC-4F893C,Máy hút bụi,Dyson V8,Daikin,1,11938222,0.14,10266870,0.08,821349,11088219,8855000,8855000,1411870,0.1375,11088219,10266870,821349,8855000,8855000,131-Phải thu khách hàng,511-Doanh thu bán hàng,3331-Thuế GTGT đầu ra,632-Giá vốn hàng bán,156-Hàng hóa,commerce_distribution_erp_scenario_v1,LIGHTBI_SCENARIO_ENTITY_001,VND,all_declared_accounting_money_columns,Asia/Ho_Chi_Minh,authentic_anchored_semi_synthetic_evidence,sample data/Accounting_ERP_May_2026.csv,3c59da1c10c67ab974dfd204b737402aff1c28d748665949942579fb5fb1a2fd,1177,1.0.0
INV20260501177,JV20260501177,SO20260501177,2026-05-01,CT-NK,NV008,Chuyển khoản,WM-0D19E6,Máy giặt,Toshiba 9kg,Samsung,1,7730895,0.04,7421659,0.08,593732,8015391,6420000,6420000,1001659,0.135,8015391,7421659,593732,6420000,6420000,131-Phải thu khách hàng,511-Doanh thu bán hàng,3331-Thuế GTGT đầu ra,632-Giá vốn hàng bán,156-Hàng hóa,commerce_distribution_erp_scenario_v1,LIGHTBI_SCENARIO_ENTITY_001,VND,all_declared_accounting_money_columns,Asia/Ho_Chi_Minh,authentic_anchored_semi_synthetic_evidence,sample data/Accounting_ERP_May_2026.csv,3c59da1c10c67ab974dfd204b737402aff1c28d748665949942579fb5fb1a2fd,1178,1.0.0
INV20260501178,JV20260501178,SO20260501178,2026-05-01,BD-TDM,NV005,Tiền mặt,BL-8778AF,Máy xay,Philips Blender,Mitsubishi,1,2465920,0.08,2268646,0.08,181491,2450137,1564000,1564000,704646,0.3106,2450137,2268646,181491,1564000,1564000,131-Phải thu khách hàng,511-Doanh thu bán hàng,3331-Thuế GTGT đầu ra,632-Giá vốn hàng bán,156-Hàng hóa,commerce_distribution_erp_scenario_v1,LIGHTBI_SCENARIO_ENTITY_001,VND,all_declared_accounting_money_columns,Asia/Ho_Chi_Minh,authentic_anchored_semi_synthetic_evidence,sample data/Accounting_ERP_May_2026.csv,3c59da1c10c67ab974dfd204b737402aff1c28d748665949942579fb5fb1a2fd,1179,1.0.0
INV20260501179,JV20260501179,SO20260501179,2026-05-15,BD-TDM,NV011,Chuyển khoản,AC-3E9D78,Máy lạnh,Mitsubishi 1.5HP,Electrolux,2,10227619,0.07,19023371,0.08,1521869,20545240,8073000,16146000,2877371,0.1513,20545240,19023371,1521869,16146000,16146000,131-Phải thu khách hàng,511-Doanh thu bán hàng,3331-Thuế GTGT đầu ra,632-Giá vốn hàng bán,156-Hàng hóa,commerce_distribution_erp_scenario_v1,LIGHTBI_SCENARIO_ENTITY_001,VND,all_declared_accounting_money_columns,Asia/Ho_Chi_Minh,authentic_anchored_semi_synthetic_evidence,sample data/Accounting_ERP_May_2026.csv,3c59da1c10c67ab974dfd204b737402aff1c28d748665949942579fb5fb1a2fd,1180,1.0.0
INV20260501180,JV20260501180,SO20260501180,2026-05-24,HN-CG,NV008,Trả góp,AC-7543C2,Máy lạnh,Casper 1HP,Panasonic,2,17895747,0.12,31496514,0.08,2519721,34016235,14731000,29462000,2034514,0.0646,34016235,31496514,2519721,29462000,29462000,131-Phải thu khách hàng,511-Doanh thu bán hàng,3331-Thuế GTGT đầu ra,632-Giá vốn hàng bán,156-Hàng hóa,commerce_distribution_erp_scenario_v1,LIGHTBI_SCENARIO_ENTITY_001,VND,all_declared_accounting_money_columns,Asia/Ho_Chi_Minh,authentic_anchored_semi_synthetic_evidence,sample data/Accounting_ERP_May_2026.csv,3c59da1c10c67ab974dfd204b737402aff1c28d748665949942579fb5fb1a2fd,1181,1.0.0
INV20260501181,JV20260501181,SO20260501181,2026-05-03,BD-TDM,NV010,Trả góp,TV-2A62F7,TV,"TCL 50""",Casper,1,28798490,0.04,27646550,0.08,2211724,29858274,24875000,24875000,2771550,0.1002,29858274,27646550,2211724,24875000,24875000,131-Phải thu khách hàng,511-Doanh thu bán hàng,3331-Thuế GTGT đầu ra,632-Giá vốn hàng bán,156-Hàng hóa,commerce_distribution_erp_scenario_v1,LIGHTBI_SCENARIO_ENTITY_001,VND,all_declared_accounting_money_columns,Asia/Ho_Chi_Minh,authentic_anchored_semi_synthetic_evidence,sample data/Accounting_ERP_May_2026.csv,3c59da1c10c67ab974dfd204b737402aff1c28d748665949942579fb5fb1a2fd,1182,1.0.0
INV20260501182,JV20260501182,SO20260501182,2026-05-27,DN-HC,NV029,Chuyển khoản,AC-A7840C,Máy lạnh,Mitsubishi 1.5HP,Panasonic,2,16567639,0.05,31478514,0.08,2518281,33996795,12428000,24856000,6622514,0.2104,33996795,31478514,2518281,24856000,24856000,131-Phải thu khách hàng,511-Doanh thu bán hàng,3331-Thuế GTGT đầu ra,632-Giá vốn hàng bán,156-Hàng hóa,commerce_distribution_erp_scenario_v1,LIGHTBI_SCENARIO_ENTITY_001,VND,all_declared_accounting_money_columns,Asia/Ho_Chi_Minh,authentic_anchored_semi_synthetic_evidence,sample data/Accounting_ERP_May_2026.csv,3c59da1c10c67ab974dfd204b737402aff1c28d748665949942579fb5fb1a2fd,1183,1.0.0
INV20260501183,JV20260501183,SO20260501183,2026-05-18,BD-TDM,NV030,Thẻ,RF-37AAE4,Tủ lạnh,LG 420L,Philips,1,6539921,0.17,5428134,0.08,434250,5862384,5129000,5129000,299134,0.0551,5862384,5428134,434250,5129000,5129000,131-Phải thu khách hàng,511-Doanh thu bán hàng,3331-Thuế GTGT đầu ra,632-Giá vốn hàng bán,156-Hàng hóa,commerce_distribution_erp_scenario_v1,LIGHTBI_SCENARIO_ENTITY_001,VND,all_declared_accounting_money_columns,Asia/Ho_Chi_Minh,authentic_anchored_semi_synthetic_evidence,sample data/Accounting_ERP_May_2026.csv,3c59da1c10c67ab974dfd204b737402aff1c28d748665949942579fb5fb1a2fd,1184,1.0.0
INV20260501184,JV20260501184,SO20260501184,2026-05-23,CT-NK,NV001,Chuyển khoản,BL-267545,Máy xay,Panasonic Blender,Cuckoo,2,2524005,0.05,4795609,0.08,383648,5179257,1650000,3300000,1495609,0.3119,5179257,4795609,383648,3300000,3300000,131-Phải thu khách hàng,511-Doanh thu bán hàng,3331-Thuế GTGT đầu ra,632-Giá vốn hàng bán,156-Hàng hóa,commerce_distribution_erp_scenario_v1,LIGHTBI_SCENARIO_ENTITY_001,VND,all_declared_accounting_money_columns,Asia/Ho_Chi_Minh,authentic_anchored_semi_synthetic_evidence,sample data/Accounting_ERP_May_2026.csv,3c59da1c10c67ab974dfd204b737402aff1c28d748665949942579fb5fb1a2fd,1185,1.0.0
INV20260501185,JV20260501185,SO20260501185,2026-05-13,HCM-Q1,NV021,Trả góp,KT-80B935,Ấm siêu tốc,Kangaroo,LG,2,735784,0.16,1236117,0.08,98889,1335006,432000,864000,372117,0.301,1335006,1236117,98889,864000,864000,131-Phải thu khách hàng,511-Doanh thu bán hàng,3331-Thuế GTGT đầu ra,632-Giá vốn hàng bán,156-Hàng hóa,commerce_distribution_erp_scenario_v1,LIGHTBI_SCENARIO_ENTITY_001,VND,all_declared_accounting_money_columns,Asia/Ho_Chi_Minh,authentic_anchored_semi_synthetic_evidence,sample data/Accounting_ERP_May_2026.csv,3c59da1c10c67ab974dfd204b737402aff1c28d748665949942579fb5fb1a2fd,1186,1.0.0
INV20260501186,JV20260501186,SO20260501186,2026-05-15,DN-HC,NV030,Thẻ,VC-9C3BA7,Máy hút bụi,Xiaomi G10,Xiaomi,1,3872726,0.13,3369271,0.08,269541,3638812,2474000,2474000,895271,0.2657,3638812,3369271,269541,2474000,2474000,131-Phải thu khách hàng,511-Doanh thu bán hàng,3331-Thuế GTGT đầu ra,632-Giá vốn hàng bán,156-Hàng hóa,commerce_distribution_erp_scenario_v1,LIGHTBI_SCENARIO_ENTITY_001,VND,all_declared_accounting_money_columns,Asia/Ho_Chi_Minh,authentic_anchored_semi_synthetic_evidence,sample data/Accounting_ERP_May_2026.csv,3c59da1c10c67ab974dfd204b737402aff1c28d748665949942579fb5fb1a2fd,1187,1.0.0
INV20260501187,JV20260501187,SO20260501187,2026-05-08,HN-CG,NV022,Trả góp,TV-469414,TV,"Sony 65""",LG,2,20158523,0.19,32656807,0.08,2612544,35269351,15777000,31554000,1102807,0.0338,35269351,32656807,2612544,31554000,31554000,131-Phải thu khách hàng,511-Doanh thu bán hàng,3331-Thuế GTGT đầu ra,632-Giá vốn hàng bán,156-Hàng hóa,commerce_distribution_erp_scenario_v1,LIGHTBI_SCENARIO_ENTITY_001,VND,all_declared_accounting_money_columns,Asia/Ho_Chi_Minh,authentic_anchored_semi_synthetic_evidence,sample data/Accounting_ERP_May_2026.csv,3c59da1c10c67ab974dfd204b737402aff1c28d748665949942579fb5fb1a2fd,1188,1.0.0
INV20260501188,JV20260501188,SO20260501188,2026-05-08,HCM-TB,NV026,Ví điện tử,VC-B567E6,Máy hút bụi,Philips FC,Cuckoo,2,4353674,0.14,7488319,0.08,599065,8087384,2799000,5598000,1890319,0.2524,8087384,7488319,599065,5598000,5598000,131-Phải thu khách hàng,511-Doanh thu bán hàng,3331-Thuế GTGT đầu ra,632-Giá vốn hàng bán,156-Hàng hóa,commerce_distribution_erp_scenario_v1,LIGHTBI_SCENARIO_ENTITY_001,VND,all_declared_accounting_money_columns,Asia/Ho_Chi_Minh,authentic_anchored_semi_synthetic_evidence,sample data/Accounting_ERP_May_2026.csv,3c59da1c10c67ab974dfd204b737402aff1c28d748665949942579fb5fb1a2fd,1189,1.0.0
INV20260501189,JV20260501189,SO20260501189,2026-05-17,DN-HC,NV026,Chuyển khoản,FN-A4A668,Quạt,Asia,Cuckoo,2,1773443,0.04,3405010,0.08,272400,3677410,1008000,2016000,1389010,0.4079,3677410,3405010,272400,2016000,2016000,131-Phải thu khách hàng,511-Doanh thu bán hàng,3331-Thuế GTGT đầu ra,632-Giá vốn hàng bán,156-Hàng hóa,commerce_distribution_erp_scenario_v1,LIGHTBI_SCENARIO_ENTITY_001,VND,all_declared_accounting_money_columns,Asia/Ho_Chi_Minh,authentic_anchored_semi_synthetic_evidence,sample data/Accounting_ERP_May_2026.csv,3c59da1c10c67ab974dfd204b737402aff1c28d748665949942579fb5fb1a2fd,1190,1.0.0
INV20260501190,JV20260501190,SO20260501190,2026-05-18,HCM-TB,NV007,Chuyển khoản,RC-3C975D,Nồi cơm,Panasonic 1.8L,Samsung,2,2460469,0.12,4330425,0.08,346434,4676859,1811000,3622000,708425,0.1636,4676859,4330425,346434,3622000,3622000,131-Phải thu khách hàng,511-Doanh thu bán hàng,3331-Thuế GTGT đầu ra,632-Giá vốn hàng bán,156-Hàng hóa,commerce_distribution_erp_scenario_v1,LIGHTBI_SCENARIO_ENTITY_001,VND,all_declared_accounting_money_columns,Asia/Ho_Chi_Minh,authentic_anchored_semi_synthetic_evidence,sample data/Accounting_ERP_May_2026.csv,3c59da1c10c67ab974dfd204b737402aff1c28d748665949942579fb5fb1a2fd,1191,1.0.0
INV20260501191,JV20260501191,SO20260501191,2026-05-12,HCM-Q1,NV002,Thẻ,BL-A4802F,Máy xay,Philips Blender,Daikin,1,1161413,0.01,1149798,0.08,91983,1241781,821000,821000,328798,0.286,1241781,1149798,91983,821000,821000,131-Phải thu khách hàng,511-Doanh thu bán hàng,3331-Thuế GTGT đầu ra,632-Giá vốn hàng bán,156-Hàng hóa,commerce_distribution_erp_scenario_v1,LIGHTBI_SCENARIO_ENTITY_001,VND,all_declared_accounting_money_columns,Asia/Ho_Chi_Minh,authentic_anchored_semi_synthetic_evidence,sample data/Accounting_ERP_May_2026.csv,3c59da1c10c67ab974dfd204b737402aff1c28d748665949942579fb5fb1a2fd,1192,1.0.0
INV20260501192,JV20260501192,SO20260501192,2026-05-03,CT-NK,NV007,Chuyển khoản,VC-933DDD,Máy hút bụi,Philips FC,Sharp,1,9254988,0.16,7774189,0.08,621935,8396124,6206000,6206000,1568189,0.2017,8396124,7774189,621935,6206000,6206000,131-Phải thu khách hàng,511-Doanh thu bán hàng,3331-Thuế GTGT đầu ra,632-Giá vốn hàng bán,156-Hàng hóa,commerce_distribution_erp_scenario_v1,LIGHTBI_SCENARIO_ENTITY_001,VND,all_declared_accounting_money_columns,Asia/Ho_Chi_Minh,authentic_anchored_semi_synthetic_evidence,sample data/Accounting_ERP_May_2026.csv,3c59da1c10c67ab974dfd204b737402aff1c28d748665949942579fb5fb1a2fd,1193,1.0.0
INV20260501193,JV20260501193,SO20260501193,2026-05-31,DN-HC,NV004,Tiền mặt,VC-FA3352,Máy hút bụi,Dyson V8,Aqua,2,10774748,0.09,19610041,0.08,1568803,21178844,7152000,14304000,5306041,0.2706,21178844,19610041,1568803,14304000,14304000,131-Phải thu khách hàng,511-Doanh thu bán hàng,3331-Thuế GTGT đầu ra,632-Giá vốn hàng bán,156-Hàng hóa,commerce_distribution_erp_scenario_v1,LIGHTBI_SCENARIO_ENTITY_001,VND,all_declared_accounting_money_columns,Asia/Ho_Chi_Minh,authentic_anchored_semi_synthetic_evidence,sample data/Accounting_ERP_May_2026.csv,3c59da1c10c67ab974dfd204b737402aff1c28d748665949942579fb5fb1a2fd,1194,1.0.0
INV20260501194,JV20260501194,SO20260501194,2026-05-30,HCM-Q7,NV028,Ví điện tử,RC-73BA31,Nồi cơm,Cuckoo 1.8L,Toshiba,2,2554416,0.07,4751213,0.08,380097,5131310,1736000,3472000,1279213,0.2692,5131310,4751213,380097,3472000,3472000,131-Phải thu khách hàng,511-Doanh thu bán hàng,3331-Thuế GTGT đầu ra,632-Giá vốn hàng bán,156-Hàng hóa,commerce_distribution_erp_scenario_v1,LIGHTBI_SCENARIO_ENTITY_001,VND,all_declared_accounting_money_columns,Asia/Ho_Chi_Minh,authentic_anchored_semi_synthetic_evidence,sample data/Accounting_ERP_May_2026.csv,3c59da1c10c67ab974dfd204b737402aff1c28d748665949942579fb5fb1a2fd,1195,1.0.0
INV20260501195,JV20260501195,SO20260501195,2026-05-01,HCM-Q7,NV015,Tiền mặt,KT-54AD13,Ấm siêu tốc,Philips,Samsung,1,684381,0.12,602255,0.08,48180,650435,483000,483000,119255,0.198,650435,602255,48180,483000,483000,131-Phải thu khách hàng,511-Doanh thu bán hàng,3331-Thuế GTGT đầu ra,632-Giá vốn hàng bán,156-Hàng hóa,commerce_distribution_erp_scenario_v1,LIGHTBI_SCENARIO_ENTITY_001,VND,all_declared_accounting_money_columns,Asia/Ho_Chi_Minh,authentic_anchored_semi_synthetic_evidence,sample data/Accounting_ERP_May_2026.csv,3c59da1c10c67ab974dfd204b737402aff1c28d748665949942579fb5fb1a2fd,1196,1.0.0
INV20260501196,JV20260501196,SO20260501196,2026-05-28,DN-HC,NV012,Thẻ,TV-65942A,TV,"Sony 65""",Toshiba,2,17150997,0.14,29499714,0.08,2359977,31859691,14700000,29400000,99714,0.0034,31859691,29499714,2359977,29400000,29400000,131-Phải thu khách hàng,511-Doanh thu bán hàng,3331-Thuế GTGT đầu ra,632-Giá vốn hàng bán,156-Hàng hóa,commerce_distribution_erp_scenario_v1,LIGHTBI_SCENARIO_ENTITY_001,VND,all_declared_accounting_money_columns,Asia/Ho_Chi_Minh,authentic_anchored_semi_synthetic_evidence,sample data/Accounting_ERP_May_2026.csv,3c59da1c10c67ab974dfd204b737402aff1c28d748665949942579fb5fb1a2fd,1197,1.0.0
INV20260501197,JV20260501197,SO20260501197,2026-05-03,HCM-TB,NV023,Tiền mặt,TV-6DF2DA,TV,"TCL 50""",Electrolux,1,33504338,0.16,28143643,0.08,2251491,30395134,28457000,28457000,-313357,-0.0111,30395134,28143643,2251491,28457000,28457000,131-Phải thu khách hàng,511-Doanh thu bán hàng,3331-Thuế GTGT đầu ra,632-Giá vốn hàng bán,156-Hàng hóa,commerce_distribution_erp_scenario_v1,LIGHTBI_SCENARIO_ENTITY_001,VND,all_declared_accounting_money_columns,Asia/Ho_Chi_Minh,authentic_anchored_semi_synthetic_evidence,sample data/Accounting_ERP_May_2026.csv,3c59da1c10c67ab974dfd204b737402aff1c28d748665949942579fb5fb1a2fd,1198,1.0.0
INV20260501198,JV20260501198,SO20260501198,2026-05-04,CT-NK,NV026,Thẻ,TV-CC162B,TV,"TCL 50""",Sharp,2,14755273,0.0,29510546,0.08,2360843,31871389,11762000,23524000,5986546,0.2029,31871389,29510546,2360843,23524000,23524000,131-Phải thu khách hàng,511-Doanh thu bán hàng,3331-Thuế GTGT đầu ra,632-Giá vốn hàng bán,156-Hàng hóa,commerce_distribution_erp_scenario_v1,LIGHTBI_SCENARIO_ENTITY_001,VND,all_declared_accounting_money_columns,Asia/Ho_Chi_Minh,authentic_anchored_semi_synthetic_evidence,sample data/Accounting_ERP_May_2026.csv,3c59da1c10c67ab974dfd204b737402aff1c28d748665949942579fb5fb1a2fd,1199,1.0.0
INV20260501199,JV20260501199,SO20260501199,2026-05-15,HCM-Q7,NV024,Chuyển khoản,TV-65B17D,TV,"Sony 65""",Samsung,1,34126685,0.19,27642614,0.08,2211409,29854023,29920000,29920000,-2277386,-0.0824,29854023,27642614,2211409,29920000,29920000,131-Phải thu khách hàng,511-Doanh thu bán hàng,3331-Thuế GTGT đầu ra,632-Giá vốn hàng bán,156-Hàng hóa,commerce_distribution_erp_scenario_v1,LIGHTBI_SCENARIO_ENTITY_001,VND,all_declared_accounting_money_columns,Asia/Ho_Chi_Minh,authentic_anchored_semi_synthetic_evidence,sample data/Accounting_ERP_May_2026.csv,3c59da1c10c67ab974dfd204b737402aff1c28d748665949942579fb5fb1a2fd,1200,1.0.0
INV20260501200,JV20260501200,SO20260501200,2026-05-17,HN-CG,NV020,Chuyển khoản,RF-CAB84B,Tủ lạnh,Samsung Inverter 350L,Senko,3,17639173,0.02,51859168,0.08,4148733,56007901,14831000,44493000,7366168,0.142,56007901,51859168,4148733,44493000,44493000,131-Phải thu khách hàng,511-Doanh thu bán hàng,3331-Thuế GTGT đầu ra,632-Giá vốn hàng bán,156-Hàng hóa,commerce_distribution_erp_scenario_v1,LIGHTBI_SCENARIO_ENTITY_001,VND,all_declared_accounting_money_columns,Asia/Ho_Chi_Minh,authentic_anchored_semi_synthetic_evidence,sample data/Accounting_ERP_May_2026.csv,3c59da1c10c67ab974dfd204b737402aff1c28d748665949942579fb5fb1a2fd,1201,1.0.0
INV20260501201,JV20260501201,SO20260501201,2026-05-25,DN-HC,NV008,Ví điện tử,RC-C7DE50,Nồi cơm,Cuckoo 1.8L,Cuckoo,2,2489757,0.16,4182791,0.08,334623,4517414,1706000,3412000,770791,0.1843,4517414,4182791,334623,3412000,3412000,131-Phải thu khách hàng,511-Doanh thu bán hàng,3331-Thuế GTGT đầu ra,632-Giá vốn hàng bán,156-Hàng hóa,commerce_distribution_erp_scenario_v1,LIGHTBI_SCENARIO_ENTITY_001,VND,all_declared_accounting_money_columns,Asia/Ho_Chi_Minh,authentic_anchored_semi_synthetic_evidence,sample data/Accounting_ERP_May_2026.csv,3c59da1c10c67ab974dfd204b737402aff1c28d748665949942579fb5fb1a2fd,1202,1.0.0
INV20260501202,JV20260501202,SO20260501202,2026-05-04,HCM-Q1,NV013,Chuyển khoản,RC-5D6078,Nồi cơm,Cuckoo 1.8L,Sunhouse,3,1216387,0.09,3320736,0.08,265658,3586394,909000,2727000,593736,0.1788,3586394,3320736,265658,2727000,2727000,131-Phải thu khách hàng,511-Doanh thu bán hàng,3331-Thuế GTGT đầu ra,632-Giá vốn hàng bán,156-Hàng hóa,commerce_distribution_erp_scenario_v1,LIGHTBI_SCENARIO_ENTITY_001,VND,all_declared_accounting_money_columns,Asia/Ho_Chi_Minh,authentic_anchored_semi_synthetic_evidence,sample data/Accounting_ERP_May_2026.csv,3c59da1c10c67ab974dfd204b737402aff1c28d748665949942579fb5fb1a2fd,1203,1.0.0
INV20260501203,JV20260501203,SO20260501203,2026-05-31,HN-CG,NV016,Trả góp,TV-8A011F,TV,LG OLED 48,Philips,1,20936311,0.03,20308221,0.08,1624657,21932878,18219000,18219000,2089221,0.1029,21932878,20308221,1624657,18219000,18219000,131-Phải thu khách hàng,511-Doanh thu bán hàng,3331-Thuế GTGT đầu ra,632-Giá vốn hàng bán,156-Hàng hóa,commerce_distribution_erp_scenario_v1,LIGHTBI_SCENARIO_ENTITY_001,VND,all_declared_accounting_money_columns,Asia/Ho_Chi_Minh,authentic_anchored_semi_synthetic_evidence,sample data/Accounting_ERP_May_2026.csv,3c59da1c10c67ab974dfd204b737402aff1c28d748665949942579fb5fb1a2fd,1204,1.0.0
INV20260501204,JV20260501204,SO20260501204,2026-05-30,BD-TDM,NV023,Trả góp,MW-5F52F7,Lò vi sóng,Sharp 20L,Toshiba,1,5288679,0.03,5130018,0.08,410401,5540419,4045000,4045000,1085018,0.2115,5540419,5130018,410401,4045000,4045000,131-Phải thu khách hàng,511-Doanh thu bán hàng,3331-Thuế GTGT đầu ra,632-Giá vốn hàng bán,156-Hàng hóa,commerce_distribution_erp_scenario_v1,LIGHTBI_SCENARIO_ENTITY_001,VND,all_declared_accounting_money_columns,Asia/Ho_Chi_Minh,authentic_anchored_semi_synthetic_evidence,sample data/Accounting_ERP_May_2026.csv,3c59da1c10c67ab974dfd204b737402aff1c28d748665949942579fb5fb1a2fd,1205,1.0.0
INV20260501205,JV20260501205,SO20260501205,2026-05-28,HCM-Q7,NV024,Ví điện tử,MW-7ABF96,Lò vi sóng,Electrolux 23L,Panasonic,3,3936947,0.02,11574624,0.08,925969,12500593,2901000,8703000,2871624,0.2481,12500593,11574624,925969,8703000,8703000,131-Phải thu khách hàng,511-Doanh thu bán hàng,3331-Thuế GTGT đầu ra,632-Giá vốn hàng bán,156-Hàng hóa,commerce_distribution_erp_scenario_v1,LIGHTBI_SCENARIO_ENTITY_001,VND,all_declared_accounting_money_columns,Asia/Ho_Chi_Minh,authentic_anchored_semi_synthetic_evidence,sample data/Accounting_ERP_May_2026.csv,3c59da1c10c67ab974dfd204b737402aff1c28d748665949942579fb5fb1a2fd,1206,1.0.0
INV20260501206,JV20260501206,SO20260501206,2026-05-07,HN-HBT,NV010,Ví điện tử,VC-049BC9,Máy hút bụi,Xiaomi G10,Mitsubishi,1,10935701,0.11,9732773,0.08,778621,10511394,8501000,8501000,1231773,0.1266,10511394,9732773,778621,8501000,8501000,131-Phải thu khách hàng,511-Doanh thu bán hàng,3331-Thuế GTGT đầu ra,632-Giá vốn hàng bán,156-Hàng hóa,commerce_distribution_erp_scenario_v1,LIGHTBI_SCENARIO_ENTITY_001,VND,all_declared_accounting_money_columns,Asia/Ho_Chi_Minh,authentic_anchored_semi_synthetic_evidence,sample data/Accounting_ERP_May_2026.csv,3c59da1c10c67ab974dfd204b737402aff1c28d748665949942579fb5fb1a2fd,1207,1.0.0
INV20260501207,JV20260501207,SO20260501207,2026-05-12,HCM-Q7,NV010,Ví điện tử,WM-E62700,Máy giặt,Samsung 10kg,Xiaomi,3,13634212,0.13,35585293,0.08,2846823,38432116,11456000,34368000,1217293,0.0342,38432116,35585293,2846823,34368000,34368000,131-Phải thu khách hàng,511-Doanh thu bán hàng,3331-Thuế GTGT đầu ra,632-Giá vốn hàng bán,156-Hàng hóa,commerce_distribution_erp_scenario_v1,LIGHTBI_SCENARIO_ENTITY_001,VND,all_declared_accounting_money_columns,Asia/Ho_Chi_Minh,authentic_anchored_semi_synthetic_evidence,sample data/Accounting_ERP_May_2026.csv,3c59da1c10c67ab974dfd204b737402aff1c28d748665949942579fb5fb1a2fd,1208,1.0.0
INV20260501208,JV20260501208,SO20260501208,2026-05-18,HN-HBT,NV002,Ví điện tử,MW-21A949,Lò vi sóng,Panasonic 25L,Cuckoo,3,4365724,0.1,11787454,0.08,942996,12730450,2963000,8889000,2898454,0.2459,12730450,11787454,942996,8889000,8889000,131-Phải thu khách hàng,511-Doanh thu bán hàng,3331-Thuế GTGT đầu ra,632-Giá vốn hàng bán,156-Hàng hóa,commerce_distribution_erp_scenario_v1,LIGHTBI_SCENARIO_ENTITY_001,VND,all_declared_accounting_money_columns,Asia/Ho_Chi_Minh,authentic_anchored_semi_synthetic_evidence,sample data/Accounting_ERP_May_2026.csv,3c59da1c10c67ab974dfd204b737402aff1c28d748665949942579fb5fb1a2fd,1209,1.0.0
INV20260501209,JV20260501209,SO20260501209,2026-05-31,DN-HC,NV002,Chuyển khoản,FN-6CD351,Quạt,Panasonic,Aqua,3,826710,0.17,2058507,0.08,164680,2223187,523000,1569000,489507,0.2378,2223187,2058507,164680,1569000,1569000,131-Phải thu khách hàng,511-Doanh thu bán hàng,3331-Thuế GTGT đầu ra,632-Giá vốn hàng bán,156-Hàng hóa,commerce_distribution_erp_scenario_v1,LIGHTBI_SCENARIO_ENTITY_001,VND,all_declared_accounting_money_columns,Asia/Ho_Chi_Minh,authentic_anchored_semi_synthetic_evidence,sample data/Accounting_ERP_May_2026.csv,3c59da1c10c67ab974dfd204b737402aff1c28d748665949942579fb5fb1a2fd,1210,1.0.0
INV20260501210,JV20260501210,SO20260501210,2026-05-26,DN-HC,NV020,Trả góp,FN-422F6A,Quạt,Senko,Sharp,1,1985692,0.06,1866550,0.08,149324,2015874,1405000,1405000,461550,0.2473,2015874,1866550,149324,1405000,1405000,131-Phải thu khách hàng,511-Doanh thu bán hàng,3331-Thuế GTGT đầu ra,632-Giá vốn hàng bán,156-Hàng hóa,commerce_distribution_erp_scenario_v1,LIGHTBI_SCENARIO_ENTITY_001,VND,all_declared_accounting_money_columns,Asia/Ho_Chi_Minh,authentic_anchored_semi_synthetic_evidence,sample data/Accounting_ERP_May_2026.csv,3c59da1c10c67ab974dfd204b737402aff1c28d748665949942579fb5fb1a2fd,1211,1.0.0
INV20260501211,JV20260501211,SO20260501211,2026-05-20,BD-TDM,NV027,Chuyển khoản,AC-4CE3DD,Máy lạnh,Panasonic 1.5HP,Samsung,2,15353828,0.01,30400579,0.08,2432046,32832625,11700000,23400000,7000579,0.2303,32832625,30400579,2432046,23400000,23400000,131-Phải thu khách hàng,511-Doanh thu bán hàng,3331-Thuế GTGT đầu ra,632-Giá vốn hàng bán,156-Hàng hóa,commerce_distribution_erp_scenario_v1,LIGHTBI_SCENARIO_ENTITY_001,VND,all_declared_accounting_money_columns,Asia/Ho_Chi_Minh,authentic_anchored_semi_synthetic_evidence,sample data/Accounting_ERP_May_2026.csv,3c59da1c10c67ab974dfd204b737402aff1c28d748665949942579fb5fb1a2fd,1212,1.0.0
INV20260501212,JV20260501212,SO20260501212,2026-05-21,HCM-Q7,NV011,Tiền mặt,MW-806B87,Lò vi sóng,Electrolux 23L,Daikin,2,3320027,0.01,6573653,0.08,525892,7099545,2522000,5044000,1529653,0.2327,7099545,6573653,525892,5044000,5044000,131-Phải thu khách hàng,511-Doanh thu bán hàng,3331-Thuế GTGT đầu ra,632-Giá vốn hàng bán,156-Hàng hóa,commerce_distribution_erp_scenario_v1,LIGHTBI_SCENARIO_ENTITY_001,VND,all_declared_accounting_money_columns,Asia/Ho_Chi_Minh,authentic_anchored_semi_synthetic_evidence,sample data/Accounting_ERP_May_2026.csv,3c59da1c10c67ab974dfd204b737402aff1c28d748665949942579fb5fb1a2fd,1213,1.0.0
INV20260501213,JV20260501213,SO20260501213,2026-05-17,HCM-TB,NV010,Chuyển khoản,RC-1B752E,Nồi cơm,Panasonic 1.8L,Toshiba,2,2604024,0.01,5155967,0.08,412477,5568444,1761000,3522000,1633967,0.3169,5568444,5155967,412477,3522000,3522000,131-Phải thu khách hàng,511-Doanh thu bán hàng,3331-Thuế GTGT đầu ra,632-Giá vốn hàng bán,156-Hàng hóa,commerce_distribution_erp_scenario_v1,LIGHTBI_SCENARIO_ENTITY_001,VND,all_declared_accounting_money_columns,Asia/Ho_Chi_Minh,authentic_anchored_semi_synthetic_evidence,sample data/Accounting_ERP_May_2026.csv,3c59da1c10c67ab974dfd204b737402aff1c28d748665949942579fb5fb1a2fd,1214,1.0.0
INV20260501214,JV20260501214,SO20260501214,2026-05-22,HN-HBT,NV015,Thẻ,AC-D7C5BD,Máy lạnh,Daikin 1HP,Daikin,1,18000505,0.13,15660439,0.08,1252835,16913274,14657000,14657000,1003439,0.0641,16913274,15660439,1252835,14657000,14657000,131-Phải thu khách hàng,511-Doanh thu bán hàng,3331-Thuế GTGT đầu ra,632-Giá vốn hàng bán,156-Hàng hóa,commerce_distribution_erp_scenario_v1,LIGHTBI_SCENARIO_ENTITY_001,VND,all_declared_accounting_money_columns,Asia/Ho_Chi_Minh,authentic_anchored_semi_synthetic_evidence,sample data/Accounting_ERP_May_2026.csv,3c59da1c10c67ab974dfd204b737402aff1c28d748665949942579fb5fb1a2fd,1215,1.0.0
INV20260501215,JV20260501215,SO20260501215,2026-05-26,HN-HBT,NV014,Chuyển khoản,FN-077AB7,Quạt,Panasonic,Samsung,2,1254513,0.0,2509026,0.08,200722,2709748,926000,1852000,657026,0.2619,2709748,2509026,200722,1852000,1852000,131-Phải thu khách hàng,511-Doanh thu bán hàng,3331-Thuế GTGT đầu ra,632-Giá vốn hàng bán,156-Hàng hóa,commerce_distribution_erp_scenario_v1,LIGHTBI_SCENARIO_ENTITY_001,VND,all_declared_accounting_money_columns,Asia/Ho_Chi_Minh,authentic_anchored_semi_synthetic_evidence,sample data/Accounting_ERP_May_2026.csv,3c59da1c10c67ab974dfd204b737402aff1c28d748665949942579fb5fb1a2fd,1216,1.0.0
INV20260501216,JV20260501216,SO20260501216,2026-05-19,HCM-TB,NV029,Trả góp,KT-4BFC34,Ấm siêu tốc,Kangaroo,Sunhouse,3,768470,0.04,2213193,0.08,177055,2390248,549000,1647000,566193,0.2558,2390248,2213193,177055,1647000,1647000,131-Phải thu khách hàng,511-Doanh thu bán hàng,3331-Thuế GTGT đầu ra,632-Giá vốn hàng bán,156-Hàng hóa,commerce_distribution_erp_scenario_v1,LIGHTBI_SCENARIO_ENTITY_001,VND,all_declared_accounting_money_columns,Asia/Ho_Chi_Minh,authentic_anchored_semi_synthetic_evidence,sample data/Accounting_ERP_May_2026.csv,3c59da1c10c67ab974dfd204b737402aff1c28d748665949942579fb5fb1a2fd,1217,1.0.0
INV20260501217,JV20260501217,SO20260501217,2026-05-11,HN-CG,NV030,Thẻ,RC-C7DE50,Nồi cơm,Cuckoo 1.8L,Cuckoo,3,2581439,0.17,6427783,0.08,514222,6942005,1693000,5079000,1348783,0.2098,6942005,6427783,514222,5079000,5079000,131-Phải thu khách hàng,511-Doanh thu bán hàng,3331-Thuế GTGT đầu ra,632-Giá vốn hàng bán,156-Hàng hóa,commerce_distribution_erp_scenario_v1,LIGHTBI_SCENARIO_ENTITY_001,VND,all_declared_accounting_money_columns,Asia/Ho_Chi_Minh,authentic_anchored_semi_synthetic_evidence,sample data/Accounting_ERP_May_2026.csv,3c59da1c10c67ab974dfd204b737402aff1c28d748665949942579fb5fb1a2fd,1218,1.0.0
INV20260501218,JV20260501218,SO20260501218,2026-05-15,HCM-TB,NV022,Ví điện tử,TV-74BDA3,TV,LG OLED 48,Sunhouse,1,24815721,0.08,22830463,0.08,1826437,24656900,21118000,21118000,1712463,0.075,24656900,22830463,1826437,21118000,21118000,131-Phải thu khách hàng,511-Doanh thu bán hàng,3331-Thuế GTGT đầu ra,632-Giá vốn hàng bán,156-Hàng hóa,commerce_distribution_erp_scenario_v1,LIGHTBI_SCENARIO_ENTITY_001,VND,all_declared_accounting_money_columns,Asia/Ho_Chi_Minh,authentic_anchored_semi_synthetic_evidence,sample data/Accounting_ERP_May_2026.csv,3c59da1c10c67ab974dfd204b737402aff1c28d748665949942579fb5fb1a2fd,1219,1.0.0
INV20260501219,JV20260501219,SO20260501219,2026-05-29,HN-HBT,NV009,Chuyển khoản,FN-05A833,Quạt,Asia,Aqua,1,2186897,0.13,1902600,0.08,152208,2054808,1207000,1207000,695600,0.3656,2054808,1902600,152208,1207000,1207000,131-Phải thu khách hàng,511-Doanh thu bán hàng,3331-Thuế GTGT đầu ra,632-Giá vốn hàng bán,156-Hàng hóa,commerce_distribution_erp_scenario_v1,LIGHTBI_SCENARIO_ENTITY_001,VND,all_declared_accounting_money_columns,Asia/Ho_Chi_Minh,authentic_anchored_semi_synthetic_evidence,sample data/Accounting_ERP_May_2026.csv,3c59da1c10c67ab974dfd204b737402aff1c28d748665949942579fb5fb1a2fd,1220,1.0.0
INV20260501220,JV20260501220,SO20260501220,2026-05-18,CT-NK,NV014,Chuyển khoản,KT-10A77D,Ấm siêu tốc,Philips,Philips,3,759192,0.15,1935939,0.08,154875,2090814,456000,1368000,567939,0.2934,2090814,1935939,154875,1368000,1368000,131-Phải thu khách hàng,511-Doanh thu bán hàng,3331-Thuế GTGT đầu ra,632-Giá vốn hàng bán,156-Hàng hóa,commerce_distribution_erp_scenario_v1,LIGHTBI_SCENARIO_ENTITY_001,VND,all_declared_accounting_money_columns,Asia/Ho_Chi_Minh,authentic_anchored_semi_synthetic_evidence,sample data/Accounting_ERP_May_2026.csv,3c59da1c10c67ab974dfd204b737402aff1c28d748665949942579fb5fb1a2fd,1221,1.0.0
INV20260501221,JV20260501221,SO20260501221,2026-05-17,HN-CG,NV024,Chuyển khoản,BL-653303,Máy xay,Sunhouse Blender,Philips,3,1265662,0.11,3379317,0.08,270345,3649662,697000,2091000,1288317,0.3812,3649662,3379317,270345,2091000,2091000,131-Phải thu khách hàng,511-Doanh thu bán hàng,3331-Thuế GTGT đầu ra,632-Giá vốn hàng bán,156-Hàng hóa,commerce_distribution_erp_scenario_v1,LIGHTBI_SCENARIO_ENTITY_001,VND,all_declared_accounting_money_columns,Asia/Ho_Chi_Minh,authentic_anchored_semi_synthetic_evidence,sample data/Accounting_ERP_May_2026.csv,3c59da1c10c67ab974dfd204b737402aff1c28d748665949942579fb5fb1a2fd,1222,1.0.0
INV20260501222,JV20260501222,SO20260501222,2026-05-26,HCM-Q7,NV010,Thẻ,WM-758BD9,Máy giặt,Panasonic 8.5kg,Xiaomi,3,12346112,0.05,35186419,0.08,2814913,38001332,9587000,28761000,6425419,0.1826,38001332,35186419,2814913,28761000,28761000,131-Phải thu khách hàng,511-Doanh thu bán hàng,3331-Thuế GTGT đầu ra,632-Giá vốn hàng bán,156-Hàng hóa,commerce_distribution_erp_scenario_v1,LIGHTBI_SCENARIO_ENTITY_001,VND,all_declared_accounting_money_columns,Asia/Ho_Chi_Minh,authentic_anchored_semi_synthetic_evidence,sample data/Accounting_ERP_May_2026.csv,3c59da1c10c67ab974dfd204b737402aff1c28d748665949942579fb5fb1a2fd,1223,1.0.0
INV20260501223,JV20260501223,SO20260501223,2026-05-05,HCM-Q7,NV030,Ví điện tử,RC-D3B39E,Nồi cơm,Sharp 1.8L,Sony,3,1900095,0.19,4617230,0.08,369378,4986608,1202000,3606000,1011230,0.219,4986608,4617230,369378,3606000,3606000,131-Phải thu khách hàng,511-Doanh thu bán hàng,3331-Thuế GTGT đầu ra,632-Giá vốn hàng bán,156-Hàng hóa,commerce_distribution_erp_scenario_v1,LIGHTBI_SCENARIO_ENTITY_001,VND,all_declared_accounting_money_columns,Asia/Ho_Chi_Minh,authentic_anchored_semi_synthetic_evidence,sample data/Accounting_ERP_May_2026.csv,3c59da1c10c67ab974dfd204b737402aff1c28d748665949942579fb5fb1a2fd,1224,1.0.0
INV20260501224,JV20260501224,SO20260501224,2026-05-25,BD-TDM,NV027,Thẻ,MW-D62048,Lò vi sóng,Panasonic 25L,Xiaomi,3,2609034,0.12,6887849,0.08,551027,7438876,1979000,5937000,950849,0.138,7438876,6887849,551027,5937000,5937000,131-Phải thu khách hàng,511-Doanh thu bán hàng,3331-Thuế GTGT đầu ra,632-Giá vốn hàng bán,156-Hàng hóa,commerce_distribution_erp_scenario_v1,LIGHTBI_SCENARIO_ENTITY_001,VND,all_declared_accounting_money_columns,Asia/Ho_Chi_Minh,authentic_anchored_semi_synthetic_evidence,sample data/Accounting_ERP_May_2026.csv,3c59da1c10c67ab974dfd204b737402aff1c28d748665949942579fb5fb1a2fd,1225,1.0.0
INV20260501225,JV20260501225,SO20260501225,2026-05-29,HCM-Q7,NV003,Tiền mặt,RF-0F4B6D,Tủ lạnh,Panasonic 300L,Aqua,3,6824087,0.02,20062815,0.08,1605025,21667840,5717000,17151000,2911815,0.1451,21667840,20062815,1605025,17151000,17151000,131-Phải thu khách hàng,511-Doanh thu bán hàng,3331-Thuế GTGT đầu ra,632-Giá vốn hàng bán,156-Hàng hóa,commerce_distribution_erp_scenario_v1,LIGHTBI_SCENARIO_ENTITY_001,VND,all_declared_accounting_money_columns,Asia/Ho_Chi_Minh,authentic_anchored_semi_synthetic_evidence,sample data/Accounting_ERP_May_2026.csv,3c59da1c10c67ab974dfd204b737402aff1c28d748665949942579fb5fb1a2fd,1226,1.0.0
INV20260501226,JV20260501226,SO20260501226,2026-05-24,HCM-TB,NV014,Tiền mặt,KT-54AD13,Ấm siêu tốc,Philips,Samsung,3,1391082,0.1,3755921,0.08,300473,4056394,775000,2325000,1430921,0.381,4056394,3755921,300473,2325000,2325000,131-Phải thu khách hàng,511-Doanh thu bán hàng,3331-Thuế GTGT đầu ra,632-Giá vốn hàng bán,156-Hàng hóa,commerce_distribution_erp_scenario_v1,LIGHTBI_SCENARIO_ENTITY_001,VND,all_declared_accounting_money_columns,Asia/Ho_Chi_Minh,authentic_anchored_semi_synthetic_evidence,sample data/Accounting_ERP_May_2026.csv,3c59da1c10c67ab974dfd204b737402aff1c28d748665949942579fb5fb1a2fd,1227,1.0.0
INV20260501227,JV20260501227,SO20260501227,2026-05-06,CT-NK,NV030,Chuyển khoản,AC-50CBA5,Máy lạnh,Daikin 1HP,Aqua,2,15308111,0.13,26636113,0.08,2130889,28767002,11576000,23152000,3484113,0.1308,28767002,26636113,2130889,23152000,23152000,131-Phải thu khách hàng,511-Doanh thu bán hàng,3331-Thuế GTGT đầu ra,632-Giá vốn hàng bán,156-Hàng hóa,commerce_distribution_erp_scenario_v1,LIGHTBI_SCENARIO_ENTITY_001,VND,all_declared_accounting_money_columns,Asia/Ho_Chi_Minh,authentic_anchored_semi_synthetic_evidence,sample data/Accounting_ERP_May_2026.csv,3c59da1c10c67ab974dfd204b737402aff1c28d748665949942579fb5fb1a2fd,1228,1.0.0
INV20260501228,JV20260501228,SO20260501228,2026-05-14,DN-HC,NV030,Trả góp,KT-4315C1,Ấm siêu tốc,Sunhouse,Aqua,1,1105655,0.16,928750,0.08,74300,1003050,703000,703000,225750,0.2431,1003050,928750,74300,703000,703000,131-Phải thu khách hàng,511-Doanh thu bán hàng,3331-Thuế GTGT đầu ra,632-Giá vốn hàng bán,156-Hàng hóa,commerce_distribution_erp_scenario_v1,LIGHTBI_SCENARIO_ENTITY_001,VND,all_declared_accounting_money_columns,Asia/Ho_Chi_Minh,authentic_anchored_semi_synthetic_evidence,sample data/Accounting_ERP_May_2026.csv,3c59da1c10c67ab974dfd204b737402aff1c28d748665949942579fb5fb1a2fd,1229,1.0.0
INV20260501229,JV20260501229,SO20260501229,2026-05-15,CT-NK,NV004,Tiền mặt,FN-4806DD,Quạt,Panasonic,Mitsubishi,1,2361880,0.12,2078454,0.08,166276,2244730,1476000,1476000,602454,0.2899,2244730,2078454,166276,1476000,1476000,131-Phải thu khách hàng,511-Doanh thu bán hàng,3331-Thuế GTGT đầu ra,632-Giá vốn hàng bán,156-Hàng hóa,commerce_distribution_erp_scenario_v1,LIGHTBI_SCENARIO_ENTITY_001,VND,all_declared_accounting_money_columns,Asia/Ho_Chi_Minh,authentic_anchored_semi_synthetic_evidence,sample data/Accounting_ERP_May_2026.csv,3c59da1c10c67ab974dfd204b737402aff1c28d748665949942579fb5fb1a2fd,1230,1.0.0
INV20260501230,JV20260501230,SO20260501230,2026-05-02,HCM-TB,NV023,Ví điện tử,WM-CFD2AA,Máy giặt,Toshiba 9kg,Philips,1,6364546,0.09,5791736,0.08,463338,6255074,5078000,5078000,713736,0.1232,6255074,5791736,463338,5078000,5078000,131-Phải thu khách hàng,511-Doanh thu bán hàng,3331-Thuế GTGT đầu ra,632-Giá vốn hàng bán,156-Hàng hóa,commerce_distribution_erp_scenario_v1,LIGHTBI_SCENARIO_ENTITY_001,VND,all_declared_accounting_money_columns,Asia/Ho_Chi_Minh,authentic_anchored_semi_synthetic_evidence,sample data/Accounting_ERP_May_2026.csv,3c59da1c10c67ab974dfd204b737402aff1c28d748665949942579fb5fb1a2fd,1231,1.0.0
INV20260501231,JV20260501231,SO20260501231,2026-05-08,DN-HC,NV026,Tiền mặt,RC-23C464,Nồi cơm,Sharp 1.8L,Xiaomi,2,598776,0.18,981992,0.08,78559,1060551,438000,876000,105992,0.1079,1060551,981992,78559,876000,876000,131-Phải thu khách hàng,511-Doanh thu bán hàng,3331-Thuế GTGT đầu ra,632-Giá vốn hàng bán,156-Hàng hóa,commerce_distribution_erp_scenario_v1,LIGHTBI_SCENARIO_ENTITY_001,VND,all_declared_accounting_money_columns,Asia/Ho_Chi_Minh,authentic_anchored_semi_synthetic_evidence,sample data/Accounting_ERP_May_2026.csv,3c59da1c10c67ab974dfd204b737402aff1c28d748665949942579fb5fb1a2fd,1232,1.0.0
INV20260501232,JV20260501232,SO20260501232,2026-05-21,CT-NK,NV015,Ví điện tử,AC-BBBEF9,Máy lạnh,Casper 1HP,Sharp,2,17018089,0.01,33695816,0.08,2695665,36391481,12036000,24072000,9623816,0.2856,36391481,33695816,2695665,24072000,24072000,131-Phải thu khách hàng,511-Doanh thu bán hàng,3331-Thuế GTGT đầu ra,632-Giá vốn hàng bán,156-Hàng hóa,commerce_distribution_erp_scenario_v1,LIGHTBI_SCENARIO_ENTITY_001,VND,all_declared_accounting_money_columns,Asia/Ho_Chi_Minh,authentic_anchored_semi_synthetic_evidence,sample data/Accounting_ERP_May_2026.csv,3c59da1c10c67ab974dfd204b737402aff1c28d748665949942579fb5fb1a2fd,1233,1.0.0
INV20260501233,JV20260501233,SO20260501233,2026-05-31,HCM-Q1,NV022,Tiền mặt,WM-4F93AF,Máy giặt,LG 9kg,Sunhouse,3,5147779,0.1,13899003,0.08,1111920,15010923,4108000,12324000,1575003,0.1133,15010923,13899003,1111920,12324000,12324000,131-Phải thu khách hàng,511-Doanh thu bán hàng,3331-Thuế GTGT đầu ra,632-Giá vốn hàng bán,156-Hàng hóa,commerce_distribution_erp_scenario_v1,LIGHTBI_SCENARIO_ENTITY_001,VND,all_declared_accounting_money_columns,Asia/Ho_Chi_Minh,authentic_anchored_semi_synthetic_evidence,sample data/Accounting_ERP_May_2026.csv,3c59da1c10c67ab974dfd204b737402aff1c28d748665949942579fb5fb1a2fd,1234,1.0.0
INV20260501234,JV20260501234,SO20260501234,2026-05-10,HN-HBT,NV004,Trả góp,RC-879C8C,Nồi cơm,Sharp 1.8L,Panasonic,2,1047907,0.04,2011981,0.08,160958,2172939,651000,1302000,709981,0.3529,2172939,2011981,160958,1302000,1302000,131-Phải thu khách hàng,511-Doanh thu bán hàng,3331-Thuế GTGT đầu ra,632-Giá vốn hàng bán,156-Hàng hóa,commerce_distribution_erp_scenario_v1,LIGHTBI_SCENARIO_ENTITY_001,VND,all_declared_accounting_money_columns,Asia/Ho_Chi_Minh,authentic_anchored_semi_synthetic_evidence,sample data/Accounting_ERP_May_2026.csv,3c59da1c10c67ab974dfd204b737402aff1c28d748665949942579fb5fb1a2fd,1235,1.0.0
INV20260501235,JV20260501235,SO20260501235,2026-05-17,HN-CG,NV021,Chuyển khoản,BL-653303,Máy xay,Sunhouse Blender,Philips,2,689541,0.15,1172219,0.08,93777,1265996,379000,758000,414219,0.3534,1265996,1172219,93777,758000,758000,131-Phải thu khách hàng,511-Doanh thu bán hàng,3331-Thuế GTGT đầu ra,632-Giá vốn hàng bán,156-Hàng hóa,commerce_distribution_erp_scenario_v1,LIGHTBI_SCENARIO_ENTITY_001,VND,all_declared_accounting_money_columns,Asia/Ho_Chi_Minh,authentic_anchored_semi_synthetic_evidence,sample data/Accounting_ERP_May_2026.csv,3c59da1c10c67ab974dfd204b737402aff1c28d748665949942579fb5fb1a2fd,1236,1.0.0
INV20260501236,JV20260501236,SO20260501236,2026-05-18,HN-HBT,NV021,Chuyển khoản,WM-781AD9,Máy giặt,Samsung 10kg,Sharp,2,14153533,0.18,23211794,0.08,1856943,25068737,11013000,22026000,1185794,0.0511,25068737,23211794,1856943,22026000,22026000,131-Phải thu khách hàng,511-Doanh thu bán hàng,3331-Thuế GTGT đầu ra,632-Giá vốn hàng bán,156-Hàng hóa,commerce_distribution_erp_scenario_v1,LIGHTBI_SCENARIO_ENTITY_001,VND,all_declared_accounting_money_columns,Asia/Ho_Chi_Minh,authentic_anchored_semi_synthetic_evidence,sample data/Accounting_ERP_May_2026.csv,3c59da1c10c67ab974dfd204b737402aff1c28d748665949942579fb5fb1a2fd,1237,1.0.0
INV20260501237,JV20260501237,SO20260501237,2026-05-06,CT-NK,NV005,Trả góp,BL-21A1FA,Máy xay,Sunhouse Blender,Electrolux,2,1827130,0.16,3069578,0.08,245566,3315144,1279000,2558000,511578,0.1667,3315144,3069578,245566,2558000,2558000,131-Phải thu khách hàng,511-Doanh thu bán hàng,3331-Thuế GTGT đầu ra,632-Giá vốn hàng bán,156-Hàng hóa,commerce_distribution_erp_scenario_v1,LIGHTBI_SCENARIO_ENTITY_001,VND,all_declared_accounting_money_columns,Asia/Ho_Chi_Minh,authentic_anchored_semi_synthetic_evidence,sample data/Accounting_ERP_May_2026.csv,3c59da1c10c67ab974dfd204b737402aff1c28d748665949942579fb5fb1a2fd,1238,1.0.0
INV20260501238,JV20260501238,SO20260501238,2026-05-11,DN-HC,NV014,Chuyển khoản,VC-4BDADC,Máy hút bụi,Philips FC,Electrolux,2,2113834,0.05,4016284,0.08,321302,4337586,1329000,2658000,1358284,0.3382,4337586,4016284,321302,2658000,2658000,131-Phải thu khách hàng,511-Doanh thu bán hàng,3331-Thuế GTGT đầu ra,632-Giá vốn hàng bán,156-Hàng hóa,commerce_distribution_erp_scenario_v1,LIGHTBI_SCENARIO_ENTITY_001,VND,all_declared_accounting_money_columns,Asia/Ho_Chi_Minh,authentic_anchored_semi_synthetic_evidence,sample data/Accounting_ERP_May_2026.csv,3c59da1c10c67ab974dfd204b737402aff1c28d748665949942579fb5fb1a2fd,1239,1.0.0
INV20260501239,JV20260501239,SO20260501239,2026-05-07,HN-CG,NV020,Tiền mặt,VC-933DDD,Máy hút bụi,Philips FC,Sharp,1,8893091,0.02,8715229,0.08,697218,9412447,6070000,6070000,2645229,0.3035,9412447,8715229,697218,6070000,6070000,131-Phải thu khách hàng,511-Doanh thu bán hàng,3331-Thuế GTGT đầu ra,632-Giá vốn hàng bán,156-Hàng hóa,commerce_distribution_erp_scenario_v1,LIGHTBI_SCENARIO_ENTITY_001,VND,all_declared_accounting_money_columns,Asia/Ho_Chi_Minh,authentic_anchored_semi_synthetic_evidence,sample data/Accounting_ERP_May_2026.csv,3c59da1c10c67ab974dfd204b737402aff1c28d748665949942579fb5fb1a2fd,1240,1.0.0
INV20260501240,JV20260501240,SO20260501240,2026-05-27,HCM-Q7,NV021,Chuyển khoản,RC-A5EAB1,Nồi cơm,Cuckoo 1.8L,Sony,1,1779119,0.08,1636789,0.08,130943,1767732,1120000,1120000,516789,0.3157,1767732,1636789,130943,1120000,1120000,131-Phải thu khách hàng,511-Doanh thu bán hàng,3331-Thuế GTGT đầu ra,632-Giá vốn hàng bán,156-Hàng hóa,commerce_distribution_erp_scenario_v1,LIGHTBI_SCENARIO_ENTITY_001,VND,all_declared_accounting_money_columns,Asia/Ho_Chi_Minh,authentic_anchored_semi_synthetic_evidence,sample data/Accounting_ERP_May_2026.csv,3c59da1c10c67ab974dfd204b737402aff1c28d748665949942579fb5fb1a2fd,1241,1.0.0
INV20260501241,JV20260501241,SO20260501241,2026-05-02,HN-CG,NV022,Chuyển khoản,BL-E08C31,Máy xay,Panasonic Blender,Philips,3,1984079,0.13,5178446,0.08,414275,5592721,1194000,3582000,1596446,0.3083,5592721,5178446,414275,3582000,3582000,131-Phải thu khách hàng,511-Doanh thu bán hàng,3331-Thuế GTGT đầu ra,632-Giá vốn hàng bán,156-Hàng hóa,commerce_distribution_erp_scenario_v1,LIGHTBI_SCENARIO_ENTITY_001,VND,all_declared_accounting_money_columns,Asia/Ho_Chi_Minh,authentic_anchored_semi_synthetic_evidence,sample data/Accounting_ERP_May_2026.csv,3c59da1c10c67ab974dfd204b737402aff1c28d748665949942579fb5fb1a2fd,1242,1.0.0
INV20260501242,JV20260501242,SO20260501242,2026-05-11,BD-TDM,NV029,Chuyển khoản,KT-4F7F55,Ấm siêu tốc,Sunhouse,Electrolux,3,1434027,0.1,3871872,0.08,309749,4181621,977000,2931000,940872,0.243,4181621,3871872,309749,2931000,2931000,131-Phải thu khách hàng,511-Doanh thu bán hàng,3331-Thuế GTGT đầu ra,632-Giá vốn hàng bán,156-Hàng hóa,commerce_distribution_erp_scenario_v1,LIGHTBI_SCENARIO_ENTITY_001,VND,all_declared_accounting_money_columns,Asia/Ho_Chi_Minh,authentic_anchored_semi_synthetic_evidence,sample data/Accounting_ERP_May_2026.csv,3c59da1c10c67ab974dfd204b737402aff1c28d748665949942579fb5fb1a2fd,1243,1.0.0
INV20260501243,JV20260501243,SO20260501243,2026-05-26,DN-HC,NV026,Ví điện tử,TV-E37EE9,TV,"Samsung 55"" 4K",Casper,2,19921030,0.11,35459433,0.08,2836754,38296187,16718000,33436000,2023433,0.0571,38296187,35459433,2836754,33436000,33436000,131-Phải thu khách hàng,511-Doanh thu bán hàng,3331-Thuế GTGT đầu ra,632-Giá vốn hàng bán,156-Hàng hóa,commerce_distribution_erp_scenario_v1,LIGHTBI_SCENARIO_ENTITY_001,VND,all_declared_accounting_money_columns,Asia/Ho_Chi_Minh,authentic_anchored_semi_synthetic_evidence,sample data/Accounting_ERP_May_2026.csv,3c59da1c10c67ab974dfd204b737402aff1c28d748665949942579fb5fb1a2fd,1244,1.0.0
INV20260501244,JV20260501244,SO20260501244,2026-05-25,HN-HBT,NV027,Chuyển khoản,VC-2544A1,Máy hút bụi,Dyson V8,Cuckoo,2,3895157,0.1,7011282,0.08,560902,7572184,3042000,6084000,927282,0.1323,7572184,7011282,560902,6084000,6084000,131-Phải thu khách hàng,511-Doanh thu bán hàng,3331-Thuế GTGT đầu ra,632-Giá vốn hàng bán,156-Hàng hóa,commerce_distribution_erp_scenario_v1,LIGHTBI_SCENARIO_ENTITY_001,VND,all_declared_accounting_money_columns,Asia/Ho_Chi_Minh,authentic_anchored_semi_synthetic_evidence,sample data/Accounting_ERP_May_2026.csv,3c59da1c10c67ab974dfd204b737402aff1c28d748665949942579fb5fb1a2fd,1245,1.0.0
INV20260501245,JV20260501245,SO20260501245,2026-05-02,BD-TDM,NV014,Trả góp,AC-C1535B,Máy lạnh,Panasonic 1.5HP,Asia,3,19139222,0.17,47656662,0.08,3812532,51469194,13673000,41019000,6637662,0.1393,51469194,47656662,3812532,41019000,41019000,131-Phải thu khách hàng,511-Doanh thu bán hàng,3331-Thuế GTGT đầu ra,632-Giá vốn hàng bán,156-Hàng hóa,commerce_distribution_erp_scenario_v1,LIGHTBI_SCENARIO_ENTITY_001,VND,all_declared_accounting_money_columns,Asia/Ho_Chi_Minh,authentic_anchored_semi_synthetic_evidence,sample data/Accounting_ERP_May_2026.csv,3c59da1c10c67ab974dfd204b737402aff1c28d748665949942579fb5fb1a2fd,1246,1.0.0
INV20260501246,JV20260501246,SO20260501246,2026-05-12,CT-NK,NV014,Thẻ,RF-A4EB7F,Tủ lạnh,Aqua 250L,Asia,1,13638563,0.17,11320007,0.08,905600,12225607,10761000,10761000,559007,0.0494,12225607,11320007,905600,10761000,10761000,131-Phải thu khách hàng,511-Doanh thu bán hàng,3331-Thuế GTGT đầu ra,632-Giá vốn hàng bán,156-Hàng hóa,commerce_distribution_erp_scenario_v1,LIGHTBI_SCENARIO_ENTITY_001,VND,all_declared_accounting_money_columns,Asia/Ho_Chi_Minh,authentic_anchored_semi_synthetic_evidence,sample data/Accounting_ERP_May_2026.csv,3c59da1c10c67ab974dfd204b737402aff1c28d748665949942579fb5fb1a2fd,1247,1.0.0
INV20260501247,JV20260501247,SO20260501247,2026-05-10,CT-NK,NV008,Ví điện tử,AC-D15C8F,Máy lạnh,Daikin 1HP,Xiaomi,3,14608244,0.05,41633495,0.08,3330679,44964174,10697000,32091000,9542495,0.2292,44964174,41633495,3330679,32091000,32091000,131-Phải thu khách hàng,511-Doanh thu bán hàng,3331-Thuế GTGT đầu ra,632-Giá vốn hàng bán,156-Hàng hóa,commerce_distribution_erp_scenario_v1,LIGHTBI_SCENARIO_ENTITY_001,VND,all_declared_accounting_money_columns,Asia/Ho_Chi_Minh,authentic_anchored_semi_synthetic_evidence,sample data/Accounting_ERP_May_2026.csv,3c59da1c10c67ab974dfd204b737402aff1c28d748665949942579fb5fb1a2fd,1248,1.0.0
INV20260501248,JV20260501248,SO20260501248,2026-05-14,DN-HC,NV021,Thẻ,BL-BCB9B9,Máy xay,Panasonic Blender,Sunhouse,3,1433676,0.18,3526842,0.08,282147,3808989,911000,2733000,793842,0.2251,3808989,3526842,282147,2733000,2733000,131-Phải thu khách hàng,511-Doanh thu bán hàng,3331-Thuế GTGT đầu ra,632-Giá vốn hàng bán,156-Hàng hóa,commerce_distribution_erp_scenario_v1,LIGHTBI_SCENARIO_ENTITY_001,VND,all_declared_accounting_money_columns,Asia/Ho_Chi_Minh,authentic_anchored_semi_synthetic_evidence,sample data/Accounting_ERP_May_2026.csv,3c59da1c10c67ab974dfd204b737402aff1c28d748665949942579fb5fb1a2fd,1249,1.0.0
INV20260501249,JV20260501249,SO20260501249,2026-05-07,HCM-Q7,NV015,Tiền mặt,FN-5AA0F8,Quạt,Senko,Cuckoo,3,493667,0.07,1377330,0.08,110186,1487516,355000,1065000,312330,0.2268,1487516,1377330,110186,1065000,1065000,131-Phải thu khách hàng,511-Doanh thu bán hàng,3331-Thuế GTGT đầu ra,632-Giá vốn hàng bán,156-Hàng hóa,commerce_distribution_erp_scenario_v1,LIGHTBI_SCENARIO_ENTITY_001,VND,all_declared_accounting_money_columns,Asia/Ho_Chi_Minh,authentic_anchored_semi_synthetic_evidence,sample data/Accounting_ERP_May_2026.csv,3c59da1c10c67ab974dfd204b737402aff1c28d748665949942579fb5fb1a2fd,1250,1.0.0
INV20260501250,JV20260501250,SO20260501250,2026-05-06,DN-HC,NV027,Ví điện tử,RC-1B752E,Nồi cơm,Panasonic 1.8L,Toshiba,3,552350,0.2,1325640,0.08,106051,1431691,417000,1251000,74640,0.0563,1431691,1325640,106051,1251000,1251000,131-Phải thu khách hàng,511-Doanh thu bán hàng,3331-Thuế GTGT đầu ra,632-Giá vốn hàng bán,156-Hàng hóa,commerce_distribution_erp_scenario_v1,LIGHTBI_SCENARIO_ENTITY_001,VND,all_declared_accounting_money_columns,Asia/Ho_Chi_Minh,authentic_anchored_semi_synthetic_evidence,sample data/Accounting_ERP_May_2026.csv,3c59da1c10c67ab974dfd204b737402aff1c28d748665949942579fb5fb1a2fd,1251,1.0.0
INV20260501251,JV20260501251,SO20260501251,2026-05-22,HCM-Q1,NV010,Ví điện tử,KT-EFA122,Ấm siêu tốc,Sunhouse,Daikin,2,625028,0.2,1000044,0.08,80003,1080047,442000,884000,116044,0.116,1080047,1000044,80003,884000,884000,131-Phải thu khách hàng,511-Doanh thu bán hàng,3331-Thuế GTGT đầu ra,632-Giá vốn hàng bán,156-Hàng hóa,commerce_distribution_erp_scenario_v1,LIGHTBI_SCENARIO_ENTITY_001,VND,all_declared_accounting_money_columns,Asia/Ho_Chi_Minh,authentic_anchored_semi_synthetic_evidence,sample data/Accounting_ERP_May_2026.csv,3c59da1c10c67ab974dfd204b737402aff1c28d748665949942579fb5fb1a2fd,1252,1.0.0
INV20260501252,JV20260501252,SO20260501252,2026-05-03,HN-HBT,NV009,Thẻ,BL-271795,Máy xay,Panasonic Blender,Sony,3,513385,0.13,1339934,0.08,107194,1447128,311000,933000,406934,0.3037,1447128,1339934,107194,933000,933000,131-Phải thu khách hàng,511-Doanh thu bán hàng,3331-Thuế GTGT đầu ra,632-Giá vốn hàng bán,156-Hàng hóa,commerce_distribution_erp_scenario_v1,LIGHTBI_SCENARIO_ENTITY_001,VND,all_declared_accounting_money_columns,Asia/Ho_Chi_Minh,authentic_anchored_semi_synthetic_evidence,sample data/Accounting_ERP_May_2026.csv,3c59da1c10c67ab974dfd204b737402aff1c28d748665949942579fb5fb1a2fd,1253,1.0.0
INV20260501253,JV20260501253,SO20260501253,2026-05-10,HN-HBT,NV024,Trả góp,RF-7AFE5C,Tủ lạnh,LG 420L,Electrolux,2,16623840,0.11,29590435,0.08,2367234,31957669,13835000,27670000,1920435,0.0649,31957669,29590435,2367234,27670000,27670000,131-Phải thu khách hàng,511-Doanh thu bán hàng,3331-Thuế GTGT đầu ra,632-Giá vốn hàng bán,156-Hàng hóa,commerce_distribution_erp_scenario_v1,LIGHTBI_SCENARIO_ENTITY_001,VND,all_declared_accounting_money_columns,Asia/Ho_Chi_Minh,authentic_anchored_semi_synthetic_evidence,sample data/Accounting_ERP_May_2026.csv,3c59da1c10c67ab974dfd204b737402aff1c28d748665949942579fb5fb1a2fd,1254,1.0.0
INV20260501254,JV20260501254,SO20260501254,2026-05-24,CT-NK,NV007,Tiền mặt,WM-674B7B,Máy giặt,Samsung 10kg,Senko,3,11625264,0.18,28598149,0.08,2287851,30886000,9870000,29610000,-1011851,-0.0354,30886000,28598149,2287851,29610000,29610000,131-Phải thu khách hàng,511-Doanh thu bán hàng,3331-Thuế GTGT đầu ra,632-Giá vốn hàng bán,156-Hàng hóa,commerce_distribution_erp_scenario_v1,LIGHTBI_SCENARIO_ENTITY_001,VND,all_declared_accounting_money_columns,Asia/Ho_Chi_Minh,authentic_anchored_semi_synthetic_evidence,sample data/Accounting_ERP_May_2026.csv,3c59da1c10c67ab974dfd204b737402aff1c28d748665949942579fb5fb1a2fd,1255,1.0.0
INV20260501255,JV20260501255,SO20260501255,2026-05-29,DN-HC,NV011,Thẻ,WM-016674,Máy giặt,Samsung 10kg,Sunhouse,3,10555983,0.02,31034590,0.08,2482767,33517357,7713000,23139000,7895590,0.2544,33517357,31034590,2482767,23139000,23139000,131-Phải thu khách hàng,511-Doanh thu bán hàng,3331-Thuế GTGT đầu ra,632-Giá vốn hàng bán,156-Hàng hóa,commerce_distribution_erp_scenario_v1,LIGHTBI_SCENARIO_ENTITY_001,VND,all_declared_accounting_money_columns,Asia/Ho_Chi_Minh,authentic_anchored_semi_synthetic_evidence,sample data/Accounting_ERP_May_2026.csv,3c59da1c10c67ab974dfd204b737402aff1c28d748665949942579fb5fb1a2fd,1256,1.0.0
INV20260501256,JV20260501256,SO20260501256,2026-05-30,HCM-Q7,NV023,Chuyển khoản,AC-48A793,Máy lạnh,Panasonic 1.5HP,Sony,1,17194604,0.19,13927629,0.08,1114210,15041839,13614000,13614000,313629,0.0225,15041839,13927629,1114210,13614000,13614000,131-Phải thu khách hàng,511-Doanh thu bán hàng,3331-Thuế GTGT đầu ra,632-Giá vốn hàng bán,156-Hàng hóa,commerce_distribution_erp_scenario_v1,LIGHTBI_SCENARIO_ENTITY_001,VND,all_declared_accounting_money_columns,Asia/Ho_Chi_Minh,authentic_anchored_semi_synthetic_evidence,sample data/Accounting_ERP_May_2026.csv,3c59da1c10c67ab974dfd204b737402aff1c28d748665949942579fb5fb1a2fd,1257,1.0.0
INV20260501257,JV20260501257,SO20260501257,2026-05-28,DN-HC,NV012,Trả góp,RF-7A08B1,Tủ lạnh,Samsung Inverter 350L,Xiaomi,2,18609149,0.02,36473932,0.08,2917914,39391846,15108000,30216000,6257932,0.1716,39391846,36473932,2917914,30216000,30216000,131-Phải thu khách hàng,511-Doanh thu bán hàng,3331-Thuế GTGT đầu ra,632-Giá vốn hàng bán,156-Hàng hóa,commerce_distribution_erp_scenario_v1,LIGHTBI_SCENARIO_ENTITY_001,VND,all_declared_accounting_money_columns,Asia/Ho_Chi_Minh,authentic_anchored_semi_synthetic_evidence,sample data/Accounting_ERP_May_2026.csv,3c59da1c10c67ab974dfd204b737402aff1c28d748665949942579fb5fb1a2fd,1258,1.0.0
INV20260501258,JV20260501258,SO20260501258,2026-05-02,HCM-TB,NV030,Chuyển khoản,AC-4CE3DD,Máy lạnh,Panasonic 1.5HP,Samsung,2,14790428,0.02,28989238,0.08,2319139,31308377,10637000,21274000,7715238,0.2661,31308377,28989238,2319139,21274000,21274000,131-Phải thu khách hàng,511-Doanh thu bán hàng,3331-Thuế GTGT đầu ra,632-Giá vốn hàng bán,156-Hàng hóa,commerce_distribution_erp_scenario_v1,LIGHTBI_SCENARIO_ENTITY_001,VND,all_declared_accounting_money_columns,Asia/Ho_Chi_Minh,authentic_anchored_semi_synthetic_evidence,sample data/Accounting_ERP_May_2026.csv,3c59da1c10c67ab974dfd204b737402aff1c28d748665949942579fb5fb1a2fd,1259,1.0.0
INV20260501259,JV20260501259,SO20260501259,2026-05-05,BD-TDM,NV017,Tiền mặt,RC-BCC6AD,Nồi cơm,Panasonic 1.8L,Sharp,1,2114971,0.13,1840024,0.08,147201,1987225,1483000,1483000,357024,0.194,1987225,1840024,147201,1483000,1483000,131-Phải thu khách hàng,511-Doanh thu bán hàng,3331-Thuế GTGT đầu ra,632-Giá vốn hàng bán,156-Hàng hóa,commerce_distribution_erp_scenario_v1,LIGHTBI_SCENARIO_ENTITY_001,VND,all_declared_accounting_money_columns,Asia/Ho_Chi_Minh,authentic_anchored_semi_synthetic_evidence,sample data/Accounting_ERP_May_2026.csv,3c59da1c10c67ab974dfd204b737402aff1c28d748665949942579fb5fb1a2fd,1260,1.0.0
INV20260501260,JV20260501260,SO20260501260,2026-05-06,HCM-Q7,NV012,Thẻ,BL-3646DD,Máy xay,Panasonic Blender,LG,2,1883064,0.07,3502499,0.08,280199,3782698,1223000,2446000,1056499,0.3016,3782698,3502499,280199,2446000,2446000,131-Phải thu khách hàng,511-Doanh thu bán hàng,3331-Thuế GTGT đầu ra,632-Giá vốn hàng bán,156-Hàng hóa,commerce_distribution_erp_scenario_v1,LIGHTBI_SCENARIO_ENTITY_001,VND,all_declared_accounting_money_columns,Asia/Ho_Chi_Minh,authentic_anchored_semi_synthetic_evidence,sample data/Accounting_ERP_May_2026.csv,3c59da1c10c67ab974dfd204b737402aff1c28d748665949942579fb5fb1a2fd,1261,1.0.0
INV20260501261,JV20260501261,SO20260501261,2026-05-06,BD-TDM,NV004,Trả góp,RF-7646CC,Tủ lạnh,Samsung Inverter 350L,Philips,3,11086390,0.14,28602886,0.08,2288230,30891116,8428000,25284000,3318886,0.116,30891116,28602886,2288230,25284000,25284000,131-Phải thu khách hàng,511-Doanh thu bán hàng,3331-Thuế GTGT đầu ra,632-Giá vốn hàng bán,156-Hàng hóa,commerce_distribution_erp_scenario_v1,LIGHTBI_SCENARIO_ENTITY_001,VND,all_declared_accounting_money_columns,Asia/Ho_Chi_Minh,authentic_anchored_semi_synthetic_evidence,sample data/Accounting_ERP_May_2026.csv,3c59da1c10c67ab974dfd204b737402aff1c28d748665949942579fb5fb1a2fd,1262,1.0.0
INV20260501262,JV20260501262,SO20260501262,2026-05-23,HN-CG,NV021,Ví điện tử,RF-4D4BA4,Tủ lạnh,Aqua 250L,Philips,3,9355597,0.12,24698776,0.08,1975902,26674678,7579000,22737000,1961776,0.0794,26674678,24698776,1975902,22737000,22737000,131-Phải thu khách hàng,511-Doanh thu bán hàng,3331-Thuế GTGT đầu ra,632-Giá vốn hàng bán,156-Hàng hóa,commerce_distribution_erp_scenario_v1,LIGHTBI_SCENARIO_ENTITY_001,VND,all_declared_accounting_money_columns,Asia/Ho_Chi_Minh,authentic_anchored_semi_synthetic_evidence,sample data/Accounting_ERP_May_2026.csv,3c59da1c10c67ab974dfd204b737402aff1c28d748665949942579fb5fb1a2fd,1263,1.0.0
INV20260501263,JV20260501263,SO20260501263,2026-05-12,DN-HC,NV016,Chuyển khoản,FN-A7C1D9,Quạt,Asia,LG,2,824829,0.07,1534181,0.08,122734,1656915,476000,952000,582181,0.3795,1656915,1534181,122734,952000,952000,131-Phải thu khách hàng,511-Doanh thu bán hàng,3331-Thuế GTGT đầu ra,632-Giá vốn hàng bán,156-Hàng hóa,commerce_distribution_erp_scenario_v1,LIGHTBI_SCENARIO_ENTITY_001,VND,all_declared_accounting_money_columns,Asia/Ho_Chi_Minh,authentic_anchored_semi_synthetic_evidence,sample data/Accounting_ERP_May_2026.csv,3c59da1c10c67ab974dfd204b737402aff1c28d748665949942579fb5fb1a2fd,1264,1.0.0
INV20260501264,JV20260501264,SO20260501264,2026-05-31,HCM-TB,NV020,Thẻ,TV-74BDA3,TV,LG OLED 48,Sunhouse,3,34674263,0.07,96741193,0.08,7739295,104480488,28194000,84582000,12159193,0.1257,104480488,96741193,7739295,84582000,84582000,131-Phải thu khách hàng,511-Doanh thu bán hàng,3331-Thuế GTGT đầu ra,632-Giá vốn hàng bán,156-Hàng hóa,commerce_distribution_erp_scenario_v1,LIGHTBI_SCENARIO_ENTITY_001,VND,all_declared_accounting_money_columns,Asia/Ho_Chi_Minh,authentic_anchored_semi_synthetic_evidence,sample data/Accounting_ERP_May_2026.csv,3c59da1c10c67ab974dfd204b737402aff1c28d748665949942579fb5fb1a2fd,1265,1.0.0
INV20260501265,JV20260501265,SO20260501265,2026-05-11,HN-HBT,NV002,Trả góp,TV-3A3210,TV,LG OLED 48,Xiaomi,2,28788062,0.17,47788182,0.08,3823054,51611236,23537000,47074000,714182,0.0149,51611236,47788182,3823054,47074000,47074000,131-Phải thu khách hàng,511-Doanh thu bán hàng,3331-Thuế GTGT đầu ra,632-Giá vốn hàng bán,156-Hàng hóa,commerce_distribution_erp_scenario_v1,LIGHTBI_SCENARIO_ENTITY_001,VND,all_declared_accounting_money_columns,Asia/Ho_Chi_Minh,authentic_anchored_semi_synthetic_evidence,sample data/Accounting_ERP_May_2026.csv,3c59da1c10c67ab974dfd204b737402aff1c28d748665949942579fb5fb1a2fd,1266,1.0.0
INV20260501266,JV20260501266,SO20260501266,2026-05-21,BD-TDM,NV010,Thẻ,WM-6AF796,Máy giặt,Panasonic 8.5kg,Senko,1,7009128,0.03,6798854,0.08,543908,7342762,5519000,5519000,1279854,0.1882,7342762,6798854,543908,5519000,5519000,131-Phải thu khách hàng,511-Doanh thu bán hàng,3331-Thuế GTGT đầu ra,632-Giá vốn hàng bán,156-Hàng hóa,commerce_distribution_erp_scenario_v1,LIGHTBI_SCENARIO_ENTITY_001,VND,all_declared_accounting_money_columns,Asia/Ho_Chi_Minh,authentic_anchored_semi_synthetic_evidence,sample data/Accounting_ERP_May_2026.csv,3c59da1c10c67ab974dfd204b737402aff1c28d748665949942579fb5fb1a2fd,1267,1.0.0
INV20260501267,JV20260501267,SO20260501267,2026-05-26,HN-CG,NV020,Tiền mặt,RF-BF179F,Tủ lạnh,Aqua 250L,Sunhouse,3,14449414,0.06,40747347,0.08,3259787,44007134,11556000,34668000,6079347,0.1492,44007134,40747347,3259787,34668000,34668000,131-Phải thu khách hàng,511-Doanh thu bán hàng,3331-Thuế GTGT đầu ra,632-Giá vốn hàng bán,156-Hàng hóa,commerce_distribution_erp_scenario_v1,LIGHTBI_SCENARIO_ENTITY_001,VND,all_declared_accounting_money_columns,Asia/Ho_Chi_Minh,authentic_anchored_semi_synthetic_evidence,sample data/Accounting_ERP_May_2026.csv,3c59da1c10c67ab974dfd204b737402aff1c28d748665949942579fb5fb1a2fd,1268,1.0.0
INV20260501268,JV20260501268,SO20260501268,2026-05-09,HCM-Q1,NV001,Trả góp,RC-BFF843,Nồi cơm,Cuckoo 1.8L,Xiaomi,1,3877107,0.12,3411854,0.08,272948,3684802,2632000,2632000,779854,0.2286,3684802,3411854,272948,2632000,2632000,131-Phải thu khách hàng,511-Doanh thu bán hàng,3331-Thuế GTGT đầu ra,632-Giá vốn hàng bán,156-Hàng hóa,commerce_distribution_erp_scenario_v1,LIGHTBI_SCENARIO_ENTITY_001,VND,all_declared_accounting_money_columns,Asia/Ho_Chi_Minh,authentic_anchored_semi_synthetic_evidence,sample data/Accounting_ERP_May_2026.csv,3c59da1c10c67ab974dfd204b737402aff1c28d748665949942579fb5fb1a2fd,1269,1.0.0
INV20260501269,JV20260501269,SO20260501269,2026-05-23,CT-NK,NV006,Ví điện tử,WM-70D3A7,Máy giặt,Panasonic 8.5kg,Daikin,1,6672578,0.06,6272223,0.08,501777,6774000,5327000,5327000,945223,0.1507,6774000,6272223,501777,5327000,5327000,131-Phải thu khách hàng,511-Doanh thu bán hàng,3331-Thuế GTGT đầu ra,632-Giá vốn hàng bán,156-Hàng hóa,commerce_distribution_erp_scenario_v1,LIGHTBI_SCENARIO_ENTITY_001,VND,all_declared_accounting_money_columns,Asia/Ho_Chi_Minh,authentic_anchored_semi_synthetic_evidence,sample data/Accounting_ERP_May_2026.csv,3c59da1c10c67ab974dfd204b737402aff1c28d748665949942579fb5fb1a2fd,1270,1.0.0
INV20260501270,JV20260501270,SO20260501270,2026-05-11,HCM-Q7,NV018,Ví điện tử,RC-CCF100,Nồi cơm,Sharp 1.8L,Sunhouse,1,1768259,0.12,1556067,0.08,124485,1680552,1327000,1327000,229067,0.1472,1680552,1556067,124485,1327000,1327000,131-Phải thu khách hàng,511-Doanh thu bán hàng,3331-Thuế GTGT đầu ra,632-Giá vốn hàng bán,156-Hàng hóa,commerce_distribution_erp_scenario_v1,LIGHTBI_SCENARIO_ENTITY_001,VND,all_declared_accounting_money_columns,Asia/Ho_Chi_Minh,authentic_anchored_semi_synthetic_evidence,sample data/Accounting_ERP_May_2026.csv,3c59da1c10c67ab974dfd204b737402aff1c28d748665949942579fb5fb1a2fd,1271,1.0.0
INV20260501271,JV20260501271,SO20260501271,2026-05-31,CT-NK,NV013,Tiền mặt,RC-DFEBAA,Nồi cơm,Sharp 1.8L,LG,2,2992342,0.07,5565756,0.08,445260,6011016,1771000,3542000,2023756,0.3636,6011016,5565756,445260,3542000,3542000,131-Phải thu khách hàng,511-Doanh thu bán hàng,3331-Thuế GTGT đầu ra,632-Giá vốn hàng bán,156-Hàng hóa,commerce_distribution_erp_scenario_v1,LIGHTBI_SCENARIO_ENTITY_001,VND,all_declared_accounting_money_columns,Asia/Ho_Chi_Minh,authentic_anchored_semi_synthetic_evidence,sample data/Accounting_ERP_May_2026.csv,3c59da1c10c67ab974dfd204b737402aff1c28d748665949942579fb5fb1a2fd,1272,1.0.0
INV20260501272,JV20260501272,SO20260501272,2026-05-01,HCM-TB,NV020,Trả góp,VC-FA3352,Máy hút bụi,Dyson V8,Aqua,1,7516428,0.15,6388963,0.08,511117,6900080,4930000,4930000,1458963,0.2284,6900080,6388963,511117,4930000,4930000,131-Phải thu khách hàng,511-Doanh thu bán hàng,3331-Thuế GTGT đầu ra,632-Giá vốn hàng bán,156-Hàng hóa,commerce_distribution_erp_scenario_v1,LIGHTBI_SCENARIO_ENTITY_001,VND,all_declared_accounting_money_columns,Asia/Ho_Chi_Minh,authentic_anchored_semi_synthetic_evidence,sample data/Accounting_ERP_May_2026.csv,3c59da1c10c67ab974dfd204b737402aff1c28d748665949942579fb5fb1a2fd,1273,1.0.0
INV20260501273,JV20260501273,SO20260501273,2026-05-28,HCM-Q7,NV026,Thẻ,KT-9BE99C,Ấm siêu tốc,Philips,Panasonic,3,300383,0.14,774988,0.08,61999,836987,169000,507000,267988,0.3458,836987,774988,61999,507000,507000,131-Phải thu khách hàng,511-Doanh thu bán hàng,3331-Thuế GTGT đầu ra,632-Giá vốn hàng bán,156-Hàng hóa,commerce_distribution_erp_scenario_v1,LIGHTBI_SCENARIO_ENTITY_001,VND,all_declared_accounting_money_columns,Asia/Ho_Chi_Minh,authentic_anchored_semi_synthetic_evidence,sample data/Accounting_ERP_May_2026.csv,3c59da1c10c67ab974dfd204b737402aff1c28d748665949942579fb5fb1a2fd,1274,1.0.0
INV20260501274,JV20260501274,SO20260501274,2026-05-03,CT-NK,NV017,Chuyển khoản,MW-5F52F7,Lò vi sóng,Sharp 20L,Toshiba,3,1836613,0.09,5013953,0.08,401116,5415069,1288000,3864000,1149953,0.2294,5415069,5013953,401116,3864000,3864000,131-Phải thu khách hàng,511-Doanh thu bán hàng,3331-Thuế GTGT đầu ra,632-Giá vốn hàng bán,156-Hàng hóa,commerce_distribution_erp_scenario_v1,LIGHTBI_SCENARIO_ENTITY_001,VND,all_declared_accounting_money_columns,Asia/Ho_Chi_Minh,authentic_anchored_semi_synthetic_evidence,sample data/Accounting_ERP_May_2026.csv,3c59da1c10c67ab974dfd204b737402aff1c28d748665949942579fb5fb1a2fd,1275,1.0.0
INV20260501275,JV20260501275,SO20260501275,2026-05-14,DN-HC,NV016,Chuyển khoản,TV-1C16CC,TV,"Samsung 55"" 4K",Sony,3,21781818,0.15,55543635,0.08,4443490,59987125,16955000,50865000,4678635,0.0842,59987125,55543635,4443490,50865000,50865000,131-Phải thu khách hàng,511-Doanh thu bán hàng,3331-Thuế GTGT đầu ra,632-Giá vốn hàng bán,156-Hàng hóa,commerce_distribution_erp_scenario_v1,LIGHTBI_SCENARIO_ENTITY_001,VND,all_declared_accounting_money_columns,Asia/Ho_Chi_Minh,authentic_anchored_semi_synthetic_evidence,sample data/Accounting_ERP_May_2026.csv,3c59da1c10c67ab974dfd204b737402aff1c28d748665949942579fb5fb1a2fd,1276,1.0.0
INV20260501276,JV20260501276,SO20260501276,2026-05-25,HCM-TB,NV006,Ví điện tử,AC-D8DA6B,Máy lạnh,Daikin 1HP,Casper,1,16047943,0.06,15085066,0.08,1206805,16291871,13200000,13200000,1885066,0.125,16291871,15085066,1206805,13200000,13200000,131-Phải thu khách hàng,511-Doanh thu bán hàng,3331-Thuế GTGT đầu ra,632-Giá vốn hàng bán,156-Hàng hóa,commerce_distribution_erp_scenario_v1,LIGHTBI_SCENARIO_ENTITY_001,VND,all_declared_accounting_money_columns,Asia/Ho_Chi_Minh,authentic_anchored_semi_synthetic_evidence,sample data/Accounting_ERP_May_2026.csv,3c59da1c10c67ab974dfd204b737402aff1c28d748665949942579fb5fb1a2fd,1277,1.0.0
INV20260501277,JV20260501277,SO20260501277,2026-05-14,HCM-Q1,NV025,Thẻ,FN-66B168,Quạt,Panasonic,Philips,2,590665,0.08,1086823,0.08,86945,1173768,371000,742000,344823,0.3173,1173768,1086823,86945,742000,742000,131-Phải thu khách hàng,511-Doanh thu bán hàng,3331-Thuế GTGT đầu ra,632-Giá vốn hàng bán,156-Hàng hóa,commerce_distribution_erp_scenario_v1,LIGHTBI_SCENARIO_ENTITY_001,VND,all_declared_accounting_money_columns,Asia/Ho_Chi_Minh,authentic_anchored_semi_synthetic_evidence,sample data/Accounting_ERP_May_2026.csv,3c59da1c10c67ab974dfd204b737402aff1c28d748665949942579fb5fb1a2fd,1278,1.0.0
INV20260501278,JV20260501278,SO20260501278,2026-05-07,BD-TDM,NV007,Thẻ,MW-AE2881,Lò vi sóng,Panasonic 25L,Panasonic,1,5282081,0.18,4331306,0.08,346504,4677810,4100000,4100000,231306,0.0534,4677810,4331306,346504,4100000,4100000,131-Phải thu khách hàng,511-Doanh thu bán hàng,3331-Thuế GTGT đầu ra,632-Giá vốn hàng bán,156-Hàng hóa,commerce_distribution_erp_scenario_v1,LIGHTBI_SCENARIO_ENTITY_001,VND,all_declared_accounting_money_columns,Asia/Ho_Chi_Minh,authentic_anchored_semi_synthetic_evidence,sample data/Accounting_ERP_May_2026.csv,3c59da1c10c67ab974dfd204b737402aff1c28d748665949942579fb5fb1a2fd,1279,1.0.0
INV20260501279,JV20260501279,SO20260501279,2026-05-19,DN-HC,NV024,Tiền mặt,WM-EE77C3,Máy giặt,Toshiba 9kg,Panasonic,3,12396529,0.09,33842524,0.08,2707401,36549925,9364000,28092000,5750524,0.1699,36549925,33842524,2707401,28092000,28092000,131-Phải thu khách hàng,511-Doanh thu bán hàng,3331-Thuế GTGT đầu ra,632-Giá vốn hàng bán,156-Hàng hóa,commerce_distribution_erp_scenario_v1,LIGHTBI_SCENARIO_ENTITY_001,VND,all_declared_accounting_money_columns,Asia/Ho_Chi_Minh,authentic_anchored_semi_synthetic_evidence,sample data/Accounting_ERP_May_2026.csv,3c59da1c10c67ab974dfd204b737402aff1c28d748665949942579fb5fb1a2fd,1280,1.0.0
INV20260501280,JV20260501280,SO20260501280,2026-05-13,CT-NK,NV003,Tiền mặt,FN-FB4782,Quạt,Panasonic,Electrolux,1,517588,0.12,455477,0.08,36438,491915,373000,373000,82477,0.1811,491915,455477,36438,373000,373000,131-Phải thu khách hàng,511-Doanh thu bán hàng,3331-Thuế GTGT đầu ra,632-Giá vốn hàng bán,156-Hàng hóa,commerce_distribution_erp_scenario_v1,LIGHTBI_SCENARIO_ENTITY_001,VND,all_declared_accounting_money_columns,Asia/Ho_Chi_Minh,authentic_anchored_semi_synthetic_evidence,sample data/Accounting_ERP_May_2026.csv,3c59da1c10c67ab974dfd204b737402aff1c28d748665949942579fb5fb1a2fd,1281,1.0.0
INV20260501281,JV20260501281,SO20260501281,2026-05-06,DN-HC,NV013,Ví điện tử,FN-A270E1,Quạt,Asia,Sony,3,2113617,0.14,5453131,0.08,436250,5889381,1252000,3756000,1697131,0.3112,5889381,5453131,436250,3756000,3756000,131-Phải thu khách hàng,511-Doanh thu bán hàng,3331-Thuế GTGT đầu ra,632-Giá vốn hàng bán,156-Hàng hóa,commerce_distribution_erp_scenario_v1,LIGHTBI_SCENARIO_ENTITY_001,VND,all_declared_accounting_money_columns,Asia/Ho_Chi_Minh,authentic_anchored_semi_synthetic_evidence,sample data/Accounting_ERP_May_2026.csv,3c59da1c10c67ab974dfd204b737402aff1c28d748665949942579fb5fb1a2fd,1282,1.0.0
INV20260501282,JV20260501282,SO20260501282,2026-05-19,HN-CG,NV025,Thẻ,BL-2DE930,Máy xay,Sunhouse Blender,Toshiba,1,605358,0.05,575090,0.08,46007,621097,342000,342000,233090,0.4053,621097,575090,46007,342000,342000,131-Phải thu khách hàng,511-Doanh thu bán hàng,3331-Thuế GTGT đầu ra,632-Giá vốn hàng bán,156-Hàng hóa,commerce_distribution_erp_scenario_v1,LIGHTBI_SCENARIO_ENTITY_001,VND,all_declared_accounting_money_columns,Asia/Ho_Chi_Minh,authentic_anchored_semi_synthetic_evidence,sample data/Accounting_ERP_May_2026.csv,3c59da1c10c67ab974dfd204b737402aff1c28d748665949942579fb5fb1a2fd,1283,1.0.0
INV20260501283,JV20260501283,SO20260501283,2026-05-22,HCM-Q7,NV014,Thẻ,BL-AB2BDE,Máy xay,Sunhouse Blender,Senko,2,2455338,0.03,4763355,0.08,381068,5144423,1613000,3226000,1537355,0.3227,5144423,4763355,381068,3226000,3226000,131-Phải thu khách hàng,511-Doanh thu bán hàng,3331-Thuế GTGT đầu ra,632-Giá vốn hàng bán,156-Hàng hóa,commerce_distribution_erp_scenario_v1,LIGHTBI_SCENARIO_ENTITY_001,VND,all_declared_accounting_money_columns,Asia/Ho_Chi_Minh,authentic_anchored_semi_synthetic_evidence,sample data/Accounting_ERP_May_2026.csv,3c59da1c10c67ab974dfd204b737402aff1c28d748665949942579fb5fb1a2fd,1284,1.0.0
INV20260501284,JV20260501284,SO20260501284,2026-05-24,BD-TDM,NV030,Chuyển khoản,RF-A7BDBE,Tủ lạnh,Aqua 250L,Toshiba,1,23661959,0.18,19402806,0.08,1552224,20955030,19500000,19500000,-97194,-0.005,20955030,19402806,1552224,19500000,19500000,131-Phải thu khách hàng,511-Doanh thu bán hàng,3331-Thuế GTGT đầu ra,632-Giá vốn hàng bán,156-Hàng hóa,commerce_distribution_erp_scenario_v1,LIGHTBI_SCENARIO_ENTITY_001,VND,all_declared_accounting_money_columns,Asia/Ho_Chi_Minh,authentic_anchored_semi_synthetic_evidence,sample data/Accounting_ERP_May_2026.csv,3c59da1c10c67ab974dfd204b737402aff1c28d748665949942579fb5fb1a2fd,1285,1.0.0
INV20260501285,JV20260501285,SO20260501285,2026-05-01,HN-CG,NV015,Tiền mặt,VC-2544A1,Máy hút bụi,Dyson V8,Cuckoo,2,2485658,0.11,4424471,0.08,353957,4778428,1692000,3384000,1040471,0.2352,4778428,4424471,353957,3384000,3384000,131-Phải thu khách hàng,511-Doanh thu bán hàng,3331-Thuế GTGT đầu ra,632-Giá vốn hàng bán,156-Hàng hóa,commerce_distribution_erp_scenario_v1,LIGHTBI_SCENARIO_ENTITY_001,VND,all_declared_accounting_money_columns,Asia/Ho_Chi_Minh,authentic_anchored_semi_synthetic_evidence,sample data/Accounting_ERP_May_2026.csv,3c59da1c10c67ab974dfd204b737402aff1c28d748665949942579fb5fb1a2fd,1286,1.0.0
INV20260501286,JV20260501286,SO20260501286,2026-05-08,HCM-Q1,NV017,Ví điện tử,FN-985D6E,Quạt,Panasonic,Sharp,2,1206809,0.05,2292937,0.08,183434,2476371,721000,1442000,850937,0.3711,2476371,2292937,183434,1442000,1442000,131-Phải thu khách hàng,511-Doanh thu bán hàng,3331-Thuế GTGT đầu ra,632-Giá vốn hàng bán,156-Hàng hóa,commerce_distribution_erp_scenario_v1,LIGHTBI_SCENARIO_ENTITY_001,VND,all_declared_accounting_money_columns,Asia/Ho_Chi_Minh,authentic_anchored_semi_synthetic_evidence,sample data/Accounting_ERP_May_2026.csv,3c59da1c10c67ab974dfd204b737402aff1c28d748665949942579fb5fb1a2fd,1287,1.0.0
INV20260501287,JV20260501287,SO20260501287,2026-05-14,HN-CG,NV018,Tiền mặt,WM-E62700,Máy giặt,Samsung 10kg,Xiaomi,2,14461742,0.2,23138787,0.08,1851102,24989889,11773000,23546000,-407213,-0.0176,24989889,23138787,1851102,23546000,23546000,131-Phải thu khách hàng,511-Doanh thu bán hàng,3331-Thuế GTGT đầu ra,632-Giá vốn hàng bán,156-Hàng hóa,commerce_distribution_erp_scenario_v1,LIGHTBI_SCENARIO_ENTITY_001,VND,all_declared_accounting_money_columns,Asia/Ho_Chi_Minh,authentic_anchored_semi_synthetic_evidence,sample data/Accounting_ERP_May_2026.csv,3c59da1c10c67ab974dfd204b737402aff1c28d748665949942579fb5fb1a2fd,1288,1.0.0
INV20260501288,JV20260501288,SO20260501288,2026-05-05,HCM-Q7,NV025,Ví điện tử,TV-299EB8,TV,LG OLED 48,Electrolux,3,33101011,0.11,88379699,0.08,7070375,95450074,26651000,79953000,8426699,0.0953,95450074,88379699,7070375,79953000,79953000,131-Phải thu khách hàng,511-Doanh thu bán hàng,3331-Thuế GTGT đầu ra,632-Giá vốn hàng bán,156-Hàng hóa,commerce_distribution_erp_scenario_v1,LIGHTBI_SCENARIO_ENTITY_001,VND,all_declared_accounting_money_columns,Asia/Ho_Chi_Minh,authentic_anchored_semi_synthetic_evidence,sample data/Accounting_ERP_May_2026.csv,3c59da1c10c67ab974dfd204b737402aff1c28d748665949942579fb5fb1a2fd,1289,1.0.0
INV20260501289,JV20260501289,SO20260501289,2026-05-25,HN-CG,NV002,Thẻ,WM-CD87CF,Máy giặt,Toshiba 9kg,Aqua,3,9433428,0.17,23489235,0.08,1879138,25368373,6957000,20871000,2618235,0.1115,25368373,23489235,1879138,20871000,20871000,131-Phải thu khách hàng,511-Doanh thu bán hàng,3331-Thuế GTGT đầu ra,632-Giá vốn hàng bán,156-Hàng hóa,commerce_distribution_erp_scenario_v1,LIGHTBI_SCENARIO_ENTITY_001,VND,all_declared_accounting_money_columns,Asia/Ho_Chi_Minh,authentic_anchored_semi_synthetic_evidence,sample data/Accounting_ERP_May_2026.csv,3c59da1c10c67ab974dfd204b737402aff1c28d748665949942579fb5fb1a2fd,1290,1.0.0
INV20260501290,JV20260501290,SO20260501290,2026-05-17,HCM-Q7,NV021,Tiền mặt,RF-3465A9,Tủ lạnh,Aqua 250L,Samsung,3,19539123,0.03,56858847,0.08,4548707,61407554,16162000,48486000,8372847,0.1473,61407554,56858847,4548707,48486000,48486000,131-Phải thu khách hàng,511-Doanh thu bán hàng,3331-Thuế GTGT đầu ra,632-Giá vốn hàng bán,156-Hàng hóa,commerce_distribution_erp_scenario_v1,LIGHTBI_SCENARIO_ENTITY_001,VND,all_declared_accounting_money_columns,Asia/Ho_Chi_Minh,authentic_anchored_semi_synthetic_evidence,sample data/Accounting_ERP_May_2026.csv,3c59da1c10c67ab974dfd204b737402aff1c28d748665949942579fb5fb1a2fd,1291,1.0.0
INV20260501291,JV20260501291,SO20260501291,2026-05-20,CT-NK,NV013,Ví điện tử,AC-F32BBC,Máy lạnh,Mitsubishi 1.5HP,Mitsubishi,2,6189658,0.14,10646211,0.08,851696,11497907,4791000,9582000,1064211,0.1,11497907,10646211,851696,9582000,9582000,131-Phải thu khách hàng,511-Doanh thu bán hàng,3331-Thuế GTGT đầu ra,632-Giá vốn hàng bán,156-Hàng hóa,commerce_distribution_erp_scenario_v1,LIGHTBI_SCENARIO_ENTITY_001,VND,all_declared_accounting_money_columns,Asia/Ho_Chi_Minh,authentic_anchored_semi_synthetic_evidence,sample data/Accounting_ERP_May_2026.csv,3c59da1c10c67ab974dfd204b737402aff1c28d748665949942579fb5fb1a2fd,1292,1.0.0
INV20260501292,JV20260501292,SO20260501292,2026-05-13,CT-NK,NV005,Chuyển khoản,TV-65B17D,TV,"Sony 65""",Samsung,1,24257530,0.15,20618900,0.08,1649512,22268412,19709000,19709000,909900,0.0441,22268412,20618900,1649512,19709000,19709000,131-Phải thu khách hàng,511-Doanh thu bán hàng,3331-Thuế GTGT đầu ra,632-Giá vốn hàng bán,156-Hàng hóa,commerce_distribution_erp_scenario_v1,LIGHTBI_SCENARIO_ENTITY_001,VND,all_declared_accounting_money_columns,Asia/Ho_Chi_Minh,authentic_anchored_semi_synthetic_evidence,sample data/Accounting_ERP_May_2026.csv,3c59da1c10c67ab974dfd204b737402aff1c28d748665949942579fb5fb1a2fd,1293,1.0.0
INV20260501293,JV20260501293,SO20260501293,2026-05-21,HCM-Q7,NV023,Trả góp,RC-BCC6AD,Nồi cơm,Panasonic 1.8L,Sharp,1,3459937,0.16,2906347,0.08,232507,3138854,2152000,2152000,754347,0.2596,3138854,2906347,232507,2152000,2152000,131-Phải thu khách hàng,511-Doanh thu bán hàng,3331-Thuế GTGT đầu ra,632-Giá vốn hàng bán,156-Hàng hóa,commerce_distribution_erp_scenario_v1,LIGHTBI_SCENARIO_ENTITY_001,VND,all_declared_accounting_money_columns,Asia/Ho_Chi_Minh,authentic_anchored_semi_synthetic_evidence,sample data/Accounting_ERP_May_2026.csv,3c59da1c10c67ab974dfd204b737402aff1c28d748665949942579fb5fb1a2fd,1294,1.0.0
INV20260501294,JV20260501294,SO20260501294,2026-05-24,DN-HC,NV023,Chuyển khoản,RF-3FC132,Tủ lạnh,LG 420L,Daikin,3,8459863,0.05,24110609,0.08,1928848,26039457,7086000,21258000,2852609,0.1183,26039457,24110609,1928848,21258000,21258000,131-Phải thu khách hàng,511-Doanh thu bán hàng,3331-Thuế GTGT đầu ra,632-Giá vốn hàng bán,156-Hàng hóa,commerce_distribution_erp_scenario_v1,LIGHTBI_SCENARIO_ENTITY_001,VND,all_declared_accounting_money_columns,Asia/Ho_Chi_Minh,authentic_anchored_semi_synthetic_evidence,sample data/Accounting_ERP_May_2026.csv,3c59da1c10c67ab974dfd204b737402aff1c28d748665949942579fb5fb1a2fd,1295,1.0.0
INV20260501295,JV20260501295,SO20260501295,2026-05-31,DN-HC,NV003,Thẻ,WM-41CB2E,Máy giặt,Panasonic 8.5kg,Toshiba,3,7506603,0.09,20493026,0.08,1639442,22132468,5505000,16515000,3978026,0.1941,22132468,20493026,1639442,16515000,16515000,131-Phải thu khách hàng,511-Doanh thu bán hàng,3331-Thuế GTGT đầu ra,632-Giá vốn hàng bán,156-Hàng hóa,commerce_distribution_erp_scenario_v1,LIGHTBI_SCENARIO_ENTITY_001,VND,all_declared_accounting_money_columns,Asia/Ho_Chi_Minh,authentic_anchored_semi_synthetic_evidence,sample data/Accounting_ERP_May_2026.csv,3c59da1c10c67ab974dfd204b737402aff1c28d748665949942579fb5fb1a2fd,1296,1.0.0
INV20260501296,JV20260501296,SO20260501296,2026-05-03,BD-TDM,NV020,Thẻ,VC-8877C5,Máy hút bụi,Philips FC,Daikin,1,7873153,0.05,7479495,0.08,598359,8077854,5580000,5580000,1899495,0.254,8077854,7479495,598359,5580000,5580000,131-Phải thu khách hàng,511-Doanh thu bán hàng,3331-Thuế GTGT đầu ra,632-Giá vốn hàng bán,156-Hàng hóa,commerce_distribution_erp_scenario_v1,LIGHTBI_SCENARIO_ENTITY_001,VND,all_declared_accounting_money_columns,Asia/Ho_Chi_Minh,authentic_anchored_semi_synthetic_evidence,sample data/Accounting_ERP_May_2026.csv,3c59da1c10c67ab974dfd204b737402aff1c28d748665949942579fb5fb1a2fd,1297,1.0.0
INV20260501297,JV20260501297,SO20260501297,2026-05-23,HCM-Q1,NV016,Tiền mặt,FN-FC4665,Quạt,Asia,Electrolux,3,1749964,0.18,4304911,0.08,344392,4649303,1021000,3063000,1241911,0.2885,4649303,4304911,344392,3063000,3063000,131-Phải thu khách hàng,511-Doanh thu bán hàng,3331-Thuế GTGT đầu ra,632-Giá vốn hàng bán,156-Hàng hóa,commerce_distribution_erp_scenario_v1,LIGHTBI_SCENARIO_ENTITY_001,VND,all_declared_accounting_money_columns,Asia/Ho_Chi_Minh,authentic_anchored_semi_synthetic_evidence,sample data/Accounting_ERP_May_2026.csv,3c59da1c10c67ab974dfd204b737402aff1c28d748665949942579fb5fb1a2fd,1298,1.0.0
INV20260501298,JV20260501298,SO20260501298,2026-05-15,HCM-Q7,NV010,Thẻ,TV-1B61A7,TV,LG OLED 48,Samsung,1,8972492,0.07,8344417,0.08,667553,9011970,7243000,7243000,1101417,0.132,9011970,8344417,667553,7243000,7243000,131-Phải thu khách hàng,511-Doanh thu bán hàng,3331-Thuế GTGT đầu ra,632-Giá vốn hàng bán,156-Hàng hóa,commerce_distribution_erp_scenario_v1,LIGHTBI_SCENARIO_ENTITY_001,VND,all_declared_accounting_money_columns,Asia/Ho_Chi_Minh,authentic_anchored_semi_synthetic_evidence,sample data/Accounting_ERP_May_2026.csv,3c59da1c10c67ab974dfd204b737402aff1c28d748665949942579fb5fb1a2fd,1299,1.0.0
INV20260501299,JV20260501299,SO20260501299,2026-05-30,HN-CG,NV010,Ví điện tử,VC-6858E9,Máy hút bụi,Xiaomi G10,Sharp,1,6099174,0.19,4940330,0.08,395226,5335556,3918000,3918000,1022330,0.2069,5335556,4940330,395226,3918000,3918000,131-Phải thu khách hàng,511-Doanh thu bán hàng,3331-Thuế GTGT đầu ra,632-Giá vốn hàng bán,156-Hàng hóa,commerce_distribution_erp_scenario_v1,LIGHTBI_SCENARIO_ENTITY_001,VND,all_declared_accounting_money_columns,Asia/Ho_Chi_Minh,authentic_anchored_semi_synthetic_evidence,sample data/Accounting_ERP_May_2026.csv,3c59da1c10c67ab974dfd204b737402aff1c28d748665949942579fb5fb1a2fd,1300,1.0.0
INV20260501300,JV20260501300,SO20260501300,2026-05-27,CT-NK,NV030,Chuyển khoản,VC-D89B2B,Máy hút bụi,Xiaomi G10,LG,2,6341822,0.01,12556807,0.08,1004544,13561351,3936000,7872000,4684807,0.3731,13561351,12556807,1004544,7872000,7872000,131-Phải thu khách hàng,511-Doanh thu bán hàng,3331-Thuế GTGT đầu ra,632-Giá vốn hàng bán,156-Hàng hóa,commerce_distribution_erp_scenario_v1,LIGHTBI_SCENARIO_ENTITY_001,VND,all_declared_accounting_money_columns,Asia/Ho_Chi_Minh,authentic_anchored_semi_synthetic_evidence,sample data/Accounting_ERP_May_2026.csv,3c59da1c10c67ab974dfd204b737402aff1c28d748665949942579fb5fb1a2fd,1301,1.0.0
INV20260501301,JV20260501301,SO20260501301,2026-05-02,HN-CG,NV030,Trả góp,MW-B116A2,Lò vi sóng,Panasonic 25L,Senko,3,2855944,0.19,6939943,0.08,555195,7495138,1899000,5697000,1242943,0.1791,7495138,6939943,555195,5697000,5697000,131-Phải thu khách hàng,511-Doanh thu bán hàng,3331-Thuế GTGT đầu ra,632-Giá vốn hàng bán,156-Hàng hóa,commerce_distribution_erp_scenario_v1,LIGHTBI_SCENARIO_ENTITY_001,VND,all_declared_accounting_money_columns,Asia/Ho_Chi_Minh,authentic_anchored_semi_synthetic_evidence,sample data/Accounting_ERP_May_2026.csv,3c59da1c10c67ab974dfd204b737402aff1c28d748665949942579fb5fb1a2fd,1302,1.0.0
INV20260501302,JV20260501302,SO20260501302,2026-05-16,CT-NK,NV002,Thẻ,RF-CAB84B,Tủ lạnh,Samsung Inverter 350L,Senko,2,23773139,0.14,40889799,0.08,3271183,44160982,19598000,39196000,1693799,0.0414,44160982,40889799,3271183,39196000,39196000,131-Phải thu khách hàng,511-Doanh thu bán hàng,3331-Thuế GTGT đầu ra,632-Giá vốn hàng bán,156-Hàng hóa,commerce_distribution_erp_scenario_v1,LIGHTBI_SCENARIO_ENTITY_001,VND,all_declared_accounting_money_columns,Asia/Ho_Chi_Minh,authentic_anchored_semi_synthetic_evidence,sample data/Accounting_ERP_May_2026.csv,3c59da1c10c67ab974dfd204b737402aff1c28d748665949942579fb5fb1a2fd,1303,1.0.0
INV20260501303,JV20260501303,SO20260501303,2026-05-09,HCM-Q1,NV020,Chuyển khoản,FN-C25C4D,Quạt,Senko,Asia,1,2204470,0.16,1851754,0.08,148140,1999894,1228000,1228000,623754,0.3368,1999894,1851754,148140,1228000,1228000,131-Phải thu khách hàng,511-Doanh thu bán hàng,3331-Thuế GTGT đầu ra,632-Giá vốn hàng bán,156-Hàng hóa,commerce_distribution_erp_scenario_v1,LIGHTBI_SCENARIO_ENTITY_001,VND,all_declared_accounting_money_columns,Asia/Ho_Chi_Minh,authentic_anchored_semi_synthetic_evidence,sample data/Accounting_ERP_May_2026.csv,3c59da1c10c67ab974dfd204b737402aff1c28d748665949942579fb5fb1a2fd,1304,1.0.0
INV20260501304,JV20260501304,SO20260501304,2026-05-25,HCM-Q7,NV016,Tiền mặt,MW-95E139,Lò vi sóng,Sharp 20L,Philips,2,4075585,0.07,7580588,0.08,606447,8187035,2553000,5106000,2474588,0.3264,8187035,7580588,606447,5106000,5106000,131-Phải thu khách hàng,511-Doanh thu bán hàng,3331-Thuế GTGT đầu ra,632-Giá vốn hàng bán,156-Hàng hóa,commerce_distribution_erp_scenario_v1,LIGHTBI_SCENARIO_ENTITY_001,VND,all_declared_accounting_money_columns,Asia/Ho_Chi_Minh,authentic_anchored_semi_synthetic_evidence,sample data/Accounting_ERP_May_2026.csv,3c59da1c10c67ab974dfd204b737402aff1c28d748665949942579fb5fb1a2fd,1305,1.0.0
INV20260501305,JV20260501305,SO20260501305,2026-05-31,HN-CG,NV001,Ví điện tử,TV-3C8911,TV,LG OLED 48,Sharp,1,11352019,0.01,11238498,0.08,899079,12137577,9515000,9515000,1723498,0.1534,12137577,11238498,899079,9515000,9515000,131-Phải thu khách hàng,511-Doanh thu bán hàng,3331-Thuế GTGT đầu ra,632-Giá vốn hàng bán,156-Hàng hóa,commerce_distribution_erp_scenario_v1,LIGHTBI_SCENARIO_ENTITY_001,VND,all_declared_accounting_money_columns,Asia/Ho_Chi_Minh,authentic_anchored_semi_synthetic_evidence,sample data/Accounting_ERP_May_2026.csv,3c59da1c10c67ab974dfd204b737402aff1c28d748665949942579fb5fb1a2fd,1306,1.0.0
INV20260501306,JV20260501306,SO20260501306,2026-05-16,DN-HC,NV004,Tiền mặt,RF-3FC132,Tủ lạnh,LG 420L,Daikin,2,22220282,0.12,39107696,0.08,3128615,42236311,18284000,36568000,2539696,0.0649,42236311,39107696,3128615,36568000,36568000,131-Phải thu khách hàng,511-Doanh thu bán hàng,3331-Thuế GTGT đầu ra,632-Giá vốn hàng bán,156-Hàng hóa,commerce_distribution_erp_scenario_v1,LIGHTBI_SCENARIO_ENTITY_001,VND,all_declared_accounting_money_columns,Asia/Ho_Chi_Minh,authentic_anchored_semi_synthetic_evidence,sample data/Accounting_ERP_May_2026.csv,3c59da1c10c67ab974dfd204b737402aff1c28d748665949942579fb5fb1a2fd,1307,1.0.0
INV20260501307,JV20260501307,SO20260501307,2026-05-28,HCM-Q7,NV017,Trả góp,KT-4BFC34,Ấm siêu tốc,Kangaroo,Sunhouse,3,518764,0.11,1385099,0.08,110807,1495906,280000,840000,545099,0.3935,1495906,1385099,110807,840000,840000,131-Phải thu khách hàng,511-Doanh thu bán hàng,3331-Thuế GTGT đầu ra,632-Giá vốn hàng bán,156-Hàng hóa,commerce_distribution_erp_scenario_v1,LIGHTBI_SCENARIO_ENTITY_001,VND,all_declared_accounting_money_columns,Asia/Ho_Chi_Minh,authentic_anchored_semi_synthetic_evidence,sample data/Accounting_ERP_May_2026.csv,3c59da1c10c67ab974dfd204b737402aff1c28d748665949942579fb5fb1a2fd,1308,1.0.0
INV20260501308,JV20260501308,SO20260501308,2026-05-04,CT-NK,NV015,Trả góp,BL-63B96E,Máy xay,Panasonic Blender,Panasonic,2,1862850,0.17,3092331,0.08,247386,3339717,1344000,2688000,404331,0.1308,3339717,3092331,247386,2688000,2688000,131-Phải thu khách hàng,511-Doanh thu bán hàng,3331-Thuế GTGT đầu ra,632-Giá vốn hàng bán,156-Hàng hóa,commerce_distribution_erp_scenario_v1,LIGHTBI_SCENARIO_ENTITY_001,VND,all_declared_accounting_money_columns,Asia/Ho_Chi_Minh,authentic_anchored_semi_synthetic_evidence,sample data/Accounting_ERP_May_2026.csv,3c59da1c10c67ab974dfd204b737402aff1c28d748665949942579fb5fb1a2fd,1309,1.0.0
INV20260501309,JV20260501309,SO20260501309,2026-05-26,HN-CG,NV018,Ví điện tử,VC-36242C,Máy hút bụi,Xiaomi G10,Sony,3,8884524,0.07,24787821,0.08,1983025,26770846,6138000,18414000,6373821,0.2571,26770846,24787821,1983025,18414000,18414000,131-Phải thu khách hàng,511-Doanh thu bán hàng,3331-Thuế GTGT đầu ra,632-Giá vốn hàng bán,156-Hàng hóa,commerce_distribution_erp_scenario_v1,LIGHTBI_SCENARIO_ENTITY_001,VND,all_declared_accounting_money_columns,Asia/Ho_Chi_Minh,authentic_anchored_semi_synthetic_evidence,sample data/Accounting_ERP_May_2026.csv,3c59da1c10c67ab974dfd204b737402aff1c28d748665949942579fb5fb1a2fd,1310,1.0.0
INV20260501310,JV20260501310,SO20260501310,2026-05-02,HCM-Q7,NV010,Tiền mặt,VC-FA3352,Máy hút bụi,Dyson V8,Aqua,3,5923563,0.19,14394258,0.08,1151540,15545798,3633000,10899000,3495258,0.2428,15545798,14394258,1151540,10899000,10899000,131-Phải thu khách hàng,511-Doanh thu bán hàng,3331-Thuế GTGT đầu ra,632-Giá vốn hàng bán,156-Hàng hóa,commerce_distribution_erp_scenario_v1,LIGHTBI_SCENARIO_ENTITY_001,VND,all_declared_accounting_money_columns,Asia/Ho_Chi_Minh,authentic_anchored_semi_synthetic_evidence,sample data/Accounting_ERP_May_2026.csv,3c59da1c10c67ab974dfd204b737402aff1c28d748665949942579fb5fb1a2fd,1311,1.0.0
INV20260501311,JV20260501311,SO20260501311,2026-05-15,HCM-Q1,NV022,Tiền mặt,WM-758BD9,Máy giặt,Panasonic 8.5kg,Xiaomi,1,11434161,0.05,10862452,0.08,868996,11731448,8495000,8495000,2367452,0.2179,11731448,10862452,868996,8495000,8495000,131-Phải thu khách hàng,511-Doanh thu bán hàng,3331-Thuế GTGT đầu ra,632-Giá vốn hàng bán,156-Hàng hóa,commerce_distribution_erp_scenario_v1,LIGHTBI_SCENARIO_ENTITY_001,VND,all_declared_accounting_money_columns,Asia/Ho_Chi_Minh,authentic_anchored_semi_synthetic_evidence,sample data/Accounting_ERP_May_2026.csv,3c59da1c10c67ab974dfd204b737402aff1c28d748665949942579fb5fb1a2fd,1312,1.0.0
INV20260501312,JV20260501312,SO20260501312,2026-05-21,BD-TDM,NV026,Thẻ,RC-5D6078,Nồi cơm,Cuckoo 1.8L,Sunhouse,2,1060870,0.03,2058087,0.08,164646,2222733,617000,1234000,824087,0.4004,2222733,2058087,164646,1234000,1234000,131-Phải thu khách hàng,511-Doanh thu bán hàng,3331-Thuế GTGT đầu ra,632-Giá vốn hàng bán,156-Hàng hóa,commerce_distribution_erp_scenario_v1,LIGHTBI_SCENARIO_ENTITY_001,VND,all_declared_accounting_money_columns,Asia/Ho_Chi_Minh,authentic_anchored_semi_synthetic_evidence,sample data/Accounting_ERP_May_2026.csv,3c59da1c10c67ab974dfd204b737402aff1c28d748665949942579fb5fb1a2fd,1313,1.0.0
INV20260501313,JV20260501313,SO20260501313,2026-05-27,CT-NK,NV027,Ví điện tử,MW-397FED,Lò vi sóng,Electrolux 23L,Asia,1,4568448,0.1,4111603,0.08,328928,4440531,3272000,3272000,839603,0.2042,4440531,4111603,328928,3272000,3272000,131-Phải thu khách hàng,511-Doanh thu bán hàng,3331-Thuế GTGT đầu ra,632-Giá vốn hàng bán,156-Hàng hóa,commerce_distribution_erp_scenario_v1,LIGHTBI_SCENARIO_ENTITY_001,VND,all_declared_accounting_money_columns,Asia/Ho_Chi_Minh,authentic_anchored_semi_synthetic_evidence,sample data/Accounting_ERP_May_2026.csv,3c59da1c10c67ab974dfd204b737402aff1c28d748665949942579fb5fb1a2fd,1314,1.0.0
INV20260501314,JV20260501314,SO20260501314,2026-05-03,CT-NK,NV011,Chuyển khoản,VC-6858E9,Máy hút bụi,Xiaomi G10,Sharp,1,8898808,0.07,8275891,0.08,662071,8937962,6918000,6918000,1357891,0.1641,8937962,8275891,662071,6918000,6918000,131-Phải thu khách hàng,511-Doanh thu bán hàng,3331-Thuế GTGT đầu ra,632-Giá vốn hàng bán,156-Hàng hóa,commerce_distribution_erp_scenario_v1,LIGHTBI_SCENARIO_ENTITY_001,VND,all_declared_accounting_money_columns,Asia/Ho_Chi_Minh,authentic_anchored_semi_synthetic_evidence,sample data/Accounting_ERP_May_2026.csv,3c59da1c10c67ab974dfd204b737402aff1c28d748665949942579fb5fb1a2fd,1315,1.0.0
INV20260501315,JV20260501315,SO20260501315,2026-05-09,HCM-TB,NV011,Chuyển khoản,MW-A83E5A,Lò vi sóng,Electrolux 23L,Sunhouse,1,4447689,0.12,3913966,0.08,313117,4227083,3244000,3244000,669966,0.1712,4227083,3913966,313117,3244000,3244000,131-Phải thu khách hàng,511-Doanh thu bán hàng,3331-Thuế GTGT đầu ra,632-Giá vốn hàng bán,156-Hàng hóa,commerce_distribution_erp_scenario_v1,LIGHTBI_SCENARIO_ENTITY_001,VND,all_declared_accounting_money_columns,Asia/Ho_Chi_Minh,authentic_anchored_semi_synthetic_evidence,sample data/Accounting_ERP_May_2026.csv,3c59da1c10c67ab974dfd204b737402aff1c28d748665949942579fb5fb1a2fd,1316,1.0.0
INV20260501316,JV20260501316,SO20260501316,2026-05-14,CT-NK,NV010,Trả góp,RF-5ECF76,Tủ lạnh,LG 420L,Mitsubishi,3,13566392,0.18,33373324,0.08,2669865,36043189,11616000,34848000,-1474676,-0.0442,36043189,33373324,2669865,34848000,34848000,131-Phải thu khách hàng,511-Doanh thu bán hàng,3331-Thuế GTGT đầu ra,632-Giá vốn hàng bán,156-Hàng hóa,commerce_distribution_erp_scenario_v1,LIGHTBI_SCENARIO_ENTITY_001,VND,all_declared_accounting_money_columns,Asia/Ho_Chi_Minh,authentic_anchored_semi_synthetic_evidence,sample data/Accounting_ERP_May_2026.csv,3c59da1c10c67ab974dfd204b737402aff1c28d748665949942579fb5fb1a2fd,1317,1.0.0
INV20260501317,JV20260501317,SO20260501317,2026-05-14,HN-CG,NV023,Chuyển khoản,BL-E21F60,Máy xay,Philips Blender,Electrolux,3,2193971,0.16,5528806,0.08,442304,5971110,1275000,3825000,1703806,0.3082,5971110,5528806,442304,3825000,3825000,131-Phải thu khách hàng,511-Doanh thu bán hàng,3331-Thuế GTGT đầu ra,632-Giá vốn hàng bán,156-Hàng hóa,commerce_distribution_erp_scenario_v1,LIGHTBI_SCENARIO_ENTITY_001,VND,all_declared_accounting_money_columns,Asia/Ho_Chi_Minh,authentic_anchored_semi_synthetic_evidence,sample data/Accounting_ERP_May_2026.csv,3c59da1c10c67ab974dfd204b737402aff1c28d748665949942579fb5fb1a2fd,1318,1.0.0
INV20260501318,JV20260501318,SO20260501318,2026-05-22,DN-HC,NV001,Chuyển khoản,BL-21A1FA,Máy xay,Sunhouse Blender,Electrolux,1,2845227,0.16,2389990,0.08,191199,2581189,1865000,1865000,524990,0.2197,2581189,2389990,191199,1865000,1865000,131-Phải thu khách hàng,511-Doanh thu bán hàng,3331-Thuế GTGT đầu ra,632-Giá vốn hàng bán,156-Hàng hóa,commerce_distribution_erp_scenario_v1,LIGHTBI_SCENARIO_ENTITY_001,VND,all_declared_accounting_money_columns,Asia/Ho_Chi_Minh,authentic_anchored_semi_synthetic_evidence,sample data/Accounting_ERP_May_2026.csv,3c59da1c10c67ab974dfd204b737402aff1c28d748665949942579fb5fb1a2fd,1319,1.0.0
INV20260501319,JV20260501319,SO20260501319,2026-05-19,HCM-Q1,NV011,Ví điện tử,MW-D3DB9C,Lò vi sóng,Sharp 20L,Aqua,2,4717768,0.05,8963759,0.08,717100,9680859,3539000,7078000,1885759,0.2104,9680859,8963759,717100,7078000,7078000,131-Phải thu khách hàng,511-Doanh thu bán hàng,3331-Thuế GTGT đầu ra,632-Giá vốn hàng bán,156-Hàng hóa,commerce_distribution_erp_scenario_v1,LIGHTBI_SCENARIO_ENTITY_001,VND,all_declared_accounting_money_columns,Asia/Ho_Chi_Minh,authentic_anchored_semi_synthetic_evidence,sample data/Accounting_ERP_May_2026.csv,3c59da1c10c67ab974dfd204b737402aff1c28d748665949942579fb5fb1a2fd,1320,1.0.0
INV20260501320,JV20260501320,SO20260501320,2026-05-26,CT-NK,NV020,Ví điện tử,RF-40AAB7,Tủ lạnh,Samsung Inverter 350L,Electrolux,2,14591973,0.06,27432909,0.08,2194632,29627541,11239000,22478000,4954909,0.1806,29627541,27432909,2194632,22478000,22478000,131-Phải thu khách hàng,511-Doanh thu bán hàng,3331-Thuế GTGT đầu ra,632-Giá vốn hàng bán,156-Hàng hóa,commerce_distribution_erp_scenario_v1,LIGHTBI_SCENARIO_ENTITY_001,VND,all_declared_accounting_money_columns,Asia/Ho_Chi_Minh,authentic_anchored_semi_synthetic_evidence,sample data/Accounting_ERP_May_2026.csv,3c59da1c10c67ab974dfd204b737402aff1c28d748665949942579fb5fb1a2fd,1321,1.0.0
INV20260501321,JV20260501321,SO20260501321,2026-05-19,HN-HBT,NV001,Trả góp,TV-9A9F11,TV,"Samsung 55"" 4K",Toshiba,3,21092588,0.04,60746653,0.08,4859732,65606385,16125000,48375000,12371653,0.2037,65606385,60746653,4859732,48375000,48375000,131-Phải thu khách hàng,511-Doanh thu bán hàng,3331-Thuế GTGT đầu ra,632-Giá vốn hàng bán,156-Hàng hóa,commerce_distribution_erp_scenario_v1,LIGHTBI_SCENARIO_ENTITY_001,VND,all_declared_accounting_money_columns,Asia/Ho_Chi_Minh,authentic_anchored_semi_synthetic_evidence,sample data/Accounting_ERP_May_2026.csv,3c59da1c10c67ab974dfd204b737402aff1c28d748665949942579fb5fb1a2fd,1322,1.0.0
INV20260501322,JV20260501322,SO20260501322,2026-05-29,HCM-Q1,NV028,Trả góp,RF-A94B66,Tủ lạnh,Panasonic 300L,Xiaomi,2,24082039,0.12,42384388,0.08,3390751,45775139,18971000,37942000,4442388,0.1048,45775139,42384388,3390751,37942000,37942000,131-Phải thu khách hàng,511-Doanh thu bán hàng,3331-Thuế GTGT đầu ra,632-Giá vốn hàng bán,156-Hàng hóa,commerce_distribution_erp_scenario_v1,LIGHTBI_SCENARIO_ENTITY_001,VND,all_declared_accounting_money_columns,Asia/Ho_Chi_Minh,authentic_anchored_semi_synthetic_evidence,sample data/Accounting_ERP_May_2026.csv,3c59da1c10c67ab974dfd204b737402aff1c28d748665949942579fb5fb1a2fd,1323,1.0.0
INV20260501323,JV20260501323,SO20260501323,2026-05-01,HCM-TB,NV025,Chuyển khoản,RF-B94164,Tủ lạnh,LG 420L,Aqua,3,19115098,0.13,49890405,0.08,3991232,53881637,15475000,46425000,3465405,0.0695,53881637,49890405,3991232,46425000,46425000,131-Phải thu khách hàng,511-Doanh thu bán hàng,3331-Thuế GTGT đầu ra,632-Giá vốn hàng bán,156-Hàng hóa,commerce_distribution_erp_scenario_v1,LIGHTBI_SCENARIO_ENTITY_001,VND,all_declared_accounting_money_columns,Asia/Ho_Chi_Minh,authentic_anchored_semi_synthetic_evidence,sample data/Accounting_ERP_May_2026.csv,3c59da1c10c67ab974dfd204b737402aff1c28d748665949942579fb5fb1a2fd,1324,1.0.0
INV20260501324,JV20260501324,SO20260501324,2026-05-31,BD-TDM,NV021,Trả góp,AC-9EB347,Máy lạnh,Panasonic 1.5HP,Xiaomi,2,14431824,0.1,25977283,0.08,2078182,28055465,10599000,21198000,4779283,0.184,28055465,25977283,2078182,21198000,21198000,131-Phải thu khách hàng,511-Doanh thu bán hàng,3331-Thuế GTGT đầu ra,632-Giá vốn hàng bán,156-Hàng hóa,commerce_distribution_erp_scenario_v1,LIGHTBI_SCENARIO_ENTITY_001,VND,all_declared_accounting_money_columns,Asia/Ho_Chi_Minh,authentic_anchored_semi_synthetic_evidence,sample data/Accounting_ERP_May_2026.csv,3c59da1c10c67ab974dfd204b737402aff1c28d748665949942579fb5fb1a2fd,1325,1.0.0
INV20260501325,JV20260501325,SO20260501325,2026-05-13,HCM-Q1,NV006,Tiền mặt,FN-5AA0F8,Quạt,Senko,Cuckoo,3,980066,0.15,2499168,0.08,199933,2699101,601000,1803000,696168,0.2786,2699101,2499168,199933,1803000,1803000,131-Phải thu khách hàng,511-Doanh thu bán hàng,3331-Thuế GTGT đầu ra,632-Giá vốn hàng bán,156-Hàng hóa,commerce_distribution_erp_scenario_v1,LIGHTBI_SCENARIO_ENTITY_001,VND,all_declared_accounting_money_columns,Asia/Ho_Chi_Minh,authentic_anchored_semi_synthetic_evidence,sample data/Accounting_ERP_May_2026.csv,3c59da1c10c67ab974dfd204b737402aff1c28d748665949942579fb5fb1a2fd,1326,1.0.0
INV20260501326,JV20260501326,SO20260501326,2026-05-28,HN-CG,NV018,Trả góp,KT-F7FE04,Ấm siêu tốc,Kangaroo,Sony,1,431680,0.06,405779,0.08,32462,438241,305000,305000,100779,0.2484,438241,405779,32462,305000,305000,131-Phải thu khách hàng,511-Doanh thu bán hàng,3331-Thuế GTGT đầu ra,632-Giá vốn hàng bán,156-Hàng hóa,commerce_distribution_erp_scenario_v1,LIGHTBI_SCENARIO_ENTITY_001,VND,all_declared_accounting_money_columns,Asia/Ho_Chi_Minh,authentic_anchored_semi_synthetic_evidence,sample data/Accounting_ERP_May_2026.csv,3c59da1c10c67ab974dfd204b737402aff1c28d748665949942579fb5fb1a2fd,1327,1.0.0
INV20260501327,JV20260501327,SO20260501327,2026-05-27,CT-NK,NV022,Ví điện tử,TV-DD0514,TV,"Samsung 55"" 4K",Mitsubishi,2,21269486,0.1,38285074,0.08,3062805,41347879,16857000,33714000,4571074,0.1194,41347879,38285074,3062805,33714000,33714000,131-Phải thu khách hàng,511-Doanh thu bán hàng,3331-Thuế GTGT đầu ra,632-Giá vốn hàng bán,156-Hàng hóa,commerce_distribution_erp_scenario_v1,LIGHTBI_SCENARIO_ENTITY_001,VND,all_declared_accounting_money_columns,Asia/Ho_Chi_Minh,authentic_anchored_semi_synthetic_evidence,sample data/Accounting_ERP_May_2026.csv,3c59da1c10c67ab974dfd204b737402aff1c28d748665949942579fb5fb1a2fd,1328,1.0.0
INV20260501328,JV20260501328,SO20260501328,2026-05-30,CT-NK,NV027,Tiền mặt,WM-85FDED,Máy giặt,Samsung 10kg,Asia,1,10863132,0.11,9668187,0.08,773454,10441641,8703000,8703000,965187,0.0998,10441641,9668187,773454,8703000,8703000,131-Phải thu khách hàng,511-Doanh thu bán hàng,3331-Thuế GTGT đầu ra,632-Giá vốn hàng bán,156-Hàng hóa,commerce_distribution_erp_scenario_v1,LIGHTBI_SCENARIO_ENTITY_001,VND,all_declared_accounting_money_columns,Asia/Ho_Chi_Minh,authentic_anchored_semi_synthetic_evidence,sample data/Accounting_ERP_May_2026.csv,3c59da1c10c67ab974dfd204b737402aff1c28d748665949942579fb5fb1a2fd,1329,1.0.0
INV20260501329,JV20260501329,SO20260501329,2026-05-05,HN-HBT,NV016,Ví điện tử,WM-781AD9,Máy giặt,Samsung 10kg,Sharp,3,7879700,0.12,20802408,0.08,1664192,22466600,6004000,18012000,2790408,0.1341,22466600,20802408,1664192,18012000,18012000,131-Phải thu khách hàng,511-Doanh thu bán hàng,3331-Thuế GTGT đầu ra,632-Giá vốn hàng bán,156-Hàng hóa,commerce_distribution_erp_scenario_v1,LIGHTBI_SCENARIO_ENTITY_001,VND,all_declared_accounting_money_columns,Asia/Ho_Chi_Minh,authentic_anchored_semi_synthetic_evidence,sample data/Accounting_ERP_May_2026.csv,3c59da1c10c67ab974dfd204b737402aff1c28d748665949942579fb5fb1a2fd,1330,1.0.0
INV20260501330,JV20260501330,SO20260501330,2026-05-11,HN-HBT,NV009,Chuyển khoản,BL-95987D,Máy xay,Philips Blender,Asia,3,1156313,0.01,3434249,0.08,274739,3708988,798000,2394000,1040249,0.3029,3708988,3434249,274739,2394000,2394000,131-Phải thu khách hàng,511-Doanh thu bán hàng,3331-Thuế GTGT đầu ra,632-Giá vốn hàng bán,156-Hàng hóa,commerce_distribution_erp_scenario_v1,LIGHTBI_SCENARIO_ENTITY_001,VND,all_declared_accounting_money_columns,Asia/Ho_Chi_Minh,authentic_anchored_semi_synthetic_evidence,sample data/Accounting_ERP_May_2026.csv,3c59da1c10c67ab974dfd204b737402aff1c28d748665949942579fb5fb1a2fd,1331,1.0.0
INV20260501331,JV20260501331,SO20260501331,2026-05-21,HCM-Q7,NV003,Thẻ,BL-33ED9A,Máy xay,Philips Blender,Panasonic,1,1835712,0.01,1817354,0.08,145388,1962742,1222000,1222000,595354,0.3276,1962742,1817354,145388,1222000,1222000,131-Phải thu khách hàng,511-Doanh thu bán hàng,3331-Thuế GTGT đầu ra,632-Giá vốn hàng bán,156-Hàng hóa,commerce_distribution_erp_scenario_v1,LIGHTBI_SCENARIO_ENTITY_001,VND,all_declared_accounting_money_columns,Asia/Ho_Chi_Minh,authentic_anchored_semi_synthetic_evidence,sample data/Accounting_ERP_May_2026.csv,3c59da1c10c67ab974dfd204b737402aff1c28d748665949942579fb5fb1a2fd,1332,1.0.0
INV20260501332,JV20260501332,SO20260501332,2026-05-03,HN-CG,NV010,Chuyển khoản,TV-24D9E9,TV,"Samsung 55"" 4K",Panasonic,1,13352559,0.15,11349675,0.08,907974,12257649,10780000,10780000,569675,0.0502,12257649,11349675,907974,10780000,10780000,131-Phải thu khách hàng,511-Doanh thu bán hàng,3331-Thuế GTGT đầu ra,632-Giá vốn hàng bán,156-Hàng hóa,commerce_distribution_erp_scenario_v1,LIGHTBI_SCENARIO_ENTITY_001,VND,all_declared_accounting_money_columns,Asia/Ho_Chi_Minh,authentic_anchored_semi_synthetic_evidence,sample data/Accounting_ERP_May_2026.csv,3c59da1c10c67ab974dfd204b737402aff1c28d748665949942579fb5fb1a2fd,1333,1.0.0
INV20260501333,JV20260501333,SO20260501333,2026-05-11,HN-HBT,NV011,Tiền mặt,TV-F84775,TV,"Sony 65""",Xiaomi,3,16282277,0.15,41519806,0.08,3321584,44841390,13698000,41094000,425806,0.0103,44841390,41519806,3321584,41094000,41094000,131-Phải thu khách hàng,511-Doanh thu bán hàng,3331-Thuế GTGT đầu ra,632-Giá vốn hàng bán,156-Hàng hóa,commerce_distribution_erp_scenario_v1,LIGHTBI_SCENARIO_ENTITY_001,VND,all_declared_accounting_money_columns,Asia/Ho_Chi_Minh,authentic_anchored_semi_synthetic_evidence,sample data/Accounting_ERP_May_2026.csv,3c59da1c10c67ab974dfd204b737402aff1c28d748665949942579fb5fb1a2fd,1334,1.0.0
INV20260501334,JV20260501334,SO20260501334,2026-05-31,HN-CG,NV008,Thẻ,RF-4A3E4F,Tủ lạnh,Aqua 250L,Daikin,3,19724363,0.1,53255780,0.08,4260462,57516242,16427000,49281000,3974780,0.0746,57516242,53255780,4260462,49281000,49281000,131-Phải thu khách hàng,511-Doanh thu bán hàng,3331-Thuế GTGT đầu ra,632-Giá vốn hàng bán,156-Hàng hóa,commerce_distribution_erp_scenario_v1,LIGHTBI_SCENARIO_ENTITY_001,VND,all_declared_accounting_money_columns,Asia/Ho_Chi_Minh,authentic_anchored_semi_synthetic_evidence,sample data/Accounting_ERP_May_2026.csv,3c59da1c10c67ab974dfd204b737402aff1c28d748665949942579fb5fb1a2fd,1335,1.0.0
INV20260501335,JV20260501335,SO20260501335,2026-05-03,HCM-Q7,NV005,Chuyển khoản,BL-BE1E34,Máy xay,Panasonic Blender,Senko,2,700531,0.16,1176892,0.08,94151,1271043,432000,864000,312892,0.2659,1271043,1176892,94151,864000,864000,131-Phải thu khách hàng,511-Doanh thu bán hàng,3331-Thuế GTGT đầu ra,632-Giá vốn hàng bán,156-Hàng hóa,commerce_distribution_erp_scenario_v1,LIGHTBI_SCENARIO_ENTITY_001,VND,all_declared_accounting_money_columns,Asia/Ho_Chi_Minh,authentic_anchored_semi_synthetic_evidence,sample data/Accounting_ERP_May_2026.csv,3c59da1c10c67ab974dfd204b737402aff1c28d748665949942579fb5fb1a2fd,1336,1.0.0
INV20260501336,JV20260501336,SO20260501336,2026-05-07,CT-NK,NV006,Chuyển khoản,AC-EB66B0,Máy lạnh,Casper 1HP,Asia,2,8413325,0.02,16490117,0.08,1319209,17809326,5934000,11868000,4622117,0.2803,17809326,16490117,1319209,11868000,11868000,131-Phải thu khách hàng,511-Doanh thu bán hàng,3331-Thuế GTGT đầu ra,632-Giá vốn hàng bán,156-Hàng hóa,commerce_distribution_erp_scenario_v1,LIGHTBI_SCENARIO_ENTITY_001,VND,all_declared_accounting_money_columns,Asia/Ho_Chi_Minh,authentic_anchored_semi_synthetic_evidence,sample data/Accounting_ERP_May_2026.csv,3c59da1c10c67ab974dfd204b737402aff1c28d748665949942579fb5fb1a2fd,1337,1.0.0
INV20260501337,JV20260501337,SO20260501337,2026-05-14,HCM-Q7,NV003,Thẻ,WM-B2AB72,Máy giặt,Toshiba 9kg,Casper,1,14650694,0.13,12746103,0.08,1019688,13765791,10773000,10773000,1973103,0.1548,13765791,12746103,1019688,10773000,10773000,131-Phải thu khách hàng,511-Doanh thu bán hàng,3331-Thuế GTGT đầu ra,632-Giá vốn hàng bán,156-Hàng hóa,commerce_distribution_erp_scenario_v1,LIGHTBI_SCENARIO_ENTITY_001,VND,all_declared_accounting_money_columns,Asia/Ho_Chi_Minh,authentic_anchored_semi_synthetic_evidence,sample data/Accounting_ERP_May_2026.csv,3c59da1c10c67ab974dfd204b737402aff1c28d748665949942579fb5fb1a2fd,1338,1.0.0
INV20260501338,JV20260501338,SO20260501338,2026-05-31,CT-NK,NV005,Thẻ,WM-725BDB,Máy giặt,Samsung 10kg,Toshiba,2,17364392,0.16,29172178,0.08,2333774,31505952,13337000,26674000,2498178,0.0856,31505952,29172178,2333774,26674000,26674000,131-Phải thu khách hàng,511-Doanh thu bán hàng,3331-Thuế GTGT đầu ra,632-Giá vốn hàng bán,156-Hàng hóa,commerce_distribution_erp_scenario_v1,LIGHTBI_SCENARIO_ENTITY_001,VND,all_declared_accounting_money_columns,Asia/Ho_Chi_Minh,authentic_anchored_semi_synthetic_evidence,sample data/Accounting_ERP_May_2026.csv,3c59da1c10c67ab974dfd204b737402aff1c28d748665949942579fb5fb1a2fd,1339,1.0.0
INV20260501339,JV20260501339,SO20260501339,2026-05-19,HCM-TB,NV013,Tiền mặt,BL-54E269,Máy xay,Philips Blender,Xiaomi,3,1946492,0.09,5313923,0.08,425113,5739036,1076000,3228000,2085923,0.3925,5739036,5313923,425113,3228000,3228000,131-Phải thu khách hàng,511-Doanh thu bán hàng,3331-Thuế GTGT đầu ra,632-Giá vốn hàng bán,156-Hàng hóa,commerce_distribution_erp_scenario_v1,LIGHTBI_SCENARIO_ENTITY_001,VND,all_declared_accounting_money_columns,Asia/Ho_Chi_Minh,authentic_anchored_semi_synthetic_evidence,sample data/Accounting_ERP_May_2026.csv,3c59da1c10c67ab974dfd204b737402aff1c28d748665949942579fb5fb1a2fd,1340,1.0.0
INV20260501340,JV20260501340,SO20260501340,2026-05-23,DN-HC,NV012,Ví điện tử,RF-ECA283,Tủ lạnh,Panasonic 300L,Panasonic,1,5263325,0.07,4894892,0.08,391591,5286483,4160000,4160000,734892,0.1501,5286483,4894892,391591,4160000,4160000,131-Phải thu khách hàng,511-Doanh thu bán hàng,3331-Thuế GTGT đầu ra,632-Giá vốn hàng bán,156-Hàng hóa,commerce_distribution_erp_scenario_v1,LIGHTBI_SCENARIO_ENTITY_001,VND,all_declared_accounting_money_columns,Asia/Ho_Chi_Minh,authentic_anchored_semi_synthetic_evidence,sample data/Accounting_ERP_May_2026.csv,3c59da1c10c67ab974dfd204b737402aff1c28d748665949942579fb5fb1a2fd,1341,1.0.0
INV20260501341,JV20260501341,SO20260501341,2026-05-17,HCM-Q7,NV022,Chuyển khoản,TV-F84775,TV,"Sony 65""",Xiaomi,2,31654948,0.19,51281015,0.08,4102481,55383496,27496000,54992000,-3710985,-0.0724,55383496,51281015,4102481,54992000,54992000,131-Phải thu khách hàng,511-Doanh thu bán hàng,3331-Thuế GTGT đầu ra,632-Giá vốn hàng bán,156-Hàng hóa,commerce_distribution_erp_scenario_v1,LIGHTBI_SCENARIO_ENTITY_001,VND,all_declared_accounting_money_columns,Asia/Ho_Chi_Minh,authentic_anchored_semi_synthetic_evidence,sample data/Accounting_ERP_May_2026.csv,3c59da1c10c67ab974dfd204b737402aff1c28d748665949942579fb5fb1a2fd,1342,1.0.0
INV20260501342,JV20260501342,SO20260501342,2026-05-15,HN-HBT,NV008,Trả góp,TV-888A32,TV,"TCL 50""",Mitsubishi,3,10145828,0.17,25263111,0.08,2021048,27284159,8006000,24018000,1245111,0.0493,27284159,25263111,2021048,24018000,24018000,131-Phải thu khách hàng,511-Doanh thu bán hàng,3331-Thuế GTGT đầu ra,632-Giá vốn hàng bán,156-Hàng hóa,commerce_distribution_erp_scenario_v1,LIGHTBI_SCENARIO_ENTITY_001,VND,all_declared_accounting_money_columns,Asia/Ho_Chi_Minh,authentic_anchored_semi_synthetic_evidence,sample data/Accounting_ERP_May_2026.csv,3c59da1c10c67ab974dfd204b737402aff1c28d748665949942579fb5fb1a2fd,1343,1.0.0
INV20260501343,JV20260501343,SO20260501343,2026-05-13,CT-NK,NV017,Ví điện tử,AC-496EEC,Máy lạnh,Casper 1HP,Philips,2,9913696,0.15,16853283,0.08,1348262,18201545,7066000,14132000,2721283,0.1615,18201545,16853283,1348262,14132000,14132000,131-Phải thu khách hàng,511-Doanh thu bán hàng,3331-Thuế GTGT đầu ra,632-Giá vốn hàng bán,156-Hàng hóa,commerce_distribution_erp_scenario_v1,LIGHTBI_SCENARIO_ENTITY_001,VND,all_declared_accounting_money_columns,Asia/Ho_Chi_Minh,authentic_anchored_semi_synthetic_evidence,sample data/Accounting_ERP_May_2026.csv,3c59da1c10c67ab974dfd204b737402aff1c28d748665949942579fb5fb1a2fd,1344,1.0.0
INV20260501344,JV20260501344,SO20260501344,2026-05-25,HCM-Q7,NV009,Trả góp,RC-454944,Nồi cơm,Sunhouse 1.2L,Sony,3,1136768,0.12,3001067,0.08,240085,3241152,764000,2292000,709067,0.2363,3241152,3001067,240085,2292000,2292000,131-Phải thu khách hàng,511-Doanh thu bán hàng,3331-Thuế GTGT đầu ra,632-Giá vốn hàng bán,156-Hàng hóa,commerce_distribution_erp_scenario_v1,LIGHTBI_SCENARIO_ENTITY_001,VND,all_declared_accounting_money_columns,Asia/Ho_Chi_Minh,authentic_anchored_semi_synthetic_evidence,sample data/Accounting_ERP_May_2026.csv,3c59da1c10c67ab974dfd204b737402aff1c28d748665949942579fb5fb1a2fd,1345,1.0.0
INV20260501345,JV20260501345,SO20260501345,2026-05-18,DN-HC,NV001,Thẻ,KT-8BE75F,Ấm siêu tốc,Kangaroo,Samsung,2,284037,0.0,568074,0.08,45445,613519,199000,398000,170074,0.2994,613519,568074,45445,398000,398000,131-Phải thu khách hàng,511-Doanh thu bán hàng,3331-Thuế GTGT đầu ra,632-Giá vốn hàng bán,156-Hàng hóa,commerce_distribution_erp_scenario_v1,LIGHTBI_SCENARIO_ENTITY_001,VND,all_declared_accounting_money_columns,Asia/Ho_Chi_Minh,authentic_anchored_semi_synthetic_evidence,sample data/Accounting_ERP_May_2026.csv,3c59da1c10c67ab974dfd204b737402aff1c28d748665949942579fb5fb1a2fd,1346,1.0.0
INV20260501346,JV20260501346,SO20260501346,2026-05-09,HCM-TB,NV009,Thẻ,WM-345051,Máy giặt,LG 9kg,Senko,1,6000288,0.17,4980239,0.08,398419,5378658,4660000,4660000,320239,0.0643,5378658,4980239,398419,4660000,4660000,131-Phải thu khách hàng,511-Doanh thu bán hàng,3331-Thuế GTGT đầu ra,632-Giá vốn hàng bán,156-Hàng hóa,commerce_distribution_erp_scenario_v1,LIGHTBI_SCENARIO_ENTITY_001,VND,all_declared_accounting_money_columns,Asia/Ho_Chi_Minh,authentic_anchored_semi_synthetic_evidence,sample data/Accounting_ERP_May_2026.csv,3c59da1c10c67ab974dfd204b737402aff1c28d748665949942579fb5fb1a2fd,1347,1.0.0
INV20260501347,JV20260501347,SO20260501347,2026-05-09,HCM-Q7,NV021,Chuyển khoản,VC-B711CC,Máy hút bụi,Xiaomi G10,Panasonic,3,9423492,0.02,27705066,0.08,2216405,29921471,6174000,18522000,9183066,0.3315,29921471,27705066,2216405,18522000,18522000,131-Phải thu khách hàng,511-Doanh thu bán hàng,3331-Thuế GTGT đầu ra,632-Giá vốn hàng bán,156-Hàng hóa,commerce_distribution_erp_scenario_v1,LIGHTBI_SCENARIO_ENTITY_001,VND,all_declared_accounting_money_columns,Asia/Ho_Chi_Minh,authentic_anchored_semi_synthetic_evidence,sample data/Accounting_ERP_May_2026.csv,3c59da1c10c67ab974dfd204b737402aff1c28d748665949942579fb5fb1a2fd,1348,1.0.0
INV20260501348,JV20260501348,SO20260501348,2026-05-28,CT-NK,NV025,Trả góp,VC-98D4CD,Máy hút bụi,Xiaomi G10,Cuckoo,1,2446656,0.01,2422189,0.08,193775,2615964,1879000,1879000,543189,0.2243,2615964,2422189,193775,1879000,1879000,131-Phải thu khách hàng,511-Doanh thu bán hàng,3331-Thuế GTGT đầu ra,632-Giá vốn hàng bán,156-Hàng hóa,commerce_distribution_erp_scenario_v1,LIGHTBI_SCENARIO_ENTITY_001,VND,all_declared_accounting_money_columns,Asia/Ho_Chi_Minh,authentic_anchored_semi_synthetic_evidence,sample data/Accounting_ERP_May_2026.csv,3c59da1c10c67ab974dfd204b737402aff1c28d748665949942579fb5fb1a2fd,1349,1.0.0
INV20260501349,JV20260501349,SO20260501349,2026-05-09,HN-CG,NV019,Trả góp,FN-6CD351,Quạt,Panasonic,Aqua,2,477352,0.13,830592,0.08,66447,897039,350000,700000,130592,0.1572,897039,830592,66447,700000,700000,131-Phải thu khách hàng,511-Doanh thu bán hàng,3331-Thuế GTGT đầu ra,632-Giá vốn hàng bán,156-Hàng hóa,commerce_distribution_erp_scenario_v1,LIGHTBI_SCENARIO_ENTITY_001,VND,all_declared_accounting_money_columns,Asia/Ho_Chi_Minh,authentic_anchored_semi_synthetic_evidence,sample data/Accounting_ERP_May_2026.csv,3c59da1c10c67ab974dfd204b737402aff1c28d748665949942579fb5fb1a2fd,1350,1.0.0
INV20260501350,JV20260501350,SO20260501350,2026-05-06,CT-NK,NV018,Trả góp,RF-8F66CC,Tủ lạnh,Aqua 250L,Xiaomi,2,23769858,0.08,43736538,0.08,3498923,47235461,18024000,36048000,7688538,0.1758,47235461,43736538,3498923,36048000,36048000,131-Phải thu khách hàng,511-Doanh thu bán hàng,3331-Thuế GTGT đầu ra,632-Giá vốn hàng bán,156-Hàng hóa,commerce_distribution_erp_scenario_v1,LIGHTBI_SCENARIO_ENTITY_001,VND,all_declared_accounting_money_columns,Asia/Ho_Chi_Minh,authentic_anchored_semi_synthetic_evidence,sample data/Accounting_ERP_May_2026.csv,3c59da1c10c67ab974dfd204b737402aff1c28d748665949942579fb5fb1a2fd,1351,1.0.0
INV20260501351,JV20260501351,SO20260501351,2026-05-19,HCM-Q7,NV014,Chuyển khoản,FN-0333B4,Quạt,Asia,Daikin,2,1790630,0.06,3366384,0.08,269310,3635694,1306000,2612000,754384,0.2241,3635694,3366384,269310,2612000,2612000,131-Phải thu khách hàng,511-Doanh thu bán hàng,3331-Thuế GTGT đầu ra,632-Giá vốn hàng bán,156-Hàng hóa,commerce_distribution_erp_scenario_v1,LIGHTBI_SCENARIO_ENTITY_001,VND,all_declared_accounting_money_columns,Asia/Ho_Chi_Minh,authentic_anchored_semi_synthetic_evidence,sample data/Accounting_ERP_May_2026.csv,3c59da1c10c67ab974dfd204b737402aff1c28d748665949942579fb5fb1a2fd,1352,1.0.0
INV20260501352,JV20260501352,SO20260501352,2026-05-03,HCM-Q1,NV023,Tiền mặt,AC-F1CE55,Máy lạnh,Mitsubishi 1.5HP,Sunhouse,2,21294569,0.08,39182006,0.08,3134560,42316566,17679000,35358000,3824006,0.0976,42316566,39182006,3134560,35358000,35358000,131-Phải thu khách hàng,511-Doanh thu bán hàng,3331-Thuế GTGT đầu ra,632-Giá vốn hàng bán,156-Hàng hóa,commerce_distribution_erp_scenario_v1,LIGHTBI_SCENARIO_ENTITY_001,VND,all_declared_accounting_money_columns,Asia/Ho_Chi_Minh,authentic_anchored_semi_synthetic_evidence,sample data/Accounting_ERP_May_2026.csv,3c59da1c10c67ab974dfd204b737402aff1c28d748665949942579fb5fb1a2fd,1353,1.0.0
INV20260501353,JV20260501353,SO20260501353,2026-05-31,HCM-Q1,NV030,Tiền mặt,AC-B90290,Máy lạnh,Panasonic 1.5HP,Mitsubishi,1,20300845,0.13,17661735,0.08,1412938,19074673,14854000,14854000,2807735,0.159,19074673,17661735,1412938,14854000,14854000,131-Phải thu khách hàng,511-Doanh thu bán hàng,3331-Thuế GTGT đầu ra,632-Giá vốn hàng bán,156-Hàng hóa,commerce_distribution_erp_scenario_v1,LIGHTBI_SCENARIO_ENTITY_001,VND,all_declared_accounting_money_columns,Asia/Ho_Chi_Minh,authentic_anchored_semi_synthetic_evidence,sample data/Accounting_ERP_May_2026.csv,3c59da1c10c67ab974dfd204b737402aff1c28d748665949942579fb5fb1a2fd,1354,1.0.0
INV20260501354,JV20260501354,SO20260501354,2026-05-26,BD-TDM,NV003,Trả góp,WM-6CA151,Máy giặt,LG 9kg,Philips,1,13452461,0.2,10761968,0.08,860957,11622925,10395000,10395000,366968,0.0341,11622925,10761968,860957,10395000,10395000,131-Phải thu khách hàng,511-Doanh thu bán hàng,3331-Thuế GTGT đầu ra,632-Giá vốn hàng bán,156-Hàng hóa,commerce_distribution_erp_scenario_v1,LIGHTBI_SCENARIO_ENTITY_001,VND,all_declared_accounting_money_columns,Asia/Ho_Chi_Minh,authentic_anchored_semi_synthetic_evidence,sample data/Accounting_ERP_May_2026.csv,3c59da1c10c67ab974dfd204b737402aff1c28d748665949942579fb5fb1a2fd,1355,1.0.0
INV20260501355,JV20260501355,SO20260501355,2026-05-10,BD-TDM,NV008,Tiền mặt,MW-3E4330,Lò vi sóng,Sharp 20L,Samsung,3,4322548,0.12,11411526,0.08,912922,12324448,2980000,8940000,2471526,0.2166,12324448,11411526,912922,8940000,8940000,131-Phải thu khách hàng,511-Doanh thu bán hàng,3331-Thuế GTGT đầu ra,632-Giá vốn hàng bán,156-Hàng hóa,commerce_distribution_erp_scenario_v1,LIGHTBI_SCENARIO_ENTITY_001,VND,all_declared_accounting_money_columns,Asia/Ho_Chi_Minh,authentic_anchored_semi_synthetic_evidence,sample data/Accounting_ERP_May_2026.csv,3c59da1c10c67ab974dfd204b737402aff1c28d748665949942579fb5fb1a2fd,1356,1.0.0
INV20260501356,JV20260501356,SO20260501356,2026-05-10,DN-HC,NV008,Trả góp,RC-3C3427,Nồi cơm,Sharp 1.8L,Senko,3,3329516,0.06,9389235,0.08,751138,10140373,2054000,6162000,3227235,0.3437,10140373,9389235,751138,6162000,6162000,131-Phải thu khách hàng,511-Doanh thu bán hàng,3331-Thuế GTGT đầu ra,632-Giá vốn hàng bán,156-Hàng hóa,commerce_distribution_erp_scenario_v1,LIGHTBI_SCENARIO_ENTITY_001,VND,all_declared_accounting_money_columns,Asia/Ho_Chi_Minh,authentic_anchored_semi_synthetic_evidence,sample data/Accounting_ERP_May_2026.csv,3c59da1c10c67ab974dfd204b737402aff1c28d748665949942579fb5fb1a2fd,1357,1.0.0
INV20260501357,JV20260501357,SO20260501357,2026-05-09,HCM-Q7,NV006,Thẻ,MW-D62048,Lò vi sóng,Panasonic 25L,Xiaomi,1,2554076,0.13,2222046,0.08,177763,2399809,1905000,1905000,317046,0.1427,2399809,2222046,177763,1905000,1905000,131-Phải thu khách hàng,511-Doanh thu bán hàng,3331-Thuế GTGT đầu ra,632-Giá vốn hàng bán,156-Hàng hóa,commerce_distribution_erp_scenario_v1,LIGHTBI_SCENARIO_ENTITY_001,VND,all_declared_accounting_money_columns,Asia/Ho_Chi_Minh,authentic_anchored_semi_synthetic_evidence,sample data/Accounting_ERP_May_2026.csv,3c59da1c10c67ab974dfd204b737402aff1c28d748665949942579fb5fb1a2fd,1358,1.0.0
INV20260501358,JV20260501358,SO20260501358,2026-05-17,HCM-TB,NV029,Trả góp,RC-7580B4,Nồi cơm,Panasonic 1.8L,Panasonic,2,2556849,0.16,4295506,0.08,343640,4639146,1700000,3400000,895506,0.2085,4639146,4295506,343640,3400000,3400000,131-Phải thu khách hàng,511-Doanh thu bán hàng,3331-Thuế GTGT đầu ra,632-Giá vốn hàng bán,156-Hàng hóa,commerce_distribution_erp_scenario_v1,LIGHTBI_SCENARIO_ENTITY_001,VND,all_declared_accounting_money_columns,Asia/Ho_Chi_Minh,authentic_anchored_semi_synthetic_evidence,sample data/Accounting_ERP_May_2026.csv,3c59da1c10c67ab974dfd204b737402aff1c28d748665949942579fb5fb1a2fd,1359,1.0.0
INV20260501359,JV20260501359,SO20260501359,2026-05-20,HCM-Q1,NV015,Chuyển khoản,MW-6902E3,Lò vi sóng,Sharp 20L,Sony,2,2729352,0.07,5076594,0.08,406127,5482721,2115000,4230000,846594,0.1668,5482721,5076594,406127,4230000,4230000,131-Phải thu khách hàng,511-Doanh thu bán hàng,3331-Thuế GTGT đầu ra,632-Giá vốn hàng bán,156-Hàng hóa,commerce_distribution_erp_scenario_v1,LIGHTBI_SCENARIO_ENTITY_001,VND,all_declared_accounting_money_columns,Asia/Ho_Chi_Minh,authentic_anchored_semi_synthetic_evidence,sample data/Accounting_ERP_May_2026.csv,3c59da1c10c67ab974dfd204b737402aff1c28d748665949942579fb5fb1a2fd,1360,1.0.0
INV20260501360,JV20260501360,SO20260501360,2026-05-17,HCM-TB,NV002,Tiền mặt,WM-D9AB8A,Máy giặt,Samsung 10kg,Mitsubishi,2,10566496,0.14,18174373,0.08,1453949,19628322,8318000,16636000,1538373,0.0846,19628322,18174373,1453949,16636000,16636000,131-Phải thu khách hàng,511-Doanh thu bán hàng,3331-Thuế GTGT đầu ra,632-Giá vốn hàng bán,156-Hàng hóa,commerce_distribution_erp_scenario_v1,LIGHTBI_SCENARIO_ENTITY_001,VND,all_declared_accounting_money_columns,Asia/Ho_Chi_Minh,authentic_anchored_semi_synthetic_evidence,sample data/Accounting_ERP_May_2026.csv,3c59da1c10c67ab974dfd204b737402aff1c28d748665949942579fb5fb1a2fd,1361,1.0.0
INV20260501361,JV20260501361,SO20260501361,2026-05-20,HN-CG,NV009,Trả góp,TV-91B89E,TV,"TCL 50""",Toshiba,3,32443616,0.06,91490997,0.08,7319279,98810276,25710000,77130000,14360997,0.157,98810276,91490997,7319279,77130000,77130000,131-Phải thu khách hàng,511-Doanh thu bán hàng,3331-Thuế GTGT đầu ra,632-Giá vốn hàng bán,156-Hàng hóa,commerce_distribution_erp_scenario_v1,LIGHTBI_SCENARIO_ENTITY_001,VND,all_declared_accounting_money_columns,Asia/Ho_Chi_Minh,authentic_anchored_semi_synthetic_evidence,sample data/Accounting_ERP_May_2026.csv,3c59da1c10c67ab974dfd204b737402aff1c28d748665949942579fb5fb1a2fd,1362,1.0.0
INV20260501362,JV20260501362,SO20260501362,2026-05-26,HCM-Q7,NV020,Chuyển khoản,KT-9065A4,Ấm siêu tốc,Philips,Mitsubishi,2,1063732,0.13,1850893,0.08,148071,1998964,640000,1280000,570893,0.3084,1998964,1850893,148071,1280000,1280000,131-Phải thu khách hàng,511-Doanh thu bán hàng,3331-Thuế GTGT đầu ra,632-Giá vốn hàng bán,156-Hàng hóa,commerce_distribution_erp_scenario_v1,LIGHTBI_SCENARIO_ENTITY_001,VND,all_declared_accounting_money_columns,Asia/Ho_Chi_Minh,authentic_anchored_semi_synthetic_evidence,sample data/Accounting_ERP_May_2026.csv,3c59da1c10c67ab974dfd204b737402aff1c28d748665949942579fb5fb1a2fd,1363,1.0.0
INV20260501363,JV20260501363,SO20260501363,2026-05-20,CT-NK,NV024,Trả góp,TV-0CE747,TV,"Sony 65""",Casper,1,18216452,0.02,17852122,0.08,1428169,19280291,15597000,15597000,2255122,0.1263,19280291,17852122,1428169,15597000,15597000,131-Phải thu khách hàng,511-Doanh thu bán hàng,3331-Thuế GTGT đầu ra,632-Giá vốn hàng bán,156-Hàng hóa,commerce_distribution_erp_scenario_v1,LIGHTBI_SCENARIO_ENTITY_001,VND,all_declared_accounting_money_columns,Asia/Ho_Chi_Minh,authentic_anchored_semi_synthetic_evidence,sample data/Accounting_ERP_May_2026.csv,3c59da1c10c67ab974dfd204b737402aff1c28d748665949942579fb5fb1a2fd,1364,1.0.0
INV20260501364,JV20260501364,SO20260501364,2026-05-27,DN-HC,NV022,Chuyển khoản,VC-51D140,Máy hút bụi,Xiaomi G10,Casper,3,8446881,0.04,24327017,0.08,1946161,26273178,5789000,17367000,6960017,0.2861,26273178,24327017,1946161,17367000,17367000,131-Phải thu khách hàng,511-Doanh thu bán hàng,3331-Thuế GTGT đầu ra,632-Giá vốn hàng bán,156-Hàng hóa,commerce_distribution_erp_scenario_v1,LIGHTBI_SCENARIO_ENTITY_001,VND,all_declared_accounting_money_columns,Asia/Ho_Chi_Minh,authentic_anchored_semi_synthetic_evidence,sample data/Accounting_ERP_May_2026.csv,3c59da1c10c67ab974dfd204b737402aff1c28d748665949942579fb5fb1a2fd,1365,1.0.0
INV20260501365,JV20260501365,SO20260501365,2026-05-19,HCM-Q7,NV010,Thẻ,WM-4EAB5C,Máy giặt,Samsung 10kg,LG,3,8470861,0.05,24141953,0.08,1931356,26073309,6935000,20805000,3336953,0.1382,26073309,24141953,1931356,20805000,20805000,131-Phải thu khách hàng,511-Doanh thu bán hàng,3331-Thuế GTGT đầu ra,632-Giá vốn hàng bán,156-Hàng hóa,commerce_distribution_erp_scenario_v1,LIGHTBI_SCENARIO_ENTITY_001,VND,all_declared_accounting_money_columns,Asia/Ho_Chi_Minh,authentic_anchored_semi_synthetic_evidence,sample data/Accounting_ERP_May_2026.csv,3c59da1c10c67ab974dfd204b737402aff1c28d748665949942579fb5fb1a2fd,1366,1.0.0
INV20260501366,JV20260501366,SO20260501366,2026-05-20,HN-CG,NV026,Ví điện tử,BL-271795,Máy xay,Panasonic Blender,Sony,1,848621,0.07,789217,0.08,63137,852354,576000,576000,213217,0.2702,852354,789217,63137,576000,576000,131-Phải thu khách hàng,511-Doanh thu bán hàng,3331-Thuế GTGT đầu ra,632-Giá vốn hàng bán,156-Hàng hóa,commerce_distribution_erp_scenario_v1,LIGHTBI_SCENARIO_ENTITY_001,VND,all_declared_accounting_money_columns,Asia/Ho_Chi_Minh,authentic_anchored_semi_synthetic_evidence,sample data/Accounting_ERP_May_2026.csv,3c59da1c10c67ab974dfd204b737402aff1c28d748665949942579fb5fb1a2fd,1367,1.0.0
INV20260501367,JV20260501367,SO20260501367,2026-05-07,BD-TDM,NV016,Tiền mặt,TV-E2DD63,TV,LG OLED 48,Panasonic,2,12539405,0.05,23824869,0.08,1905989,25730858,10452000,20904000,2920869,0.1226,25730858,23824869,1905989,20904000,20904000,131-Phải thu khách hàng,511-Doanh thu bán hàng,3331-Thuế GTGT đầu ra,632-Giá vốn hàng bán,156-Hàng hóa,commerce_distribution_erp_scenario_v1,LIGHTBI_SCENARIO_ENTITY_001,VND,all_declared_accounting_money_columns,Asia/Ho_Chi_Minh,authentic_anchored_semi_synthetic_evidence,sample data/Accounting_ERP_May_2026.csv,3c59da1c10c67ab974dfd204b737402aff1c28d748665949942579fb5fb1a2fd,1368,1.0.0
INV20260501368,JV20260501368,SO20260501368,2026-05-21,CT-NK,NV016,Trả góp,MW-C368CC,Lò vi sóng,Sharp 20L,Sunhouse,3,4226244,0.19,10269772,0.08,821581,11091353,2938000,8814000,1455772,0.1418,11091353,10269772,821581,8814000,8814000,131-Phải thu khách hàng,511-Doanh thu bán hàng,3331-Thuế GTGT đầu ra,632-Giá vốn hàng bán,156-Hàng hóa,commerce_distribution_erp_scenario_v1,LIGHTBI_SCENARIO_ENTITY_001,VND,all_declared_accounting_money_columns,Asia/Ho_Chi_Minh,authentic_anchored_semi_synthetic_evidence,sample data/Accounting_ERP_May_2026.csv,3c59da1c10c67ab974dfd204b737402aff1c28d748665949942579fb5fb1a2fd,1369,1.0.0
INV20260501369,JV20260501369,SO20260501369,2026-05-24,BD-TDM,NV028,Trả góp,FN-C43CC3,Quạt,Senko,Electrolux,3,1386524,0.14,3577231,0.08,286178,3863409,984000,2952000,625231,0.1748,3863409,3577231,286178,2952000,2952000,131-Phải thu khách hàng,511-Doanh thu bán hàng,3331-Thuế GTGT đầu ra,632-Giá vốn hàng bán,156-Hàng hóa,commerce_distribution_erp_scenario_v1,LIGHTBI_SCENARIO_ENTITY_001,VND,all_declared_accounting_money_columns,Asia/Ho_Chi_Minh,authentic_anchored_semi_synthetic_evidence,sample data/Accounting_ERP_May_2026.csv,3c59da1c10c67ab974dfd204b737402aff1c28d748665949942579fb5fb1a2fd,1370,1.0.0
INV20260501370,JV20260501370,SO20260501370,2026-05-21,HN-HBT,NV006,Chuyển khoản,VC-9C3BA7,Máy hút bụi,Xiaomi G10,Xiaomi,3,6172102,0.16,15553697,0.08,1244295,16797992,3869000,11607000,3946697,0.2537,16797992,15553697,1244295,11607000,11607000,131-Phải thu khách hàng,511-Doanh thu bán hàng,3331-Thuế GTGT đầu ra,632-Giá vốn hàng bán,156-Hàng hóa,commerce_distribution_erp_scenario_v1,LIGHTBI_SCENARIO_ENTITY_001,VND,all_declared_accounting_money_columns,Asia/Ho_Chi_Minh,authentic_anchored_semi_synthetic_evidence,sample data/Accounting_ERP_May_2026.csv,3c59da1c10c67ab974dfd204b737402aff1c28d748665949942579fb5fb1a2fd,1371,1.0.0
INV20260501371,JV20260501371,SO20260501371,2026-05-17,BD-TDM,NV023,Thẻ,TV-6DF2DA,TV,"TCL 50""",Electrolux,2,16049490,0.04,30815020,0.08,2465201,33280221,12525000,25050000,5765020,0.1871,33280221,30815020,2465201,25050000,25050000,131-Phải thu khách hàng,511-Doanh thu bán hàng,3331-Thuế GTGT đầu ra,632-Giá vốn hàng bán,156-Hàng hóa,commerce_distribution_erp_scenario_v1,LIGHTBI_SCENARIO_ENTITY_001,VND,all_declared_accounting_money_columns,Asia/Ho_Chi_Minh,authentic_anchored_semi_synthetic_evidence,sample data/Accounting_ERP_May_2026.csv,3c59da1c10c67ab974dfd204b737402aff1c28d748665949942579fb5fb1a2fd,1372,1.0.0
INV20260501372,JV20260501372,SO20260501372,2026-05-20,CT-NK,NV006,Chuyển khoản,RF-082E8A,Tủ lạnh,Panasonic 300L,Senko,2,12934626,0.12,22764941,0.08,1821195,24586136,10298000,20596000,2168941,0.0953,24586136,22764941,1821195,20596000,20596000,131-Phải thu khách hàng,511-Doanh thu bán hàng,3331-Thuế GTGT đầu ra,632-Giá vốn hàng bán,156-Hàng hóa,commerce_distribution_erp_scenario_v1,LIGHTBI_SCENARIO_ENTITY_001,VND,all_declared_accounting_money_columns,Asia/Ho_Chi_Minh,authentic_anchored_semi_synthetic_evidence,sample data/Accounting_ERP_May_2026.csv,3c59da1c10c67ab974dfd204b737402aff1c28d748665949942579fb5fb1a2fd,1373,1.0.0
INV20260501373,JV20260501373,SO20260501373,2026-05-13,DN-HC,NV014,Ví điện tử,VC-98037D,Máy hút bụi,Dyson V8,Sunhouse,2,4543872,0.0,9087744,0.08,727019,9814763,3433000,6866000,2221744,0.2445,9814763,9087744,727019,6866000,6866000,131-Phải thu khách hàng,511-Doanh thu bán hàng,3331-Thuế GTGT đầu ra,632-Giá vốn hàng bán,156-Hàng hóa,commerce_distribution_erp_scenario_v1,LIGHTBI_SCENARIO_ENTITY_001,VND,all_declared_accounting_money_columns,Asia/Ho_Chi_Minh,authentic_anchored_semi_synthetic_evidence,sample data/Accounting_ERP_May_2026.csv,3c59da1c10c67ab974dfd204b737402aff1c28d748665949942579fb5fb1a2fd,1374,1.0.0
INV20260501374,JV20260501374,SO20260501374,2026-05-02,BD-TDM,NV012,Ví điện tử,RC-007FFA,Nồi cơm,Sharp 1.8L,Cuckoo,2,702155,0.02,1376223,0.08,110097,1486320,501000,1002000,374223,0.2719,1486320,1376223,110097,1002000,1002000,131-Phải thu khách hàng,511-Doanh thu bán hàng,3331-Thuế GTGT đầu ra,632-Giá vốn hàng bán,156-Hàng hóa,commerce_distribution_erp_scenario_v1,LIGHTBI_SCENARIO_ENTITY_001,VND,all_declared_accounting_money_columns,Asia/Ho_Chi_Minh,authentic_anchored_semi_synthetic_evidence,sample data/Accounting_ERP_May_2026.csv,3c59da1c10c67ab974dfd204b737402aff1c28d748665949942579fb5fb1a2fd,1375,1.0.0
INV20260501375,JV20260501375,SO20260501375,2026-05-24,BD-TDM,NV020,Ví điện tử,WM-06AD1A,Máy giặt,Panasonic 8.5kg,Casper,2,13960042,0.07,25965678,0.08,2077254,28042932,11743000,23486000,2479678,0.0955,28042932,25965678,2077254,23486000,23486000,131-Phải thu khách hàng,511-Doanh thu bán hàng,3331-Thuế GTGT đầu ra,632-Giá vốn hàng bán,156-Hàng hóa,commerce_distribution_erp_scenario_v1,LIGHTBI_SCENARIO_ENTITY_001,VND,all_declared_accounting_money_columns,Asia/Ho_Chi_Minh,authentic_anchored_semi_synthetic_evidence,sample data/Accounting_ERP_May_2026.csv,3c59da1c10c67ab974dfd204b737402aff1c28d748665949942579fb5fb1a2fd,1376,1.0.0
INV20260501376,JV20260501376,SO20260501376,2026-05-01,HN-HBT,NV026,Chuyển khoản,RF-0F4B6D,Tủ lạnh,Panasonic 300L,Aqua,3,14246500,0.15,36328575,0.08,2906286,39234861,12153000,36459000,-130425,-0.0036,39234861,36328575,2906286,36459000,36459000,131-Phải thu khách hàng,511-Doanh thu bán hàng,3331-Thuế GTGT đầu ra,632-Giá vốn hàng bán,156-Hàng hóa,commerce_distribution_erp_scenario_v1,LIGHTBI_SCENARIO_ENTITY_001,VND,all_declared_accounting_money_columns,Asia/Ho_Chi_Minh,authentic_anchored_semi_synthetic_evidence,sample data/Accounting_ERP_May_2026.csv,3c59da1c10c67ab974dfd204b737402aff1c28d748665949942579fb5fb1a2fd,1377,1.0.0
INV20260501377,JV20260501377,SO20260501377,2026-05-28,HN-CG,NV007,Tiền mặt,WM-016674,Máy giặt,Samsung 10kg,Sunhouse,2,14081047,0.0,28162094,0.08,2252967,30415061,11475000,22950000,5212094,0.1851,30415061,28162094,2252967,22950000,22950000,131-Phải thu khách hàng,511-Doanh thu bán hàng,3331-Thuế GTGT đầu ra,632-Giá vốn hàng bán,156-Hàng hóa,commerce_distribution_erp_scenario_v1,LIGHTBI_SCENARIO_ENTITY_001,VND,all_declared_accounting_money_columns,Asia/Ho_Chi_Minh,authentic_anchored_semi_synthetic_evidence,sample data/Accounting_ERP_May_2026.csv,3c59da1c10c67ab974dfd204b737402aff1c28d748665949942579fb5fb1a2fd,1378,1.0.0
INV20260501378,JV20260501378,SO20260501378,2026-05-22,HCM-Q1,NV010,Thẻ,VC-365995,Máy hút bụi,Xiaomi G10,Philips,3,10749362,0.0,32248086,0.08,2579846,34827932,8330000,24990000,7258086,0.2251,34827932,32248086,2579846,24990000,24990000,131-Phải thu khách hàng,511-Doanh thu bán hàng,3331-Thuế GTGT đầu ra,632-Giá vốn hàng bán,156-Hàng hóa,commerce_distribution_erp_scenario_v1,LIGHTBI_SCENARIO_ENTITY_001,VND,all_declared_accounting_money_columns,Asia/Ho_Chi_Minh,authentic_anchored_semi_synthetic_evidence,sample data/Accounting_ERP_May_2026.csv,3c59da1c10c67ab974dfd204b737402aff1c28d748665949942579fb5fb1a2fd,1379,1.0.0
INV20260501379,JV20260501379,SO20260501379,2026-05-02,HN-CG,NV026,Ví điện tử,VC-EF7A18,Máy hút bụi,Xiaomi G10,Aqua,3,3311081,0.12,8741253,0.08,699300,9440553,2326000,6978000,1763253,0.2017,9440553,8741253,699300,6978000,6978000,131-Phải thu khách hàng,511-Doanh thu bán hàng,3331-Thuế GTGT đầu ra,632-Giá vốn hàng bán,156-Hàng hóa,commerce_distribution_erp_scenario_v1,LIGHTBI_SCENARIO_ENTITY_001,VND,all_declared_accounting_money_columns,Asia/Ho_Chi_Minh,authentic_anchored_semi_synthetic_evidence,sample data/Accounting_ERP_May_2026.csv,3c59da1c10c67ab974dfd204b737402aff1c28d748665949942579fb5fb1a2fd,1380,1.0.0
INV20260501380,JV20260501380,SO20260501380,2026-05-16,CT-NK,NV027,Thẻ,KT-7A47B5,Ấm siêu tốc,Sunhouse,Sunhouse,1,969768,0.11,863093,0.08,69047,932140,690000,690000,173093,0.2005,932140,863093,69047,690000,690000,131-Phải thu khách hàng,511-Doanh thu bán hàng,3331-Thuế GTGT đầu ra,632-Giá vốn hàng bán,156-Hàng hóa,commerce_distribution_erp_scenario_v1,LIGHTBI_SCENARIO_ENTITY_001,VND,all_declared_accounting_money_columns,Asia/Ho_Chi_Minh,authentic_anchored_semi_synthetic_evidence,sample data/Accounting_ERP_May_2026.csv,3c59da1c10c67ab974dfd204b737402aff1c28d748665949942579fb5fb1a2fd,1381,1.0.0
INV20260501381,JV20260501381,SO20260501381,2026-05-17,HN-CG,NV007,Chuyển khoản,MW-E148C6,Lò vi sóng,Electrolux 23L,Casper,2,5944026,0.15,10104844,0.08,808387,10913231,3934000,7868000,2236844,0.2214,10913231,10104844,808387,7868000,7868000,131-Phải thu khách hàng,511-Doanh thu bán hàng,3331-Thuế GTGT đầu ra,632-Giá vốn hàng bán,156-Hàng hóa,commerce_distribution_erp_scenario_v1,LIGHTBI_SCENARIO_ENTITY_001,VND,all_declared_accounting_money_columns,Asia/Ho_Chi_Minh,authentic_anchored_semi_synthetic_evidence,sample data/Accounting_ERP_May_2026.csv,3c59da1c10c67ab974dfd204b737402aff1c28d748665949942579fb5fb1a2fd,1382,1.0.0
INV20260501382,JV20260501382,SO20260501382,2026-05-20,CT-NK,NV027,Ví điện tử,VC-FDD792,Máy hút bụi,Philips FC,Casper,2,3197298,0.02,6266704,0.08,501336,6768040,2301000,4602000,1664704,0.2656,6768040,6266704,501336,4602000,4602000,131-Phải thu khách hàng,511-Doanh thu bán hàng,3331-Thuế GTGT đầu ra,632-Giá vốn hàng bán,156-Hàng hóa,commerce_distribution_erp_scenario_v1,LIGHTBI_SCENARIO_ENTITY_001,VND,all_declared_accounting_money_columns,Asia/Ho_Chi_Minh,authentic_anchored_semi_synthetic_evidence,sample data/Accounting_ERP_May_2026.csv,3c59da1c10c67ab974dfd204b737402aff1c28d748665949942579fb5fb1a2fd,1383,1.0.0
INV20260501383,JV20260501383,SO20260501383,2026-05-07,HCM-Q1,NV013,Chuyển khoản,VC-DAE72D,Máy hút bụi,Dyson V8,Sharp,3,9961612,0.13,25999807,0.08,2079984,28079791,6157000,18471000,7528807,0.2896,28079791,25999807,2079984,18471000,18471000,131-Phải thu khách hàng,511-Doanh thu bán hàng,3331-Thuế GTGT đầu ra,632-Giá vốn hàng bán,156-Hàng hóa,commerce_distribution_erp_scenario_v1,LIGHTBI_SCENARIO_ENTITY_001,VND,all_declared_accounting_money_columns,Asia/Ho_Chi_Minh,authentic_anchored_semi_synthetic_evidence,sample data/Accounting_ERP_May_2026.csv,3c59da1c10c67ab974dfd204b737402aff1c28d748665949942579fb5fb1a2fd,1384,1.0.0
INV20260501384,JV20260501384,SO20260501384,2026-05-24,HN-CG,NV009,Tiền mặt,FN-B2666C,Quạt,Panasonic,Daikin,2,508329,0.06,955658,0.08,76452,1032110,351000,702000,253658,0.2654,1032110,955658,76452,702000,702000,131-Phải thu khách hàng,511-Doanh thu bán hàng,3331-Thuế GTGT đầu ra,632-Giá vốn hàng bán,156-Hàng hóa,commerce_distribution_erp_scenario_v1,LIGHTBI_SCENARIO_ENTITY_001,VND,all_declared_accounting_money_columns,Asia/Ho_Chi_Minh,authentic_anchored_semi_synthetic_evidence,sample data/Accounting_ERP_May_2026.csv,3c59da1c10c67ab974dfd204b737402aff1c28d748665949942579fb5fb1a2fd,1385,1.0.0
INV20260501385,JV20260501385,SO20260501385,2026-05-22,HN-CG,NV023,Tiền mặt,AC-B90290,Máy lạnh,Panasonic 1.5HP,Mitsubishi,3,11609212,0.1,31344872,0.08,2507589,33852461,8916000,26748000,4596872,0.1467,33852461,31344872,2507589,26748000,26748000,131-Phải thu khách hàng,511-Doanh thu bán hàng,3331-Thuế GTGT đầu ra,632-Giá vốn hàng bán,156-Hàng hóa,commerce_distribution_erp_scenario_v1,LIGHTBI_SCENARIO_ENTITY_001,VND,all_declared_accounting_money_columns,Asia/Ho_Chi_Minh,authentic_anchored_semi_synthetic_evidence,sample data/Accounting_ERP_May_2026.csv,3c59da1c10c67ab974dfd204b737402aff1c28d748665949942579fb5fb1a2fd,1386,1.0.0
INV20260501386,JV20260501386,SO20260501386,2026-05-21,HN-CG,NV016,Tiền mặt,BL-E1AB41,Máy xay,Sunhouse Blender,Casper,2,1584987,0.03,3074874,0.08,245989,3320863,1165000,2330000,744874,0.2422,3320863,3074874,245989,2330000,2330000,131-Phải thu khách hàng,511-Doanh thu bán hàng,3331-Thuế GTGT đầu ra,632-Giá vốn hàng bán,156-Hàng hóa,commerce_distribution_erp_scenario_v1,LIGHTBI_SCENARIO_ENTITY_001,VND,all_declared_accounting_money_columns,Asia/Ho_Chi_Minh,authentic_anchored_semi_synthetic_evidence,sample data/Accounting_ERP_May_2026.csv,3c59da1c10c67ab974dfd204b737402aff1c28d748665949942579fb5fb1a2fd,1387,1.0.0
INV20260501387,JV20260501387,SO20260501387,2026-05-24,BD-TDM,NV002,Trả góp,VC-A4DECF,Máy hút bụi,Dyson V8,Mitsubishi,3,6850959,0.06,19319704,0.08,1545576,20865280,5277000,15831000,3488704,0.1806,20865280,19319704,1545576,15831000,15831000,131-Phải thu khách hàng,511-Doanh thu bán hàng,3331-Thuế GTGT đầu ra,632-Giá vốn hàng bán,156-Hàng hóa,commerce_distribution_erp_scenario_v1,LIGHTBI_SCENARIO_ENTITY_001,VND,all_declared_accounting_money_columns,Asia/Ho_Chi_Minh,authentic_anchored_semi_synthetic_evidence,sample data/Accounting_ERP_May_2026.csv,3c59da1c10c67ab974dfd204b737402aff1c28d748665949942579fb5fb1a2fd,1388,1.0.0
INV20260501388,JV20260501388,SO20260501388,2026-05-09,HCM-Q1,NV030,Tiền mặt,RF-AE1055,Tủ lạnh,Panasonic 300L,Mitsubishi,3,9407510,0.02,27658079,0.08,2212646,29870725,7821000,23463000,4195079,0.1517,29870725,27658079,2212646,23463000,23463000,131-Phải thu khách hàng,511-Doanh thu bán hàng,3331-Thuế GTGT đầu ra,632-Giá vốn hàng bán,156-Hàng hóa,commerce_distribution_erp_scenario_v1,LIGHTBI_SCENARIO_ENTITY_001,VND,all_declared_accounting_money_columns,Asia/Ho_Chi_Minh,authentic_anchored_semi_synthetic_evidence,sample data/Accounting_ERP_May_2026.csv,3c59da1c10c67ab974dfd204b737402aff1c28d748665949942579fb5fb1a2fd,1389,1.0.0
INV20260501389,JV20260501389,SO20260501389,2026-05-20,HCM-Q7,NV017,Chuyển khoản,RC-13DEBA,Nồi cơm,Panasonic 1.8L,Mitsubishi,1,3704571,0.11,3297068,0.08,263765,3560833,2813000,2813000,484068,0.1468,3560833,3297068,263765,2813000,2813000,131-Phải thu khách hàng,511-Doanh thu bán hàng,3331-Thuế GTGT đầu ra,632-Giá vốn hàng bán,156-Hàng hóa,commerce_distribution_erp_scenario_v1,LIGHTBI_SCENARIO_ENTITY_001,VND,all_declared_accounting_money_columns,Asia/Ho_Chi_Minh,authentic_anchored_semi_synthetic_evidence,sample data/Accounting_ERP_May_2026.csv,3c59da1c10c67ab974dfd204b737402aff1c28d748665949942579fb5fb1a2fd,1390,1.0.0
INV20260501390,JV20260501390,SO20260501390,2026-05-07,HCM-TB,NV008,Chuyển khoản,KT-3F3135,Ấm siêu tốc,Sunhouse,Sharp,1,1036286,0.03,1005197,0.08,80415,1085612,545000,545000,460197,0.4578,1085612,1005197,80415,545000,545000,131-Phải thu khách hàng,511-Doanh thu bán hàng,3331-Thuế GTGT đầu ra,632-Giá vốn hàng bán,156-Hàng hóa,commerce_distribution_erp_scenario_v1,LIGHTBI_SCENARIO_ENTITY_001,VND,all_declared_accounting_money_columns,Asia/Ho_Chi_Minh,authentic_anchored_semi_synthetic_evidence,sample data/Accounting_ERP_May_2026.csv,3c59da1c10c67ab974dfd204b737402aff1c28d748665949942579fb5fb1a2fd,1391,1.0.0
INV20260501391,JV20260501391,SO20260501391,2026-05-11,HN-HBT,NV023,Ví điện tử,FN-896DEA,Quạt,Asia,Senko,3,2470416,0.04,7114798,0.08,569183,7683981,1662000,4986000,2128798,0.2992,7683981,7114798,569183,4986000,4986000,131-Phải thu khách hàng,511-Doanh thu bán hàng,3331-Thuế GTGT đầu ra,632-Giá vốn hàng bán,156-Hàng hóa,commerce_distribution_erp_scenario_v1,LIGHTBI_SCENARIO_ENTITY_001,VND,all_declared_accounting_money_columns,Asia/Ho_Chi_Minh,authentic_anchored_semi_synthetic_evidence,sample data/Accounting_ERP_May_2026.csv,3c59da1c10c67ab974dfd204b737402aff1c28d748665949942579fb5fb1a2fd,1392,1.0.0
INV20260501392,JV20260501392,SO20260501392,2026-05-28,BD-TDM,NV029,Trả góp,FN-EEAA84,Quạt,Asia,Toshiba,2,725477,0.14,1247820,0.08,99825,1347645,399000,798000,449820,0.3605,1347645,1247820,99825,798000,798000,131-Phải thu khách hàng,511-Doanh thu bán hàng,3331-Thuế GTGT đầu ra,632-Giá vốn hàng bán,156-Hàng hóa,commerce_distribution_erp_scenario_v1,LIGHTBI_SCENARIO_ENTITY_001,VND,all_declared_accounting_money_columns,Asia/Ho_Chi_Minh,authentic_anchored_semi_synthetic_evidence,sample data/Accounting_ERP_May_2026.csv,3c59da1c10c67ab974dfd204b737402aff1c28d748665949942579fb5fb1a2fd,1393,1.0.0
INV20260501393,JV20260501393,SO20260501393,2026-05-04,HCM-Q1,NV020,Tiền mặt,WM-5ED0A1,Máy giặt,Samsung 10kg,Cuckoo,2,17750610,0.18,29111000,0.08,2328880,31439880,13395000,26790000,2321000,0.0797,31439880,29111000,2328880,26790000,26790000,131-Phải thu khách hàng,511-Doanh thu bán hàng,3331-Thuế GTGT đầu ra,632-Giá vốn hàng bán,156-Hàng hóa,commerce_distribution_erp_scenario_v1,LIGHTBI_SCENARIO_ENTITY_001,VND,all_declared_accounting_money_columns,Asia/Ho_Chi_Minh,authentic_anchored_semi_synthetic_evidence,sample data/Accounting_ERP_May_2026.csv,3c59da1c10c67ab974dfd204b737402aff1c28d748665949942579fb5fb1a2fd,1394,1.0.0
INV20260501394,JV20260501394,SO20260501394,2026-05-22,HCM-Q1,NV018,Ví điện tử,TV-367380,TV,"Sony 65""",Sharp,1,19601366,0.11,17445215,0.08,1395617,18840832,15813000,15813000,1632215,0.0936,18840832,17445215,1395617,15813000,15813000,131-Phải thu khách hàng,511-Doanh thu bán hàng,3331-Thuế GTGT đầu ra,632-Giá vốn hàng bán,156-Hàng hóa,commerce_distribution_erp_scenario_v1,LIGHTBI_SCENARIO_ENTITY_001,VND,all_declared_accounting_money_columns,Asia/Ho_Chi_Minh,authentic_anchored_semi_synthetic_evidence,sample data/Accounting_ERP_May_2026.csv,3c59da1c10c67ab974dfd204b737402aff1c28d748665949942579fb5fb1a2fd,1395,1.0.0
INV20260501395,JV20260501395,SO20260501395,2026-05-22,HCM-TB,NV030,Ví điện tử,FN-FB4782,Quạt,Panasonic,Electrolux,1,1523007,0.17,1264095,0.08,101127,1365222,1057000,1057000,207095,0.1638,1365222,1264095,101127,1057000,1057000,131-Phải thu khách hàng,511-Doanh thu bán hàng,3331-Thuế GTGT đầu ra,632-Giá vốn hàng bán,156-Hàng hóa,commerce_distribution_erp_scenario_v1,LIGHTBI_SCENARIO_ENTITY_001,VND,all_declared_accounting_money_columns,Asia/Ho_Chi_Minh,authentic_anchored_semi_synthetic_evidence,sample data/Accounting_ERP_May_2026.csv,3c59da1c10c67ab974dfd204b737402aff1c28d748665949942579fb5fb1a2fd,1396,1.0.0
INV20260501396,JV20260501396,SO20260501396,2026-05-24,DN-HC,NV011,Chuyển khoản,FN-FF4EE8,Quạt,Panasonic,Sunhouse,1,562832,0.16,472778,0.08,37822,510600,396000,396000,76778,0.1624,510600,472778,37822,396000,396000,131-Phải thu khách hàng,511-Doanh thu bán hàng,3331-Thuế GTGT đầu ra,632-Giá vốn hàng bán,156-Hàng hóa,commerce_distribution_erp_scenario_v1,LIGHTBI_SCENARIO_ENTITY_001,VND,all_declared_accounting_money_columns,Asia/Ho_Chi_Minh,authentic_anchored_semi_synthetic_evidence,sample data/Accounting_ERP_May_2026.csv,3c59da1c10c67ab974dfd204b737402aff1c28d748665949942579fb5fb1a2fd,1397,1.0.0
INV20260501397,JV20260501397,SO20260501397,2026-05-02,HCM-TB,NV023,Ví điện tử,TV-9C2852,TV,LG OLED 48,Mitsubishi,2,8344720,0.16,14019129,0.08,1121530,15140659,7333000,14666000,-646871,-0.0461,15140659,14019129,1121530,14666000,14666000,131-Phải thu khách hàng,511-Doanh thu bán hàng,3331-Thuế GTGT đầu ra,632-Giá vốn hàng bán,156-Hàng hóa,commerce_distribution_erp_scenario_v1,LIGHTBI_SCENARIO_ENTITY_001,VND,all_declared_accounting_money_columns,Asia/Ho_Chi_Minh,authentic_anchored_semi_synthetic_evidence,sample data/Accounting_ERP_May_2026.csv,3c59da1c10c67ab974dfd204b737402aff1c28d748665949942579fb5fb1a2fd,1398,1.0.0
INV20260501398,JV20260501398,SO20260501398,2026-05-25,CT-NK,NV005,Thẻ,VC-D4F050,Máy hút bụi,Xiaomi G10,Samsung,3,5618631,0.16,14158950,0.08,1132716,15291666,4263000,12789000,1369950,0.0968,15291666,14158950,1132716,12789000,12789000,131-Phải thu khách hàng,511-Doanh thu bán hàng,3331-Thuế GTGT đầu ra,632-Giá vốn hàng bán,156-Hàng hóa,commerce_distribution_erp_scenario_v1,LIGHTBI_SCENARIO_ENTITY_001,VND,all_declared_accounting_money_columns,Asia/Ho_Chi_Minh,authentic_anchored_semi_synthetic_evidence,sample data/Accounting_ERP_May_2026.csv,3c59da1c10c67ab974dfd204b737402aff1c28d748665949942579fb5fb1a2fd,1399,1.0.0
INV20260501399,JV20260501399,SO20260501399,2026-05-06,HCM-Q7,NV007,Ví điện tử,WM-CD87CF,Máy giặt,Toshiba 9kg,Aqua,3,6147393,0.18,15122586,0.08,1209806,16332392,5028000,15084000,38586,0.0026,16332392,15122586,1209806,15084000,15084000,131-Phải thu khách hàng,511-Doanh thu bán hàng,3331-Thuế GTGT đầu ra,632-Giá vốn hàng bán,156-Hàng hóa,commerce_distribution_erp_scenario_v1,LIGHTBI_SCENARIO_ENTITY_001,VND,all_declared_accounting_money_columns,Asia/Ho_Chi_Minh,authentic_anchored_semi_synthetic_evidence,sample data/Accounting_ERP_May_2026.csv,3c59da1c10c67ab974dfd204b737402aff1c28d748665949942579fb5fb1a2fd,1400,1.0.0
INV20260501400,JV20260501400,SO20260501400,2026-05-05,HCM-TB,NV006,Chuyển khoản,TV-E2DD63,TV,LG OLED 48,Panasonic,3,7678175,0.07,21422108,0.08,1713768,23135876,6536000,19608000,1814108,0.0847,23135876,21422108,1713768,19608000,19608000,131-Phải thu khách hàng,511-Doanh thu bán hàng,3331-Thuế GTGT đầu ra,632-Giá vốn hàng bán,156-Hàng hóa,commerce_distribution_erp_scenario_v1,LIGHTBI_SCENARIO_ENTITY_001,VND,all_declared_accounting_money_columns,Asia/Ho_Chi_Minh,authentic_anchored_semi_synthetic_evidence,sample data/Accounting_ERP_May_2026.csv,3c59da1c10c67ab974dfd204b737402aff1c28d748665949942579fb5fb1a2fd,1401,1.0.0
INV20260501401,JV20260501401,SO20260501401,2026-05-31,HCM-Q7,NV006,Thẻ,FN-FF4EE8,Quạt,Panasonic,Sunhouse,2,2056688,0.18,3372968,0.08,269837,3642805,1294000,2588000,784968,0.2327,3642805,3372968,269837,2588000,2588000,131-Phải thu khách hàng,511-Doanh thu bán hàng,3331-Thuế GTGT đầu ra,632-Giá vốn hàng bán,156-Hàng hóa,commerce_distribution_erp_scenario_v1,LIGHTBI_SCENARIO_ENTITY_001,VND,all_declared_accounting_money_columns,Asia/Ho_Chi_Minh,authentic_anchored_semi_synthetic_evidence,sample data/Accounting_ERP_May_2026.csv,3c59da1c10c67ab974dfd204b737402aff1c28d748665949942579fb5fb1a2fd,1402,1.0.0
INV20260501402,JV20260501402,SO20260501402,2026-05-08,HCM-TB,NV007,Tiền mặt,BL-2439D2,Máy xay,Philips Blender,Sony,2,1610728,0.05,3060383,0.08,244830,3305213,1190000,2380000,680383,0.2223,3305213,3060383,244830,2380000,2380000,131-Phải thu khách hàng,511-Doanh thu bán hàng,3331-Thuế GTGT đầu ra,632-Giá vốn hàng bán,156-Hàng hóa,commerce_distribution_erp_scenario_v1,LIGHTBI_SCENARIO_ENTITY_001,VND,all_declared_accounting_money_columns,Asia/Ho_Chi_Minh,authentic_anchored_semi_synthetic_evidence,sample data/Accounting_ERP_May_2026.csv,3c59da1c10c67ab974dfd204b737402aff1c28d748665949942579fb5fb1a2fd,1403,1.0.0
INV20260501403,JV20260501403,SO20260501403,2026-05-18,HCM-Q7,NV004,Thẻ,RF-7646CC,Tủ lạnh,Samsung Inverter 350L,Philips,2,22229456,0.2,35567129,0.08,2845370,38412499,18418000,36836000,-1268871,-0.0357,38412499,35567129,2845370,36836000,36836000,131-Phải thu khách hàng,511-Doanh thu bán hàng,3331-Thuế GTGT đầu ra,632-Giá vốn hàng bán,156-Hàng hóa,commerce_distribution_erp_scenario_v1,LIGHTBI_SCENARIO_ENTITY_001,VND,all_declared_accounting_money_columns,Asia/Ho_Chi_Minh,authentic_anchored_semi_synthetic_evidence,sample data/Accounting_ERP_May_2026.csv,3c59da1c10c67ab974dfd204b737402aff1c28d748665949942579fb5fb1a2fd,1404,1.0.0
INV20260501404,JV20260501404,SO20260501404,2026-05-25,CT-NK,NV021,Trả góp,WM-9170CB,Máy giặt,LG 9kg,LG,3,9874871,0.15,25180921,0.08,2014473,27195394,7357000,22071000,3109921,0.1235,27195394,25180921,2014473,22071000,22071000,131-Phải thu khách hàng,511-Doanh thu bán hàng,3331-Thuế GTGT đầu ra,632-Giá vốn hàng bán,156-Hàng hóa,commerce_distribution_erp_scenario_v1,LIGHTBI_SCENARIO_ENTITY_001,VND,all_declared_accounting_money_columns,Asia/Ho_Chi_Minh,authentic_anchored_semi_synthetic_evidence,sample data/Accounting_ERP_May_2026.csv,3c59da1c10c67ab974dfd204b737402aff1c28d748665949942579fb5fb1a2fd,1405,1.0.0
INV20260501405,JV20260501405,SO20260501405,2026-05-04,BD-TDM,NV020,Tiền mặt,BL-A57566,Máy xay,Panasonic Blender,Aqua,2,2539960,0.07,4724325,0.08,377946,5102271,1851000,3702000,1022325,0.2164,5102271,4724325,377946,3702000,3702000,131-Phải thu khách hàng,511-Doanh thu bán hàng,3331-Thuế GTGT đầu ra,632-Giá vốn hàng bán,156-Hàng hóa,commerce_distribution_erp_scenario_v1,LIGHTBI_SCENARIO_ENTITY_001,VND,all_declared_accounting_money_columns,Asia/Ho_Chi_Minh,authentic_anchored_semi_synthetic_evidence,sample data/Accounting_ERP_May_2026.csv,3c59da1c10c67ab974dfd204b737402aff1c28d748665949942579fb5fb1a2fd,1406,1.0.0
INV20260501406,JV20260501406,SO20260501406,2026-05-29,HCM-Q7,NV019,Tiền mặt,FN-C25C4D,Quạt,Senko,Asia,1,1634031,0.14,1405266,0.08,112421,1517687,1130000,1130000,275266,0.1959,1517687,1405266,112421,1130000,1130000,131-Phải thu khách hàng,511-Doanh thu bán hàng,3331-Thuế GTGT đầu ra,632-Giá vốn hàng bán,156-Hàng hóa,commerce_distribution_erp_scenario_v1,LIGHTBI_SCENARIO_ENTITY_001,VND,all_declared_accounting_money_columns,Asia/Ho_Chi_Minh,authentic_anchored_semi_synthetic_evidence,sample data/Accounting_ERP_May_2026.csv,3c59da1c10c67ab974dfd204b737402aff1c28d748665949942579fb5fb1a2fd,1407,1.0.0
INV20260501407,JV20260501407,SO20260501407,2026-05-13,BD-TDM,NV009,Tiền mặt,WM-B66625,Máy giặt,Panasonic 8.5kg,Sony,3,5391294,0.11,14394754,0.08,1151580,15546334,4509000,13527000,867754,0.0603,15546334,14394754,1151580,13527000,13527000,131-Phải thu khách hàng,511-Doanh thu bán hàng,3331-Thuế GTGT đầu ra,632-Giá vốn hàng bán,156-Hàng hóa,commerce_distribution_erp_scenario_v1,LIGHTBI_SCENARIO_ENTITY_001,VND,all_declared_accounting_money_columns,Asia/Ho_Chi_Minh,authentic_anchored_semi_synthetic_evidence,sample data/Accounting_ERP_May_2026.csv,3c59da1c10c67ab974dfd204b737402aff1c28d748665949942579fb5fb1a2fd,1408,1.0.0
INV20260501408,JV20260501408,SO20260501408,2026-05-15,HN-CG,NV014,Trả góp,FN-BA3069,Quạt,Senko,Sunhouse,3,1122256,0.07,3131094,0.08,250487,3381581,634000,1902000,1229094,0.3925,3381581,3131094,250487,1902000,1902000,131-Phải thu khách hàng,511-Doanh thu bán hàng,3331-Thuế GTGT đầu ra,632-Giá vốn hàng bán,156-Hàng hóa,commerce_distribution_erp_scenario_v1,LIGHTBI_SCENARIO_ENTITY_001,VND,all_declared_accounting_money_columns,Asia/Ho_Chi_Minh,authentic_anchored_semi_synthetic_evidence,sample data/Accounting_ERP_May_2026.csv,3c59da1c10c67ab974dfd204b737402aff1c28d748665949942579fb5fb1a2fd,1409,1.0.0
INV20260501409,JV20260501409,SO20260501409,2026-05-07,CT-NK,NV024,Chuyển khoản,WM-41CB2E,Máy giặt,Panasonic 8.5kg,Toshiba,3,17606328,0.17,43839756,0.08,3507180,47346936,13652000,40956000,2883756,0.0658,47346936,43839756,3507180,40956000,40956000,131-Phải thu khách hàng,511-Doanh thu bán hàng,3331-Thuế GTGT đầu ra,632-Giá vốn hàng bán,156-Hàng hóa,commerce_distribution_erp_scenario_v1,LIGHTBI_SCENARIO_ENTITY_001,VND,all_declared_accounting_money_columns,Asia/Ho_Chi_Minh,authentic_anchored_semi_synthetic_evidence,sample data/Accounting_ERP_May_2026.csv,3c59da1c10c67ab974dfd204b737402aff1c28d748665949942579fb5fb1a2fd,1410,1.0.0
INV20260501410,JV20260501410,SO20260501410,2026-05-24,HCM-Q1,NV023,Trả góp,AC-D698B7,Máy lạnh,Mitsubishi 1.5HP,Casper,1,16356642,0.14,14066712,0.08,1125336,15192048,12921000,12921000,1145712,0.0814,15192048,14066712,1125336,12921000,12921000,131-Phải thu khách hàng,511-Doanh thu bán hàng,3331-Thuế GTGT đầu ra,632-Giá vốn hàng bán,156-Hàng hóa,commerce_distribution_erp_scenario_v1,LIGHTBI_SCENARIO_ENTITY_001,VND,all_declared_accounting_money_columns,Asia/Ho_Chi_Minh,authentic_anchored_semi_synthetic_evidence,sample data/Accounting_ERP_May_2026.csv,3c59da1c10c67ab974dfd204b737402aff1c28d748665949942579fb5fb1a2fd,1411,1.0.0
INV20260501411,JV20260501411,SO20260501411,2026-05-26,CT-NK,NV002,Chuyển khoản,BL-54E269,Máy xay,Philips Blender,Xiaomi,1,1003716,0.11,893307,0.08,71464,964771,677000,677000,216307,0.2421,964771,893307,71464,677000,677000,131-Phải thu khách hàng,511-Doanh thu bán hàng,3331-Thuế GTGT đầu ra,632-Giá vốn hàng bán,156-Hàng hóa,commerce_distribution_erp_scenario_v1,LIGHTBI_SCENARIO_ENTITY_001,VND,all_declared_accounting_money_columns,Asia/Ho_Chi_Minh,authentic_anchored_semi_synthetic_evidence,sample data/Accounting_ERP_May_2026.csv,3c59da1c10c67ab974dfd204b737402aff1c28d748665949942579fb5fb1a2fd,1412,1.0.0
INV20260501412,JV20260501412,SO20260501412,2026-05-09,BD-TDM,NV002,Ví điện tử,RC-8010F5,Nồi cơm,Panasonic 1.8L,Asia,1,2906494,0.05,2761169,0.08,220893,2982062,1742000,1742000,1019169,0.3691,2982062,2761169,220893,1742000,1742000,131-Phải thu khách hàng,511-Doanh thu bán hàng,3331-Thuế GTGT đầu ra,632-Giá vốn hàng bán,156-Hàng hóa,commerce_distribution_erp_scenario_v1,LIGHTBI_SCENARIO_ENTITY_001,VND,all_declared_accounting_money_columns,Asia/Ho_Chi_Minh,authentic_anchored_semi_synthetic_evidence,sample data/Accounting_ERP_May_2026.csv,3c59da1c10c67ab974dfd204b737402aff1c28d748665949942579fb5fb1a2fd,1413,1.0.0
INV20260501413,JV20260501413,SO20260501413,2026-05-03,CT-NK,NV021,Ví điện tử,VC-87EB59,Máy hút bụi,Dyson V8,Sony,2,4192166,0.12,7378212,0.08,590256,7968468,2587000,5174000,2204212,0.2987,7968468,7378212,590256,5174000,5174000,131-Phải thu khách hàng,511-Doanh thu bán hàng,3331-Thuế GTGT đầu ra,632-Giá vốn hàng bán,156-Hàng hóa,commerce_distribution_erp_scenario_v1,LIGHTBI_SCENARIO_ENTITY_001,VND,all_declared_accounting_money_columns,Asia/Ho_Chi_Minh,authentic_anchored_semi_synthetic_evidence,sample data/Accounting_ERP_May_2026.csv,3c59da1c10c67ab974dfd204b737402aff1c28d748665949942579fb5fb1a2fd,1414,1.0.0
INV20260501414,JV20260501414,SO20260501414,2026-05-24,HCM-Q7,NV009,Ví điện tử,MW-C368CC,Lò vi sóng,Sharp 20L,Sunhouse,2,4701983,0.19,7617212,0.08,609376,8226588,3627000,7254000,363212,0.0477,8226588,7617212,609376,7254000,7254000,131-Phải thu khách hàng,511-Doanh thu bán hàng,3331-Thuế GTGT đầu ra,632-Giá vốn hàng bán,156-Hàng hóa,commerce_distribution_erp_scenario_v1,LIGHTBI_SCENARIO_ENTITY_001,VND,all_declared_accounting_money_columns,Asia/Ho_Chi_Minh,authentic_anchored_semi_synthetic_evidence,sample data/Accounting_ERP_May_2026.csv,3c59da1c10c67ab974dfd204b737402aff1c28d748665949942579fb5fb1a2fd,1415,1.0.0
INV20260501415,JV20260501415,SO20260501415,2026-05-05,BD-TDM,NV018,Ví điện tử,MW-F8E59D,Lò vi sóng,Sharp 20L,Sharp,3,5432022,0.16,13688695,0.08,1095095,14783790,3756000,11268000,2420695,0.1768,14783790,13688695,1095095,11268000,11268000,131-Phải thu khách hàng,511-Doanh thu bán hàng,3331-Thuế GTGT đầu ra,632-Giá vốn hàng bán,156-Hàng hóa,commerce_distribution_erp_scenario_v1,LIGHTBI_SCENARIO_ENTITY_001,VND,all_declared_accounting_money_columns,Asia/Ho_Chi_Minh,authentic_anchored_semi_synthetic_evidence,sample data/Accounting_ERP_May_2026.csv,3c59da1c10c67ab974dfd204b737402aff1c28d748665949942579fb5fb1a2fd,1416,1.0.0
INV20260501416,JV20260501416,SO20260501416,2026-05-30,HCM-Q1,NV030,Ví điện tử,KT-DB0B2F,Ấm siêu tốc,Sunhouse,Mitsubishi,2,760430,0.1,1368774,0.08,109501,1478275,440000,880000,488774,0.3571,1478275,1368774,109501,880000,880000,131-Phải thu khách hàng,511-Doanh thu bán hàng,3331-Thuế GTGT đầu ra,632-Giá vốn hàng bán,156-Hàng hóa,commerce_distribution_erp_scenario_v1,LIGHTBI_SCENARIO_ENTITY_001,VND,all_declared_accounting_money_columns,Asia/Ho_Chi_Minh,authentic_anchored_semi_synthetic_evidence,sample data/Accounting_ERP_May_2026.csv,3c59da1c10c67ab974dfd204b737402aff1c28d748665949942579fb5fb1a2fd,1417,1.0.0
INV20260501417,JV20260501417,SO20260501417,2026-05-30,CT-NK,NV013,Trả góp,WM-6CA151,Máy giặt,LG 9kg,Philips,1,14544107,0.09,13235137,0.08,1058810,14293947,10818000,10818000,2417137,0.1826,14293947,13235137,1058810,10818000,10818000,131-Phải thu khách hàng,511-Doanh thu bán hàng,3331-Thuế GTGT đầu ra,632-Giá vốn hàng bán,156-Hàng hóa,commerce_distribution_erp_scenario_v1,LIGHTBI_SCENARIO_ENTITY_001,VND,all_declared_accounting_money_columns,Asia/Ho_Chi_Minh,authentic_anchored_semi_synthetic_evidence,sample data/Accounting_ERP_May_2026.csv,3c59da1c10c67ab974dfd204b737402aff1c28d748665949942579fb5fb1a2fd,1418,1.0.0
INV20260501418,JV20260501418,SO20260501418,2026-05-30,HN-CG,NV005,Ví điện tử,TV-E2DD63,TV,LG OLED 48,Panasonic,3,8773567,0.15,22372595,0.08,1789807,24162402,7206000,21618000,754595,0.0337,24162402,22372595,1789807,21618000,21618000,131-Phải thu khách hàng,511-Doanh thu bán hàng,3331-Thuế GTGT đầu ra,632-Giá vốn hàng bán,156-Hàng hóa,commerce_distribution_erp_scenario_v1,LIGHTBI_SCENARIO_ENTITY_001,VND,all_declared_accounting_money_columns,Asia/Ho_Chi_Minh,authentic_anchored_semi_synthetic_evidence,sample data/Accounting_ERP_May_2026.csv,3c59da1c10c67ab974dfd204b737402aff1c28d748665949942579fb5fb1a2fd,1419,1.0.0
INV20260501419,JV20260501419,SO20260501419,2026-05-15,HN-HBT,NV028,Thẻ,BL-6730F4,Máy xay,Panasonic Blender,Sharp,2,2237996,0.05,4252192,0.08,340175,4592367,1373000,2746000,1506192,0.3542,4592367,4252192,340175,2746000,2746000,131-Phải thu khách hàng,511-Doanh thu bán hàng,3331-Thuế GTGT đầu ra,632-Giá vốn hàng bán,156-Hàng hóa,commerce_distribution_erp_scenario_v1,LIGHTBI_SCENARIO_ENTITY_001,VND,all_declared_accounting_money_columns,Asia/Ho_Chi_Minh,authentic_anchored_semi_synthetic_evidence,sample data/Accounting_ERP_May_2026.csv,3c59da1c10c67ab974dfd204b737402aff1c28d748665949942579fb5fb1a2fd,1420,1.0.0
INV20260501420,JV20260501420,SO20260501420,2026-05-16,BD-TDM,NV030,Trả góp,RC-CCF100,Nồi cơm,Sharp 1.8L,Sunhouse,2,1479943,0.09,2693496,0.08,215479,2908975,932000,1864000,829496,0.308,2908975,2693496,215479,1864000,1864000,131-Phải thu khách hàng,511-Doanh thu bán hàng,3331-Thuế GTGT đầu ra,632-Giá vốn hàng bán,156-Hàng hóa,commerce_distribution_erp_scenario_v1,LIGHTBI_SCENARIO_ENTITY_001,VND,all_declared_accounting_money_columns,Asia/Ho_Chi_Minh,authentic_anchored_semi_synthetic_evidence,sample data/Accounting_ERP_May_2026.csv,3c59da1c10c67ab974dfd204b737402aff1c28d748665949942579fb5fb1a2fd,1421,1.0.0
INV20260501421,JV20260501421,SO20260501421,2026-05-19,HN-CG,NV004,Ví điện tử,RF-742B7E,Tủ lạnh,Samsung Inverter 350L,Asia,2,9779358,0.11,17407257,0.08,1392580,18799837,8114000,16228000,1179257,0.0677,18799837,17407257,1392580,16228000,16228000,131-Phải thu khách hàng,511-Doanh thu bán hàng,3331-Thuế GTGT đầu ra,632-Giá vốn hàng bán,156-Hàng hóa,commerce_distribution_erp_scenario_v1,LIGHTBI_SCENARIO_ENTITY_001,VND,all_declared_accounting_money_columns,Asia/Ho_Chi_Minh,authentic_anchored_semi_synthetic_evidence,sample data/Accounting_ERP_May_2026.csv,3c59da1c10c67ab974dfd204b737402aff1c28d748665949942579fb5fb1a2fd,1422,1.0.0
INV20260501422,JV20260501422,SO20260501422,2026-05-04,HN-CG,NV029,Chuyển khoản,RF-7646CC,Tủ lạnh,Samsung Inverter 350L,Philips,3,16455525,0.08,45417249,0.08,3633379,49050628,13592000,40776000,4641249,0.1022,49050628,45417249,3633379,40776000,40776000,131-Phải thu khách hàng,511-Doanh thu bán hàng,3331-Thuế GTGT đầu ra,632-Giá vốn hàng bán,156-Hàng hóa,commerce_distribution_erp_scenario_v1,LIGHTBI_SCENARIO_ENTITY_001,VND,all_declared_accounting_money_columns,Asia/Ho_Chi_Minh,authentic_anchored_semi_synthetic_evidence,sample data/Accounting_ERP_May_2026.csv,3c59da1c10c67ab974dfd204b737402aff1c28d748665949942579fb5fb1a2fd,1423,1.0.0
INV20260501423,JV20260501423,SO20260501423,2026-05-10,CT-NK,NV027,Chuyển khoản,WM-0EC5E7,Máy giặt,Toshiba 9kg,Sony,1,17621249,0.01,17445036,0.08,1395602,18840638,14451000,14451000,2994036,0.1716,18840638,17445036,1395602,14451000,14451000,131-Phải thu khách hàng,511-Doanh thu bán hàng,3331-Thuế GTGT đầu ra,632-Giá vốn hàng bán,156-Hàng hóa,commerce_distribution_erp_scenario_v1,LIGHTBI_SCENARIO_ENTITY_001,VND,all_declared_accounting_money_columns,Asia/Ho_Chi_Minh,authentic_anchored_semi_synthetic_evidence,sample data/Accounting_ERP_May_2026.csv,3c59da1c10c67ab974dfd204b737402aff1c28d748665949942579fb5fb1a2fd,1424,1.0.0
INV20260501424,JV20260501424,SO20260501424,2026-05-08,DN-HC,NV020,Trả góp,TV-469414,TV,"Sony 65""",LG,1,16782394,0.01,16614570,0.08,1329165,17943735,13270000,13270000,3344570,0.2013,17943735,16614570,1329165,13270000,13270000,131-Phải thu khách hàng,511-Doanh thu bán hàng,3331-Thuế GTGT đầu ra,632-Giá vốn hàng bán,156-Hàng hóa,commerce_distribution_erp_scenario_v1,LIGHTBI_SCENARIO_ENTITY_001,VND,all_declared_accounting_money_columns,Asia/Ho_Chi_Minh,authentic_anchored_semi_synthetic_evidence,sample data/Accounting_ERP_May_2026.csv,3c59da1c10c67ab974dfd204b737402aff1c28d748665949942579fb5fb1a2fd,1425,1.0.0
INV20260501425,JV20260501425,SO20260501425,2026-05-16,HN-CG,NV005,Ví điện tử,RC-879C8C,Nồi cơm,Sharp 1.8L,Panasonic,1,3700694,0.04,3552666,0.08,284213,3836879,2803000,2803000,749666,0.211,3836879,3552666,284213,2803000,2803000,131-Phải thu khách hàng,511-Doanh thu bán hàng,3331-Thuế GTGT đầu ra,632-Giá vốn hàng bán,156-Hàng hóa,commerce_distribution_erp_scenario_v1,LIGHTBI_SCENARIO_ENTITY_001,VND,all_declared_accounting_money_columns,Asia/Ho_Chi_Minh,authentic_anchored_semi_synthetic_evidence,sample data/Accounting_ERP_May_2026.csv,3c59da1c10c67ab974dfd204b737402aff1c28d748665949942579fb5fb1a2fd,1426,1.0.0
INV20260501426,JV20260501426,SO20260501426,2026-05-31,BD-TDM,NV006,Trả góp,AC-B90290,Máy lạnh,Panasonic 1.5HP,Mitsubishi,2,16821474,0.18,27587217,0.08,2206977,29794194,13767000,27534000,53217,0.0019,29794194,27587217,2206977,27534000,27534000,131-Phải thu khách hàng,511-Doanh thu bán hàng,3331-Thuế GTGT đầu ra,632-Giá vốn hàng bán,156-Hàng hóa,commerce_distribution_erp_scenario_v1,LIGHTBI_SCENARIO_ENTITY_001,VND,all_declared_accounting_money_columns,Asia/Ho_Chi_Minh,authentic_anchored_semi_synthetic_evidence,sample data/Accounting_ERP_May_2026.csv,3c59da1c10c67ab974dfd204b737402aff1c28d748665949942579fb5fb1a2fd,1427,1.0.0
INV20260501427,JV20260501427,SO20260501427,2026-05-27,HN-CG,NV012,Thẻ,KT-2ABC39,Ấm siêu tốc,Kangaroo,Mitsubishi,1,1116722,0.07,1038551,0.08,83084,1121635,713000,713000,325551,0.3135,1121635,1038551,83084,713000,713000,131-Phải thu khách hàng,511-Doanh thu bán hàng,3331-Thuế GTGT đầu ra,632-Giá vốn hàng bán,156-Hàng hóa,commerce_distribution_erp_scenario_v1,LIGHTBI_SCENARIO_ENTITY_001,VND,all_declared_accounting_money_columns,Asia/Ho_Chi_Minh,authentic_anchored_semi_synthetic_evidence,sample data/Accounting_ERP_May_2026.csv,3c59da1c10c67ab974dfd204b737402aff1c28d748665949942579fb5fb1a2fd,1428,1.0.0
INV20260501428,JV20260501428,SO20260501428,2026-05-17,BD-TDM,NV011,Trả góp,FN-3C43A6,Quạt,Asia,Philips,1,1195874,0.07,1112162,0.08,88972,1201134,766000,766000,346162,0.3113,1201134,1112162,88972,766000,766000,131-Phải thu khách hàng,511-Doanh thu bán hàng,3331-Thuế GTGT đầu ra,632-Giá vốn hàng bán,156-Hàng hóa,commerce_distribution_erp_scenario_v1,LIGHTBI_SCENARIO_ENTITY_001,VND,all_declared_accounting_money_columns,Asia/Ho_Chi_Minh,authentic_anchored_semi_synthetic_evidence,sample data/Accounting_ERP_May_2026.csv,3c59da1c10c67ab974dfd204b737402aff1c28d748665949942579fb5fb1a2fd,1429,1.0.0
INV20260501429,JV20260501429,SO20260501429,2026-05-20,HN-CG,NV020,Thẻ,RC-6CF84A,Nồi cơm,Cuckoo 1.8L,Daikin,1,3202622,0.11,2850333,0.08,228026,3078359,1923000,1923000,927333,0.3253,3078359,2850333,228026,1923000,1923000,131-Phải thu khách hàng,511-Doanh thu bán hàng,3331-Thuế GTGT đầu ra,632-Giá vốn hàng bán,156-Hàng hóa,commerce_distribution_erp_scenario_v1,LIGHTBI_SCENARIO_ENTITY_001,VND,all_declared_accounting_money_columns,Asia/Ho_Chi_Minh,authentic_anchored_semi_synthetic_evidence,sample data/Accounting_ERP_May_2026.csv,3c59da1c10c67ab974dfd204b737402aff1c28d748665949942579fb5fb1a2fd,1430,1.0.0
INV20260501430,JV20260501430,SO20260501430,2026-05-28,HN-HBT,NV014,Trả góp,TV-DCF290,TV,"Sony 65""",Sony,3,12575327,0.12,33198863,0.08,2655909,35854772,10194000,30582000,2616863,0.0788,35854772,33198863,2655909,30582000,30582000,131-Phải thu khách hàng,511-Doanh thu bán hàng,3331-Thuế GTGT đầu ra,632-Giá vốn hàng bán,156-Hàng hóa,commerce_distribution_erp_scenario_v1,LIGHTBI_SCENARIO_ENTITY_001,VND,all_declared_accounting_money_columns,Asia/Ho_Chi_Minh,authentic_anchored_semi_synthetic_evidence,sample data/Accounting_ERP_May_2026.csv,3c59da1c10c67ab974dfd204b737402aff1c28d748665949942579fb5fb1a2fd,1431,1.0.0
INV20260501431,JV20260501431,SO20260501431,2026-05-28,HN-HBT,NV007,Tiền mặt,KT-4315C1,Ấm siêu tốc,Sunhouse,Aqua,1,923756,0.01,914518,0.08,73161,987679,649000,649000,265518,0.2903,987679,914518,73161,649000,649000,131-Phải thu khách hàng,511-Doanh thu bán hàng,3331-Thuế GTGT đầu ra,632-Giá vốn hàng bán,156-Hàng hóa,commerce_distribution_erp_scenario_v1,LIGHTBI_SCENARIO_ENTITY_001,VND,all_declared_accounting_money_columns,Asia/Ho_Chi_Minh,authentic_anchored_semi_synthetic_evidence,sample data/Accounting_ERP_May_2026.csv,3c59da1c10c67ab974dfd204b737402aff1c28d748665949942579fb5fb1a2fd,1432,1.0.0
INV20260501432,JV20260501432,SO20260501432,2026-05-07,HCM-TB,NV023,Chuyển khoản,FN-AB0CC6,Quạt,Asia,Xiaomi,3,675252,0.17,1681377,0.08,134510,1815887,478000,1434000,247377,0.1471,1815887,1681377,134510,1434000,1434000,131-Phải thu khách hàng,511-Doanh thu bán hàng,3331-Thuế GTGT đầu ra,632-Giá vốn hàng bán,156-Hàng hóa,commerce_distribution_erp_scenario_v1,LIGHTBI_SCENARIO_ENTITY_001,VND,all_declared_accounting_money_columns,Asia/Ho_Chi_Minh,authentic_anchored_semi_synthetic_evidence,sample data/Accounting_ERP_May_2026.csv,3c59da1c10c67ab974dfd204b737402aff1c28d748665949942579fb5fb1a2fd,1433,1.0.0
INV20260501433,JV20260501433,SO20260501433,2026-05-22,HN-HBT,NV004,Trả góp,KT-2ABC39,Ấm siêu tốc,Kangaroo,Mitsubishi,1,1257848,0.05,1194955,0.08,95596,1290551,752000,752000,442955,0.3707,1290551,1194955,95596,752000,752000,131-Phải thu khách hàng,511-Doanh thu bán hàng,3331-Thuế GTGT đầu ra,632-Giá vốn hàng bán,156-Hàng hóa,commerce_distribution_erp_scenario_v1,LIGHTBI_SCENARIO_ENTITY_001,VND,all_declared_accounting_money_columns,Asia/Ho_Chi_Minh,authentic_anchored_semi_synthetic_evidence,sample data/Accounting_ERP_May_2026.csv,3c59da1c10c67ab974dfd204b737402aff1c28d748665949942579fb5fb1a2fd,1434,1.0.0
INV20260501434,JV20260501434,SO20260501434,2026-05-11,BD-TDM,NV022,Thẻ,MW-7ABF96,Lò vi sóng,Electrolux 23L,Panasonic,1,5061315,0.13,4403344,0.08,352267,4755611,3945000,3945000,458344,0.1041,4755611,4403344,352267,3945000,3945000,131-Phải thu khách hàng,511-Doanh thu bán hàng,3331-Thuế GTGT đầu ra,632-Giá vốn hàng bán,156-Hàng hóa,commerce_distribution_erp_scenario_v1,LIGHTBI_SCENARIO_ENTITY_001,VND,all_declared_accounting_money_columns,Asia/Ho_Chi_Minh,authentic_anchored_semi_synthetic_evidence,sample data/Accounting_ERP_May_2026.csv,3c59da1c10c67ab974dfd204b737402aff1c28d748665949942579fb5fb1a2fd,1435,1.0.0
INV20260501435,JV20260501435,SO20260501435,2026-05-25,CT-NK,NV024,Trả góp,AC-84F331,Máy lạnh,Mitsubishi 1.5HP,Daikin,1,6981192,0.09,6352884,0.08,508230,6861114,5491000,5491000,861884,0.1357,6861114,6352884,508230,5491000,5491000,131-Phải thu khách hàng,511-Doanh thu bán hàng,3331-Thuế GTGT đầu ra,632-Giá vốn hàng bán,156-Hàng hóa,commerce_distribution_erp_scenario_v1,LIGHTBI_SCENARIO_ENTITY_001,VND,all_declared_accounting_money_columns,Asia/Ho_Chi_Minh,authentic_anchored_semi_synthetic_evidence,sample data/Accounting_ERP_May_2026.csv,3c59da1c10c67ab974dfd204b737402aff1c28d748665949942579fb5fb1a2fd,1436,1.0.0
INV20260501436,JV20260501436,SO20260501436,2026-05-27,HN-CG,NV006,Ví điện tử,MW-F8E59D,Lò vi sóng,Sharp 20L,Sharp,2,4864911,0.12,8562243,0.08,684979,9247222,3214000,6428000,2134243,0.2493,9247222,8562243,684979,6428000,6428000,131-Phải thu khách hàng,511-Doanh thu bán hàng,3331-Thuế GTGT đầu ra,632-Giá vốn hàng bán,156-Hàng hóa,commerce_distribution_erp_scenario_v1,LIGHTBI_SCENARIO_ENTITY_001,VND,all_declared_accounting_money_columns,Asia/Ho_Chi_Minh,authentic_anchored_semi_synthetic_evidence,sample data/Accounting_ERP_May_2026.csv,3c59da1c10c67ab974dfd204b737402aff1c28d748665949942579fb5fb1a2fd,1437,1.0.0
INV20260501437,JV20260501437,SO20260501437,2026-05-25,HCM-Q1,NV004,Chuyển khoản,FN-230559,Quạt,Asia,Sharp,3,1021873,0.14,2636432,0.08,210914,2847346,669000,2007000,629432,0.2387,2847346,2636432,210914,2007000,2007000,131-Phải thu khách hàng,511-Doanh thu bán hàng,3331-Thuế GTGT đầu ra,632-Giá vốn hàng bán,156-Hàng hóa,commerce_distribution_erp_scenario_v1,LIGHTBI_SCENARIO_ENTITY_001,VND,all_declared_accounting_money_columns,Asia/Ho_Chi_Minh,authentic_anchored_semi_synthetic_evidence,sample data/Accounting_ERP_May_2026.csv,3c59da1c10c67ab974dfd204b737402aff1c28d748665949942579fb5fb1a2fd,1438,1.0.0
INV20260501438,JV20260501438,SO20260501438,2026-05-27,DN-HC,NV023,Ví điện tử,VC-FA3352,Máy hút bụi,Dyson V8,Aqua,2,8333591,0.14,14333776,0.08,1146702,15480478,5795000,11590000,2743776,0.1914,15480478,14333776,1146702,11590000,11590000,131-Phải thu khách hàng,511-Doanh thu bán hàng,3331-Thuế GTGT đầu ra,632-Giá vốn hàng bán,156-Hàng hóa,commerce_distribution_erp_scenario_v1,LIGHTBI_SCENARIO_ENTITY_001,VND,all_declared_accounting_money_columns,Asia/Ho_Chi_Minh,authentic_anchored_semi_synthetic_evidence,sample data/Accounting_ERP_May_2026.csv,3c59da1c10c67ab974dfd204b737402aff1c28d748665949942579fb5fb1a2fd,1439,1.0.0
INV20260501439,JV20260501439,SO20260501439,2026-05-27,DN-HC,NV017,Ví điện tử,FN-374368,Quạt,Senko,Panasonic,3,1270858,0.2,3050059,0.08,244004,3294063,760000,2280000,770059,0.2525,3294063,3050059,244004,2280000,2280000,131-Phải thu khách hàng,511-Doanh thu bán hàng,3331-Thuế GTGT đầu ra,632-Giá vốn hàng bán,156-Hàng hóa,commerce_distribution_erp_scenario_v1,LIGHTBI_SCENARIO_ENTITY_001,VND,all_declared_accounting_money_columns,Asia/Ho_Chi_Minh,authentic_anchored_semi_synthetic_evidence,sample data/Accounting_ERP_May_2026.csv,3c59da1c10c67ab974dfd204b737402aff1c28d748665949942579fb5fb1a2fd,1440,1.0.0
INV20260501440,JV20260501440,SO20260501440,2026-05-09,HN-CG,NV022,Trả góp,AC-9068F8,Máy lạnh,Panasonic 1.5HP,Cuckoo,3,14694412,0.17,36589085,0.08,2927126,39516211,11197000,33591000,2998085,0.0819,39516211,36589085,2927126,33591000,33591000,131-Phải thu khách hàng,511-Doanh thu bán hàng,3331-Thuế GTGT đầu ra,632-Giá vốn hàng bán,156-Hàng hóa,commerce_distribution_erp_scenario_v1,LIGHTBI_SCENARIO_ENTITY_001,VND,all_declared_accounting_money_columns,Asia/Ho_Chi_Minh,authentic_anchored_semi_synthetic_evidence,sample data/Accounting_ERP_May_2026.csv,3c59da1c10c67ab974dfd204b737402aff1c28d748665949942579fb5fb1a2fd,1441,1.0.0
INV20260501441,JV20260501441,SO20260501441,2026-05-26,HCM-Q1,NV025,Chuyển khoản,TV-57E353,TV,LG OLED 48,Sony,1,26128525,0.08,24038243,0.08,1923059,25961302,20074000,20074000,3964243,0.1649,25961302,24038243,1923059,20074000,20074000,131-Phải thu khách hàng,511-Doanh thu bán hàng,3331-Thuế GTGT đầu ra,632-Giá vốn hàng bán,156-Hàng hóa,commerce_distribution_erp_scenario_v1,LIGHTBI_SCENARIO_ENTITY_001,VND,all_declared_accounting_money_columns,Asia/Ho_Chi_Minh,authentic_anchored_semi_synthetic_evidence,sample data/Accounting_ERP_May_2026.csv,3c59da1c10c67ab974dfd204b737402aff1c28d748665949942579fb5fb1a2fd,1442,1.0.0
INV20260501442,JV20260501442,SO20260501442,2026-05-06,HCM-Q1,NV005,Tiền mặt,RF-FB4D4D,Tủ lạnh,Samsung Inverter 350L,Samsung,3,12163073,0.11,32475404,0.08,2598032,35073436,10279000,30837000,1638404,0.0505,35073436,32475404,2598032,30837000,30837000,131-Phải thu khách hàng,511-Doanh thu bán hàng,3331-Thuế GTGT đầu ra,632-Giá vốn hàng bán,156-Hàng hóa,commerce_distribution_erp_scenario_v1,LIGHTBI_SCENARIO_ENTITY_001,VND,all_declared_accounting_money_columns,Asia/Ho_Chi_Minh,authentic_anchored_semi_synthetic_evidence,sample data/Accounting_ERP_May_2026.csv,3c59da1c10c67ab974dfd204b737402aff1c28d748665949942579fb5fb1a2fd,1443,1.0.0
INV20260501443,JV20260501443,SO20260501443,2026-05-12,DN-HC,NV030,Trả góp,TV-249EF8,TV,"Samsung 55"" 4K",Samsung,3,20156999,0.04,58052157,0.08,4644172,62696329,15762000,47286000,10766157,0.1855,62696329,58052157,4644172,47286000,47286000,131-Phải thu khách hàng,511-Doanh thu bán hàng,3331-Thuế GTGT đầu ra,632-Giá vốn hàng bán,156-Hàng hóa,commerce_distribution_erp_scenario_v1,LIGHTBI_SCENARIO_ENTITY_001,VND,all_declared_accounting_money_columns,Asia/Ho_Chi_Minh,authentic_anchored_semi_synthetic_evidence,sample data/Accounting_ERP_May_2026.csv,3c59da1c10c67ab974dfd204b737402aff1c28d748665949942579fb5fb1a2fd,1444,1.0.0
INV20260501444,JV20260501444,SO20260501444,2026-05-23,HCM-TB,NV001,Chuyển khoản,RF-80782C,Tủ lạnh,Samsung Inverter 350L,LG,2,5981001,0.14,10287321,0.08,822985,11110306,5142000,10284000,3321,0.0003,11110306,10287321,822985,10284000,10284000,131-Phải thu khách hàng,511-Doanh thu bán hàng,3331-Thuế GTGT đầu ra,632-Giá vốn hàng bán,156-Hàng hóa,commerce_distribution_erp_scenario_v1,LIGHTBI_SCENARIO_ENTITY_001,VND,all_declared_accounting_money_columns,Asia/Ho_Chi_Minh,authentic_anchored_semi_synthetic_evidence,sample data/Accounting_ERP_May_2026.csv,3c59da1c10c67ab974dfd204b737402aff1c28d748665949942579fb5fb1a2fd,1445,1.0.0
INV20260501445,JV20260501445,SO20260501445,2026-05-17,HN-HBT,NV030,Tiền mặt,FN-FF4EE8,Quạt,Panasonic,Sunhouse,1,2004690,0.03,1944549,0.08,155563,2100112,1180000,1180000,764549,0.3932,2100112,1944549,155563,1180000,1180000,131-Phải thu khách hàng,511-Doanh thu bán hàng,3331-Thuế GTGT đầu ra,632-Giá vốn hàng bán,156-Hàng hóa,commerce_distribution_erp_scenario_v1,LIGHTBI_SCENARIO_ENTITY_001,VND,all_declared_accounting_money_columns,Asia/Ho_Chi_Minh,authentic_anchored_semi_synthetic_evidence,sample data/Accounting_ERP_May_2026.csv,3c59da1c10c67ab974dfd204b737402aff1c28d748665949942579fb5fb1a2fd,1446,1.0.0
INV20260501446,JV20260501446,SO20260501446,2026-05-11,CT-NK,NV003,Chuyển khoản,VC-DAE72D,Máy hút bụi,Dyson V8,Sharp,2,2330207,0.05,4427393,0.08,354191,4781584,1660000,3320000,1107393,0.2501,4781584,4427393,354191,3320000,3320000,131-Phải thu khách hàng,511-Doanh thu bán hàng,3331-Thuế GTGT đầu ra,632-Giá vốn hàng bán,156-Hàng hóa,commerce_distribution_erp_scenario_v1,LIGHTBI_SCENARIO_ENTITY_001,VND,all_declared_accounting_money_columns,Asia/Ho_Chi_Minh,authentic_anchored_semi_synthetic_evidence,sample data/Accounting_ERP_May_2026.csv,3c59da1c10c67ab974dfd204b737402aff1c28d748665949942579fb5fb1a2fd,1447,1.0.0
INV20260501447,JV20260501447,SO20260501447,2026-05-29,BD-TDM,NV005,Thẻ,AC-F05394,Máy lạnh,Casper 1HP,Cuckoo,2,8043353,0.06,15121503,0.08,1209720,16331223,5739000,11478000,3643503,0.2409,16331223,15121503,1209720,11478000,11478000,131-Phải thu khách hàng,511-Doanh thu bán hàng,3331-Thuế GTGT đầu ra,632-Giá vốn hàng bán,156-Hàng hóa,commerce_distribution_erp_scenario_v1,LIGHTBI_SCENARIO_ENTITY_001,VND,all_declared_accounting_money_columns,Asia/Ho_Chi_Minh,authentic_anchored_semi_synthetic_evidence,sample data/Accounting_ERP_May_2026.csv,3c59da1c10c67ab974dfd204b737402aff1c28d748665949942579fb5fb1a2fd,1448,1.0.0
INV20260501448,JV20260501448,SO20260501448,2026-05-28,BD-TDM,NV020,Thẻ,WM-6ADDCB,Máy giặt,LG 9kg,Electrolux,3,16710774,0.18,41108504,0.08,3288680,44397184,13094000,39282000,1826504,0.0444,44397184,41108504,3288680,39282000,39282000,131-Phải thu khách hàng,511-Doanh thu bán hàng,3331-Thuế GTGT đầu ra,632-Giá vốn hàng bán,156-Hàng hóa,commerce_distribution_erp_scenario_v1,LIGHTBI_SCENARIO_ENTITY_001,VND,all_declared_accounting_money_columns,Asia/Ho_Chi_Minh,authentic_anchored_semi_synthetic_evidence,sample data/Accounting_ERP_May_2026.csv,3c59da1c10c67ab974dfd204b737402aff1c28d748665949942579fb5fb1a2fd,1449,1.0.0
INV20260501449,JV20260501449,SO20260501449,2026-05-30,HN-CG,NV007,Chuyển khoản,RF-3465A9,Tủ lạnh,Aqua 250L,Samsung,3,12261346,0.08,33841314,0.08,2707305,36548619,10354000,31062000,2779314,0.0821,36548619,33841314,2707305,31062000,31062000,131-Phải thu khách hàng,511-Doanh thu bán hàng,3331-Thuế GTGT đầu ra,632-Giá vốn hàng bán,156-Hàng hóa,commerce_distribution_erp_scenario_v1,LIGHTBI_SCENARIO_ENTITY_001,VND,all_declared_accounting_money_columns,Asia/Ho_Chi_Minh,authentic_anchored_semi_synthetic_evidence,sample data/Accounting_ERP_May_2026.csv,3c59da1c10c67ab974dfd204b737402aff1c28d748665949942579fb5fb1a2fd,1450,1.0.0
INV20260501450,JV20260501450,SO20260501450,2026-05-07,HCM-Q7,NV006,Ví điện tử,AC-B90290,Máy lạnh,Panasonic 1.5HP,Mitsubishi,1,8756438,0.05,8318616,0.08,665489,8984105,6957000,6957000,1361616,0.1637,8984105,8318616,665489,6957000,6957000,131-Phải thu khách hàng,511-Doanh thu bán hàng,3331-Thuế GTGT đầu ra,632-Giá vốn hàng bán,156-Hàng hóa,commerce_distribution_erp_scenario_v1,LIGHTBI_SCENARIO_ENTITY_001,VND,all_declared_accounting_money_columns,Asia/Ho_Chi_Minh,authentic_anchored_semi_synthetic_evidence,sample data/Accounting_ERP_May_2026.csv,3c59da1c10c67ab974dfd204b737402aff1c28d748665949942579fb5fb1a2fd,1451,1.0.0
INV20260501451,JV20260501451,SO20260501451,2026-05-19,HN-CG,NV026,Thẻ,VC-09CEE7,Máy hút bụi,Dyson V8,Philips,2,7904090,0.18,12962707,0.08,1037016,13999723,5214000,10428000,2534707,0.1955,13999723,12962707,1037016,10428000,10428000,131-Phải thu khách hàng,511-Doanh thu bán hàng,3331-Thuế GTGT đầu ra,632-Giá vốn hàng bán,156-Hàng hóa,commerce_distribution_erp_scenario_v1,LIGHTBI_SCENARIO_ENTITY_001,VND,all_declared_accounting_money_columns,Asia/Ho_Chi_Minh,authentic_anchored_semi_synthetic_evidence,sample data/Accounting_ERP_May_2026.csv,3c59da1c10c67ab974dfd204b737402aff1c28d748665949942579fb5fb1a2fd,1452,1.0.0
INV20260501452,JV20260501452,SO20260501452,2026-05-24,HN-HBT,NV007,Trả góp,AC-84F331,Máy lạnh,Mitsubishi 1.5HP,Daikin,1,18773450,0.2,15018760,0.08,1201500,16220260,14073000,14073000,945760,0.063,16220260,15018760,1201500,14073000,14073000,131-Phải thu khách hàng,511-Doanh thu bán hàng,3331-Thuế GTGT đầu ra,632-Giá vốn hàng bán,156-Hàng hóa,commerce_distribution_erp_scenario_v1,LIGHTBI_SCENARIO_ENTITY_001,VND,all_declared_accounting_money_columns,Asia/Ho_Chi_Minh,authentic_anchored_semi_synthetic_evidence,sample data/Accounting_ERP_May_2026.csv,3c59da1c10c67ab974dfd204b737402aff1c28d748665949942579fb5fb1a2fd,1453,1.0.0
INV20260501453,JV20260501453,SO20260501453,2026-05-23,DN-HC,NV020,Tiền mặt,AC-F32BBC,Máy lạnh,Mitsubishi 1.5HP,Mitsubishi,3,19382004,0.0,58146012,0.08,4651680,62797692,14565000,43695000,14451012,0.2485,62797692,58146012,4651680,43695000,43695000,131-Phải thu khách hàng,511-Doanh thu bán hàng,3331-Thuế GTGT đầu ra,632-Giá vốn hàng bán,156-Hàng hóa,commerce_distribution_erp_scenario_v1,LIGHTBI_SCENARIO_ENTITY_001,VND,all_declared_accounting_money_columns,Asia/Ho_Chi_Minh,authentic_anchored_semi_synthetic_evidence,sample data/Accounting_ERP_May_2026.csv,3c59da1c10c67ab974dfd204b737402aff1c28d748665949942579fb5fb1a2fd,1454,1.0.0
INV20260501454,JV20260501454,SO20260501454,2026-05-02,HN-HBT,NV023,Trả góp,AC-84F331,Máy lạnh,Mitsubishi 1.5HP,Daikin,2,20978447,0.18,34404653,0.08,2752372,37157025,16213000,32426000,1978653,0.0575,37157025,34404653,2752372,32426000,32426000,131-Phải thu khách hàng,511-Doanh thu bán hàng,3331-Thuế GTGT đầu ra,632-Giá vốn hàng bán,156-Hàng hóa,commerce_distribution_erp_scenario_v1,LIGHTBI_SCENARIO_ENTITY_001,VND,all_declared_accounting_money_columns,Asia/Ho_Chi_Minh,authentic_anchored_semi_synthetic_evidence,sample data/Accounting_ERP_May_2026.csv,3c59da1c10c67ab974dfd204b737402aff1c28d748665949942579fb5fb1a2fd,1455,1.0.0
INV20260501455,JV20260501455,SO20260501455,2026-05-09,HCM-Q1,NV024,Tiền mặt,AC-9D4B2B,Máy lạnh,Mitsubishi 1.5HP,Sony,2,17930586,0.05,34068113,0.08,2725449,36793562,13095000,26190000,7878113,0.2312,36793562,34068113,2725449,26190000,26190000,131-Phải thu khách hàng,511-Doanh thu bán hàng,3331-Thuế GTGT đầu ra,632-Giá vốn hàng bán,156-Hàng hóa,commerce_distribution_erp_scenario_v1,LIGHTBI_SCENARIO_ENTITY_001,VND,all_declared_accounting_money_columns,Asia/Ho_Chi_Minh,authentic_anchored_semi_synthetic_evidence,sample data/Accounting_ERP_May_2026.csv,3c59da1c10c67ab974dfd204b737402aff1c28d748665949942579fb5fb1a2fd,1456,1.0.0
INV20260501456,JV20260501456,SO20260501456,2026-05-20,HN-HBT,NV028,Ví điện tử,MW-21A949,Lò vi sóng,Panasonic 25L,Cuckoo,2,3237773,0.11,5763235,0.08,461058,6224293,2048000,4096000,1667235,0.2893,6224293,5763235,461058,4096000,4096000,131-Phải thu khách hàng,511-Doanh thu bán hàng,3331-Thuế GTGT đầu ra,632-Giá vốn hàng bán,156-Hàng hóa,commerce_distribution_erp_scenario_v1,LIGHTBI_SCENARIO_ENTITY_001,VND,all_declared_accounting_money_columns,Asia/Ho_Chi_Minh,authentic_anchored_semi_synthetic_evidence,sample data/Accounting_ERP_May_2026.csv,3c59da1c10c67ab974dfd204b737402aff1c28d748665949942579fb5fb1a2fd,1457,1.0.0
INV20260501457,JV20260501457,SO20260501457,2026-05-18,BD-TDM,NV026,Thẻ,MW-4DBCB2,Lò vi sóng,Sharp 20L,Daikin,3,1854596,0.09,5063047,0.08,405043,5468090,1406000,4218000,845047,0.1669,5468090,5063047,405043,4218000,4218000,131-Phải thu khách hàng,511-Doanh thu bán hàng,3331-Thuế GTGT đầu ra,632-Giá vốn hàng bán,156-Hàng hóa,commerce_distribution_erp_scenario_v1,LIGHTBI_SCENARIO_ENTITY_001,VND,all_declared_accounting_money_columns,Asia/Ho_Chi_Minh,authentic_anchored_semi_synthetic_evidence,sample data/Accounting_ERP_May_2026.csv,3c59da1c10c67ab974dfd204b737402aff1c28d748665949942579fb5fb1a2fd,1458,1.0.0
INV20260501458,JV20260501458,SO20260501458,2026-05-03,HCM-Q1,NV005,Tiền mặt,FN-63D039,Quạt,Asia,Mitsubishi,1,1277138,0.07,1187738,0.08,95019,1282757,933000,933000,254738,0.2145,1282757,1187738,95019,933000,933000,131-Phải thu khách hàng,511-Doanh thu bán hàng,3331-Thuế GTGT đầu ra,632-Giá vốn hàng bán,156-Hàng hóa,commerce_distribution_erp_scenario_v1,LIGHTBI_SCENARIO_ENTITY_001,VND,all_declared_accounting_money_columns,Asia/Ho_Chi_Minh,authentic_anchored_semi_synthetic_evidence,sample data/Accounting_ERP_May_2026.csv,3c59da1c10c67ab974dfd204b737402aff1c28d748665949942579fb5fb1a2fd,1459,1.0.0
INV20260501459,JV20260501459,SO20260501459,2026-05-15,HCM-TB,NV024,Thẻ,WM-233DAD,Máy giặt,LG 9kg,Toshiba,2,9557750,0.1,17203950,0.08,1376316,18580266,7760000,15520000,1683950,0.0979,18580266,17203950,1376316,15520000,15520000,131-Phải thu khách hàng,511-Doanh thu bán hàng,3331-Thuế GTGT đầu ra,632-Giá vốn hàng bán,156-Hàng hóa,commerce_distribution_erp_scenario_v1,LIGHTBI_SCENARIO_ENTITY_001,VND,all_declared_accounting_money_columns,Asia/Ho_Chi_Minh,authentic_anchored_semi_synthetic_evidence,sample data/Accounting_ERP_May_2026.csv,3c59da1c10c67ab974dfd204b737402aff1c28d748665949942579fb5fb1a2fd,1460,1.0.0
INV20260501460,JV20260501460,SO20260501460,2026-05-15,BD-TDM,NV018,Tiền mặt,AC-B90290,Máy lạnh,Panasonic 1.5HP,Mitsubishi,2,7594922,0.05,14430351,0.08,1154428,15584779,5322000,10644000,3786351,0.2624,15584779,14430351,1154428,10644000,10644000,131-Phải thu khách hàng,511-Doanh thu bán hàng,3331-Thuế GTGT đầu ra,632-Giá vốn hàng bán,156-Hàng hóa,commerce_distribution_erp_scenario_v1,LIGHTBI_SCENARIO_ENTITY_001,VND,all_declared_accounting_money_columns,Asia/Ho_Chi_Minh,authentic_anchored_semi_synthetic_evidence,sample data/Accounting_ERP_May_2026.csv,3c59da1c10c67ab974dfd204b737402aff1c28d748665949942579fb5fb1a2fd,1461,1.0.0
INV20260501461,JV20260501461,SO20260501461,2026-05-26,CT-NK,NV016,Ví điện tử,FN-374368,Quạt,Senko,Panasonic,1,1708519,0.07,1588922,0.08,127113,1716035,1122000,1122000,466922,0.2939,1716035,1588922,127113,1122000,1122000,131-Phải thu khách hàng,511-Doanh thu bán hàng,3331-Thuế GTGT đầu ra,632-Giá vốn hàng bán,156-Hàng hóa,commerce_distribution_erp_scenario_v1,LIGHTBI_SCENARIO_ENTITY_001,VND,all_declared_accounting_money_columns,Asia/Ho_Chi_Minh,authentic_anchored_semi_synthetic_evidence,sample data/Accounting_ERP_May_2026.csv,3c59da1c10c67ab974dfd204b737402aff1c28d748665949942579fb5fb1a2fd,1462,1.0.0
INV20260501462,JV20260501462,SO20260501462,2026-05-02,DN-HC,NV004,Ví điện tử,VC-490623,Máy hút bụi,Philips FC,LG,3,3523866,0.12,9303006,0.08,744240,10047246,2739000,8217000,1086006,0.1167,10047246,9303006,744240,8217000,8217000,131-Phải thu khách hàng,511-Doanh thu bán hàng,3331-Thuế GTGT đầu ra,632-Giá vốn hàng bán,156-Hàng hóa,commerce_distribution_erp_scenario_v1,LIGHTBI_SCENARIO_ENTITY_001,VND,all_declared_accounting_money_columns,Asia/Ho_Chi_Minh,authentic_anchored_semi_synthetic_evidence,sample data/Accounting_ERP_May_2026.csv,3c59da1c10c67ab974dfd204b737402aff1c28d748665949942579fb5fb1a2fd,1463,1.0.0
INV20260501463,JV20260501463,SO20260501463,2026-05-31,DN-HC,NV018,Trả góp,RF-A94B66,Tủ lạnh,Panasonic 300L,Xiaomi,2,12622822,0.06,23730905,0.08,1898472,25629377,9448000,18896000,4834905,0.2037,25629377,23730905,1898472,18896000,18896000,131-Phải thu khách hàng,511-Doanh thu bán hàng,3331-Thuế GTGT đầu ra,632-Giá vốn hàng bán,156-Hàng hóa,commerce_distribution_erp_scenario_v1,LIGHTBI_SCENARIO_ENTITY_001,VND,all_declared_accounting_money_columns,Asia/Ho_Chi_Minh,authentic_anchored_semi_synthetic_evidence,sample data/Accounting_ERP_May_2026.csv,3c59da1c10c67ab974dfd204b737402aff1c28d748665949942579fb5fb1a2fd,1464,1.0.0
INV20260501464,JV20260501464,SO20260501464,2026-05-13,HN-CG,NV003,Ví điện tử,FN-49B147,Quạt,Panasonic,LG,2,693711,0.09,1262554,0.08,101004,1363558,498000,996000,266554,0.2111,1363558,1262554,101004,996000,996000,131-Phải thu khách hàng,511-Doanh thu bán hàng,3331-Thuế GTGT đầu ra,632-Giá vốn hàng bán,156-Hàng hóa,commerce_distribution_erp_scenario_v1,LIGHTBI_SCENARIO_ENTITY_001,VND,all_declared_accounting_money_columns,Asia/Ho_Chi_Minh,authentic_anchored_semi_synthetic_evidence,sample data/Accounting_ERP_May_2026.csv,3c59da1c10c67ab974dfd204b737402aff1c28d748665949942579fb5fb1a2fd,1465,1.0.0
INV20260501465,JV20260501465,SO20260501465,2026-05-16,HCM-TB,NV001,Tiền mặt,AC-A95991,Máy lạnh,Casper 1HP,Toshiba,3,13048857,0.11,34840448,0.08,2787235,37627683,10414000,31242000,3598448,0.1033,37627683,34840448,2787235,31242000,31242000,131-Phải thu khách hàng,511-Doanh thu bán hàng,3331-Thuế GTGT đầu ra,632-Giá vốn hàng bán,156-Hàng hóa,commerce_distribution_erp_scenario_v1,LIGHTBI_SCENARIO_ENTITY_001,VND,all_declared_accounting_money_columns,Asia/Ho_Chi_Minh,authentic_anchored_semi_synthetic_evidence,sample data/Accounting_ERP_May_2026.csv,3c59da1c10c67ab974dfd204b737402aff1c28d748665949942579fb5fb1a2fd,1466,1.0.0
INV20260501466,JV20260501466,SO20260501466,2026-05-23,BD-TDM,NV023,Trả góp,FN-AB0CC6,Quạt,Asia,Xiaomi,1,1134055,0.14,975287,0.08,78022,1053309,818000,818000,157287,0.1613,1053309,975287,78022,818000,818000,131-Phải thu khách hàng,511-Doanh thu bán hàng,3331-Thuế GTGT đầu ra,632-Giá vốn hàng bán,156-Hàng hóa,commerce_distribution_erp_scenario_v1,LIGHTBI_SCENARIO_ENTITY_001,VND,all_declared_accounting_money_columns,Asia/Ho_Chi_Minh,authentic_anchored_semi_synthetic_evidence,sample data/Accounting_ERP_May_2026.csv,3c59da1c10c67ab974dfd204b737402aff1c28d748665949942579fb5fb1a2fd,1467,1.0.0
INV20260501467,JV20260501467,SO20260501467,2026-05-02,CT-NK,NV020,Thẻ,VC-933DDD,Máy hút bụi,Philips FC,Sharp,1,4222369,0.01,4180145,0.08,334411,4514556,3155000,3155000,1025145,0.2452,4514556,4180145,334411,3155000,3155000,131-Phải thu khách hàng,511-Doanh thu bán hàng,3331-Thuế GTGT đầu ra,632-Giá vốn hàng bán,156-Hàng hóa,commerce_distribution_erp_scenario_v1,LIGHTBI_SCENARIO_ENTITY_001,VND,all_declared_accounting_money_columns,Asia/Ho_Chi_Minh,authentic_anchored_semi_synthetic_evidence,sample data/Accounting_ERP_May_2026.csv,3c59da1c10c67ab974dfd204b737402aff1c28d748665949942579fb5fb1a2fd,1468,1.0.0
INV20260501468,JV20260501468,SO20260501468,2026-05-27,HCM-Q7,NV010,Thẻ,KT-4F7F55,Ấm siêu tốc,Sunhouse,Electrolux,2,1048595,0.01,2076218,0.08,166097,2242315,653000,1306000,770218,0.371,2242315,2076218,166097,1306000,1306000,131-Phải thu khách hàng,511-Doanh thu bán hàng,3331-Thuế GTGT đầu ra,632-Giá vốn hàng bán,156-Hàng hóa,commerce_distribution_erp_scenario_v1,LIGHTBI_SCENARIO_ENTITY_001,VND,all_declared_accounting_money_columns,Asia/Ho_Chi_Minh,authentic_anchored_semi_synthetic_evidence,sample data/Accounting_ERP_May_2026.csv,3c59da1c10c67ab974dfd204b737402aff1c28d748665949942579fb5fb1a2fd,1469,1.0.0
INV20260501469,JV20260501469,SO20260501469,2026-05-20,CT-NK,NV018,Ví điện tử,KT-E61198,Ấm siêu tốc,Philips,Daikin,1,871953,0.18,715001,0.08,57200,772201,573000,573000,142001,0.1986,772201,715001,57200,573000,573000,131-Phải thu khách hàng,511-Doanh thu bán hàng,3331-Thuế GTGT đầu ra,632-Giá vốn hàng bán,156-Hàng hóa,commerce_distribution_erp_scenario_v1,LIGHTBI_SCENARIO_ENTITY_001,VND,all_declared_accounting_money_columns,Asia/Ho_Chi_Minh,authentic_anchored_semi_synthetic_evidence,sample data/Accounting_ERP_May_2026.csv,3c59da1c10c67ab974dfd204b737402aff1c28d748665949942579fb5fb1a2fd,1470,1.0.0
INV20260501470,JV20260501470,SO20260501470,2026-05-24,HN-HBT,NV027,Trả góp,BL-8A2ABB,Máy xay,Sunhouse Blender,Aqua,2,508173,0.11,904547,0.08,72363,976910,309000,618000,286547,0.3168,976910,904547,72363,618000,618000,131-Phải thu khách hàng,511-Doanh thu bán hàng,3331-Thuế GTGT đầu ra,632-Giá vốn hàng bán,156-Hàng hóa,commerce_distribution_erp_scenario_v1,LIGHTBI_SCENARIO_ENTITY_001,VND,all_declared_accounting_money_columns,Asia/Ho_Chi_Minh,authentic_anchored_semi_synthetic_evidence,sample data/Accounting_ERP_May_2026.csv,3c59da1c10c67ab974dfd204b737402aff1c28d748665949942579fb5fb1a2fd,1471,1.0.0
INV20260501471,JV20260501471,SO20260501471,2026-05-08,HCM-TB,NV024,Tiền mặt,TV-7BABFF,TV,"Sony 65""",Aqua,1,33118174,0.02,32455810,0.08,2596464,35052274,25655000,25655000,6800810,0.2095,35052274,32455810,2596464,25655000,25655000,131-Phải thu khách hàng,511-Doanh thu bán hàng,3331-Thuế GTGT đầu ra,632-Giá vốn hàng bán,156-Hàng hóa,commerce_distribution_erp_scenario_v1,LIGHTBI_SCENARIO_ENTITY_001,VND,all_declared_accounting_money_columns,Asia/Ho_Chi_Minh,authentic_anchored_semi_synthetic_evidence,sample data/Accounting_ERP_May_2026.csv,3c59da1c10c67ab974dfd204b737402aff1c28d748665949942579fb5fb1a2fd,1472,1.0.0
INV20260501472,JV20260501472,SO20260501472,2026-05-31,HN-CG,NV015,Tiền mặt,RC-189134,Nồi cơm,Sunhouse 1.2L,Samsung,2,3943138,0.13,6861060,0.08,548884,7409944,2751000,5502000,1359060,0.1981,7409944,6861060,548884,5502000,5502000,131-Phải thu khách hàng,511-Doanh thu bán hàng,3331-Thuế GTGT đầu ra,632-Giá vốn hàng bán,156-Hàng hóa,commerce_distribution_erp_scenario_v1,LIGHTBI_SCENARIO_ENTITY_001,VND,all_declared_accounting_money_columns,Asia/Ho_Chi_Minh,authentic_anchored_semi_synthetic_evidence,sample data/Accounting_ERP_May_2026.csv,3c59da1c10c67ab974dfd204b737402aff1c28d748665949942579fb5fb1a2fd,1473,1.0.0
INV20260501473,JV20260501473,SO20260501473,2026-05-13,HCM-Q7,NV020,Thẻ,AC-6D8176,Máy lạnh,Casper 1HP,Xiaomi,1,19890246,0.19,16111099,0.08,1288887,17399986,15709000,15709000,402099,0.025,17399986,16111099,1288887,15709000,15709000,131-Phải thu khách hàng,511-Doanh thu bán hàng,3331-Thuế GTGT đầu ra,632-Giá vốn hàng bán,156-Hàng hóa,commerce_distribution_erp_scenario_v1,LIGHTBI_SCENARIO_ENTITY_001,VND,all_declared_accounting_money_columns,Asia/Ho_Chi_Minh,authentic_anchored_semi_synthetic_evidence,sample data/Accounting_ERP_May_2026.csv,3c59da1c10c67ab974dfd204b737402aff1c28d748665949942579fb5fb1a2fd,1474,1.0.0
INV20260501474,JV20260501474,SO20260501474,2026-05-19,CT-NK,NV023,Chuyển khoản,AC-691AE0,Máy lạnh,Casper 1HP,LG,3,16676915,0.16,42025825,0.08,3362066,45387891,13148000,39444000,2581825,0.0614,45387891,42025825,3362066,39444000,39444000,131-Phải thu khách hàng,511-Doanh thu bán hàng,3331-Thuế GTGT đầu ra,632-Giá vốn hàng bán,156-Hàng hóa,commerce_distribution_erp_scenario_v1,LIGHTBI_SCENARIO_ENTITY_001,VND,all_declared_accounting_money_columns,Asia/Ho_Chi_Minh,authentic_anchored_semi_synthetic_evidence,sample data/Accounting_ERP_May_2026.csv,3c59da1c10c67ab974dfd204b737402aff1c28d748665949942579fb5fb1a2fd,1475,1.0.0
INV20260501475,JV20260501475,SO20260501475,2026-05-28,CT-NK,NV030,Chuyển khoản,TV-65B17D,TV,"Sony 65""",Samsung,2,8702001,0.2,13923201,0.08,1113856,15037057,7523000,15046000,-1122799,-0.0806,15037057,13923201,1113856,15046000,15046000,131-Phải thu khách hàng,511-Doanh thu bán hàng,3331-Thuế GTGT đầu ra,632-Giá vốn hàng bán,156-Hàng hóa,commerce_distribution_erp_scenario_v1,LIGHTBI_SCENARIO_ENTITY_001,VND,all_declared_accounting_money_columns,Asia/Ho_Chi_Minh,authentic_anchored_semi_synthetic_evidence,sample data/Accounting_ERP_May_2026.csv,3c59da1c10c67ab974dfd204b737402aff1c28d748665949942579fb5fb1a2fd,1476,1.0.0
INV20260501476,JV20260501476,SO20260501476,2026-05-08,CT-NK,NV010,Thẻ,WM-781AD9,Máy giặt,Samsung 10kg,Sharp,1,11809113,0.18,9683472,0.08,774677,10458149,8800000,8800000,883472,0.0912,10458149,9683472,774677,8800000,8800000,131-Phải thu khách hàng,511-Doanh thu bán hàng,3331-Thuế GTGT đầu ra,632-Giá vốn hàng bán,156-Hàng hóa,commerce_distribution_erp_scenario_v1,LIGHTBI_SCENARIO_ENTITY_001,VND,all_declared_accounting_money_columns,Asia/Ho_Chi_Minh,authentic_anchored_semi_synthetic_evidence,sample data/Accounting_ERP_May_2026.csv,3c59da1c10c67ab974dfd204b737402aff1c28d748665949942579fb5fb1a2fd,1477,1.0.0
INV20260501477,JV20260501477,SO20260501477,2026-05-22,CT-NK,NV009,Tiền mặt,WM-65B7F8,Máy giặt,Samsung 10kg,Sony,2,8776903,0.04,16851653,0.08,1348132,18199785,6578000,13156000,3695653,0.2193,18199785,16851653,1348132,13156000,13156000,131-Phải thu khách hàng,511-Doanh thu bán hàng,3331-Thuế GTGT đầu ra,632-Giá vốn hàng bán,156-Hàng hóa,commerce_distribution_erp_scenario_v1,LIGHTBI_SCENARIO_ENTITY_001,VND,all_declared_accounting_money_columns,Asia/Ho_Chi_Minh,authentic_anchored_semi_synthetic_evidence,sample data/Accounting_ERP_May_2026.csv,3c59da1c10c67ab974dfd204b737402aff1c28d748665949942579fb5fb1a2fd,1478,1.0.0
INV20260501478,JV20260501478,SO20260501478,2026-05-18,HCM-Q1,NV007,Ví điện tử,TV-12CDFD,TV,"Samsung 55"" 4K",Sunhouse,3,30871000,0.09,84277830,0.08,6742226,91020056,25410000,76230000,8047830,0.0955,91020056,84277830,6742226,76230000,76230000,131-Phải thu khách hàng,511-Doanh thu bán hàng,3331-Thuế GTGT đầu ra,632-Giá vốn hàng bán,156-Hàng hóa,commerce_distribution_erp_scenario_v1,LIGHTBI_SCENARIO_ENTITY_001,VND,all_declared_accounting_money_columns,Asia/Ho_Chi_Minh,authentic_anchored_semi_synthetic_evidence,sample data/Accounting_ERP_May_2026.csv,3c59da1c10c67ab974dfd204b737402aff1c28d748665949942579fb5fb1a2fd,1479,1.0.0
INV20260501479,JV20260501479,SO20260501479,2026-05-28,HCM-Q7,NV023,Chuyển khoản,RC-C8DD6A,Nồi cơm,Panasonic 1.8L,LG,1,3102300,0.14,2667978,0.08,213438,2881416,2099000,2099000,568978,0.2133,2881416,2667978,213438,2099000,2099000,131-Phải thu khách hàng,511-Doanh thu bán hàng,3331-Thuế GTGT đầu ra,632-Giá vốn hàng bán,156-Hàng hóa,commerce_distribution_erp_scenario_v1,LIGHTBI_SCENARIO_ENTITY_001,VND,all_declared_accounting_money_columns,Asia/Ho_Chi_Minh,authentic_anchored_semi_synthetic_evidence,sample data/Accounting_ERP_May_2026.csv,3c59da1c10c67ab974dfd204b737402aff1c28d748665949942579fb5fb1a2fd,1480,1.0.0
INV20260501480,JV20260501480,SO20260501480,2026-05-21,BD-TDM,NV018,Chuyển khoản,WM-1ED27C,Máy giặt,Panasonic 8.5kg,Cuckoo,2,17654567,0.09,32131311,0.08,2570504,34701815,13412000,26824000,5307311,0.1652,34701815,32131311,2570504,26824000,26824000,131-Phải thu khách hàng,511-Doanh thu bán hàng,3331-Thuế GTGT đầu ra,632-Giá vốn hàng bán,156-Hàng hóa,commerce_distribution_erp_scenario_v1,LIGHTBI_SCENARIO_ENTITY_001,VND,all_declared_accounting_money_columns,Asia/Ho_Chi_Minh,authentic_anchored_semi_synthetic_evidence,sample data/Accounting_ERP_May_2026.csv,3c59da1c10c67ab974dfd204b737402aff1c28d748665949942579fb5fb1a2fd,1481,1.0.0
INV20260501481,JV20260501481,SO20260501481,2026-05-25,CT-NK,NV030,Ví điện tử,RF-FA61AD,Tủ lạnh,Panasonic 300L,Samsung,1,24878469,0.12,21893052,0.08,1751444,23644496,19221000,19221000,2672052,0.1221,23644496,21893052,1751444,19221000,19221000,131-Phải thu khách hàng,511-Doanh thu bán hàng,3331-Thuế GTGT đầu ra,632-Giá vốn hàng bán,156-Hàng hóa,commerce_distribution_erp_scenario_v1,LIGHTBI_SCENARIO_ENTITY_001,VND,all_declared_accounting_money_columns,Asia/Ho_Chi_Minh,authentic_anchored_semi_synthetic_evidence,sample data/Accounting_ERP_May_2026.csv,3c59da1c10c67ab974dfd204b737402aff1c28d748665949942579fb5fb1a2fd,1482,1.0.0
INV20260501482,JV20260501482,SO20260501482,2026-05-07,HN-HBT,NV010,Ví điện tử,RF-0F4B6D,Tủ lạnh,Panasonic 300L,Aqua,3,24552852,0.01,72921970,0.08,5833757,78755727,20319000,60957000,11964970,0.1641,78755727,72921970,5833757,60957000,60957000,131-Phải thu khách hàng,511-Doanh thu bán hàng,3331-Thuế GTGT đầu ra,632-Giá vốn hàng bán,156-Hàng hóa,commerce_distribution_erp_scenario_v1,LIGHTBI_SCENARIO_ENTITY_001,VND,all_declared_accounting_money_columns,Asia/Ho_Chi_Minh,authentic_anchored_semi_synthetic_evidence,sample data/Accounting_ERP_May_2026.csv,3c59da1c10c67ab974dfd204b737402aff1c28d748665949942579fb5fb1a2fd,1483,1.0.0
INV20260501483,JV20260501483,SO20260501483,2026-05-31,HCM-TB,NV010,Tiền mặt,FN-1B187A,Quạt,Panasonic,Panasonic,1,394190,0.02,386306,0.08,30904,417210,224000,224000,162306,0.4201,417210,386306,30904,224000,224000,131-Phải thu khách hàng,511-Doanh thu bán hàng,3331-Thuế GTGT đầu ra,632-Giá vốn hàng bán,156-Hàng hóa,commerce_distribution_erp_scenario_v1,LIGHTBI_SCENARIO_ENTITY_001,VND,all_declared_accounting_money_columns,Asia/Ho_Chi_Minh,authentic_anchored_semi_synthetic_evidence,sample data/Accounting_ERP_May_2026.csv,3c59da1c10c67ab974dfd204b737402aff1c28d748665949942579fb5fb1a2fd,1484,1.0.0
INV20260501484,JV20260501484,SO20260501484,2026-05-11,HCM-Q1,NV011,Tiền mặt,WM-4F93AF,Máy giặt,LG 9kg,Sunhouse,3,17146567,0.19,41666157,0.08,3333292,44999449,12601000,37803000,3863157,0.0927,44999449,41666157,3333292,37803000,37803000,131-Phải thu khách hàng,511-Doanh thu bán hàng,3331-Thuế GTGT đầu ra,632-Giá vốn hàng bán,156-Hàng hóa,commerce_distribution_erp_scenario_v1,LIGHTBI_SCENARIO_ENTITY_001,VND,all_declared_accounting_money_columns,Asia/Ho_Chi_Minh,authentic_anchored_semi_synthetic_evidence,sample data/Accounting_ERP_May_2026.csv,3c59da1c10c67ab974dfd204b737402aff1c28d748665949942579fb5fb1a2fd,1485,1.0.0
INV20260501485,JV20260501485,SO20260501485,2026-05-08,HN-HBT,NV015,Tiền mặt,RC-BCC6AD,Nồi cơm,Panasonic 1.8L,Sharp,2,3201839,0.14,5507163,0.08,440573,5947736,2315000,4630000,877163,0.1593,5947736,5507163,440573,4630000,4630000,131-Phải thu khách hàng,511-Doanh thu bán hàng,3331-Thuế GTGT đầu ra,632-Giá vốn hàng bán,156-Hàng hóa,commerce_distribution_erp_scenario_v1,LIGHTBI_SCENARIO_ENTITY_001,VND,all_declared_accounting_money_columns,Asia/Ho_Chi_Minh,authentic_anchored_semi_synthetic_evidence,sample data/Accounting_ERP_May_2026.csv,3c59da1c10c67ab974dfd204b737402aff1c28d748665949942579fb5fb1a2fd,1486,1.0.0
INV20260501486,JV20260501486,SO20260501486,2026-05-05,HCM-Q7,NV002,Tiền mặt,AC-4E849A,Máy lạnh,Daikin 1HP,Philips,2,19768962,0.04,37956407,0.08,3036512,40992919,15184000,30368000,7588407,0.1999,40992919,37956407,3036512,30368000,30368000,131-Phải thu khách hàng,511-Doanh thu bán hàng,3331-Thuế GTGT đầu ra,632-Giá vốn hàng bán,156-Hàng hóa,commerce_distribution_erp_scenario_v1,LIGHTBI_SCENARIO_ENTITY_001,VND,all_declared_accounting_money_columns,Asia/Ho_Chi_Minh,authentic_anchored_semi_synthetic_evidence,sample data/Accounting_ERP_May_2026.csv,3c59da1c10c67ab974dfd204b737402aff1c28d748665949942579fb5fb1a2fd,1487,1.0.0
INV20260501487,JV20260501487,SO20260501487,2026-05-21,HCM-Q1,NV011,Chuyển khoản,MW-A9C910,Lò vi sóng,Panasonic 25L,Sony,1,2196375,0.1,1976737,0.08,158138,2134875,1387000,1387000,589737,0.2983,2134875,1976737,158138,1387000,1387000,131-Phải thu khách hàng,511-Doanh thu bán hàng,3331-Thuế GTGT đầu ra,632-Giá vốn hàng bán,156-Hàng hóa,commerce_distribution_erp_scenario_v1,LIGHTBI_SCENARIO_ENTITY_001,VND,all_declared_accounting_money_columns,Asia/Ho_Chi_Minh,authentic_anchored_semi_synthetic_evidence,sample data/Accounting_ERP_May_2026.csv,3c59da1c10c67ab974dfd204b737402aff1c28d748665949942579fb5fb1a2fd,1488,1.0.0
INV20260501488,JV20260501488,SO20260501488,2026-05-05,HN-HBT,NV023,Ví điện tử,KT-2036D6,Ấm siêu tốc,Kangaroo,Panasonic,3,1172635,0.18,2884682,0.08,230774,3115456,694000,2082000,802682,0.2783,3115456,2884682,230774,2082000,2082000,131-Phải thu khách hàng,511-Doanh thu bán hàng,3331-Thuế GTGT đầu ra,632-Giá vốn hàng bán,156-Hàng hóa,commerce_distribution_erp_scenario_v1,LIGHTBI_SCENARIO_ENTITY_001,VND,all_declared_accounting_money_columns,Asia/Ho_Chi_Minh,authentic_anchored_semi_synthetic_evidence,sample data/Accounting_ERP_May_2026.csv,3c59da1c10c67ab974dfd204b737402aff1c28d748665949942579fb5fb1a2fd,1489,1.0.0
INV20260501489,JV20260501489,SO20260501489,2026-05-24,BD-TDM,NV004,Thẻ,RC-B5F705,Nồi cơm,Panasonic 1.8L,Philips,1,2734492,0.14,2351663,0.08,188133,2539796,1891000,1891000,460663,0.1959,2539796,2351663,188133,1891000,1891000,131-Phải thu khách hàng,511-Doanh thu bán hàng,3331-Thuế GTGT đầu ra,632-Giá vốn hàng bán,156-Hàng hóa,commerce_distribution_erp_scenario_v1,LIGHTBI_SCENARIO_ENTITY_001,VND,all_declared_accounting_money_columns,Asia/Ho_Chi_Minh,authentic_anchored_semi_synthetic_evidence,sample data/Accounting_ERP_May_2026.csv,3c59da1c10c67ab974dfd204b737402aff1c28d748665949942579fb5fb1a2fd,1490,1.0.0
INV20260501490,JV20260501490,SO20260501490,2026-05-30,HN-HBT,NV012,Chuyển khoản,MW-A9C910,Lò vi sóng,Panasonic 25L,Sony,1,4704090,0.18,3857353,0.08,308588,4165941,3199000,3199000,658353,0.1707,4165941,3857353,308588,3199000,3199000,131-Phải thu khách hàng,511-Doanh thu bán hàng,3331-Thuế GTGT đầu ra,632-Giá vốn hàng bán,156-Hàng hóa,commerce_distribution_erp_scenario_v1,LIGHTBI_SCENARIO_ENTITY_001,VND,all_declared_accounting_money_columns,Asia/Ho_Chi_Minh,authentic_anchored_semi_synthetic_evidence,sample data/Accounting_ERP_May_2026.csv,3c59da1c10c67ab974dfd204b737402aff1c28d748665949942579fb5fb1a2fd,1491,1.0.0
INV20260501491,JV20260501491,SO20260501491,2026-05-14,HCM-Q1,NV022,Tiền mặt,AC-4CE3DD,Máy lạnh,Panasonic 1.5HP,Samsung,3,19379635,0.07,54069181,0.08,4325534,58394715,14117000,42351000,11718181,0.2167,58394715,54069181,4325534,42351000,42351000,131-Phải thu khách hàng,511-Doanh thu bán hàng,3331-Thuế GTGT đầu ra,632-Giá vốn hàng bán,156-Hàng hóa,commerce_distribution_erp_scenario_v1,LIGHTBI_SCENARIO_ENTITY_001,VND,all_declared_accounting_money_columns,Asia/Ho_Chi_Minh,authentic_anchored_semi_synthetic_evidence,sample data/Accounting_ERP_May_2026.csv,3c59da1c10c67ab974dfd204b737402aff1c28d748665949942579fb5fb1a2fd,1492,1.0.0
INV20260501492,JV20260501492,SO20260501492,2026-05-20,HN-CG,NV017,Trả góp,FN-2D5413,Quạt,Senko,Aqua,3,1545550,0.17,3848419,0.08,307873,4156292,1058000,3174000,674419,0.1752,4156292,3848419,307873,3174000,3174000,131-Phải thu khách hàng,511-Doanh thu bán hàng,3331-Thuế GTGT đầu ra,632-Giá vốn hàng bán,156-Hàng hóa,commerce_distribution_erp_scenario_v1,LIGHTBI_SCENARIO_ENTITY_001,VND,all_declared_accounting_money_columns,Asia/Ho_Chi_Minh,authentic_anchored_semi_synthetic_evidence,sample data/Accounting_ERP_May_2026.csv,3c59da1c10c67ab974dfd204b737402aff1c28d748665949942579fb5fb1a2fd,1493,1.0.0
INV20260501493,JV20260501493,SO20260501493,2026-05-13,HCM-Q7,NV004,Trả góp,VC-110A19,Máy hút bụi,Philips FC,Philips,3,3283877,0.18,8078337,0.08,646266,8724603,2487000,7461000,617337,0.0764,8724603,8078337,646266,7461000,7461000,131-Phải thu khách hàng,511-Doanh thu bán hàng,3331-Thuế GTGT đầu ra,632-Giá vốn hàng bán,156-Hàng hóa,commerce_distribution_erp_scenario_v1,LIGHTBI_SCENARIO_ENTITY_001,VND,all_declared_accounting_money_columns,Asia/Ho_Chi_Minh,authentic_anchored_semi_synthetic_evidence,sample data/Accounting_ERP_May_2026.csv,3c59da1c10c67ab974dfd204b737402aff1c28d748665949942579fb5fb1a2fd,1494,1.0.0
INV20260501494,JV20260501494,SO20260501494,2026-05-14,HCM-TB,NV021,Chuyển khoản,VC-DAE72D,Máy hút bụi,Dyson V8,Sharp,1,5215284,0.14,4485144,0.08,358811,4843955,3996000,3996000,489144,0.1091,4843955,4485144,358811,3996000,3996000,131-Phải thu khách hàng,511-Doanh thu bán hàng,3331-Thuế GTGT đầu ra,632-Giá vốn hàng bán,156-Hàng hóa,commerce_distribution_erp_scenario_v1,LIGHTBI_SCENARIO_ENTITY_001,VND,all_declared_accounting_money_columns,Asia/Ho_Chi_Minh,authentic_anchored_semi_synthetic_evidence,sample data/Accounting_ERP_May_2026.csv,3c59da1c10c67ab974dfd204b737402aff1c28d748665949942579fb5fb1a2fd,1495,1.0.0
INV20260501495,JV20260501495,SO20260501495,2026-05-01,BD-TDM,NV008,Tiền mặt,KT-01C6B2,Ấm siêu tốc,Kangaroo,Electrolux,2,272158,0.05,517100,0.08,41368,558468,155000,310000,207100,0.4005,558468,517100,41368,310000,310000,131-Phải thu khách hàng,511-Doanh thu bán hàng,3331-Thuế GTGT đầu ra,632-Giá vốn hàng bán,156-Hàng hóa,commerce_distribution_erp_scenario_v1,LIGHTBI_SCENARIO_ENTITY_001,VND,all_declared_accounting_money_columns,Asia/Ho_Chi_Minh,authentic_anchored_semi_synthetic_evidence,sample data/Accounting_ERP_May_2026.csv,3c59da1c10c67ab974dfd204b737402aff1c28d748665949942579fb5fb1a2fd,1496,1.0.0
INV20260501496,JV20260501496,SO20260501496,2026-05-22,HCM-Q7,NV026,Chuyển khoản,VC-110A19,Máy hút bụi,Philips FC,Philips,3,3438616,0.08,9490580,0.08,759246,10249826,2371000,7113000,2377580,0.2505,10249826,9490580,759246,7113000,7113000,131-Phải thu khách hàng,511-Doanh thu bán hàng,3331-Thuế GTGT đầu ra,632-Giá vốn hàng bán,156-Hàng hóa,commerce_distribution_erp_scenario_v1,LIGHTBI_SCENARIO_ENTITY_001,VND,all_declared_accounting_money_columns,Asia/Ho_Chi_Minh,authentic_anchored_semi_synthetic_evidence,sample data/Accounting_ERP_May_2026.csv,3c59da1c10c67ab974dfd204b737402aff1c28d748665949942579fb5fb1a2fd,1497,1.0.0
INV20260501497,JV20260501497,SO20260501497,2026-05-19,DN-HC,NV022,Thẻ,AC-E8C723,Máy lạnh,Casper 1HP,Mitsubishi,3,20690169,0.16,52139225,0.08,4171138,56310363,15654000,46962000,5177225,0.0993,56310363,52139225,4171138,46962000,46962000,131-Phải thu khách hàng,511-Doanh thu bán hàng,3331-Thuế GTGT đầu ra,632-Giá vốn hàng bán,156-Hàng hóa,commerce_distribution_erp_scenario_v1,LIGHTBI_SCENARIO_ENTITY_001,VND,all_declared_accounting_money_columns,Asia/Ho_Chi_Minh,authentic_anchored_semi_synthetic_evidence,sample data/Accounting_ERP_May_2026.csv,3c59da1c10c67ab974dfd204b737402aff1c28d748665949942579fb5fb1a2fd,1498,1.0.0
INV20260501498,JV20260501498,SO20260501498,2026-05-14,DN-HC,NV011,Tiền mặt,VC-D86280,Máy hút bụi,Philips FC,Mitsubishi,2,3800632,0.01,7525251,0.08,602020,8127271,2925000,5850000,1675251,0.2226,8127271,7525251,602020,5850000,5850000,131-Phải thu khách hàng,511-Doanh thu bán hàng,3331-Thuế GTGT đầu ra,632-Giá vốn hàng bán,156-Hàng hóa,commerce_distribution_erp_scenario_v1,LIGHTBI_SCENARIO_ENTITY_001,VND,all_declared_accounting_money_columns,Asia/Ho_Chi_Minh,authentic_anchored_semi_synthetic_evidence,sample data/Accounting_ERP_May_2026.csv,3c59da1c10c67ab974dfd204b737402aff1c28d748665949942579fb5fb1a2fd,1499,1.0.0
INV20260501499,JV20260501499,SO20260501499,2026-05-27,DN-HC,NV022,Trả góp,WM-06AD1A,Máy giặt,Panasonic 8.5kg,Casper,3,14479738,0.17,36054547,0.08,2884363,38938910,11351000,34053000,2001547,0.0555,38938910,36054547,2884363,34053000,34053000,131-Phải thu khách hàng,511-Doanh thu bán hàng,3331-Thuế GTGT đầu ra,632-Giá vốn hàng bán,156-Hàng hóa,commerce_distribution_erp_scenario_v1,LIGHTBI_SCENARIO_ENTITY_001,VND,all_declared_accounting_money_columns,Asia/Ho_Chi_Minh,authentic_anchored_semi_synthetic_evidence,sample data/Accounting_ERP_May_2026.csv,3c59da1c10c67ab974dfd204b737402aff1c28d748665949942579fb5fb1a2fd,1500,1.0.0
INV20260501500,JV20260501500,SO20260501500,2026-05-09,HCM-TB,NV005,Trả góp,MW-5F52F7,Lò vi sóng,Sharp 20L,Toshiba,1,3230412,0.12,2842762,0.08,227420,3070182,2275000,2275000,567762,0.1997,3070182,2842762,227420,2275000,2275000,131-Phải thu khách hàng,511-Doanh thu bán hàng,3331-Thuế GTGT đầu ra,632-Giá vốn hàng bán,156-Hàng hóa,commerce_distribution_erp_scenario_v1,LIGHTBI_SCENARIO_ENTITY_001,VND,all_declared_accounting_money_columns,Asia/Ho_Chi_Minh,authentic_anchored_semi_synthetic_evidence,sample data/Accounting_ERP_May_2026.csv,3c59da1c10c67ab974dfd204b737402aff1c28d748665949942579fb5fb1a2fd,1501,1.0.0
